row_id,station,zona,campaign_date,date,year,month,lat,lon,sensor,event_id,secchi,chl,tss,temp_insitu,n_img,B2,B3,B4,B8,B11,B12,NDWI,NDTI,B2_B3,B4_B3,B3_B2,B2_B4
0,E45,LAGO MAYOR,2017-07-27,2017-07-27,2017,7,-15.8939,-69.3092,S2,E45|2017-07-27|11.0,11.0,0.41,,12.4,4.0,0.007450037999999999,0.008288112000000002,0.004122975,0.0020945175,0.0005491875000000001,0.0010027385000000002,0.5965342308964959,-0.3355980555451707,0.8988823992725964,0.4974564774221197,1.1124925805747572,1.806956869736052
1,E01,BAHIA PUNO,2016-08-03,2016-08-03,2016,8,-15.853,-69.9605,S2,E01|2016-08-03|8.5,8.5,0.18,30.0,12.9,2.0,0.005650886000000001,0.011719936000000002,0.005597188,0.0038101314999999998,0.0054160219999999995,0.0048229625,0.5093219324821395,-0.35356607981983157,0.48216014148882724,0.4775783758546121,2.0739997232292424,1.009593746002457
2,E02,BAHIA PUNO,2016-08-03,2016-08-03,2016,8,-15.8482,-69.9182,S2,E02|2016-08-03|9.5,9.5,0.03,38.75,13.0,4.0,0.009845648,0.012615632000000002,0.00475757,0.0016755885,1.9532000000000056e-05,0.00040582849999999996,0.7655079378624143,-0.4523093410006205,0.7804324032279951,0.37711705604602286,1.2813409538915064,2.06946991846678
4,E04,BAHIA PUNO,2016-08-03,2016-08-03,2016,8,-15.8789,-69.8907,S2,E04|2016-08-03|7.0,7.0,1.27,1.5,13.2,4.0,0.008828736,0.012575376000000001,0.0042694199999999995,0.0009773735,0.0009489274999999999,0.0019577945000000003,0.8557674325960624,-0.4930873313581636,0.7020653696557463,0.33950634955169523,1.4243687884653025,2.0679005579212166
5,E05,BAHIA PUNO,2016-08-03,2016-08-03,2016,8,-15.8398,-69.8918,S2,E05|2016-08-03|7.0,7.0,0.37,37.25,13.0,4.0,0.009708755999999999,0.012142624000000001,0.00456231,0.001565869,0.00022939550000000003,0.0002665495000000001,0.7715475529259452,-0.45377692280754167,0.7995599633160014,0.375726861014555,1.2506879357149363,2.128035140093505
7,E07,BAHIA PUNO,2016-08-03,2016-08-03,2016,8,-15.7748,-69.8851,S2,E07|2016-08-03|5.0,5.0,0.25,39.5,12.6,4.0,0.008339836,0.013601904000000001,0.004279183,0.001386328,7.949299999999992e-05,0.00047546800000000005,0.8150110823604091,-0.5213732520079316,0.6131373960586693,0.31460176457648864,1.6309558125603432,1.9489318404938514
8,E08,BAHIA PUNO,2016-08-03,2016-08-03,2016,8,-15.801,-69.8724,S2,E08|2016-08-03|8.5,8.5,0.76,21.5,12.7,4.0,0.008330058,0.010955072000000003,0.004142501,0.001206787,-0.00024029899999999997,0.0005152620000000001,0.801545569509927,-0.45123613899822596,0.7603836834664343,0.3781354426515863,1.3151255369410397,2.0108765212126682
9,E09,BAHIA PUNO,2016-08-03,2016-08-03,2016,8,-15.8342,-69.8592,S2,E09|2016-08-03|6.0,6.0,0.49,44.0,12.8,4.0,0.009601198,0.017214880000000005,0.005089512,0.0016955375,0.00040927849999999996,0.0004655195,0.8206768401238714,-0.5436313823918006,0.5577266876097886,0.2956460922178951,1.7929929160923466,1.886467307671148
11,E13,BAHIA PUNO,2016-08-04,2016-08-04,2016,8,-15.7895,-69.7698,S2,E13|2016-08-04|9.0,9.0,0.88,20.0,12.5,2.0,0.0070002499999999995,0.009435408000000001,0.004396339,0.0008377304999999999,-8.040300000000005e-05,0.00016706450000000003,0.836908473792262,-0.36431179920281953,0.7419128033467126,0.4659405295457281,1.3478672904539126,1.5922907673862274
12,E14,BAHIA PUNO,2016-08-04,2016-08-04,2016,8,-15.7489,-69.783,S2,E14|2016-08-04|9.5,9.5,0.21,17.0,12.7,2.0,0.006902470000000001,0.009636688000000003,0.0035274319999999996,0.0009175265,-0.00031025350000000003,0.00047546800000000005,0.8261307057829169,-0.46408385337691765,0.7162699466870774,0.36604194304101145,1.3961216781818684,1.9567974662587406
13,E15,BAHIA PUNO,2016-08-04,2016-08-04,2016,8,-15.715,-69.8226,S2,E15|2016-08-04|8.5,8.5,0.51,33.5,12.5,1.0,0.008799402,0.011750128000000002,0.0046013619999999995,0.001087093,0.0008389989999999999,0.0014205755,0.8306341512205677,-0.43719352565463304,0.7488771186152183,0.39160101064430947,1.3353325600989707,1.912347257181678
14,E16,BAHIA PUNO,2016-08-04,2016-08-04,2016,8,-15.6737,-69.8541,S2,E16|2016-08-04|6.5,6.5,0.01,26.5,12.4,2.0,0.008114942,0.013048384000000001,0.005040697,0.001645665,0.0019083034999999998,0.002524859,0.7760092690578841,-0.4426806733476028,0.6219116482163615,0.38630814359847165,1.6079454418774652,1.6098849028219708
15,E17,BAHIA PUNO,2016-08-04,2016-08-04,2016,8,-15.6048,-69.9059,S2,E17|2016-08-04|3.5,3.5,1.98,25.75,12.5,2.0,0.008770068,0.017164560000000002,0.0087604,0.0025234209999999997,0.0029376339999999997,0.0032709965000000006,0.7436586949337928,-0.3241725223810366,0.5109404493910709,0.5103771958034461,1.957175246531726,1.001103602575225
17,E27,LAGO MAYOR,2016-08-05,2016-08-05,2016,8,-15.4508,-69.8379,S2,E27|2016-08-05|9.8,9.8,0.04,24.75,12.9,2.0,0.007811824,0.011146288000000002,0.004015582,0.001306532,-4.5500000000000835e-07,0.000654541,0.7901628072867987,-0.4703051490149205,0.700845339722067,0.36026181989914485,1.426848326331981,1.9453777808546806
18,E28,LAGO MAYOR,2016-08-05,2016-08-05,2016,8,-15.3928,-69.7822,S2,E28|2016-08-05|8.8,8.8,0.28,25.25,12.9,2.0,0.011371016000000001,0.014698880000000003,0.004816148,0.001186838,-0.0002502925,9.742500000000005e-05,0.8505779310335276,-0.5064164649716892,0.7735974441590107,0.32765407976662164,1.2926619749721573,2.3610188059004833
19,E32,LAGO MAYOR,2016-08-05,2016-08-05,2016,8,-15.3384,-69.7205,S2,E32|2016-08-05|9.8,9.8,0.62,19.0,13.1,1.0,0.005113095999999999,0.008660480000000002,0.001174549,-5e-05,-0.000660026,0.0010226355000000002,1.0116136369152897,-0.761149788053519,0.5903940659178242,0.13562169764262486,1.693783961811005,4.353241967768053
20,E33,LAGO MAYOR,2016-08-05,2016-08-05,2016,8,-15.333,-69.756,S2,E33|2016-08-05|4.6,4.6,0.32,23.75,13.2,1.0,0.031601698,0.05375726400000001,0.034407801,0.0006282659999999999,-0.0005301105,0.0006644895,0.9768958217949549,-0.21946859315003528,0.5878591216993482,0.6400586346805148,1.7010878339512014,0.9184457326988144
21,E36,LAGO MAYOR,2016-08-05,2016-08-05,2016,8,-15.2971,-69.6814,S2,E36|2016-08-05|9.0,9.0,0.02,14.75,12.8,1.0,0.005269544000000001,0.009395152000000002,0.001799381,-5e-05,-0.0005900715,0.00031629200000000014,1.010700627373356,-0.6785249837108003,0.5608790576246132,0.1915222872392059,1.7829155615742083,2.9285315338997138
22,E39,LAGO MAYOR,2016-08-06,2016-08-06,2016,8,-15.3748,-69.5276,S2,E39|2016-08-06|5.0,5.0,1.76,17.0,12.5,1.0,0.005328212000000001,0.011035584000000001,0.00095,-5e-05,0.0016784529999999999,0.002664138,1.0091027469178928,-0.8414761565664088,0.48282102696150925,0.08608515870116161,2.0711608321891095,5.608644210526316
23,E41,LAGO MAYOR,2016-08-06,2016-08-06,2016,8,-15.4392,-69.6009,S2,E41|2016-08-06|11.0,11.0,0.27,16.5,12.4,2.0,0.007792268,0.010391488,0.004523258,0.001266634,0.0008290054999999999,0.0009132020000000001,0.7827035278320534,-0.39345152820896,0.7498702784432797,0.4352849178096534,1.3335639893289093,1.7227113730855061
24,E42,LAGO MAYOR,2016-08-06,2016-08-06,2016,8,-15.4967,-69.6685,S2,E42|2016-08-06|11.0,11.0,0.37,23.25,12.5,1.0,0.009708755999999999,0.011146288000000002,0.005987708,0.001924951,0.00029935,0.0005152620000000001,0.705467652648104,-0.30107277362077295,0.8710304273494456,0.537193009906078,1.14806551941361,1.6214478060720394
25,E43,LAGO MAYOR,2016-08-04,2016-08-04,2016,8,-15.5603,-69.7411,S2,E43|2016-08-04|11.0,11.0,0.43,0.75,13.1,1.0,0.010090097999999999,0.011951408000000002,0.006104864,0.0024735485,0.0008489924999999999,0.000654541,0.6570459219723871,-0.3237957246215762,0.8442601909331517,0.5108070948627976,1.1844689714609316,1.6527965242141347
26,E22,LAGO MAYOR,2016-08-05,2016-08-05,2016,8,-15.6181,-69.807,S2,E22|2016-08-05|10.2,10.2,0.09,20.0,12.6,1.0,0.00861362,0.010492128000000003,0.004386576,0.0006182914999999999,0.0006191419999999999,0.0011420175,0.8887005221809563,-0.41035506786376924,0.8209602475303387,0.41808258534398346,1.2180857757830044,1.9636317711125948
27,E48,LAGO MAYOR,2016-08-08,2016-08-08,2016,8,-15.5361,-69.3597,S2,E48|2016-08-08|14.5,14.5,0.24,17.25,13.4,1.0,0.007958494,0.009707136000000002,0.005294535,0.002962299,0.0022680695,0.002166713,0.5323707385237987,-0.2941406131263236,0.8198601523662591,0.5454270961074409,1.219720213397158,1.503152590359682
28,E49,LAGO MAYOR,2016-08-08,2016-08-08,2016,8,-15.6063,-69.4449,S2,E49|2016-08-08|12.8,12.8,0.15,26.75,12.8,1.0,0.008466949999999999,0.011106032000000002,0.0063489390000000005,0.0024137014999999996,0.0017284204999999998,0.0020174855,0.6429364792629618,-0.27253512638118244,0.7623739964012347,0.5716658298841566,1.3116921677817872,1.3336007795948266
29,E50,LAGO MAYOR,2016-08-08,2016-08-08,2016,8,-15.6687,-69.5211,S2,E50|2016-08-08|11.9,11.9,0.6,17.5,12.4,1.0,0.00797805,0.011297248000000003,0.006192731,0.0025533444999999997,0.0013986349999999996,0.0016792364999999997,0.6313017200309866,-0.2918537928573962,0.7061941102824333,0.5481627915046212,1.4160412632159491,1.2882926773341197
30,E51,LAGO MAYOR,2016-08-06,2016-08-06,2016,8,-15.7371,-69.6038,S2,E51|2016-08-06|9.4,9.4,0.26,16.25,12.7,1.0,0.009278524,0.011065776000000001,0.005958419,0.0024137014999999996,0.0008489924999999999,0.0010027385000000002,0.6418701213107022,-0.3000057682606568,0.8384883265303761,0.538454691293227,1.192622447277175,1.5572124081908303
31,E52,LAGO MAYOR,2016-08-06,2016-08-06,2016,8,-15.8028,-69.6843,S2,E52|2016-08-06|10.3,10.3,0.4,26.5,13.0,2.0,0.007841157999999999,0.010713536000000003,0.005392165,0.0014760984999999999,0.0015585309999999997,0.0016792364999999997,0.7578108057455861,-0.3304029218968538,0.7318926263000374,0.5033039511884777,1.3663206378445638,1.4541761982431916
33,E58,LAGO MAYOR,2016-08-09,2016-08-09,2016,8,-15.9519,-69.5453,S2,E58|2016-08-09|5.0,5.0,0.33,27.25,12.9,2.0,0.01061811,0.013440880000000004,0.006719933,0.0027328854999999997,0.0017284204999999998,0.002067228,0.6620594219658114,-0.33336684719178517,0.7899862211402823,0.4999622792555248,1.2658448631630304,1.5800916467470731
34,E59,LAGO MAYOR,2016-08-09,2016-08-09,2016,8,-15.8876,-69.4615,S2,E59|2016-08-09|13.0,13.0,0.19,14.75,13.0,2.0,0.008036718,0.010109696000000003,0.005167616,0.0016356905000000001,0.0006691094999999998,0.0007440775000000001,0.7214751748292682,-0.32349144119780765,0.794951500025322,0.5111544402522092,1.2579383773326378,1.555208049514515
35,E60,LAGO MAYOR,2016-08-09,2016-08-09,2016,8,-15.8271,-69.3776,S2,E60|2016-08-09|12.0,12.0,0.21,16.25,12.6,1.0,0.008036718,0.010331104000000002,0.005245720000000001,0.00214439,0.001078843,0.0012017085,0.6562235807076193,-0.32647115185540065,0.7779147320557414,0.5077598676772588,1.285487931765181,1.532052416064906
36,E61,LAGO MAYOR,2016-08-08,2016-08-08,2016,8,-15.7585,-69.3045,S2,E61|2016-08-08|10.2,10.2,0.27,19.25,13.2,1.0,0.007674931999999999,0.010783984000000003,0.005646003,0.002284033,0.0013386739999999998,0.0013608845,0.6504391867228835,-0.3127197049687439,0.7116972725478818,0.5235544674398626,1.405091797555992,1.3593566988894619
38,E68,LAGO MAYOR,2016-08-08,2016-08-08,2016,8,-15.9935,-69.4278,S2,E68|2016-08-08|5.5,5.5,0.28,17.0,13.3,2.0,0.009884760000000001,0.012021856000000001,0.006134153,0.0025234209999999997,0.0013086934999999998,0.0010823265000000002,0.6530253323449714,-0.3242839698810477,0.8222324406480996,0.5102500811854674,1.2162011014936123,1.6114302985269526
40,E72,LAGO MAYOR,2016-08-09,2016-08-09,2016,8,-15.6921,-69.1709,S2,E72|2016-08-09|5.8,5.8,0.72,23.25,11.9,1.0,0.013316838000000001,0.020868112,0.007745048,0.0035009219999999996,0.004926340499999999,0.0050617265,0.7126745068075121,-0.4586373382514431,0.6381429235189077,0.37114272723857333,1.567047072285478,1.7194003187585152
41,E76,LAGO MAYOR,2016-08-11,2016-08-11,2016,8,-15.8125,-69.0449,S2,E76|2016-08-11|12.5,12.5,0.17,18.25,13.4,1.0,0.005171763999999999,0.008982528,0.004874726,0.0021842879999999995,0.0012287455,0.0015897,0.6087894159992056,-0.29643692058780763,0.5757581829970359,0.5426897639506384,1.7368402734540869,1.0609342966148247
42,E78,LAGO MAYOR,2016-08-11,2016-08-11,2016,8,-15.8903,-69.1327,S2,E78|2016-08-11|13.5,13.5,0.22,13.75,12.9,1.0,0.006266900000000001,0.010099632000000002,0.005499558,0.0026231659999999997,0.001478583,0.002107022,0.5876431750591989,-0.294891831249454,0.6205077571143185,0.5445305333897312,1.611583398490482,1.13952794024538
43,E79,LAGO MAYOR,2016-08-11,2016-08-11,2016,8,-15.96,-69.2272,S2,E79|2016-08-11|11.5,11.5,0.61,18.75,12.4,2.0,0.006345124000000001,0.009958736000000001,0.005040697,0.001845155,0.0011687844999999997,0.0015300090000000001,0.6873648962562519,-0.3278816387338349,0.6371415006884408,0.5061583116572224,1.5695100678883502,1.2587790934467993
44,E80,LAGO MAYOR,2016-08-11,2016-08-11,2016,8,-16.0316,-69.3198,S2,E80|2016-08-11|10.5,10.5,0.34,41.5,12.3,2.0,0.00748915,0.009445472000000002,0.004181553,0.001206787,0.00022939550000000003,0.0008435625000000001,0.7734213209215699,-0.38628523934716213,0.7928825579071114,0.4427045043381632,1.2612208328047911,1.790997268239814
45,E82,LAGO MAYOR,2016-08-10,2016-08-10,2016,8,-16.1109,-69.4173,S2,E82|2016-08-10|8.2,8.2,1.08,10.25,12.3,2.0,0.00993365,0.011991664000000003,0.006583251,0.0036106414999999997,0.0013786479999999997,0.0015300090000000001,0.5371656107383869,-0.2911675616729573,0.828379614372117,0.5489856120051394,1.2071760128452282,1.5089277319063181
46,E83,LAGO MAYOR,2016-08-10,2016-08-10,2016,8,-16.1837,-69.5067,S2,E83|2016-08-10|5.5,5.5,0.65,11.5,12.3,2.0,0.010549664,0.013169152000000002,0.006671118,0.0029523245,0.0020282254999999996,0.0022960435,0.6337401457155524,-0.3275174013500119,0.8010890906263364,0.5065715696804167,1.248300609384337,1.5813937034242236
47,E84,LAGO MAYOR,2016-08-10,2016-08-10,2016,8,-16.2007,-69.4624,S2,E84|2016-08-10|4.7,4.7,1.77,21.75,12.7,2.0,0.008554952000000001,0.012162752000000002,0.006475858,0.003909876499999999,0.0058157619999999995,0.006126215999999999,0.5134738842825938,-0.3051136160307225,0.7033730524144535,0.5324336137084764,1.4217206595665295,1.321053055826734
48,E85,LAGO MAYOR,2016-08-10,2016-08-10,2016,8,-16.1599,-69.4444,S2,E85|2016-08-10|9.8,9.8,0.26,27.5,12.4,2.0,0.010050986000000001,0.012484800000000002,0.006553962,0.0035507944999999996,0.0014885764999999999,0.0019776915,0.5571358731267574,-0.31151383101937885,0.8050578303216711,0.5249553056516724,1.2421467903745962,1.533574042693565
49,E88,LAGO MAYOR,2016-08-10,2016-08-10,2016,8,-16.2064,-69.3781,S2,E88|2016-08-10|6.5,6.5,0.21,18.0,12.8,2.0,0.01052033,0.012867232000000003,0.006407517000000001,0.003161789,0.001238739,0.0015399575,0.6054919008782944,-0.3351387177525001,0.8176063041375174,0.497971669431312,1.2230825458897205,1.6418731311988715
50,E94,LAGO MAYOR,2016-08-10,2016-08-10,2016,8,-16.251,-69.2884,S2,E94|2016-08-10|7.4,7.4,0.21,6.5,13.3,2.0,0.008095386000000001,0.011599168000000003,0.006202494,0.0033413299999999996,0.0017184269999999998,0.0020174855,0.5527150063729466,-0.3031556096753434,0.6979281617440146,0.5347361121073511,1.4328122216778794,1.3051823992090925
51,E97,LAGO MAYOR,2016-08-10,2016-08-10,2016,8,-16.1757,-69.1958,S2,E97|2016-08-10|9.5,9.5,0.13,10.25,13.6,2.0,0.005993116,0.009324704000000001,0.004581836,0.0014561495,0.00021940200000000005,0.0006744380000000001,0.7298637134932116,-0.341053033964377,0.642713806250579,0.49136530231951586,1.555902472102993,1.3080162624764395
52,E98,LAGO MAYOR,2016-08-10,2016-08-10,2016,8,-16.1117,-69.1016,S2,E98|2016-08-10|9.0,9.0,0.22,25.5,12.9,2.0,0.006433126000000001,0.009546112000000002,0.005216431,0.0026131914999999997,0.0015585309999999997,0.0019478460000000003,0.5701741000071181,-0.29328827063953217,0.6739001176604673,0.546445610527092,1.4838994292976697,1.2332428052820024
53,E99,LAGO MAYOR,2016-08-12,2016-08-12,2016,8,-16.0745,-69.0742,S2,E99|2016-08-12|9.2,9.2,0.44,25.0,12.9,2.0,0.008545173999999999,0.011699808000000003,0.006534436,0.0035009219999999996,0.0020082385,0.0025049620000000003,0.539374455083772,-0.2832786331432972,0.7303687376750112,0.5585079686777765,1.3691714176914365,1.307714085806334
54,E100,LAGO MAYOR,2016-08-12,2016-08-12,2016,8,-16.0055,-68.9959,S2,E100|2016-08-12|10.2,10.2,0.22,21.75,12.1,3.0,0.007420704,0.009757456000000003,0.005480032,0.001905002,0.0008489924999999999,0.000654541,0.6733103198905138,-0.2807171181550977,0.7605162657151616,0.5616250793239548,1.314896268602009,1.3541351583348418
56,E104,LAGO MAYOR,2016-08-11,2016-08-11,2016,8,-15.994,-68.8804,S2,E104|2016-08-11|11.5,11.5,0.4,7.5,13.0,1.0,0.005347768000000001,0.008157280000000001,0.0038203219999999997,0.0009175265,0.0002893565,0.0006047985000000001,0.7977859034475387,-0.3620889755654785,0.655582252907832,0.4683328266284839,1.525361608805767,1.3998212716100897
58,E113,LAGO MAYOR,2016-08-10,2016-08-10,2016,8,-16.2174,-69.1367,S2,E113|2016-08-10|9.3,9.3,0.23,19.5,13.1,2.0,0.006570018,0.009425344000000002,0.005118801,0.001446175,0.00035931099999999985,0.0006246955000000002,0.7339515541525011,-0.29610146927843006,0.6970586962131036,0.5430890373868581,1.4345994181446688,1.2835072119427968
59,E117,LAGO MAYOR,2016-08-10,2016-08-10,2016,8,-16.1653,-69.1027,S2,E117|2016-08-10|10.0,10.0,0.3,17.5,13.4,2.0,0.006618908,0.010270720000000002,0.005558136,0.0026929874999999997,0.0014186219999999996,0.0017687730000000002,0.5845343174755898,-0.29772105465353577,0.6444444011714854,0.5411632290628114,1.551724242125741,1.1908503138462248
60,E119,LAGO MAYOR,2016-08-10,2016-08-10,2016,8,-16.0439,-69.1309,S2,E119|2016-08-10|10.5,10.5,0.97,14.2,12.9,2.0,0.007899826,0.011005392000000003,0.006651592,0.003969723499999999,0.0027477574999999997,0.0027138805,0.4698239576299792,-0.2465766380840219,0.7178141405594638,0.6043939189081132,1.3931182788076601,1.187659435515588
61,E120,LAGO MAYOR,2016-08-12,2016-08-12,2016,8,-16.1264,-68.9337,S2,E120|2016-08-12|14.2,14.2,0.56,15.5,12.8,3.0,0.006335345999999999,0.009878224000000001,0.004718518,0.0016755885,0.000599155,0.0008336140000000001,0.7099504851796336,-0.35348337639430943,0.641344638469425,0.4776686578478074,1.5592240739495529,1.342655893227492
62,E121,LAGO MAYOR,2016-08-12,2016-08-12,2016,8,-16.2068,-68.8643,S2,E121|2016-08-12|10.5,10.5,0.32,14.0,13.3,1.0,0.004878423999999999,0.009002656000000001,0.0038789,0.001765359,0.0022081084999999996,0.0025447560000000004,0.6721105354969756,-0.39775905971615094,0.5418871941791399,0.4308617368030056,1.845402531637267,1.2576823326200726
63,E01,BAHIA PUNO,2017-07-10,2017-07-10,2017,7,-15.853,-69.9605,S2,E01|2017-07-10|5.3,5.3,1.62,31.5,13.9,3.0,0.007010028,0.012162752000000002,0.005011407999999999,0.004199137,0.005276113,0.0041464645000000005,0.4867173046634588,-0.4164013601596027,0.5763521282025645,0.4120291197255357,1.7350504163464116,1.3988140658274084
64,E02,BAHIA PUNO,2017-07-11,2017-07-11,2017,7,-15.8461,-69.9271,S2,E02|2017-07-11|6.0,6.0,1.62,35.0,12.7,6.0,0.009708755999999999,0.012766592000000002,0.005118801,0.0016356905000000001,0.0005591810000000001,0.000714232,0.7728567140064977,-0.4275998057409303,0.7604814190035992,0.4009528149720771,1.3149565196612216,1.8966855714844157
65,E05,BAHIA PUNO,2017-07-11,2017-07-11,2017,7,-15.84,-69.8923,S2,E05|2017-07-11|6.6,6.6,1.1,24.25,13.3,6.0,0.009669644,0.012021856000000001,0.004640414,0.0010970675,0.0005192069999999999,0.0006047985000000001,0.8327503142502269,-0.4430033577055614,0.8043386977851007,0.38599813539606526,1.243257352597469,2.0837890757160893
68,E14,BAHIA PUNO,2017-07-12,2017-07-12,2017,7,-15.7489,-69.783,S2,E14|2017-07-12|10.6,10.6,1.7,35.5,11.5,4.0,0.009522974,0.011075840000000002,0.005694818,0.0021942624999999995,0.0011388040000000002,0.0018085670000000003,0.6692922553316936,-0.32085930552878106,0.8597969995955159,0.5141657878770368,1.1630652357131293,1.6722174439990882
69,E15,BAHIA PUNO,2017-07-12,2017-07-12,2017,7,-15.715,-69.8226,S2,E15|2017-07-12|6.6,6.6,1.62,44.0,11.5,2.0,0.009034074,0.012837040000000001,0.00544098,0.0026530894999999997,0.001438609,0.0018384124999999997,0.6574476890301214,-0.40464227500340444,0.7037505530870044,0.4238500464281485,1.4209580306736476,1.6603762557480455
70,E16,BAHIA PUNO,2017-07-12,2017-07-12,2017,7,-15.6737,-69.8541,S2,E16|2017-07-12|6.0,6.0,0.59,23.5,11.2,4.0,0.00924919,0.015815984,0.006798037,0.0024037269999999996,0.003177478,0.003161563,0.7361399016625512,-0.39877678548291856,0.5848001616592429,0.4298206801423167,1.709985847409341,1.3605677639000786
71,E17,BAHIA PUNO,2017-07-11,2017-07-11,2017,7,-15.6048,-69.9059,S2,E17|2017-07-11|4.2,4.2,2.72,30.75,11.4,4.0,0.014685758,0.022468288000000003,0.010761815,0.0038300804999999993,0.0046365289999999995,0.0043255375,0.7087210292638105,-0.35228517491248307,0.6536215843414505,0.47897797108529133,1.5299372357899403,1.3646172137320705
74,E28,LAGO MAYOR,2017-07-12,2017-07-12,2017,7,-15.3928,-69.7822,S2,E28|2017-07-12|10.3,10.3,1.1,38.0,13.3,4.0,0.007371813999999999,0.010844368000000002,0.0037519809999999997,0.0012167615000000002,0.000779038,0.0012017085,0.7982341705033372,-0.4859014068585641,0.6797827222388615,0.34598429341387155,1.4710582768366107,1.9647791393399912
75,E32,LAGO MAYOR,2017-07-12,2017-07-12,2017,7,-15.3384,-69.7205,S2,E32|2017-07-12|7.0,7.0,0.51,0.75,13.0,2.0,0.008330058,0.011558912000000003,0.002873311,0.000927501,0.0007590509999999998,0.002166713,0.8514382912499937,-0.601819996696282,0.7206610795202868,0.24857971061636244,1.3876148281320495,2.899114645090629
76,E36,LAGO MAYOR,2017-07-13,2017-07-13,2017,7,-15.2971,-69.6814,S2,E36|2017-07-13|10.8,10.8,0.59,4.0,12.6,2.0,0.00631579,0.009354896000000001,0.002424213,0.0007180364999999999,0.0009988949999999996,0.0014404725,0.8574323954387271,-0.5883876625653383,0.6751320378120718,0.2591384233453798,1.4811917432340216,2.605294996768023
77,E39,LAGO MAYOR,2017-07-13,2017-07-13,2017,7,-15.3748,-69.5276,S2,E39|2017-07-13|8.4,8.4,0.52,0.25,13.1,2.0,0.0041548520000000005,0.009435408000000001,0.001320994,-5e-05,0.0018683294999999995,0.0027934685,1.0106547301241746,-0.7543798795935779,0.4403468297290377,0.14000390868100243,2.2709372078716643,3.145246685450502
78,E41,LAGO MAYOR,2017-07-13,2017-07-13,2017,7,-15.4392,-69.6009,S2,E41|2017-07-13|13.0,13.0,1.7,36.75,13.5,4.0,0.002561038,0.005772112000000001,0.0019653519999999996,9.846999999999996e-06,0.00010947349999999997,0.000375983,0.996593715625843,-0.4919905938185182,0.44369166779854574,0.3404909676042321,2.253817397477117,1.3030937969381569
79,E42,LAGO MAYOR,2017-07-13,2017-07-13,2017,7,-15.4967,-69.6685,S2,E42|2017-07-13|14.0,14.0,0.59,25.0,13.6,2.0,0.00959142,0.010874560000000002,0.004874726,0.0016755885,0.0006691094999999998,0.0007639745000000001,0.7329770454128853,-0.3809590872272504,0.8820053409057468,0.44826880351940673,1.1337799825260495,1.9675813573932155
80,E43,LAGO MAYOR,2017-07-13,2017-07-13,2017,7,-15.5603,-69.7411,S2,E43|2017-07-13|12.0,12.0,1.1,47.0,13.4,2.0,0.009112298,0.010411616000000002,0.005314061,0.0022042369999999995,0.0009689145,0.0013807815,0.6505607151129049,-0.324154863148031,0.8752049633793637,0.510397329290669,1.1425894982802365,1.714752239389047
81,E22,LAGO MAYOR,2017-07-13,2017-07-13,2017,7,-15.6181,-69.807,S2,E22|2017-07-13|9.0,9.0,2.05,3.25,13.1,2.0,0.008897182,0.010180144,0.004357287,0.0016556395,0.0014086284999999996,0.0020970735000000002,0.720231472615947,-0.4005423378764558,0.8739740813096554,0.4280182087797579,1.1441986912260533,2.04190864636642
82,E48,LAGO MAYOR,2017-07-15,2017-07-15,2017,7,-15.5361,-69.3597,S2,E48|2017-07-15|12.0,12.0,1.7,1.75,13.4,2.0,0.005875779999999999,0.008086832000000002,0.00407416,0.0020945175,0.0015685244999999997,0.0014504210000000001,0.588557922644938,-0.32996252855338387,0.7265861341004731,0.5038017359579127,1.3762993168566562,1.442206491644903
83,E49,LAGO MAYOR,2017-07-15,2017-07-15,2017,7,-15.6063,-69.4449,S2,E49|2017-07-15|9.0,9.0,1.1,1.5,13.2,2.0,0.006902470000000001,0.008610160000000002,0.004689229,0.002064594,0.0013486675000000002,0.0015399575,0.6131818482016685,-0.29482036394150424,0.8016657065606213,0.5446157794977095,1.2474027413375213,1.4719839871330662
84,E50,LAGO MAYOR,2017-07-15,2017-07-15,2017,7,-15.6687,-69.5211,S2,E50|2017-07-15|12.0,12.0,1.62,3.0,12.4,2.0,0.008378947999999999,0.009898352000000003,0.0058510260000000005,0.002982248,0.0022680695,0.0025149105,0.5369395418738615,-0.2569832118460037,0.8464992960444321,0.5911111263774009,1.181335890854079,1.4320476442934962
85,E51,LAGO MAYOR,2017-07-15,2017-07-15,2017,7,-15.7371,-69.6038,S2,E51|2017-07-15|9.8,9.8,2.13,1.5,12.1,2.0,0.007645598,0.008861760000000002,0.004591599,0.0016755885,0.0007390640000000001,0.0008634595000000002,0.6819714483229393,-0.3174047970172508,0.8627629274545913,0.5181362393023506,1.1590669559137168,1.6651275514259847
86,E52,LAGO MAYOR,2017-07-15,2017-07-15,2017,7,-15.8028,-69.6843,S2,E52|2017-07-15|9.0,9.0,3.83,2.25,12.1,4.0,0.008388726,0.009214000000000002,0.004474443,0.0018152315,0.0012487325,0.0015996485000000003,0.6708325805988767,-0.34624512471980023,0.9104326025613196,0.48561352289993476,1.098378943358026,1.87480899857256
89,E59,LAGO MAYOR,2017-07-16,2017-07-16,2017,7,-15.8876,-69.4615,S2,E59|2017-07-16|10.0,10.0,2.13,1.5,13.2,4.0,0.009161187999999999,0.009445472000000002,0.005235957,0.0027528344999999997,0.0013786479999999997,0.0014802665,0.5486529586174148,-0.28672377282049505,0.9699026157718743,0.5543351353960924,1.0310313465895473,1.7496683032347282
90,E60,LAGO MAYOR,2017-07-16,2017-07-16,2017,7,-15.8271,-69.3776,S2,E60|2017-07-16|10.0,10.0,2.21,1.75,12.8,4.0,0.008251834,0.0082076,0.004181553,0.001705512,0.0009988949999999996,0.001470318,0.655907785980045,-0.324965449618271,1.0053893951946975,0.5094732930454701,0.9946394946868782,1.973389790826518
91,E61,LAGO MAYOR,2017-07-16,2017-07-16,2017,7,-15.7585,-69.3045,S2,E61|2017-07-16|12.8,12.8,1.7,1.75,12.7,2.0,0.006149564,0.007613824000000002,0.0037519809999999997,0.0013763535,0.0005491875000000001,0.0005650045000000001,0.6938094165761003,-0.33977731099756603,0.8076840231662826,0.4927853598927423,1.2381079374082458,1.6390178948134333
93,E72,LAGO MAYOR,2017-07-16,2017-07-16,2017,7,-15.6921,-69.1709,S2,E72|2017-07-16|5.8,5.8,1.54,1.0,12.7,2.0,0.010217212000000002,0.017687888000000002,0.005089512,0.001805257,0.004176828,0.003927597499999999,0.8147802822592104,-0.5531085833717376,0.5776388905221471,0.28773994950669063,1.7311853762063467,2.0075032733983145
94,E76,LAGO MAYOR,2017-07-19,2017-07-19,2017,7,-15.8125,-69.0449,S2,E76|2017-07-19|9.0,9.0,1.1,0.75,12.8,2.0,0.0036072839999999997,0.006848960000000001,0.003371224,0.0017154865000000002,0.0009289404999999999,0.001430524,0.5993934226346768,-0.3402811201558486,0.5266907676493948,0.49222422090361156,1.898647292533663,1.070022045405467
95,E78,LAGO MAYOR,2017-07-19,2017-07-19,2017,7,-15.8903,-69.1327,S2,E78|2017-07-19|10.3,10.3,0.51,0.0,12.5,3.0,0.007440260000000001,0.007613824000000002,0.0041327379999999995,0.001905002,0.001458596,0.0012415025,0.5997400730152992,-0.29634932362768596,0.9772040961283054,0.5427940020678175,1.0233276794090531,1.8003222076986254
96,E79,LAGO MAYOR,2017-07-16,2017-07-16,2017,7,-15.96,-69.2272,S2,E79|2017-07-16|10.0,10.0,0.59,0.0,13.4,4.0,0.0062180099999999995,0.007120688000000002,0.003263831,0.0011968125,0.0006091485,0.0009032535000000001,0.7122181462786632,-0.3714044558631503,0.8732316315502094,0.4583589394732643,1.1451715259383632,1.905126215174744
97,E80,LAGO MAYOR,2017-07-17,2017-07-17,2017,7,-16.0316,-69.3198,S2,E80|2017-07-17|10.0,10.0,0.59,0.0,13.3,4.0,0.008427838,0.009234128000000001,0.0051871420000000005,0.0023339055,0.0012287455,0.0014205755,0.5964904841872662,-0.2806261667227528,0.9126836881620006,0.5617359863324398,1.09566985032223,1.6247555975911203
98,E82,LAGO MAYOR,2017-07-17,2017-07-17,2017,7,-16.1109,-69.4173,S2,E82|2017-07-17|10.0,10.0,2.72,1.25,13.0,4.0,0.010099876,0.011267056000000003,0.006593014,0.0043088564999999995,0.0023480175,0.0023955285,0.44672818066176356,-0.2617034389169003,0.8964077217686677,0.585158536533412,1.1155637950406523,1.5319057414408646
99,E83,LAGO MAYOR,2017-07-17,2017-07-17,2017,7,-16.1837,-69.5067,S2,E83|2017-07-17|8.0,8.0,1.61,0.0,13.4,4.0,0.010940784,0.012645824000000002,0.006251309,0.0035607689999999997,0.0032974,0.003201357,0.5605776883162497,-0.3383854398238379,0.8651697192685901,0.4943378146018796,1.155842579471453,1.7501588867227649
100,E88,LAGO MAYOR,2017-07-20,2017-07-20,2017,7,-16.2064,-69.3781,S2,E88|2017-07-20|8.0,8.0,1.53,1.0,13.2,4.0,0.011371016000000001,0.013239600000000002,0.0076767070000000005,0.005116791,0.003277413,0.0032510995,0.44250574949587046,-0.2659596043431757,0.8588640140185504,0.5798292244478684,1.164328675643408,1.4812361602442299
101,E94,LAGO MAYOR,2017-07-20,2017-07-20,2017,7,-16.251,-69.2884,S2,E94|2017-07-20|9.0,9.0,1.02,0.75,13.2,4.0,0.012867050000000001,0.014286256000000002,0.010273664999999998,0.010243684,0.008713877,0.0070514265,0.16480153784307933,-0.16337963125452942,0.9006593469975618,0.7191292806176787,1.1102976983846338,1.2524303644317782
102,E97,LAGO MAYOR,2017-07-20,2017-07-20,2017,7,-16.1757,-69.1958,S2,E97|2017-07-20|10.0,10.0,2.13,3.0,12.6,4.0,0.007117586,0.007724528000000001,0.004240131,0.0021842879999999995,0.0008689795,0.0016394425,0.5591222443607549,-0.29122407155740326,0.9214266554538995,0.5489178109005495,1.0852735744956226,1.6786240802465773
103,E98,LAGO MAYOR,2017-07-19,2017-07-19,2017,7,-16.1056,-69.1103,S2,E98|2017-07-19|9.5,9.5,1.53,0.75,13.4,4.0,0.006325568,0.00735216,0.003595773,0.0019349255,0.0015185569999999998,0.0016991334999999998,0.5833082851118055,-0.3431137783622006,0.8603686535657549,0.4890770875497813,1.1622924613252121,1.7591677783886803
104,E99,LAGO MAYOR,2017-07-19,2017-07-19,2017,7,-16.0745,-69.0742,S2,E99|2017-07-19|11.0,11.0,0.51,0.0,13.6,4.0,0.007772712000000001,0.009415280000000003,0.005040697,0.0027129364999999997,0.001798375,0.0021169705,0.5526239531901536,-0.30261411576581,0.8255423099472345,0.5353740940258812,1.211324953246692,1.541991514268761
105,E100,LAGO MAYOR,2017-07-19,2017-07-19,2017,7,-16.0055,-68.9959,S2,E100|2017-07-19|10.0,10.0,1.02,1.0,13.7,6.0,0.007010028,0.008177408000000002,0.004484206,0.001466124,0.0006391290000000001,0.001112172,0.6959362300103085,-0.29168490749402837,0.8572432731740911,0.5483652032526687,1.1665300053009777,1.5632707328789086
107,E104,LAGO MAYOR,2017-07-19,2017-07-19,2017,7,-16.0297,-68.8837,S2,E104|2017-07-19|10.2,10.2,1.62,0.25,13.2,2.0,0.015203992,0.017607376,0.013114698,0.010882052,0.008633929,0.007847306500000002,0.23606383967892094,-0.14623615104123017,0.8635012962749247,0.744841139304346,1.158075852710262,1.1593093489457402
109,E113,LAGO MAYOR,2017-07-20,2017-07-20,2017,7,-16.2174,-69.1367,S2,E113|2017-07-20|10.0,10.0,1.53,0.75,11.9,4.0,0.007146920000000001,0.008539712000000001,0.004620888,0.0025333954999999997,0.0011388040000000002,0.0014205755,0.5424237015287985,-0.2977693799850023,0.8369041016839912,0.5411058358876739,1.1948800322376631,1.5466551017899592
110,E117,LAGO MAYOR,2017-07-19,2017-07-19,2017,7,-16.1653,-69.1027,S2,E117|2017-07-19|8.5,8.5,2.13,0.25,13.4,4.0,0.007938938,0.009032848000000003,0.004259657,0.002284033,0.001618492,0.001689185,0.5963493301423486,-0.3590888730838265,0.8788964455064445,0.4715740816185547,1.1377904702115074,1.8637505320264047
111,E120,LAGO MAYOR,2017-07-21,2017-07-21,2017,7,-16.1264,-68.9337,S2,E120|2017-07-21|9.5,9.5,2.13,31.25,12.9,6.0,0.007938938,0.009193872,0.004991882,0.002084543,0.0012287455,0.0012415025,0.6303481800990495,-0.29621193937157386,0.8635032117044917,0.5429575264915586,1.1580732838573624,1.5903697242843482
112,E121,LAGO MAYOR,2017-07-21,2017-07-21,2017,7,-16.2068,-68.8643,S2,E121|2017-07-21|9.0,9.0,1.62,26.25,13.3,2.0,0.008212721999999999,0.011880960000000003,0.007842678,0.0071416145,0.0064853265,0.0064445679999999995,0.24914320881523128,-0.20474325250021064,0.6912507070135744,0.6601047390109889,1.4466531315683162,1.0471833728223954
113,E122,LAGO MENOR,2017-07-21,2017-07-21,2017,7,-16.2276,-68.8361,S2,E122|2017-07-21|9.0,9.0,1.7,39.25,13.2,2.0,0.011605687999999998,0.014729072000000003,0.010957075,0.010911975499999999,0.010652616,0.009647985,0.1488666307853988,-0.14684946142956126,0.7879442778200824,0.7439080343961927,1.2691252771916672,1.059195816401731
114,E123,LAGO MENOR,2017-07-21,2017-07-21,2017,7,-16.1925,-68.797,S2,E123|2017-07-21|6.5,6.5,1.1,32.25,13.1,2.0,0.011762136,0.017275264000000005,0.011708825999999999,0.010762358,0.008773838,0.0078075125,0.2322916603879011,-0.19205149473205857,0.6808657743233328,0.6777798591095334,1.4687182668182044,1.0045529756783473
115,E125,LAGO MENOR,2017-07-21,2017-07-21,2017,7,-16.2626,-68.7843,S2,E125|2017-07-21|8.0,8.0,2.13,37.5,13.3,2.0,0.020601447999999998,0.03174729600000001,0.012206739,0.0091963615,0.006855086,0.0065540015,0.5507796646945949,-0.44456798005989717,0.6489197694191025,0.3844969662928142,1.5410225533661523,1.6877110258521952
121,E130,LAGO MENOR,2017-07-22,2017-07-22,2017,7,-16.3144,-68.8451,S2,E130|2017-07-22|5.4,5.4,1.62,24.5,11.1,6.0,0.009972762000000001,0.017708016000000004,0.003957004,0.0009973224999999999,0.0018083685,0.0021766614999999996,0.8933648865341367,-0.6347103009962465,0.563177828617277,0.22345834790300614,1.775638083010504,2.5202810004740965
122,E136,LAGO MENOR,2017-07-22,2017-07-22,2017,7,-16.2659,-69.0601,S2,E136|2017-07-22|7.0,7.0,1.02,20.25,11.4,4.0,0.008408282,0.013229536000000004,0.006427043,0.0023538544999999996,0.0017683944999999997,0.0025845500000000006,0.6979020901836422,-0.3460669658709705,0.6355689269827753,0.48581015993304666,1.5733934708659871,1.3082660252934357
123,E135,LAGO MENOR,2017-07-22,2017-07-22,2017,7,-16.3028,-68.9852,S2,E135|2017-07-22|6.0,6.0,3.32,28.5,12.0,14.0,0.01042255,0.013682416000000003,0.005704581,0.0018950274999999998,0.0006491225000000001,0.0010325840000000002,0.7566959073421832,-0.4115044010423894,0.761747779047209,0.4169279022067447,1.3127704832310714,1.8270491732872227
124,E137,LAGO MENOR,2017-07-22,2017-07-22,2017,7,-16.4011,-68.8334,S2,E137|2017-07-22|6.0,6.0,1.1,15.5,13.2,4.0,0.008789624,0.022065728000000003,0.006593014,0.0020546194999999995,0.0011487975000000002,0.002166713,0.8296359606910323,-0.5398950679727997,0.39833827372475533,0.2987897793356285,2.5104291150565716,1.3331723548592493
128,E142,LAGO MENOR,2017-07-22,2017-07-22,2017,7,-16.4515,-68.998,S2,E142|2017-07-22|6.0,6.0,0.59,20.0,11.8,8.0,0.011762136,0.015302720000000002,0.00602676,0.0021344155,0.0010988299999999999,0.0012415025,0.7551873267723745,-0.43488915646845805,0.7686304134166996,0.3938358670876811,1.3010153938026225,1.9516516337136371
129,E-148,LAGO MENOR,2017-07-22,2017-07-22,2017,7,-16.5187,-68.8773,S2,E-148|2017-07-22|6.0,6.0,0.43,13.75,12.4,4.0,0.016123124000000003,0.03546091200000001,0.009307128,0.0022341604999999995,0.0009988949999999996,0.0015897,0.8814613798272606,-0.5842065771875077,0.4546731341822229,0.2624616084324057,2.1993822040939466,1.7323414913816597
130,E-145,LAGO MENOR,2017-07-23,2017-07-23,2017,7,-16.5139,-68.977,S2,E-145|2017-07-23|6.5,6.5,1.03,26.0,10.7,8.0,0.012837715999999999,0.017053856000000003,0.006885904,0.0028126814999999998,0.0017384139999999998,0.0015797515000000003,0.7168422672122776,-0.42473072308449533,0.7527749735895505,0.4037740203740432,1.3284182326513536,1.864347222964479
132,E-147,LAGO MENOR,2017-07-23,2017-07-23,2017,7,-16.493,-69.0596,S2,E-147|2017-07-23|6.5,6.5,2.29,15.5,11.2,4.0,0.017335595999999998,0.030942176000000005,0.010976600999999999,0.0034610239999999996,0.002078193,0.0023656830000000004,0.7987963678147276,-0.4762919138530232,0.5602578176790151,0.35474560677309824,1.7848925413351815,1.579322779428714
162,E59,LAGO MAYOR,2017-07-16,2017-07-16,2017,7,-15.8876,-69.4615,S2,E59|2017-07-16|10.0,10.0,1.62,34.29,12.0,4.0,0.009161187999999999,0.009445472000000002,0.005235957,0.0027528344999999997,0.0013786479999999997,0.0014802665,0.5486529586174148,-0.28672377282049505,0.9699026157718743,0.5543351353960924,1.0310313465895473,1.7496683032347282
206,E01,BAHIA PUNO,2019-07-11,2019-07-11,2019,7,-15.8522,-69.9607,S2,E01|2019-07-11|8.0,8.0,1.62,10.5,13.1,4.0,0.012417261999999998,0.01580592,0.008613955,0.0064134759999999996,0.0054360089999999995,0.004653838,0.4227137217090095,-0.29451275673963295,0.7856083037241741,0.5449828292184193,1.272898969193048,1.4415285429283062
207,E02,BAHIA PUNO,2019-07-11,2019-07-11,2019,7,-15.8464,-69.9276,S2,E02|2019-07-11|8.0,8.0,1.1,12.0,13.0,8.0,0.008848292,0.012625696000000004,0.005655766,0.0026929874999999997,0.000479233,0.0008037685,0.6484047961167947,-0.38125668607594493,0.7008161767874023,0.44795677006637874,1.4269077015089469,1.5644727875941122
209,E04,BAHIA PUNO,2019-07-11,2019-07-11,2019,7,-15.8752,-69.8717,S2,E04|2019-07-11|1.5,1.5,1.54,21.5,13.5,8.0,0.010168321999999999,0.020123376000000005,0.005890078,0.0023139565,0.0009089535,0.0011221204999999998,0.7937404638568127,-0.5471513876184461,0.505299011458117,0.292698302710241,1.9790262346137355,1.7263475967550852
210,E05,BAHIA PUNO,2019-07-11,2019-07-11,2019,7,-15.84,-69.892,S2,E05|2019-07-11|8.0,8.0,0.59,10.75,13.6,8.0,0.011869694,0.012585440000000003,0.006339176,0.00294235,0.000479233,0.0008833565,0.6210213674308214,-0.330060259607896,0.9431290443560175,0.5036912495709327,1.060300290807834,1.8724348401117117
212,E08,BAHIA PUNO,2019-07-11,2019-07-11,2019,7,-15.7798,-69.8691,S2,E08|2019-07-11|10.0,10.0,1.1,6.5,13.0,8.0,0.01120479,0.011719936000000002,0.005811974,0.0025234209999999997,0.000599155,0.0008734080000000002,0.6456704240671337,-0.33698334425722337,0.9560453231143922,0.49590492644328427,1.0459755158284987,1.9278802692510322
214,E14,BAHIA PUNO,2019-07-12,2019-07-12,2019,7,-15.7489,-69.783,S2,E14|2019-07-12|9.0,9.0,0.51,15.0,13.0,4.0,0.0050153160000000006,0.007181072,0.0033907499999999997,0.001466124,0.0005491875000000001,0.0008833565,0.6609017928006036,-0.3585305959057393,0.6984077029167791,0.47217880561565173,1.431828423174133,1.4791170095111703
215,E16,BAHIA PUNO,2019-07-11,2019-07-11,2019,7,-15.6728,-69.8539,S2,E16|2019-07-11|3.5,3.5,1.1,11.75,12.8,8.0,0.009317636,0.015393296000000004,0.005411691000000001,0.0012367105,0.0029876015,0.002803417,0.8512675355077262,-0.47976980327986746,0.6053048028180578,0.35156154991107813,1.6520602436068552,1.7217605365864384
216,E17,BAHIA PUNO,2019-07-12,2019-07-12,2019,7,-15.6054,-69.9049,S2,E17|2019-07-12|3.0,3.0,3.9,7.75,10.2,8.0,0.008457171999999999,0.015946816000000003,0.010097931,0.004278933,0.003926990499999999,0.0037783699999999996,0.5768825877903169,-0.2245706120865521,0.5303360871536987,0.6332255291589242,1.8855967455787828,0.8375153286351431
217,E25,LAGO MAYOR,2019-07-12,2019-07-12,2019,7,-15.4911,-69.8931,S2,E25|2019-07-12|6.1,6.1,1.02,20.5,13.2,8.0,0.010148766,0.013310048000000001,0.0069249559999999995,0.0033712534999999996,0.0031375039999999997,0.003678885,0.5958044643096665,-0.31554684567658875,0.7624890608959486,0.5202803175465632,1.311494225012184,1.4655350878763707
218,E28,LAGO MAYOR,2019-07-12,2019-07-12,2019,7,-15.3928,-69.7822,S2,E28|2019-07-12|7.0,7.0,0.59,9.25,13.0,8.0,0.006325568,0.009717200000000002,0.0025316059999999996,0.00039885249999999995,0.0006391290000000001,0.0008734080000000002,0.9211445451529098,-0.5866362332266319,0.6509661219281273,0.2605283414975506,1.5361782530833599,2.498638413718407
219,E32,LAGO MAYOR,2019-07-12,2019-07-12,2019,7,-15.3382,-69.7205,S2,E32|2019-07-12|6.0,6.0,0.52,15.0,12.9,4.0,-0.0007243699999999998,0.0040914240000000015,0.00104763,4.9745e-05,-6.0415999999999985e-05,0.0009828415,0.975975147120258,-0.592286714191617,-0.17704593804015412,0.25605510453084296,40.914240000000014,-0.6914368622509854
220,E36,LAGO MAYOR,2019-07-12,2019-07-12,2019,7,-15.2964,-69.6816,S2,E36|2019-07-12|11.0,11.0,1.27,12.75,13.0,4.0,0.00010676000000000001,0.006164608000000001,0.001164786,6.9694e-05,-4.042900000000003e-05,0.0004257255,0.9776416064474247,-0.6821602601578984,0.01731821390751853,0.1889472939723012,57.742675159235674,0.0916563214186984
221,E39,LAGO MAYOR,2019-07-13,2019-07-13,2019,7,-15.3423,-69.529,S2,E39|2019-07-13|8.0,8.0,1.19,15.0,12.6,4.0,0.025216664,0.05089908800000001,0.07422131500000001,0.1308852615,0.197051378,0.1406796785,-0.440005827124266,0.1863982712204158,0.495424672442068,1.4582052039910813,2.0184703258131216,0.33974962583187857
222,E41,LAGO MAYOR,2019-07-13,2019-07-13,2019,7,-15.4395,-69.6006,S2,E41|2019-07-13|9.5,9.5,0.52,10.25,13.1,8.0,-0.0022497380000000003,0.0018672800000000007,0.001057393,4.9745e-05,0.00026936950000000005,0.0008734080000000002,0.9481013820365505,-0.2769153074838428,-1.2048209159847476,0.5662744741013664,18.672800000000006,-2.127627097966414
223,E42,LAGO MAYOR,2019-07-13,2019-07-13,2019,7,-15.4967,-69.6687,S2,E42|2019-07-13|10.0,10.0,0.59,4.75,13.8,4.0,0.004438414,0.006375952000000001,0.003068571,0.0009873479999999999,0.0005691745,0.0008734080000000002,0.731819057784002,-0.35019033251437565,0.696117850322587,0.48127260054655363,1.4365383670833773,1.4464107234279409
224,E43,LAGO MAYOR,2019-07-13,2019-07-13,2019,7,-15.5603,-69.7413,S2,E43|2019-07-13|12.0,12.0,1.53,11.25,13.8,4.0,0.005513994000000001,0.006939536000000001,0.002717103,0.0008975774999999999,0.00021940200000000005,0.0009032535000000001,0.7709417158572841,-0.4372569548000133,0.7945767555640608,0.3915395784386736,1.2585316560010764,2.029365099519599
225,E22,LAGO MAYOR,2019-07-13,2019-07-13,2019,7,-15.62,-69.8133,S2,E22|2019-07-13|6.0,6.0,1.03,4.25,13.4,4.0,0.0010454479999999992,0.0036687360000000006,0.001184312,5.971949999999999e-05,0.0025578809999999997,0.0031317175000000006,0.9679652960950463,-0.5119305409856774,0.2849613599888351,0.32281199846486636,3.5092477100726227,0.8827471139361918
227,E49,LAGO MAYOR,2019-07-14,2019-07-14,2019,7,-15.6063,-69.4449,S2,E49|2019-07-14|12.0,12.0,0.52,10.0,13.4,4.0,0.005416213999999999,0.007382352000000002,0.0038007959999999995,0.0016257160000000001,0.0010988299999999999,0.0013409875,0.6390532754578147,-0.32026363951691983,0.7336705158464399,0.5148489261958789,1.363009659514931,1.4250209692916957
228,E50,LAGO MAYOR,2019-07-14,2019-07-14,2019,7,-15.6685,-69.521,S2,E50|2019-07-14|12.0,12.0,0.59,16.25,14.0,4.0,0.025646896,0.027349328000000006,0.022448126,0.019928923499999997,0.0202563695,0.0159254885,0.15695175070186884,-0.09842274068022165,0.9377523279548219,0.8207925986335018,1.0663796507772327,1.1424960818555634
229,E51,LAGO MAYOR,2019-07-14,2019-07-14,2019,7,-15.7371,-69.6037,S2,E51|2019-07-14|11.0,11.0,0.6,9.5,14.0,4.0,0.009630531999999999,0.010763856000000002,0.006573488000000001,0.0028226559999999998,0.002018232,0.0023059920000000006,0.5844913996696578,-0.24169606130581128,0.8947102228049127,0.6107001059843238,1.1176803109111733,1.465056603130636
230,E52,LAGO MAYOR,2019-07-14,2019-07-14,2019,7,-15.8017,-69.6838,S2,E52|2019-07-14|10.0,10.0,1.53,10.25,13.1,4.0,0.006472238,0.008499456,0.004249894,0.0018551295,0.0022680695,0.0023557344999999997,0.64167955910166,-0.33331594682741117,0.7614884999698803,0.500019530661727,1.3132174682080604,1.522917512766201
231,E53,LAGO MAYOR,2019-07-14,2019-07-14,2019,7,-15.8703,-69.7694,S2,E53|2019-07-14|9.0,9.0,0.6,5.5,13.3,4.0,0.007606486000000001,0.009375024000000003,0.004064397,0.0017952825,0.0015985049999999996,0.001868258,0.6785615794372716,-0.3951529314281523,0.8113564295942067,0.43353457015150026,1.2325039446598602,1.8714918842819737
233,E59,LAGO MAYOR,2019-07-15,2019-07-15,2019,7,-15.8874,-69.4614,S2,E59|2019-07-15|11.0,11.0,0.24,13.25,13.6,4.0,0.00607134,0.007674208000000002,0.004054634,0.0014960474999999999,0.00040927849999999996,0.0008634595000000002,0.6737173055083029,-0.3086045230548317,0.7911357106818057,0.5283455960536904,1.264005639611684,1.4973829943713786
234,E60,LAGO MAYOR,2019-07-15,2019-07-15,2019,7,-15.8267,-69.3764,S2,E60|2019-07-15|11.0,11.0,0.95,8.75,13.6,4.0,0.009014518000000001,0.010612896000000004,0.006309887,0.0038400549999999993,0.0029876015,0.0029128505000000004,0.4686129864680934,-0.2542731148728249,0.8493928518662576,0.5945490278996419,1.1773115323525898,1.42863382497975
235,E61,LAGO MAYOR,2019-07-15,2019-07-15,2019,7,-15.7589,-69.3042,S2,E61|2019-07-15|11.0,11.0,1.02,10.75,13.2,4.0,0.005230432,0.007060304000000002,0.003507906,0.001845155,0.0009189469999999999,0.0012415025,0.5856125343328701,-0.33613995784149286,0.7408224914961167,0.49684914417282866,1.3498510256896565,1.4910410940315961
237,E72,LAGO MAYOR,2019-07-15,2019-07-15,2019,7,-15.6931,-69.1707,S2,E72|2019-07-15|6.0,6.0,0.68,20.5,11.7,4.0,0.0053575459999999995,0.012323776000000002,0.005655766,0.0018152315,0.004676503,0.004454868,0.7432306515693798,-0.3708664897656187,0.43473250406368946,0.4589312561344834,2.300265084051542,0.9472715101720969
238,E76,LAGO MAYOR,2019-07-19,2019-07-19,2019,7,-15.8077,-69.0414,S2,E76|2019-07-19|9.9,9.9,1.1,11.5,12.6,4.0,0.005396658,0.008257920000000002,0.0032931199999999996,0.001067144,0.0016484725,0.0020373824999999996,0.7711234184426599,-0.4298140747660753,0.6535129911648453,0.39878322870650224,1.53019146293873,1.6387674910115637
239,E78,LAGO MAYOR,2019-07-19,2019-07-19,2019,7,-15.8894,-69.1325,S2,E78|2019-07-19|12.0,12.0,1.1,11.5,13.5,4.0,0.008085608,0.008026448000000002,0.004503732,0.002084543,0.0014286154999999996,0.0010922750000000002,0.5876678569224466,-0.28113847677060705,1.007370632688332,0.5611114654950732,0.9926832960489802,1.7953128649750916
240,E79,LAGO MAYOR,2019-07-19,2019-07-19,2019,7,-15.9605,-69.2275,S2,E79|2019-07-19|9.0,9.0,0.51,6.75,12.5,4.0,0.009073186,0.009405216000000001,0.00553861,0.00314184,0.0017384139999999998,0.0016493910000000003,0.49919084610837433,-0.25874269020914126,0.9646972488457468,0.588887060116429,1.0365946427197679,1.6381702268258642
241,E80,LAGO MAYOR,2019-07-16,2019-07-16,2019,7,-16.0317,-69.3194,S2,E80|2019-07-16|11.0,11.0,1.02,6.25,13.7,4.0,0.005934448,0.007342096000000001,0.0037910329999999996,0.0016755885,0.00031933699999999994,0.0014504210000000001,0.6283771484379224,-0.3189635798737643,0.8082770914463662,0.5163420636286966,1.2371994834228897,1.565390752335841
242,E82,LAGO MAYOR,2019-07-16,2019-07-16,2019,7,-16.1121,-69.4175,S2,E82|2019-07-16|9.0,9.0,0.08,6.25,13.8,4.0,0.007137142000000001,0.007935872000000002,0.004181553,0.0021942624999999995,0.0006591160000000001,0.000813717,0.5667850642274234,-0.30982809385425597,0.899351955273472,0.5269178988774011,1.1119117428236682,1.706816103969028
243,E83,LAGO MAYOR,2019-07-16,2019-07-16,2019,7,-16.1849,-69.5079,S2,E83|2019-07-16|10.0,10.0,0.51,3.0,13.0,4.0,0.010882115999999999,0.011921216000000002,0.0069249559999999995,0.0038101314999999998,0.0037670945,0.0034301725,0.515600077132612,-0.2651074040336997,0.9128360730985831,0.5808934256371161,1.0954869438995138,1.5714346777076995
244,E88,LAGO MAYOR,2019-07-17,2019-07-17,2019,7,-16.2031,-69.3822,S2,E88|2019-07-17|11.0,11.0,2.21,1.0,13.0,4.0,0.01100923,0.011156352000000001,0.005968182,0.0025533444999999997,0.0009988949999999996,0.0010922750000000002,0.627512569113943,-0.3029670586675785,0.9868127144070031,0.534958201390562,1.013363514069558,1.8446538661186942
245,E94,LAGO MAYOR,2019-07-17,2019-07-17,2019,7,-16.2545,-69.2917,S2,E94|2019-07-17|8.0,8.0,1.02,0.75,13.1,4.0,0.009131854,0.009304576000000002,0.0046306509999999995,0.0022042369999999995,0.0022880565,0.0023258890000000003,0.6169479322543575,-0.33540355421525947,0.9814368757910085,0.49767458506438106,1.0189142314364643,1.9720453992322031
246,E97,LAGO MAYOR,2019-07-17,2019-07-17,2019,7,-16.1754,-69.1951,S2,E97|2019-07-17|10.0,10.0,0.95,3.75,13.0,4.0,0.009454528,0.009616560000000001,0.005216431,0.001865104,0.0005092135,0.0006843865000000001,0.675116021935843,-0.2966447362743809,0.9831507316545625,0.5424425158268652,1.0171380316394432,1.8124514634622793
247,E98,LAGO MAYOR,2019-07-18,2019-07-18,2019,7,-16.1034,-69.1089,S2,E98|2019-07-18|7.0,7.0,0.51,1.75,13.0,4.0,0.006110452000000001,0.005963328000000001,0.002648762,0.0007379855,0.0011687844999999997,0.0016991334999999998,0.7797488835958976,-0.3848735458090261,1.0246714586217627,0.444175131738519,0.9759225667757476,2.3069086614803447
248,E99,LAGO MAYOR,2019-07-20,2019-07-20,2019,7,-16.0824,-69.0817,S2,E99|2019-07-20|13.0,13.0,2.64,3.5,13.2,4.0,0.008290945999999999,0.009888288000000002,0.006719933,0.0057850825,0.0077045335,0.006603744,0.26179469426855617,-0.19077027029142563,0.8384612179580527,0.67958508085525,1.192661006355608,1.2337840273109864
249,E100,LAGO MAYOR,2019-07-20,2019-07-20,2019,7,-16.005,-68.9964,S2,E100|2019-07-20|11.0,11.0,1.1,5.25,12.4,8.0,0.0036268399999999992,0.004121616000000001,0.002228953,0.00046867399999999987,0.00014944749999999988,0.00027649800000000013,0.7957974777633925,-0.2980304130180441,0.8799558231528601,0.5407958917084948,1.136420685776048,1.6271496079100811
251,E104,LAGO MAYOR,2019-07-20,2019-07-20,2019,7,-16.0384,-68.8577,S2,E104|2019-07-20|10.0,10.0,1.02,5.75,12.4,4.0,0.0033334999999999997,0.006164608000000001,0.003078334,0.0009973224999999999,0.0010988299999999999,0.0013210905,0.7214932871111656,-0.3339059864374368,0.5407480897406614,0.4993560012250575,1.8492899355032253,1.0828909403592981
253,E113,LAGO MAYOR,2019-07-17,2019-07-17,2019,7,-16.2298,-69.1135,S2,E113|2019-07-17|9.0,9.0,0.67,1.25,13.8,4.0,0.01100923,0.014527792000000003,0.006378228,0.0031119165,0.0012687195,0.0015399575,0.6471691328023288,-0.3898189904238593,0.757804764825928,0.439036296775174,1.319601098351111,1.7260640416115574
254,E117,LAGO MAYOR,2019-07-18,2019-07-18,2019,7,-16.1686,-69.0979,S2,E117|2019-07-18|10.0,10.0,0.59,5.0,13.6,4.0,0.010197656,0.011800448000000002,0.005480032,0.001366379,0.001078843,0.0017190304999999998,0.7924512266735769,-0.36575463379751993,0.8641753262249025,0.46439186037682634,1.157172589465658,1.8608752649619562
255,E120,LAGO MAYOR,2019-07-20,2019-07-20,2019,7,-16.1262,-68.9334,S2,E120|2019-07-20|11.5,11.5,1.19,11.5,13.6,8.0,0.009777202,0.00931464,0.0053531130000000005,0.0022341604999999995,0.0005691745,0.0011320689999999999,0.613092146401512,-0.27008409058401167,1.0496596755215446,0.5746988611476128,0.9526897367979101,1.826451636645817
256,E121,LAGO MAYOR,2019-07-21,2019-07-21,2019,7,-16.2077,-68.8626,S2,E121|2019-07-21|11.0,11.0,0.59,10.75,12.6,4.0,-0.00355999,0.0005690240000000002,0.00104763,4.9745e-05,0.0008889665,0.0015996485000000003,0.8392116618452736,0.29604708487587006,-6.256309048475984,1.841099848161061,5.690240000000002,-3.398136746752193
257,E122,LAGO MENOR,2019-07-21,2019-07-21,2019,7,-16.2281,-68.8351,S2,E122|2019-07-21|11.0,11.0,1.19,3.75,12.7,4.0,-0.003823996,-0.00049776,0.00104763,4.9745e-05,0.0009589210000000001,0.0025049620000000003,1.2220711852754602,2.8104591804259544,-38.239959999999996,10.476299999999998,-4.9776,-3.6501398394471334
258,E123,LAGO MENOR,2019-07-21,2019-07-21,2019,7,-16.1922,-68.7968,S2,E123|2019-07-21|9.0,9.0,1.1,5.5,12.4,4.0,0.0012605640000000005,0.005490320000000001,0.0035860099999999997,0.0021942624999999995,0.0018783229999999995,0.001490215,0.4289181710368559,-0.20981055010003502,0.2295975462268138,0.653151364583485,4.355447244249398,0.35152272302642784
259,E125,LAGO MENOR,2019-07-21,2019-07-21,2019,7,-16.2132,-68.7325,S2,E125|2019-07-21|8.5,8.5,1.19,1.0,12.4,4.0,0.0011334500000000003,0.005218592000000001,0.0036543509999999997,0.00214439,0.0022680695,0.002027434,0.4175212682142551,-0.17629334750675776,0.21719459961614168,0.7002561227242902,4.604166041730998,0.31016451347995866
263,E132,LAGO MENOR,2019-07-21,2019-07-21,2019,7,-16.315,-68.8479,S2,E132|2019-07-21|7.0,7.0,1.7,2.75,11.4,8.0,0.011908806000000001,0.01615816,0.004415865,0.0005584444999999999,0.0020881865,0.0020373824999999996,0.9331867944122986,-0.5707339438571721,0.7370149819038802,0.27329008996073806,1.356824521282822,2.6968229327662874
265,E130,LAGO MENOR,2019-07-22,2019-07-22,2019,7,-16.2142,-68.9393,S2,E130|2019-07-22|10.0,10.0,1.27,3.25,11.6,8.0,0.009503418,0.013360368000000003,0.0058510260000000005,0.001905002,0.000599155,0.0006744380000000001,0.7504151716980872,-0.39087957954120467,0.7113140895520241,0.4379389849141879,1.4058487167459122,1.6242310323010014
267,E136,LAGO MENOR,2019-07-22,2019-07-22,2019,7,-16.3034,-68.9854,S2,E136|2019-07-22|6.5,6.5,0.59,7.0,11.7,16.0,0.012974608000000002,0.018261536000000002,0.009775751999999999,0.0044684485000000005,0.001798375,0.0016394425,0.6068234183431398,-0.3026606459704433,0.7104883181787118,0.5353192633960253,1.4074826769332838,1.3272235220369752
268,E137,LAGO MENOR,2019-07-22,2019-07-22,2019,7,-16.3655,-68.9025,S2,E137|2019-07-22|5.0,5.0,1.19,3.0,11.7,8.0,0.012945274000000003,0.020576256000000005,0.008487036,0.0029922225,0.0014086284999999996,0.0012415025,0.7460826439821883,-0.41596181134739285,0.6291365154088285,0.41246745763660786,1.5894801454183203,1.5252997630739404
271,E141,LAGO MENOR,2019-07-23,2019-07-23,2019,7,-16.376,-69.0078,S2,E141|2019-07-23|10.0,10.0,0.51,1.5,11.4,4.0,0.011742579999999999,0.015604640000000003,0.006534436,0.00174541,0.0002393889999999999,0.0006843865000000001,0.7988005337851746,-0.4096920571711278,0.7525056649816976,0.4187495514154764,1.3288936502880973,1.7970303787503616
272,E142,LAGO MENOR,2019-07-23,2019-07-23,2019,7,-16.4489,-68.9969,S2,E142|2019-07-23|11.0,11.0,1.03,6.75,10.8,8.0,0.013531954000000002,0.018362176000000004,0.007266661,0.0025333954999999997,0.000479233,0.000535159,0.7575183929514255,-0.4329308648328107,0.7369471897012642,0.39574073356011824,1.356949336363396,1.862196956759095
273,E145,LAGO MENOR,2019-07-23,2019-07-23,2019,7,-16.5179,-68.9781,S2,E145|2019-07-23|6.0,6.0,3.99,3.0,11.1,8.0,0.014392418,0.020052928000000005,0.006641829,0.001705512,-4.5500000000000835e-07,0.00036603449999999995,0.8432321047266209,-0.5023869854898104,0.7177215217648015,0.3312149228282273,1.393298054572901,2.1669359449031282
275,E147,LAGO MENOR,2019-07-24,2019-07-24,2019,7,-16.559,-68.9174,S2,E147|2019-07-24|5.5,5.5,2.21,6.5,10.4,8.0,0.013717736000000001,0.018613776000000002,0.0068468520000000005,0.002264084,0.00025937599999999996,0.000813717,0.7831114499708568,-0.46216155932361297,0.7369668572352004,0.3678378852308097,1.356913123273403,2.003509934200418
277,E01,BAHIA PUNO,2022-08-12,2022-08-12,2022,8,-15.853,-69.9605,S2,E01|2022-08-12|5.5,5.5,1.61,2.5,13.9,4.0,0.01193814,0.018885504,0.011503802999999998,0.009904551,0.007424715499999999,0.005927246,0.3119463539772205,-0.24290454392709449,0.6321324546064536,0.609134021522539,1.5819469364574381,1.0377559490544128
278,E02,BAHIA PUNO,2022-08-12,2022-08-12,2022,8,-15.8461,-69.9271,S2,E02|2022-08-12|8.0,8.0,3.07,1.0,13.5,8.0,0.014314193999999999,0.017738208000000005,0.010459162,0.0066428895,0.002018232,0.0016991334999999998,0.4550786954902793,-0.25814626477057045,0.8069695653585748,0.5896402838437793,1.2392041074754196,1.368579433036796
280,E05,BAHIA PUNO,2022-08-12,2022-08-12,2022,8,-15.84,-69.8923,S2,E05|2022-08-12|8.5,8.5,0.95,1.25,13.6,8.0,0.014187079999999998,0.015041056,0.008233197999999999,0.0054060515,0.0018783229999999995,0.0014404725,0.47121599124883606,-0.29250594702172,0.9432236672744252,0.5473816466077913,1.0601939229214188,1.723155449437752
282,E08,BAHIA PUNO,2022-08-12,2022-08-12,2022,8,-15.7802,-69.8681,S2,E08|2022-08-12|11.0,11.0,1.03,2.25,12.6,8.0,0.014011075999999997,0.013923952000000003,0.007803626,0.0049272755,0.0018483425,0.001549906,0.4772461646199876,-0.28168467365830324,1.0062571315959719,0.5604462009061794,0.9937817766458483,1.7954571374896744
286,E28,LAGO MAYOR,2022-08-14,2022-08-14,2022,8,-15.3928,-69.7822,S2,E28|2022-08-14|10.0,10.0,1.02,2.5,13.2,8.0,0.020337441999999997,0.019257872000000006,0.008877556,0.0045981170000000005,0.0015785179999999997,0.0011022235000000002,0.6145104437082678,-0.3689410955845032,1.056058634100382,0.4609832280534421,0.9469171196652956,2.290882986263336
287,E32,LAGO MAYOR,2022-08-14,2022-08-14,2022,8,-15.3384,-69.7205,S2,E32|2022-08-14|9.0,9.0,0.51,1.75,13.4,4.0,0.023701074000000003,0.021461888000000002,0.008897081999999999,0.0044484995000000005,0.0016784529999999999,0.0027536745,0.6566242146465692,-0.41387456775132475,1.1043331322947916,0.4145526246339557,0.9055238593829124,2.66391542755254
288,E36,LAGO MAYOR,2022-08-14,2022-08-14,2022,8,-15.2971,-69.6814,S2,E36|2022-08-14|9.0,9.0,0.51,2.25,13.0,4.0,0.021461912,0.020737280000000004,0.009990537999999998,0.0059845725,0.0025678744999999997,0.002166713,0.552083989982207,-0.3497398237082822,1.0349434448490833,0.4817670398432194,0.9662363726027767,2.1482238494063086
289,E39,LAGO MAYOR,2022-08-15,2022-08-15,2022,8,-15.3748,-69.5276,S2,E39|2022-08-15|7.0,7.0,1.62,1.25,12.3,4.0,0.01633824,0.023062064000000004,0.00807699,0.0028625539999999994,0.0044066784999999995,0.004206155499999999,0.7791632347615215,-0.48123085302363877,0.708446564019595,0.35022840973817426,1.411539064183168,2.0228129538355257
290,341,LAGO MAYOR,2022-08-15,2022-08-15,2022,8,-15.4392,-69.6009,S2,341|2022-08-15|14.0,14.0,0.51,1.5,13.1,8.0,0.01301372,0.010924880000000003,0.004825911,0.0020745685,0.0011887715,0.0013210905,0.6808220225017991,-0.3872166555180211,1.1912002694766437,0.44173583600002914,0.8394894004174059,2.696634894427187
291,E42,LAGO MAYOR,2022-08-15,2022-08-15,2022,8,-15.4967,-69.6685,S2,E42|2022-08-15|16.0,16.0,0.94,5.5,12.9,4.0,0.014138190000000002,0.012041984000000002,0.006065812,0.0030620439999999994,0.0008389989999999999,0.0008236655000000001,0.5945393775395956,-0.3300330791205579,1.1740748036204,0.503721978039499,0.8517344865219664,2.330799240068766
292,E43,LAGO MAYOR,2022-08-15,2022-08-15,2022,8,-15.5603,-69.7411,S2,E43|2022-08-15|14.0,14.0,0.51,0.75,13.1,4.0,0.014558643999999999,0.012726336000000003,0.006719933,0.0034510494999999996,0.001218752,0.0012613995,0.5733488842589007,-0.30887172707156707,1.1439776538981836,0.5280335989871711,0.874142949027396,2.16648648133843
293,E22,LAGO MAYOR,2022-08-15,2022-08-15,2022,8,-15.6181,-69.807,S2,E22|2022-08-15|14.0,14.0,0.51,1.0,13.3,4.0,0.014617312,0.013018192000000003,0.0073447650000000005,0.004558219,0.0022880565,0.0021368675000000004,0.4813253694781393,-0.2786150715431423,1.122837334093705,0.5641924009109712,0.8906009531711441,1.990167418562745
294,E48,LAGO MAYOR,2022-08-16,2022-08-16,2022,8,-15.5361,-69.3597,S2,E48|2022-08-16|8.0,8.0,0.94,1.0,13.8,4.0,0.01614268,0.014396960000000004,0.008408932,0.005635465,0.0032274455000000004,0.0027238289999999997,0.43736564907315784,-0.2625649431925338,1.1212561540769714,0.5840769162378723,0.8918568663939324,1.9197063313153206
295,E49,LAGO MAYOR,2022-08-16,2022-08-16,2022,8,-15.6063,-69.4449,S2,E49|2022-08-16|15.0,15.0,0.51,6.5,13.0,4.0,0.016797806000000002,0.014165488000000002,0.008867792999999999,0.005096842,0.0025378939999999997,0.0023756315,0.47079691445443456,-0.2300017426956351,1.1858261430880461,0.6260139431836022,0.8432939396966485,1.8942487719323178
296,E50,LAGO MAYOR,2022-08-16,2022-08-16,2022,8,-15.6687,-69.5211,S2,E50|2022-08-16|16.0,16.0,0.59,9.0,12.6,4.0,0.015575556,0.013541520000000003,0.008360117,0.005076893,0.0033473674999999993,0.0031118205,0.4546373821099907,-0.23657604970002713,1.1502073622458924,0.6173691727368862,0.8694084500097462,1.8630787105013005
297,E51,LAGO MAYOR,2022-08-17,2022-08-17,2022,8,-15.7371,-69.6038,S2,E51|2022-08-17|12.0,12.0,1.02,1.5,13.0,4.0,0.014382640000000002,0.012132560000000002,0.006944481999999999,0.0034909475,0.0014086284999999996,0.001490215,0.5531159982407282,-0.27195399203115506,1.1854579742445122,0.5723838991935748,0.8435558423210204,2.071088959550907
298,E52,LAGO MAYOR,2022-08-17,2022-08-17,2022,8,-15.8028,-69.6843,S2,E52|2022-08-17|9.0,9.0,0.51,11.0,12.9,4.0,0.014079522,0.012696144000000003,0.006905430000000001,0.0034111514999999996,0.0018783229999999995,0.0019378975,0.5764463639196064,-0.2954208526610745,1.108960484380139,0.5438997856357016,0.9017453859584155,2.0389059044838627
299,E53,LAGO MAYOR,2022-08-17,2022-08-17,2022,8,-15.8686,-69.7634,S2,E53|2022-08-17|11.0,11.0,0.51,4.5,13.0,4.0,0.017941832,0.015856240000000004,0.010195560999999999,0.0066229405,0.0029276404999999998,0.0023258890000000003,0.4107489189497403,-0.21728550677607655,1.1315313088096546,0.6429999167520166,0.883758135735526,1.7597689818147333
300,E58,LAGO MAYOR,2022-08-18,2022-08-18,2022,8,-15.9519,-69.5453,S2,E58|2022-08-18|11.0,11.0,1.1,3.25,12.3,4.0,0.017247593999999998,0.017506736000000002,0.009160683,0.0053063065,0.002118167,0.0019080520000000001,0.5348006065039065,-0.31296814614987134,0.9851975833759072,0.5232661873692502,1.015024820273483,1.8827847224928533
301,E59,LAGO MAYOR,2022-08-18,2022-08-18,2022,8,-15.8876,-69.4615,S2,E59|2022-08-18|15.0,15.0,0.51,1.5,12.8,4.0,0.015106211999999997,0.013279856000000003,0.007657181,0.0040295705,0.001198765,0.0010922750000000002,0.5344073626929604,-0.2685515974131586,1.1375282984996218,0.5766012071215229,0.8790990090699115,1.9728163667542922
302,E60,LAGO MAYOR,2022-08-18,2022-08-18,2022,8,-15.8271,-69.3776,S2,E60|2022-08-18|16.5,16.5,0.43,1.5,12.8,4.0,0.015947120000000002,0.013491200000000004,0.00807699,0.0044484995000000005,0.0018283555,0.0016493910000000003,0.5040608398116793,-0.2510275432928058,1.182038662239089,0.5986858100094874,0.8459960168356419,1.9743889741104055
303,E61,LAGO MAYOR,2022-08-18,2022-08-18,2022,8,-15.7585,-69.3045,S2,E61|2022-08-18|15.0,15.0,0.51,3.75,13.5,4.0,0.015644002,0.013823312000000003,0.007432632,0.004957199,0.0026078484999999996,0.0025944985000000004,0.4720911229683195,-0.3006537700393938,1.1317115608762935,0.5376882182793818,0.8836173761675562,2.1047728449356837
305,E72,LAGO MAYOR,2022-08-19,2022-08-19,2022,8,-15.6921,-69.1709,S2,E72|2022-08-19|5.0,5.0,1.62,18.0,12.5,4.0,0.016416464,0.020113312000000005,0.009707410999999999,0.0066329150000000005,0.006175528,0.005897400499999999,0.5040111450481916,-0.34894863719606556,0.8161989432670261,0.4826361267602271,1.2251914906888601,1.691126913241852
306,E76,LAGO MAYOR,2022-08-19,2022-08-19,2022,8,-15.8125,-69.0449,S2,E76|2022-08-19|10.0,10.0,0.95,0.75,13.0,4.0,0.012358593999999997,0.012575376000000001,0.008008649,0.005515771,0.0030075885,0.003261048,0.3902242687970935,-0.2218578134326104,0.9827613901962053,0.6368516535807756,1.017540992122567,1.5431559055715887
307,E78,LAGO MAYOR,2022-08-19,2022-08-19,2022,8,-15.8903,-69.1327,S2,E78|2022-08-19|14.0,14.0,0.51,1.25,13.4,4.0,0.013062609999999999,0.011921216000000002,0.007559551,0.0050070715,0.002617842,0.002425374,0.4084373030386387,-0.22389594701810528,1.0957447629503565,0.6341258307877317,0.9126212908446324,1.7279610918690804
308,E79,LAGO MAYOR,2022-08-19,2022-08-19,2022,8,-15.96,-69.2272,S2,E79|2022-08-19|14.0,14.0,0.51,0.75,12.8,4.0,0.012818159999999999,0.011880960000000003,0.007081164,0.0045881425,0.0025778679999999997,0.002703932,0.442818123038695,-0.2531254276617205,1.0788825145442789,0.5960094133807368,0.9268849819318845,1.8101769709047832
309,E80,LAGO MAYOR,2022-08-20,2022-08-20,2022,8,-16.0316,-69.3198,S2,E80|2022-08-20|15.0,15.0,0.51,0.0,12.3,4.0,0.014939985999999999,0.012706208000000002,0.007745048,0.0043687034999999996,0.0022280954999999996,0.0021269190000000006,0.4882897350132835,-0.24258460005661273,1.1758020961092401,0.6095483404647554,0.8504832601583431,1.9289726803500764
310,E82,LAGO MAYOR,2022-08-20,2022-08-20,2022,8,-16.1109,-69.4173,S2,E82|2022-08-20|15.0,15.0,0.51,1.75,12.8,4.0,0.016563134,0.014437216000000003,0.008672533,0.005575618,0.0016684595,0.0014504210000000001,0.4427957358365269,-0.24944809009184446,1.1472526282075435,0.6007067429066655,0.8716476000254543,1.909838106121937
311,E83,LAGO MAYOR,2022-08-20,2022-08-20,2022,8,-16.1837,-69.5067,S2,E83|2022-08-20|16.0,16.0,0.95,1.0,13.7,4.0,0.015722226,0.015815984,0.010205324,0.005894802,0.0029276404999999998,0.0025944985000000004,0.4569701687921308,-0.21561789992963082,0.9940719464561925,0.6452538141161498,1.0059634049275212,1.5405905780159452
312,E88,LAGO MAYOR,2022-08-20,2022-08-20,2022,8,-16.2064,-69.3781,S2,E88|2022-08-20|14.0,14.0,0.59,0.75,13.3,4.0,0.014998654,0.014145360000000003,0.008545613999999998,0.005276383,0.0017484074999999997,0.0017190304999999998,0.45665193609801485,-0.24678296106712047,1.0603232438057424,0.6041284209097539,0.9431086282809112,1.7551288883396796
313,E94,LAGO MAYOR,2022-08-20,2022-08-20,2022,8,-16.251,-69.2884,S2,E94|2022-08-20|15.0,15.0,0.95,4.5,13.5,4.0,0.017990722,0.017929424000000003,0.012157923999999999,0.0124280995,0.0084840265,0.006922096,0.18121782294864006,-0.19182480982289282,1.0034188493729637,0.6780989729508319,0.9965927993329007,1.4797527933222812
314,E97,LAGO MAYOR,2022-08-21,2022-08-21,2022,8,-16.1757,-69.1958,S2,E97|2022-08-21|16.0,16.0,0.95,6.75,12.9,4.0,0.010217212000000002,0.010713536000000003,0.006661355,0.0037303354999999997,0.0013286804999999998,0.001151966,0.48347148591902916,-0.23322050001807218,0.9536731850250001,0.6217699739843128,1.0485772439683154,1.5338038582240403
315,E98,LAGO MAYOR,2022-08-22,2022-08-22,2022,8,-16.1056,-69.1103,S2,E98|2022-08-22|15.0,15.0,0.51,10.0,12.6,4.0,0.012749713999999999,0.012243264000000004,0.008438221,0.0056653885,0.003077543,0.0026143955,0.3673015115290495,-0.18398305614983393,1.0413656031594185,0.68921335029613,0.9602775403432583,1.5109481015014894
316,E99,LAGO MAYOR,2022-08-22,2022-08-22,2022,8,-16.0745,-69.0742,S2,E99|2022-08-22|15.0,15.0,0.51,10.0,13.0,4.0,0.010960339999999999,0.011619296000000003,0.007383817,0.0038101314999999998,0.0014186219999999996,0.001350936,0.5061214354115581,-0.22288341794928992,0.943287786110277,0.6354788620584241,1.060121857533617,1.4843731907223594
317,E100,LAGO MAYOR,2022-08-22,2022-08-22,2022,8,-16.0055,-68.9959,S2,E100|2022-08-22|13.0,13.0,0.52,8.75,12.7,8.0,0.008290945999999999,0.008620224000000001,0.00495283,0.002124441,0.0006691094999999998,0.000893305,0.6045588573902624,-0.27019665064349924,0.9618016886800155,0.5745593153959804,1.0397153714425353,1.6739815418659632
318,E103,LAGO MAYOR,2022-08-22,2022-08-22,2022,8,-15.9394,-68.9017,S2,E103|2022-08-22|10.0,10.0,0.51,5.5,13.0,4.0,0.010041208,0.011448208000000001,0.005694818,0.0027029619999999997,0.0032474325000000004,0.0035495544999999996,0.6179874442899461,-0.3356110913201036,0.8770986690668092,0.4974418703783159,1.1401225828605484,1.7632184206764816
319,E104,LAGO MAYOR,2022-08-22,2022-08-22,2022,8,-16.0297,-68.8837,S2,E104|2022-08-22|13.0,13.0,0.95,13.18,12.9,4.0,0.007743378,0.008348496000000002,0.004484206,0.0022740585,0.0009789080000000001,0.0013409875,0.5718433290369723,-0.30112829697687243,0.9275177229527328,0.5371274059423397,1.0781465143507138,1.7268113909129064
321,E113,LAGO MAYOR,2022-08-21,2022-08-21,2022,8,-16.2174,-69.1367,S2,E113|2022-08-21|14.0,14.0,0.43,11.39,13.8,4.0,0.0111559,0.011880960000000003,0.007305713,0.0040295705,0.0011188169999999998,0.0009330990000000002,0.4934712269040165,-0.23845962046366154,0.9389729449472094,0.6149093170922214,1.06499341155801,1.5270104369005462
322,E117,LAGO MAYOR,2022-08-21,2022-08-21,2022,8,-16.1653,-69.1027,S2,E117|2022-08-21|14.0,14.0,0.51,6.91,13.6,4.0,0.014255525999999998,0.013622032000000003,0.0087604,0.0058648785,0.0026977899999999994,0.0023656830000000004,0.39806993016825687,-0.21720748588859856,1.0465051029097563,0.6431052283535964,0.955561513479054,1.6272688461714075
323,E120,LAGO MAYOR,2022-08-22,2022-08-22,2022,8,-16.1264,-68.9337,S2,E120|2022-08-22|14.0,14.0,1.02,12.32,13.1,8.0,0.009874982,0.009938608000000002,0.006251309,0.0040295705,0.0016984399999999994,0.0021269190000000006,0.42303562178593146,-0.227752790347672,0.9935980974398022,0.6289924102047287,1.0064431509849843,1.5796662746954278
324,E121,LAGO MAYOR,2022-08-23,2022-08-23,2022,8,-16.2068,-68.8643,S2,E121|2022-08-23|11.0,11.0,0.95,7.62,12.5,4.0,0.005034871999999999,0.006194800000000001,0.00309786,0.001785308,0.0020881865,0.0025049620000000003,0.5525603722956667,-0.33326729555721457,0.8127577968618839,0.5000742558274681,1.2303788457780063,1.6252742215593987
325,E122,LAGO MENOR,2022-08-23,2022-08-23,2022,8,-16.2276,-68.8361,S2,E122|2022-08-23|10.0,10.0,1.02,4.14,12.5,4.0,0.003470392,0.004453728000000001,0.001545543,0.0004586995,0.0028476925,0.0038679065000000006,0.8132491902935586,-0.4847563170998082,0.7792105849301976,0.34702231478886886,1.2833501229832254,2.245419247474836
326,E123,LAGO MENOR,2022-08-23,2022-08-23,2022,8,-16.1925,-68.797,S2,E123|2022-08-23|6.0,6.0,1.78,12.25,12.1,4.0,0.012417261999999998,0.024310000000000005,0.007530262,0.0033912024999999996,0.0015085634999999998,0.0015797515000000003,0.7551584356253692,-0.5269974685824674,0.5107882352941174,0.30975985191279304,1.957758481700717,1.6489814033030985
327,E125,LAGO MENOR,2022-08-23,2022-08-23,2022,8,-16.2626,-68.7843,S2,E125|2022-08-23|8.0,8.0,1.53,13.0,12.4,4.0,0.016103568,0.04346179200000001,0.010761815,0.0024735485,0.001038869,0.0016593394999999996,0.8923030103085225,-0.6030579337324806,0.3705224119612922,0.2476155378038714,2.6988920716204023,1.496361719654166
330,E132,LAGO MENOR,2022-08-23,2022-08-23,2022,8,-16.3339,-68.7808,S2,E132|2022-08-23|4.0,4.0,1.53,12.75,13.5,8.0,0.01692492,0.040040032,0.01217745,0.0035807179999999997,0.0013186869999999998,0.0015001635,0.8358249953101451,-0.5335872278638938,0.4226999618781523,0.3041318748196804,2.3657442398546054,1.3898574824778587
332,E130,LAGO MENOR,2022-08-23,2022-08-23,2022,8,-16.3144,-68.8451,S2,E130|2022-08-23|5.5,5.5,1.19,17.0,13.1,8.0,0.021315241999999998,0.03070064000000001,0.013017067999999998,0.007371028,0.004716477,0.0041265675,0.6127814359806503,-0.40449448071489774,0.6942930831409374,0.42399989055602727,1.4403139312234885,1.6374841093247727
333,E136,LAGO MENOR,2022-08-24,2022-08-24,2022,8,-16.2659,-69.0601,S2,E136|2022-08-24|5.5,5.5,1.7,14.25,12.2,4.0,0.012123922000000002,0.017456416000000006,0.010429873,0.006233935,0.002457946,0.0029725415,0.473715249144462,-0.25197123747906247,0.6945252679587837,0.5974807772683691,1.439832423864159,1.1624227830962086
334,E135,LAGO MENOR,2022-08-24,2022-08-24,2022,8,-16.3028,-68.9852,S2,E135|2022-08-24|11.0,11.0,1.19,16.75,12.6,16.0,0.016162236,0.020465552000000005,0.010986363999999998,0.005775107999999999,0.0023080435,0.001888155,0.5598351352505946,-0.30138665315694446,0.7897288086830004,0.5368222660204814,1.266257465860541,1.4711178329791368
335,E137,LAGO MENOR,2022-08-24,2022-08-24,2022,8,-16.4011,-68.8334,S2,E137|2022-08-24|5.0,5.0,1.02,11.25,12.0,4.0,0.023456624000000002,0.03944625600000001,0.016892979,0.0083784525,0.0033273804999999993,0.0026840349999999995,0.6496182376183592,-0.4003120844592214,0.5946476644069844,0.42825303876748133,1.6816680865925127,1.3885427786301046
337,E141,LAGO MENOR,2022-08-24,2022-08-24,2022,8,-16.3764,-69.0073,S2,E141|2022-08-24|5.0,5.0,1.7,11.0,12.8,4.0,0.020699228,0.025125184000000005,0.013788344999999999,0.007540594499999999,0.0035172569999999993,0.002703932,0.5383183799425328,-0.2913341195208969,0.8238438373227435,0.548785831777391,1.2138222739514732,1.5012119293504769
338,E142,LAGO MENOR,2022-08-24,2022-08-24,2022,8,-16.4515,-68.998,S2,E142|2022-08-24|5.0,5.0,1.18,17.0,13.1,8.0,0.021012124,0.026342928000000005,0.014012893999999998,0.007231385,0.0036071984999999996,0.0030023869999999996,0.5692310794496055,-0.3055329586513452,0.7976381365047953,0.5319413999840866,1.2537013392839298,1.4994849743386343
340,E145,LAGO MENOR,2022-08-24,2022-08-24,2022,8,-16.5139,-68.977,S2,E145|2022-08-24|5.5,5.5,1.62,26.0,13.2,8.0,0.019242306,0.025688768000000004,0.010918022999999999,0.004837505,0.0015885114999999997,0.001231554,0.6830595506022125,-0.40349738922766043,0.7490552291180331,0.4250115459020844,1.3350150444546514,1.7624350122728265
342,E147,LAGO MENOR,2022-08-24,2022-08-24,2022,8,-16.493,-69.0596,S2,E147|2022-08-24|5.0,5.0,1.78,14.75,12.4,4.0,0.022332154,0.03415259200000001,0.015047772,0.006912201,0.002118167,0.001669288,0.6633514586728477,-0.3883064688646112,0.6538933853102568,0.44060409821895785,1.5293012935518897,1.4840837567182703
344,E01,BAHIA PUNO,2024-08-21,2024-08-21,2024,8,-15.853,-69.9605,S2,E01|2024-08-21|6.0,6.0,2.64,0.5,13.4,4.0,0.015546222000000002,0.024299936,0.008321064999999999,0.004318831,0.0074846765,0.006723125999999999,0.6981818714208801,-0.48983384998413,0.6397639071971218,0.3424315603135744,1.5630766111535006,1.8682971470599021
345,E02,BAHIA PUNO,2024-08-21,2024-08-21,2024,8,-15.8461,-69.9271,S2,E02|2024-08-21|9.0,9.0,2.05,1.5,13.0,8.0,0.014079522,0.014507664000000002,0.006456332,0.0037303354999999997,0.0019882515,0.0018583094999999998,0.5909270865520594,-0.384055197107689,0.9704885638377067,0.4450290549877637,1.0304088448457271,2.180730792654405
346,E03,BAHIA PUNO,2024-08-21,2024-08-21,2024,8,-15.8653,-69.8942,S2,E03|2024-08-21|8.0,8.0,1.02,7.75,13.9,8.0,0.013874184000000001,0.015312784000000003,0.006387991,0.0038001569999999998,0.0023280304999999998,0.001828464,0.6023471949007119,-0.4112660763836281,0.9060523546861237,0.41716718527473506,1.1036889809159227,2.1719166479727354
348,E05,BAHIA PUNO,2024-08-21,2024-08-21,2024,8,-15.84,-69.8923,S2,E05|2024-08-21|10.0,10.0,2.55,2.5,13.4,8.0,0.012710602000000001,0.013209408000000002,0.005772922,0.0034610239999999996,0.00229805,0.0019378975,0.584770893473493,-0.39175831461373223,0.9622385802603719,0.43703109177943467,1.0392433025595484,2.2017622964592283
350,E08,BAHIA PUNO,2024-08-21,2024-08-21,2024,8,-15.7802,-69.8681,S2,E08|2024-08-21|9.0,9.0,1.45,5.75,13.3,8.0,0.01350262,0.012575376000000001,0.00573387,0.0034111514999999996,0.0019682644999999997,0.0019876399999999997,0.5732466870465344,-0.37366397427485687,1.0737348926982382,0.4559601239756171,0.9313285866002302,2.354887711092159
352,E15,LAGO MAYOR,2024-08-21,2024-08-21,2024,8,-15.715,-69.8226,S2,E15|2024-08-21|9.0,9.0,1.53,1.25,13.3,4.0,0.01027588,0.011176480000000003,0.003869137,0.0008277559999999999,0.0015485374999999997,0.0020572795,0.8620892773110027,-0.4856791525612309,0.9194200678567847,0.3461856505805047,1.087642128946621,2.655858399431191
353,E16,LAGO MAYOR,2024-08-21,2024-08-21,2024,8,-15.6737,-69.8541,S2,E16|2024-08-21|6.0,6.0,1.62,2.25,13.5,8.0,0.006325568,0.009052976,0.001135497,-5e-05,0.0019282904999999998,0.003479915,1.0111073259434074,-0.7771015561309772,0.6987280204874066,0.1254280360403032,1.4311720307172415,5.5707483154953295
354,E22,LAGO MAYOR,2024-08-22,2024-08-22,2024,8,-15.6181,-69.807,S2,E22|2024-08-22|14.0,14.0,1.02,1.5,13.5,4.0,0.010803892,0.009888288000000002,0.003175964,8.964299999999998e-05,0.0018083685,0.002624344,0.9820316474395696,-0.5137931728664472,1.092594794973609,0.32118441534065345,0.9152523923785985,3.401767778224187
356,E27,LAGO MAYOR,2024-08-22,2024-08-22,2024,8,-15.4437,-69.8425,S2,E27|2024-08-22|4.0,4.0,1.61,15.25,13.6,16.0,0.014617312,0.019811392000000004,0.0076767070000000005,0.0034211259999999996,0.0016784529999999999,0.0017787215,0.705488113449945,-0.4414523011776005,0.737823571407804,0.3874895312757427,1.3553375613792744,1.9041122710558054
357,E28,LAGO MAYOR,2024-08-22,2024-08-22,2024,8,-15.3928,-69.7822,S2,E28|2024-08-22|9.0,9.0,3.58,8.5,13.6,8.0,0.011067898,0.012343904000000003,0.005109038,0.0025832679999999997,0.0011787779999999997,0.0010126870000000002,0.6538837595035578,-0.4145355886396926,0.8966286516810239,0.41389158567662215,1.1152889193593944,2.1663369894684674
358,E32,LAGO MAYOR,2024-08-22,2024-08-22,2024,8,-15.3384,-69.7205,S2,E32|2024-08-22|12.5,12.5,1.62,6.0,13.7,4.0,0.012593265999999999,0.013370432000000003,0.00544098,0.0024934975,0.0009189469999999999,0.00238558,0.6856393187047813,-0.4215234655684824,0.9418742790060931,0.4069412267307443,1.0617128233454296,2.3145216486735842
359,E36,LAGO MAYOR,2024-08-22,2024-08-22,2024,8,-15.2971,-69.6814,S2,E36|2024-08-22|11.5,11.5,2.13,2.75,14.0,4.0,0.009532752,0.011075840000000002,0.004913778000000001,0.003081993,0.0014885764999999999,0.0018185155,0.5646235857829666,-0.3853789136564167,0.8606798220270425,0.44364833728186753,1.161872248433611,1.940004615593134
360,E36B,LAGO MAYOR,2024-08-22,2024-08-22,2024,8,-15.2621,-69.7034,S2,E36B|2024-08-22|13.0,13.0,1.53,6.25,13.9,4.0,0.009210078,0.010653152,0.005226194,0.0033513044999999996,0.0011687844999999997,0.001430524,0.5213945274210017,-0.34176203845158115,0.8645401849142863,0.49057724887432375,1.1566842322073712,1.7622916409149756
361,E39,LAGO MAYOR,2024-08-23,2024-08-23,2024,8,-15.3748,-69.5276,S2,E39|2024-08-23|8.0,8.0,2.12,4.5,12.7,4.0,0.012681267999999999,0.018130704,0.004474443,0.0007579344999999999,0.00469649,0.0057083789999999995,0.9197469992478812,-0.6041217248389615,0.6994360505802752,0.24678815560609227,1.4297232737294097,2.834155670325893
362,E41,LAGO MAYOR,2024-08-23,2024-08-23,2024,8,-15.4392,-69.6009,S2,E41|2024-08-23|10.5,10.5,2.98,3.75,13.0,8.0,0.008046495999999998,0.008740992000000001,0.003810559,0.001286583,0.0008889665,0.0011320689999999999,0.7433909251847107,-0.3928146096992628,0.9205472330829266,0.4359412524345062,1.0863103641634821,2.111631390565006
363,E42,LAGO MAYOR,2024-08-23,2024-08-23,2024,8,-15.4967,-69.6685,S2,E42|2024-08-23|10.0,10.0,1.45,6.25,14.4,4.0,0.008818958,0.009385088000000001,0.004396339,0.001565869,0.0009489274999999999,0.0012415025,0.7140214582139757,-0.36199071678203454,0.9396777100012274,0.4684387615758104,1.0641946588247728,2.005977700991666
364,E43,LAGO MAYOR,2024-08-23,2024-08-23,2024,8,-15.5603,-69.7411,S2,E43|2024-08-23|12.5,12.5,0.94,7.0,13.9,4.0,0.011253679999999999,0.011226800000000002,0.005782685,0.0027029619999999997,0.0021081735,0.0022264040000000004,0.6119155078230694,-0.3200634634109462,1.0023942708518898,0.5150786510849039,0.9976114479885694,1.9460994330488344
365,E48,LAGO MAYOR,2024-08-24,2024-08-24,2024,8,-15.5361,-69.3597,S2,E48|2024-08-24|9.0,9.0,0.43,6.11,13.5,4.0,0.010667,0.010683344000000003,0.005899841,0.003161789,0.0023979849999999996,0.0025547045000000003,0.5432634310364928,-0.2884550049670794,0.9984701419330874,0.5522466561031826,1.001532202118684,1.8080148261622642
366,E49,LAGO MAYOR,2024-08-24,2024-08-24,2024,8,-15.6063,-69.4449,S2,E49|2024-08-24|11.0,11.0,1.45,1.0,13.8,4.0,0.014979098,0.015192016000000003,0.009824567,0.0065231955000000005,0.0050662495,0.0048428595,0.39920495827521835,-0.21455563237570738,0.9859848752134014,0.6466927759949699,1.014214340543069,1.524657320775562
367,E50,LAGO MAYOR,2024-08-24,2024-08-24,2024,8,-15.6687,-69.5211,S2,E50|2024-08-24|12.0,12.0,1.61,3.75,13.7,4.0,0.014548866,0.014346640000000003,0.009053289999999999,0.0064234505,0.0054360089999999995,0.0056387395,0.38147109270077123,-0.2262122054975292,1.0140957046388561,0.6310390446822389,0.986100222519061,1.6070252913581695
368,E51,LAGO MAYOR,2024-08-24,2024-08-24,2024,8,-15.7371,-69.6038,S2,E51|2024-08-24|11.5,11.5,0.51,7.5,13.1,4.0,0.013893740000000002,0.014024592000000002,0.008926370999999999,0.0059845725,0.0037371139999999997,0.003758472999999999,0.401816832391136,-0.22213537522868335,0.9906698177030746,0.6364799061534194,1.0094180544619376,1.5564824719922579
369,E52,LAGO MAYOR,2024-08-24,2024-08-24,2024,8,-15.8028,-69.6843,S2,E52|2024-08-24|11.0,11.0,1.1,6.25,12.9,4.0,0.012407484,0.012716272000000002,0.006485621,0.0035607689999999997,0.002258076,0.0021368675000000004,0.5624795340578467,-0.32448106421168676,0.9757170969604926,0.5100253439058239,1.0248872374125166,1.9130757100977687
370,E53,LAGO MAYOR,2024-08-24,2024-08-24,2024,8,-15.8686,-69.7634,S2,E53|2024-08-24|9.0,9.0,2.15,3.25,12.6,4.0,0.018958744,0.018191088,0.008984948999999999,0.0059347,0.0039669645,0.0034600180000000005,0.5080201936608166,-0.3387594247549993,1.0421995649737936,0.4939203746361954,0.9595091320395487,2.1100558278071473
371,E58,LAGO MAYOR,2024-08-26,2024-08-26,2024,8,-15.9519,-69.5453,S2,E58|2024-08-26|9.0,9.0,1.1,1.0,14.2,4.0,0.01423597,0.016047456,0.009180208999999998,0.004777658,0.0037970749999999996,0.004504610500000001,0.5411637822888373,-0.2722109528483532,0.8871169361673277,0.5720663138132298,1.1272471071518133,1.550723954106056
372,E59,LAGO MAYOR,2024-08-26,2024-08-26,2024,8,-15.8876,-69.4615,S2,E59|2024-08-26|10.5,10.5,1.62,4.75,13.4,4.0,0.011801248,0.012333840000000002,0.007149505,0.0043288054999999995,0.0031874714999999996,0.0033505845,0.48041795161410894,-0.2660905883414482,0.9568186388018652,0.579665781297633,1.045130142168015,1.6506384707752497
373,E60,LAGO MAYOR,2024-08-25,2024-08-25,2024,8,-15.8271,-69.3776,S2,E60|2024-08-25|12.0,12.0,0.51,1.75,14.3,4.0,0.013228836,0.013571712000000003,0.008399169,0.005206561500000001,0.003617192,0.0030023869999999996,0.4454696037167845,-0.23542718949562436,0.974735980250686,0.6188732121636532,1.0259188336751626,1.575017242777232
374,E61,LAGO MAYOR,2024-08-25,2024-08-25,2024,8,-15.7585,-69.3045,S2,E61|2024-08-25|12.0,12.0,1.53,2.0,13.8,4.0,0.012456374000000003,0.014064848000000003,0.008955659999999999,0.006313731,0.004836398999999999,0.004355383,0.3803560895803339,-0.22194070513384406,0.8856387214422794,0.6367406174599254,1.129128589106268,1.390894026794229
376,E72,LAGO MAYOR,2024-08-25,2024-08-25,2024,8,-15.6921,-69.1709,S2,E72|2024-08-25|4.8,4.8,1.1,2.25,13.3,4.0,0.01658269,0.023675968000000002,0.009268075999999998,0.0007180364999999999,0.0054160219999999995,0.0063749285,0.9411300452482064,-0.43734435161195306,0.7004017744913322,0.3914549977428588,1.427751950980209,1.78922680392349
377,E76,LAGO MAYOR,2024-08-25,2024-08-25,2024,8,-15.8125,-69.0449,S2,E76|2024-08-25|12.0,12.0,1.53,2.0,14.1,4.0,0.013512397999999998,0.014145360000000003,0.009482861999999998,0.007630365,0.0046365289999999995,0.0039872885,0.2991861212801815,-0.19732749263455,0.9552530299688375,0.6703867557983676,1.046843054800488,1.4249282547821533
378,B03,LAGO MAYOR,2024-08-27,2024-08-27,2024,8,-15.9948,-69.427,S2,B03|2024-08-27|11.0,11.0,1.02,3.25,13.1,4.0,0.014402195999999999,0.013128896000000003,0.007608365999999999,0.0053861025,0.004776437999999999,0.0044449195,0.41819031645126437,-0.26621304846256727,1.0969845446258388,0.5795130070342547,0.9115898714334956,1.892942058781084
379,E78,LAGO MAYOR,2024-08-27,2024-08-27,2024,8,-15.8903,-69.1327,S2,E78|2024-08-27|10.5,10.5,0.51,1.5,13.7,4.0,0.014069743999999999,0.013944080000000003,0.009570728999999998,0.0072214105,0.004946327499999999,0.0041265675,0.31762406745905253,-0.1859828337970838,1.0090119964888322,0.6863650380663333,0.9910684942099873,1.4700807012715542
380,E79,LAGO MAYOR,2024-08-27,2024-08-27,2024,8,-15.96,-69.2272,S2,E79|2024-08-27|9.5,9.5,1.53,4.0,13.6,4.0,0.013189724,0.015061184000000005,0.010429873,0.0074408495,0.005935684,0.005529306,0.33865091176533413,-0.18168374965056394,0.8757428366853492,0.6925002044991945,1.1418877301754007,1.2646102210448775
381,E80,LAGO MAYOR,2024-08-27,2024-08-27,2024,8,-16.0316,-69.3198,S2,E80|2024-08-27|15.0,15.0,1.53,11.5,13.3,4.0,0.010686556,0.010341168000000001,0.004484206,0.001805257,0.0012687195,0.0016792364999999997,0.7027508338666866,-0.39506332892085366,1.033399322010821,0.43362664642910737,0.9676801394200341,2.3831545651560164
382,E82,LAGO MAYOR,2024-08-28,2024-08-28,2024,8,-16.1109,-69.4173,S2,E82|2024-08-28|9.0,9.0,1.97,1.5,13.9,4.0,0.015184435999999999,0.015192016000000003,0.009492625,0.0070618185,0.0049063535,0.0044051255,0.36533915692870117,-0.2308881368423331,0.9995010537113702,0.6248430096440128,1.000499195360302,1.5996034816502285
383,E83,LAGO MAYOR,2024-08-28,2024-08-28,2024,8,-16.1837,-69.5067,S2,E83|2024-08-28|8.5,8.5,2.56,1.0,14.6,4.0,0.017472488,0.018321920000000005,0.010234612999999998,0.007291232,0.007174878,0.006922096,0.4306649790441654,-0.2832033817549429,0.9536384833030598,0.5585993716815703,1.048615400394037,1.7071957679298675
384,E88,LAGO MAYOR,2024-08-29,2024-08-29,2024,8,-16.2064,-69.3781,S2,E88|2024-08-29|9.5,9.5,1.53,8.0,13.3,4.0,0.013629734000000001,0.013974272000000003,0.0077548109999999995,0.0057451845,0.0047864315,0.004753322999999999,0.4173080065716819,-0.2862274820236326,0.9753448337058273,0.5549348831910527,1.0252784096886998,1.7575842918673326
385,E94,LAGO MAYOR,2024-08-29,2024-08-29,2024,8,-16.251,-69.2884,S2,E94|2024-08-29|9.5,9.5,1.53,1.5,13.9,4.0,0.012251036,0.012696144000000003,0.0076767070000000005,0.0079395745,0.0069750079999999996,0.005588997,0.23050175207120852,-0.24637871025617825,0.9649414814450747,0.6046487027872398,1.0363322742664378,1.595871250524476
386,E97,LAGO MAYOR,2024-08-29,2024-08-29,2024,8,-16.1757,-69.1958,S2,E97|2024-08-29|13.5,13.5,1.02,9.0,14.0,4.0,0.009258968,0.008680608000000001,0.004650177,0.0026032169999999997,0.0017783879999999997,0.0022164554999999997,0.5385931154911464,-0.30234008707363547,1.0666266694683135,0.5356971539320747,0.9375351551058392,1.9911001237157206
387,E98,LAGO MAYOR,2024-08-29,2024-08-29,2024,8,-16.1056,-69.1103,S2,E98|2024-08-29|13.0,13.0,1.1,1.75,14.1,4.0,0.00905363,0.0068087040000000005,0.0032247789999999997,0.001645665,0.00369714,0.005230851,0.6106947058148627,-0.35719646336207855,1.3297141423683567,0.4736259646476039,0.7520413359061504,2.807519523043285
388,E99,LAGO MAYOR,2024-08-30,2024-08-30,2024,8,-16.0745,-69.0742,S2,E99|2024-08-30|9.5,9.5,1.1,10.25,13.0,4.0,0.010706112,0.011639424,0.006768748,0.0047477345,0.0034373089999999995,0.0034600180000000005,0.4205542455359638,-0.26459312393467843,0.9198145887631552,0.5815363371933181,1.0871756245404494,1.5816975310648291
389,E100,LAGO MAYOR,2024-08-30,2024-08-30,2024,8,-16.0055,-68.9959,S2,E100|2024-08-30|11.0,11.0,1.18,1.0,12.8,8.0,0.008486506,0.0066074240000000015,0.001545543,0.00028913299999999996,0.0024479525,0.0031516145000000002,0.9161513613022613,-0.6208635922525394,1.2843894988425137,0.2339100684321151,0.7785800186790656,5.490954311850269
390,E103,LAGO MAYOR,2024-08-30,2024-08-30,2024,8,-15.9394,-68.9017,S2,E103|2024-08-30|11.0,11.0,1.45,0.25,13.7,4.0,0.00260015,0.003819696000000001,0.00095,-5e-05,0.0046365289999999995,0.006325186,1.0265270657031587,-0.6016516353135221,0.6807217118849247,0.24871089217571235,1.4690290944753193,2.7369999999999997
391,E105,LAGO MAYOR,2024-08-30,2024-08-30,2024,8,-15.9864,-68.8016,S2,E105|2024-08-30|8.5,8.5,2.72,1.75,12.9,4.0,0.017179147999999998,0.027641184000000003,0.013378298999999998,0.0063835524999999995,0.0060256254999999995,0.005748173,0.6247698898485258,-0.347710005323324,0.621505504250469,0.48399876792542595,1.6089962086594751,1.2841055503393968
392,E113,LAGO MAYOR,2024-08-29,2024-08-29,2024,8,-16.2174,-69.1367,S2,E113|2024-08-29|13.5,13.5,0.94,0.5,14.7,4.0,0.008818958,0.008217664000000003,0.004962593,0.0028924775,0.0018983099999999998,0.001728979,0.4793085687244787,-0.24696565120348946,1.073170915724955,0.6038933935483367,0.9318180220384317,1.7770866964105256
393,E117,LAGO MAYOR,2024-08-29,2024-08-29,2024,8,-16.1653,-69.1027,S2,E117|2024-08-29|12.0,12.0,1.02,6.0,14.2,4.0,0.011371016000000001,0.011418016000000001,0.0070909269999999995,0.005435975,0.0031175169999999998,0.0027536745,0.3549331814088912,-0.23378367777221662,0.9958836981836424,0.6210296955267884,1.0041333157916583,1.6036007703929263
394,E120,LAGO MAYOR,2024-08-30,2024-08-30,2024,8,-16.1264,-68.9337,S2,E120|2024-08-30|10.5,10.5,2.05,1.25,14.0,8.0,0.009620754,0.007996256,0.003771507,0.0010172715,0.0012986999999999999,0.0015399575,0.7742788520610991,-0.3590103438512193,1.2031573276293306,0.4716591114641652,0.8311464984968954,2.5509044527824027
395,E121,LAGO MAYOR,2024-08-30,2024-08-30,2024,8,-16.2068,-68.8643,S2,E121|2024-08-30|12.7,12.7,0.51,1.0,13.9,4.0,0.00959142,0.009505856000000002,0.004279183,0.0018750785,0.002977608,0.0035097605000000004,0.6704877204514516,-0.3791554467741843,1.0090011883201258,0.4501628259464481,0.9910791102881535,2.2414138399783323
396,E122,LAGO MENOR,2024-08-31,2024-08-31,2024,8,-16.2276,-68.8361,S2,E122|2024-08-31|11.0,11.0,1.02,1.75,12.9,4.0,0.0058268899999999995,0.004574496000000001,0.00095,-5e-05,0.002437959,0.0044847135,1.022101683347342,-0.6560771053002653,1.273777482809035,0.2076731513154673,0.7850664762849481,6.133568421052631
397,E125,LAGO MENOR,2024-09-01,2024-09-01,2024,9,-16.2626,-68.7843,S2,E125|2024-09-01|2.5,2.5,2.72,11.5,11.3,4.0,0.024561538,0.04421659200000001,0.012890148999999998,0.0005185464999999999,0.0009589210000000001,0.00119176,0.9768170165200892,-0.5485594503009822,0.5554823854357657,0.29152289710613594,1.8002371024159811,1.9054502783482181
398,P02,LAGO MENOR,2024-09-01,2024-09-01,2024,9,-16.2135,-68.733,S2,P02|2024-09-01|9.5,9.5,1.02,1.75,12.5,4.0,0.013091943999999998,0.018784864000000002,0.00671017,0.0037901824999999997,0.00289766,0.0025746015,0.6642148372002319,-0.4736096263448943,0.6969411117376201,0.3572115294526486,1.4348414567003958,1.9510599582424883
399,P03,LAGO MENOR,2024-09-01,2024-09-01,2024,9,-16.2158,-68.6912,S2,P03|2024-09-01|3.5,3.5,3.24,5.5,11.2,4.0,0.011214568,0.027540544000000004,0.004581836,-5e-05,0.0018983099999999998,0.0024751165,1.0036375779381603,-0.7147262215711843,0.4072021235310384,0.16636693886656703,2.455782870994229,2.4476144497533303
400,P04,LAGO MENOR,2024-09-01,2024-09-01,2024,9,-16.2544,-68.6012,S2,P04|2024-09-01|1.5,1.5,1.7,16.25,11.5,4.0,0.006765578000000001,0.034343808,0.007071401000000001,0.000269184,0.0018483425,0.0021567645,0.9844460431376161,-0.658511860739086,0.19699556904115004,0.20590031833394828,5.076256308034583,0.956752134407312
401,E127,LAGO MENOR,2024-09-01,2024-09-01,2024,9,-16.218,-68.6226,S2,E127|2024-09-01|2.0,2.0,2.13,12.5,12.2,4.0,0.031816814,0.06072155200000001,0.014510806999999999,0.006313731,0.0027077835,0.0028133654999999997,0.81162960389636,-0.6142402684164102,0.523978932554293,0.23897292677894655,1.9084736768426913,2.192628845521824
402,E129,LAGO MENOR,2024-08-31,2024-08-31,2024,8,-16.3339,-68.7808,S2,E129|2024-08-31|4.5,4.5,2.05,1.0,12.4,8.0,0.014627090000000002,0.036819552000000005,0.014325309999999999,0.0011269910000000001,0.001058856,0.0011818115,0.9406010992727032,-0.4398142976744312,0.3972642035405537,0.38906801473304176,2.5172164798329675,1.0210662107835713
403,E135,LAGO MENOR,2024-08-31,2024-08-31,2024,8,-16.2659,-69.0601,S2,E135|2024-08-31|4.0,4.0,2.2,4.5,13.3,4.0,0.011713246,0.015966944000000004,0.008565139999999999,0.004797607,0.0039469775,0.004295692,0.5379040684335498,-0.3017193198213688,0.733593479127878,0.5364295133746317,1.363152793000335,1.3675486915567057
404,E138,LAGO MENOR,2024-08-31,2024-08-31,2024,8,-16.4011,-68.8334,S2,E138|2024-08-31|4.5,4.5,1.1,2.25,12.5,4.0,0.016856474,0.037534096,0.014471754999999998,0.0034610239999999996,0.0022680695,0.002246301,0.8311494433691268,-0.44345665176295945,0.4490976417814884,0.38556290259395076,2.226687265676084,1.1647843678945644
405,P15,LAGO MENOR,2024-08-31,2024-08-31,2024,8,-16.3119,-68.8495,S2,P15|2024-08-31|4.0,4.0,1.62,3.5,13.7,8.0,0.008134497999999999,0.021119712000000002,0.001721277,-5e-05,0.0026478225,0.0038380609999999994,1.0047461016673556,-0.8492817080170343,0.3851614075040416,0.08150096933139997,2.5963141179701568,4.725850632989344
407,E142,LAGO MENOR,2024-08-31,2024-08-31,2024,8,-16.4515,-68.998,S2,E142|2024-08-31|4.0,4.0,1.62,9.25,13.1,8.0,0.014421752,0.021582656000000006,0.008731111,0.0031318655,0.0015585309999999997,0.001569803,0.7465566247537253,-0.423950760591689,0.6682102517873609,0.404542934845461,1.4965349563631385,1.6517659665533975
408,E145,LAGO MENOR,2024-09-02,2024-09-02,2024,9,-16.5139,-68.977,S2,E145|2024-09-02|3.5,3.5,1.62,0.5,12.5,8.0,0.015878674000000002,0.023665904000000005,0.00885803,0.0034709985,0.0017584009999999997,0.0019080520000000001,0.7441860675076655,-0.455291587564666,0.6709515089725708,0.37429501953527733,1.4904206736658239,1.792573969607238
410,P10,LAGO MENOR,2024-09-02,2024-09-02,2024,9,-16.5821,-68.8723,S2,P10|2024-09-02|3.0,3.0,2.16,3.5,12.3,4.0,0.01086256,0.022810464000000003,0.009229023999999999,0.004059494,0.0022380889999999995,0.002743726,0.697841407201254,-0.4238968979811133,0.47620951507167936,0.40459606608616105,2.099916041890678,1.1769998647744335
39,E40,LAGO MAYOR,2013-10-10,2013-10-10,2013,10,-15.9142,-69.6607,LS,E40|2013-10-10|5.0,5.0,1.18,14.0,13.5,1.0,0.028395480225988704,0.051261135558656225,0.04246692274861289,0.053195826837750336,0.05840953814098853,0.05675941080196399,-0.018521419886121892,-0.0938268953293189,0.5539377915945074,0.8284428794992175,1.8052568630883705,0.6686493484371008
40,E41,LAGO MAYOR,2013-10-10,2013-10-10,2013,10,-15.8575,-69.5897,LS,E41|2013-10-10|7.0,7.0,1.7,4.67,13.0,1.0,-0.0008474576271186448,0.015133626703874638,0.005697823303457105,0.010157093176639884,0.02234054867461512,0.024604473540643754,0.19677309914360613,-0.4529594888563715,-0.05599831710542137,0.37650084906602727,151.33626703874637,-0.14873357455722735
41,E42,LAGO MAYOR,2013-10-10,2013-10-10,2013,10,-15.7993,-69.5168,LS,E42|2013-10-10|8.5,8.5,1.1,6.67,13.1,1.0,0.001435028248587571,0.015659547064505744,0.00719163465642339,0.011272334812327615,0.022525755295751824,0.02440807419530824,0.16290031678223219,-0.37056779561465286,0.09163919254345715,0.4592492124324655,10.912361537076835,0.19954131670271086
42,E43,LAGO MAYOR,2013-10-10,2013-10-10,2013,10,-15.744,-69.4477,LS,E43|2013-10-10|6.5,6.5,1.1,15.67,13.4,1.0,0.005412429378531073,0.015026296018031555,0.00592189500640205,0.008082503897349805,0.01670332214376664,0.01840698308783415,0.3004825800398808,-0.4346151210095024,0.3601971751412429,0.39410211267605644,2.7762571974859975,0.9139691555962739
43,E44,LAGO MAYOR,2013-10-10,2013-10-10,2013,10,-15.6857,-69.3748,LS,E44|2013-10-10|8.0,8.0,1.69,21.67,13.8,1.0,0.014621468926553673,0.03236020178168939,0.02473324797268459,0.030243434464564095,0.038650306748466264,0.039247135842880525,0.03381220980498182,-0.13358719272053274,0.4518349120686585,0.7643106844494271,2.2131977261820026,0.591166552112429
44,E45,LAGO MAYOR,2013-10-10,2013-10-10,2013,10,-15.6276,-69.302,LS,E45|2013-10-10|9.0,9.0,0.59,14.0,13.6,1.0,0.04984180790960452,0.06628743157668777,0.06345497225778916,0.07076388056121838,0.06291237411737469,0.05735951991271141,-0.03266257638864235,-0.02183140756880692,0.7519043463306109,0.9572700397114988,1.3299564032049123,0.7854673343346452
46,E47,LAGO MAYOR,2013-10-11,2013-10-11,2013,10,-15.7629,-69.3059,LS,E47|2013-10-11|7.0,7.0,1.7,32.67,13.2,1.0,0.018870056497175144,0.03603091123752281,0.02745411865130175,0.031730423312147746,0.0410001157541382,0.04050190943807965,0.06346521789291938,-0.13509944732075188,0.523718547465537,0.7619601533338647,1.9094225416292026,0.687330623752528
47,E48,LAGO MAYOR,2013-10-11,2013-10-11,2013,10,-15.8221,-69.3801,LS,E48|2013-10-11|8.1,8.1,1.1,9.33,13.3,1.0,-0.018519774011299436,0.005388000429322742,-0.004726845924029022,0.0026142223288164066,0.0191341590461859,0.021549372613202406,0.3466259110394277,-15.298740269671084,-3.437225786121054,-0.8772913042665023,53.880004293227415,-185.19774011299435
48,E49,LAGO MAYOR,2013-10-11,2013-10-11,2013,10,-15.8882,-69.4619,LS,E49|2013-10-11|7.5,7.5,1.62,14.67,13.9,1.0,0.011661016949152541,0.03193087903831705,0.02202304737516005,0.028912339609065835,0.03756221784928811,0.038832515002727774,0.04961176359083519,-0.18363504082340698,0.3651956131605184,0.6897100248550124,2.738258522181259,0.5294915254237288
49,E50,LAGO MAYOR,2013-10-11,2013-10-11,2013,10,-15.9464,-69.5329,LS,E50|2013-10-11|5.7,5.7,2.2,21.67,13.5,1.0,0.011514124293785313,0.02330149189653322,0.012291933418693982,0.014725986329296078,0.024424123162403062,0.024058919803600656,0.22550812575061313,-0.3093143767710063,0.4941367850999436,0.5275170136433525,2.0237311411611283,0.936721986817326
50,E51,LAGO MAYOR,2013-10-12,2013-10-12,2013,10,-15.9831,-69.4194,LS,E51|2013-10-12|7.0,7.0,2.24,13.33,13.1,1.0,0.00952542372881356,0.021605667060212518,0.0127614169867691,0.01504976615901187,0.024840838059960648,0.02512820512820513,0.1788520867599578,-0.2573465297203083,0.44087616930628876,0.5906513763821545,2.2682105988479333,0.7464236721274304
51,E52,LAGO MAYOR,2013-10-12,2013-10-12,2013,10,-15.9384,-69.3637,LS,E52|2013-10-12|6.8,6.8,1.61,15.33,12.8,1.0,0.005548022598870057,0.02728346034131158,0.01797908664105847,0.025458688092097382,0.03580275494848941,0.03723949809056192,0.03459798792459364,-0.20556451448286125,0.20334746873985968,0.6589738404199126,4.917690916916649,0.3085820047276569
52,E53,LAGO MAYOR,2013-10-12,2013-10-12,2013,10,-15.8862,-69.2987,LS,E53|2013-10-12|8.0,8.0,1.53,24.67,13.2,1.0,0.0029717514124293787,0.01578834388751744,0.00666880068288519,0.00907782707758724,0.01833545549253386,0.019978177850518277,0.26986529407691845,-0.4060864804052097,0.18822439095584312,0.4223876000165963,5.312807734012523,0.4456200677966102
53,E54,LAGO MAYOR,2013-10-12,2013-10-12,2013,10,-15.8353,-69.2353,LS,E54|2013-10-12|8.1,8.1,1.62,18.33,13.8,1.0,0.015107344632768357,0.03299345282816358,0.024231754161331626,0.029547907422952397,0.038083111471235095,0.03854882705946536,0.05509226752159476,-0.15310907508523747,0.4578891670250577,0.7344412931721754,2.1839346112883153,0.6234523729559888
54,E55,LAGO MAYOR,2013-10-12,2013-10-12,2013,10,-15.7906,-69.1805,LS,E55|2013-10-12|8.0,8.0,0.67,14.0,14.4,1.0,0.02035028248587571,0.04007727809380702,0.03204225352112676,0.036755006595515054,0.04828105104757495,0.04630660120021822,0.043240565713817944,-0.11141259907467076,0.507776062991173,0.7995117194867114,1.9693720773469854,0.6351077171416155
55,E56,LAGO MAYOR,2013-10-12,2013-10-12,2013,10,-15.7456,-69.1236,LS,E56|2013-10-12|5.5,5.5,1.1,11.0,13.8,1.0,0.006451977401129943,0.024009874423097564,0.01589842082799829,0.020649958028540593,0.033753906702164604,0.03289689034369886,0.0752335182395027,-0.20325231485863138,0.26872183033673525,0.6621617651071081,3.7213202914958576,0.4058250483448982
56,E57,LAGO MAYOR,2013-10-12,2013-10-12,2013,10,-15.8116,-69.0456,LS,E57|2013-10-12|8.0,8.0,0.59,11.67,14.7,1.0,0.04244067796610169,0.051915852742299026,0.047396500213401624,0.05044969420793861,0.05014469267276305,0.043633387888707034,0.01432277327400381,-0.045506448582553066,0.8174897593759963,0.9129485062812961,1.2232569136564069,0.8954390677584534
57,E58,LAGO MAYOR,2013-10-12,2013-10-12,2013,10,-15.885,-69.1365,LS,E58|2013-10-12|9.0,9.0,1.1,15.67,16.4,1.0,0.018926553672316382,0.0367929591070087,0.02819035424669227,0.03155054562897231,0.043083690241926154,0.04211674849972723,0.07670682710202852,-0.13238174977491723,0.5144069444719128,0.7661888288110614,1.9439861975941912,0.6713840311012459
59,E60,LAGO MAYOR,2013-10-13,2013-10-13,2013,10,-16.0334,-69.32,LS,E60|2013-10-13|7.0,7.0,1.62,8.0,12.4,1.0,0.0065988700564971765,0.013759793925083181,0.005633802816901406,0.005588200023983688,0.012142609098275267,0.012918712493180579,0.42234835819479066,-0.419003797866245,0.47957622711688136,0.40943947617059595,2.085174250633324,1.1712994350282493
60,E61,LAGO MAYOR,2013-10-13,2013-10-13,2013,10,-16.1084,-69.4127,LS,E61|2013-10-13|6.0,6.0,2.29,17.0,13.5,1.0,0.010768361581920904,0.03566598690565633,0.025149381135296626,0.03249790142702963,0.045340895937029745,0.0436442989634479,0.04647747523860175,-0.17292677716512486,0.3019224341220495,0.7051362745638238,3.312108962382566,0.4281760065581787
61,E62,LAGO MAYOR,2013-10-13,2013-10-13,2013,10,-16.177,-69.4757,LS,E62|2013-10-13|7.0,7.0,1.18,11.0,14.1,1.0,0.06205649717514124,0.07534614146184394,0.07039052496798975,0.07846264540112723,0.0740942238685033,0.06508456082924167,-0.020262196865238856,-0.03400390980012027,0.8236187808843175,0.9342286625737329,1.214153954729277,0.8816029885181502
62,E63,LAGO MAYOR,2013-10-13,2013-10-13,2013,10,-16.1566,-69.3562,LS,E63|2013-10-13|7.0,7.0,1.02,25.67,13.7,1.0,0.004870056497175142,0.017205108940646134,0.008504054630815194,0.011536155414318268,0.021518694293320983,0.022040370976541192,0.19724091672076235,-0.33844173682289225,0.2830587422593936,0.4942749656600446,3.5328355945410266,0.5726746485762289
63,E64,LAGO MAYOR,2013-10-13,2013-10-13,2013,10,-16.2292,-69.2727,LS,E64|2013-10-13|7.0,7.0,0.07,7.33,14.4,1.0,0.0025084745762711863,0.01556294944724697,0.007725138711054202,0.01185993524403406,0.022224794536404673,0.022825968357883253,0.1350337176364435,-0.33655877401168977,0.16118246639392164,0.4963801197992551,6.2041487661322385,0.3247157973593034
64,E65,LAGO MAYOR,2013-10-14,2013-10-14,2013,10,-16.1167,-69.2402,LS,E65|2013-10-14|7.0,7.0,1.48,11.0,13.5,1.0,0.0034915254237288126,0.018525276376516044,0.00868544600938967,0.012867250269816529,0.02085889570552147,0.022978723404255323,0.1802348052518324,-0.36161590515535835,0.18847359428088847,0.4688429922913301,5.305783039875956,0.4019972514887768
65,E66,LAGO MAYOR,2013-10-14,2013-10-14,2013,10,-16.2076,-69.1457,LS,E66|2013-10-14|6.5,6.5,2.65,17.33,13.7,1.0,0.006576271186440676,0.023161962004937215,0.013945795988049509,0.02111764000479674,0.031195740247713852,0.03226404800872886,0.04616848077185954,-0.24836223655083936,0.28392548027834924,0.6020990788723691,3.5220509234311757,0.4715593998417905
66,E67,LAGO MAYOR,2013-10-14,2013-10-14,2013,10,-16.0704,-69.1489,LS,E67|2013-10-14|7.0,7.0,1.7,25.67,13.8,1.0,-0.10948022598870055,-0.03475367607599013,-0.04377934272300469,-0.019258903945317183,0.01172589420071768,0.015100927441352975,0.2868733989643495,0.11492830531631607,-1094.8022598870054,-437.79342723004686,-347.53676075990126,-1094.8022598870054
67,E68,LAGO MAYOR,2013-10-14,2013-10-14,2013,10,-16.0033,-69.1365,LS,E68|2013-10-14|7.2,7.2,0.88,11.0,14.1,1.0,0.014497175141242939,0.03388429752066116,0.024647887323943664,0.030902985969540706,0.04032874175251765,0.04113475177304964,0.04601692407051472,-0.1578005342434834,0.42784346148546226,0.7274132600480934,2.337303453295801,0.5881711057304277
68,E69,LAGO MAYOR,2013-10-14,2013-10-14,2013,10,-15.9483,-69.0667,LS,E69|2013-10-14|6.5,6.5,0.88,12.33,13.7,1.0,0.025039548022598872,0.043608457658044435,0.0343576611182245,0.03969300875404724,0.04642898483620789,0.046361156573922535,0.04700336051257654,-0.11865149331999543,0.5741901770281902,0.7878669176433611,1.7415832593578213,0.728790820086325
69,E70,LAGO MAYOR,2013-10-14,2013-10-14,2013,10,-15.8933,-68.9958,LS,E70|2013-10-14|6.0,6.0,1.3,10.33,13.4,1.0,0.01618079096045198,0.03571965224857787,0.026291079812206575,0.03284566494783548,0.042331288343558274,0.04138570649208947,0.041916049926429555,-0.15204742745306973,0.4529940786614515,0.7360396352473817,2.2075343743010762,0.6154479418886198
70,E71,LAGO MAYOR,2013-10-14,2013-10-14,2013,10,-15.9833,-68.8583,LS,E71|2013-10-14|5.0,5.0,1.77,6.33,13.4,1.0,0.028836158192090393,0.044681764516475264,0.03784677763551003,0.04188751648878762,0.04844310684106957,0.045717403164211676,0.03227759273223232,-0.08281967207851786,0.6453674894924482,0.8470296114101535,1.5495047647758862,0.761918451018526
71,E72,LAGO MAYOR,2013-10-15,2013-10-15,2013,10,-16.0383,-68.9258,LS,E72|2013-10-15|6.0,6.0,1.36,17.0,13.0,1.0,0.008180790960451977,0.017065579049050122,0.009571062740076824,0.011320302194507732,0.01749045028359764,0.018516093835242775,0.20239909421333116,-0.2813611448073536,0.4793737696762961,0.5608401984232438,2.0860548975703535,0.8547421725903671
72,E73,LAGO MAYOR,2013-10-15,2013-10-15,2013,10,-16.0577,-69.036,LS,E73|2013-10-15|5.5,5.5,1.36,13.0,13.8,1.0,0.006542372881355932,0.01351293334764409,0.0074690567648314134,0.009089818923132275,0.015383724968167612,0.01613747954173486,0.19568918757479714,-0.288050669281768,0.484156379154831,0.552733930722274,2.065448361427465,0.8759302663438255
73,E74,LAGO MAYOR,2013-10-15,2013-10-15,2013,10,-16.1232,-68.9602,LS,E74|2013-10-15|8.4,8.4,0.88,12.0,13.2,1.0,0.0014915254237288116,0.010690136309971019,0.0027955612462654705,0.00458088499820122,0.014168306516957985,0.015242771412984179,0.40005516254798823,-0.5854034947306965,0.13952351780001346,0.2615084752154156,7.16725048054876,0.5335334454651308
74,E75,LAGO MAYOR,2013-10-15,2013-10-15,2013,10,-16.1806,-68.8926,LS,E75|2013-10-15|6.0,6.0,1.36,4.67,14.1,1.0,0.02054237288135593,0.024965117527101004,0.017915066154502772,0.0199184554502938,0.02466720685264498,0.02428805237315876,0.11243895326492735,-0.16441280337168898,0.8228430272381476,0.717603918149193,1.2152986254941909,1.1466534761409637
75,E76,LAGO MENOR,2013-10-15,2013-10-15,2013,10,-16.232,-68.8295,LS,E76|2013-10-15|5.5,5.5,2.71,17.33,14.7,1.0,0.058203389830508476,0.07127830846839112,0.06511950490823731,0.06606307710756687,0.06716055098969788,0.05938897981451174,0.03797275891007487,-0.04515324228838307,0.8165652507918196,0.9135949815239377,1.224641875257739,0.8937934941693025
76,E77,LAGO MENOR,2013-10-15,2013-10-15,2013,10,-16.1883,-68.7958,LS,E77|2013-10-15|5.0,5.0,3.47,18.0,14.9,1.0,0.03500564971751412,0.04765482451432865,0.040471617584293636,0.04055642163328936,0.04607014700775553,0.0417785051827605,0.08047049679685848,-0.08151023322246521,0.7345667531938717,0.8492659032271707,1.3613466654351472,0.8649431825798638
78,E79,LAGO MENOR,2013-10-15,2013-10-15,2013,10,-16.2425,-68.7686,LS,E79|2013-10-15|5.4,5.4,0.95,13.67,15.4,1.0,0.005491525423728813,0.027884512182032847,0.019760990183525395,0.0217172322820482,0.03483042018752171,0.03360611020185488,0.12433594508182508,-0.17049923759184682,0.19693819235135235,0.7086726156270442,5.077735243024501,0.2778972800820002
79,E80,LAGO MENOR,2013-10-15,2013-10-15,2013,10,-16.2703,-68.8273,LS,E80|2013-10-15|5.1,5.1,2.17,11.0,14.2,1.0,0.01534463276836158,0.028829022217451972,0.004556124626547163,-0.0019186952872046975,0.00424817687232319,0.005684669939989088,1.1425991383069012,-0.7270567650119835,0.5322633786404498,0.15803951282777332,1.8787691209458763,3.3679133092525686
80,E81,LAGO MENOR,2013-10-15,2013-10-15,2013,10,-16.3066,-68.8716,LS,E81|2013-10-15|4.5,4.5,2.11,10.33,14.7,1.0,0.03134463276836158,0.03611677578619727,0.023431498079385403,0.022712555462285653,0.024389396920939926,0.02226950354609929,0.2278492685807645,-0.21302510837545055,0.8678690743025999,0.6487704832262521,1.1522475331933881,1.337713562409311
81,E82,LAGO MENOR,2013-10-16,2013-10-16,2013,10,-16.2682,-68.9598,LS,E82|2013-10-16|5.5,5.5,1.29,5.67,13.4,1.0,0.005559322033898306,0.010979929161747346,0.00039479300042680383,-0.0002518287564456192,0.0053015395300382035,0.006382978723404257,1.0469474041923519,-0.9305840687640361,0.5063167486786951,0.0359558786410218,1.9750482333630892,14.081612459917526
82,E83,LAGO MENOR,2013-10-16,2013-10-16,2013,10,-16.313,-69.0149,LS,E83|2013-10-16|6.0,6.0,4.46,6.67,13.5,1.0,0.0013672316384180782,0.024492862509391436,0.014393939393939393,0.02013430867010433,0.03127676814446116,0.029907255864702678,0.09766592025496232,-0.25970052463703636,0.05582163529860313,0.5876789366053169,17.9142010915797,0.09498661909009806
83,E84,LAGO MENOR,2013-10-15,2013-10-15,2013,10,-16.3419,-68.9102,LS,E84|2013-10-15|6.0,6.0,4.36,6.0,14.1,1.0,0.0036045197740112974,0.01111945905334335,0.0004054630815194197,0.000827437342607031,0.00798703553652043,0.009230769230769233,0.8614807150034608,-0.9296370870721218,0.3241632310276376,0.036464281182591055,3.0848655994385177,8.889884032114175
84,E85,LAGO MENOR,2013-10-16,2013-10-16,2013,10,-16.4203,-68.9214,LS,E85|2013-10-16|6.3,6.3,0.89,5.67,14.0,1.0,0.008271186440677966,0.01475796930342385,0.0028595817328211696,0.0023504017268257626,0.008172242157657137,0.008870703764320788,0.725233678263487,-0.6753712176427143,0.560455593220339,0.19376525821596244,1.7842626821762442,2.8924462433594735
86,E87,LAGO MENOR,2013-10-16,2013-10-16,2013,10,-16.4964,-68.971,LS,E87|2013-10-16|6.0,6.0,0.47,18.33,14.8,1.0,0.010305084745762711,0.019104862080068688,0.0062419974391805366,0.006031898309149778,0.013149670100706098,0.013617021276595746,0.5200735117979877,-0.507473682238464,0.5393959245857932,0.3267229783193543,1.8539257610592972,1.6509274228596265
90,E03,BAHIA PUNO,2014-07-19,2014-07-19,2014,7,-15.8461,-69.9271,LS,E03|2014-07-19|6.0,6.0,2.65,,12.5,1.0,0.008146892655367232,0.010089084469249759,0.000970977379428083,-0.0016188991485789628,0.0005787706910522056,0.0008401527550463738,1.3822580961715505,-0.8244172944199578,0.8074957326601755,0.09624038557586648,1.2383966373489648,8.390404172099094
94,E07,BAHIA PUNO,2014-07-19,2014-07-19,2014,7,-15.7682,-69.8518,LS,E07|2014-07-19|7.0,7.0,1.7,,12.3,1.0,0.007401129943502825,0.010432542663947624,0.0008536064874093047,-0.0011392253267777904,0.0025350156268086595,0.0029241680305510096,1.2451707313675706,-0.8487337177050269,0.7094272395433725,0.08182151896288571,1.4095878255868164,8.670423728813555
95,E08,BAHIA PUNO,2014-07-20,2014-07-20,2014,7,-15.7236,-69.8072,LS,E08|2014-07-20|6.5,6.5,2.58,,11.9,1.0,0.009762711864406777,0.01670065471718364,0.0017819035424669223,-0.0006595515049766182,0.0014353513138094705,0.0018003273322422264,1.082232618933391,-0.8071799454356938,0.5845706069452311,0.10669662792522054,1.7106573408226302,5.478810514564092
96,E09,LAGO MAYOR,2014-07-20,2014-07-20,2014,7,-15.7954,-69.7922,LS,E09|2014-07-20|8.0,8.0,1.63,,12.4,1.0,0.006666666666666665,0.010743801652892562,0.0030623132735808785,0.0031538553783427275,0.006493807153605742,0.0068521549372613216,0.5461313163333897,-0.5563830131675419,0.6205128205128204,0.2850306970025279,1.6115702479338847,2.1770034843205575
97,E10,LAGO MAYOR,2014-07-20,2014-07-20,2014,7,-15.774,-69.74,LS,E10|2014-07-20|8.5,8.5,1.03,,12.5,1.0,0.004768361581920902,0.0074809488032628515,4.268032437046533e-05,-0.0007674781148818824,0.0028591272137978973,0.0033169667212220415,1.2286380729690596,-0.9886541938807692,0.6374006435976621,0.005705202039592906,1.5688719646653144,47.68361581920902
99,E12,LAGO MAYOR,2014-07-21,2014-07-21,2014,7,-15.4112,-69.7935,LS,E12|2014-07-21|8.0,8.0,1.7,,13.0,1.0,0.010135593220338981,0.009627562520124505,0.0015044814340588986,-0.001079266099052642,0.0002430836902419283,0.0004691762138570666,1.2525100720974478,-0.7297025047507526,1.0527683615819206,0.15626815519650789,0.9498765697112808,6.736934727731699
100,E13,LAGO MAYOR,2014-07-21,2014-07-21,2014,7,-15.3358,-69.7363,LS,E13|2014-07-21|9.5,9.5,1.16,,12.9,1.0,0.014361581920903954,0.013738327787914565,0.00216602646180111,-0.0009833313346924108,0.0005324690357680312,0.0005782869612656858,1.154187539166306,-0.7276183878199235,1.045366084039548,0.15766303550469485,0.9566026823213526,6.6303815646656075
101,E14,LAGO MAYOR,2014-07-20,2014-07-20,2014,7,-15.3501,-69.6433,LS,E14|2014-07-20|9.0,9.0,1.7,,12.8,1.0,0.01048587570621469,0.009488032628528495,0.000768245838668374,-0.0009833313346924108,0.0005208936219469874,0.0007092198581560297,1.2312440343514661,-0.850190053590975,1.1051685967737814,0.08096998279268372,0.9048393185611765,13.649114877589453
102,E15,LAGO MAYOR,2014-07-22,2014-07-22,2014,7,-15.3845,-69.5367,LS,E15|2014-07-22|8.0,8.0,0.47,,12.3,1.0,0.00903954802259887,0.009123108296662014,0.001088348271446863,-0.00032377982971579255,0.001041787243893971,0.0009929078014184408,1.0735918187702906,-0.7868377233734282,0.9908408109006317,0.11929577464788736,1.0092438553182352,8.305749418411432
103,E16,LAGO MAYOR,2014-07-21,2014-07-21,2014,7,-15.4387,-69.601,LS,E16|2014-07-21|12.2,12.2,1.29,,13.8,1.0,0.02912994350282486,0.03720081571321241,0.02817968416559966,0.032353999280489265,0.0521009376085195,0.03636661211129296,0.06968340528946314,-0.13797892990043212,0.7830458269354276,0.7575017812201154,1.2770644649415432,1.0337214332013427
104,E17,LAGO MAYOR,2014-07-22,2014-07-22,2014,7,-15.4946,-69.6674,LS,E17|2014-07-22|10.5,10.5,1.16,,12.7,1.0,0.002474576271186442,0.007019426854137597,0.000128040973111396,0.0003717472118959081,0.006100243083690242,0.005662847790507366,0.8994076831966022,-0.9641715196788965,0.3525325247499095,0.01824094413576264,2.8366177013295757,19.32644067796606
105,E18,LAGO MAYOR,2014-07-22,2014-07-22,2014,7,-15.55,-69.7332,LS,E18|2014-07-22|12.0,12.0,1.7,,13.1,1.0,0.009468926553672315,0.008028335301062573,0.00115236875800256,-0.000959347643602353,0.0005093182081259438,0.0004909983633387897,1.2714241570015565,-0.748958440427253,1.1794383516118312,0.14353769676884828,0.8478611863294008,8.21692404268676
106,E19,LAGO MAYOR,2014-07-22,2014-07-22,2014,7,-15.6047,-69.7981,LS,E19|2014-07-22|12.4,12.4,0.88,,13.3,1.0,0.011265536723163841,0.009820757754642053,0.002240717029449423,-0.0002038613742654953,0.0009028822780414393,0.0008183306055646489,1.0423963917263954,-0.628450519727474,1.147114815843907,0.22816131763257128,0.8717523182405434,5.027648103309121
107,E20,LAGO MAYOR,2014-07-23,2014-07-23,2014,7,-15.7104,-69.7385,LS,E20|2014-07-23|8.5,8.5,1.23,,12.4,1.0,0.016564971751412434,0.021831061500482994,0.01543960734101579,0.017280249430387338,0.017154763282787363,0.016715766503000547,0.11635539299063313,-0.17148750442769564,0.7587799498913943,0.7072311779559689,1.3179051451519403,1.0728881496491869
108,E21,LAGO MAYOR,2014-07-23,2014-07-23,2014,7,-15.6612,-69.6802,LS,E21|2014-07-23|9.4,9.4,1.7,,12.2,1.0,0.00576271186440678,0.007749275517870558,0.0007895860008536057,-7.195107327017335e-05,0.003021183007292516,0.0034260774686306608,1.0187436559227216,-0.8150604956755805,0.7436452415606368,0.10189158961153803,1.3447272222187143,7.298396701786539
109,E22,LAGO MAYOR,2014-07-23,2014-07-23,2014,7,-15.6119,-69.6217,LS,E22|2014-07-23|10.0,10.0,0.9,,12.3,1.0,0.008824858757062149,0.0080605345068155,0.0013871105420401185,-0.0007554862693368494,0.001041787243893971,0.0013420621931260232,1.206839336677108,-0.7063583807295285,1.0948230231630895,0.17208667004244715,0.9133896336148164,6.362044328552809
110,E23,LAGO MAYOR,2014-07-23,2014-07-23,2014,7,-15.5632,-69.5639,LS,E23|2014-07-23|10.2,10.2,2.65,,12.3,1.0,0.006779661016949151,0.007019426854137597,0.0003307725138711049,-0.0009833313346924108,0.0016205579349461766,0.0019967266775777416,1.3258168028044701,-0.9099961913117977,0.9658425335613952,0.047122439017386615,1.0353654609852958,20.49644614543469
111,E24,LAGO MAYOR,2014-07-23,2014-07-23,2014,7,-15.514,-69.5055,LS,E24|2014-07-23|10.6,10.6,2.05,,12.6,1.0,0.007209039548022599,0.006600837179349577,-4.268032437046533e-05,-0.0015109725386736987,0.00037041324227341226,0.0006546644844517202,1.5937178485022083,-1.0130157966045485,1.0921401864866105,-0.006465895644871958,0.915633370489714,72.090395480226
112,E25,LAGO MAYOR,2014-07-23,2014-07-23,2014,7,-15.4665,-69.4491,LS,E25|2014-07-23|9.5,9.5,0.64,,12.7,1.0,0.006406779661016951,0.00693356230546313,0.0004268032437046514,-0.0009713394891473777,0.0007292510707257809,0.0008510638297872353,1.3258311056654022,-0.8840264976333526,0.9240242430602933,0.06155612726929161,1.0822226878897476,15.011084745762743
113,E26,LAGO MAYOR,2014-07-23,2014-07-23,2014,7,-15.5373,-69.3601,LS,E26|2014-07-23|8.0,8.0,2.18,,13.0,1.0,0.004847457627118643,0.00638617580766341,5.3350405463081197e-05,-0.0008634128792421135,0.001319597175599026,0.0016039279869067113,1.3126740126619616,-0.9834301793602706,0.7590548354935194,0.00835404584368954,1.3174278764060885,48.47457627118643
114,E27,LAGO MAYOR,2014-07-23,2014-07-23,2014,7,-15.6036,-69.4411,LS,E27|2014-07-23|10.0,10.0,1.92,,12.8,1.0,0.005627118644067794,0.0067403670709455825,-6.402048655569892e-05,-0.001594915457488905,0.001319597175599026,0.0017785051827605032,1.6199318416878596,-1.019178146657728,0.8348386052034975,-0.009498071229927497,1.1978363168246673,56.27118644067794
115,E28,LAGO MAYOR,2014-07-24,2014-07-24,2014,7,-15.6698,-69.5219,LS,E28|2014-07-24|11.4,11.4,1.7,,12.5,1.0,0.010723163841807907,0.008972845336481702,0.002251387110542039,-0.00022784506535556141,0.0008681560365783125,0.0010692853246044736,1.0521085265265426,-0.5988345001610733,1.1950683913172757,0.2509111687669877,0.8367721941819081,4.762914290304443
116,E29,LAGO MAYOR,2014-07-24,2014-07-24,2014,7,-15.7366,-69.6035,LS,E29|2014-07-24|10.4,10.4,1.58,,12.7,1.0,0.008090395480225988,0.008210797466995812,0.00045881348698250085,-0.0014270296198584922,0.0007176756569047372,0.00110201854882706,1.4207186748294596,-0.8941558193335378,0.9853361397289614,0.05587928442112368,1.0148820891468289,17.633299172250695
117,E30,LAGO MAYOR,2014-07-24,2014-07-24,2014,7,-15.8028,-69.6843,LS,E30|2014-07-24|11.6,11.6,1.09,,13.3,1.0,0.004723163841807909,0.009455833422775572,0.0009069568928723858,0.000683535196066676,0.005139483736543585,0.006284779050736499,0.8651719541229774,-0.8249588619037677,0.499497361113783,0.09591506663895594,2.002012578745546,5.207704885343968
118,E31,LAGO MAYOR,2014-07-24,2014-07-24,2014,7,-15.8696,-69.7658,LS,E31|2014-07-24|10.8,10.8,1.25,,12.9,1.0,-0.030011299435028248,0.02378447998282709,0.0171468203158344,0.03761841947475717,0.04626692904271327,0.04169121658483361,-0.22529781799943235,-0.1621658597795363,-1.261801790776887,0.7209247512754021,237.8447998282709,-1.7502545009650574
119,E32,LAGO MAYOR,2014-07-25,2014-07-25,2014,7,-15.9267,-69.6772,LS,E32|2014-07-25|10.0,10.0,1.23,,12.3,2.0,0.007819209039548022,0.009187506708167866,0.0007148954332052928,-0.0013071111644082033,0.0005440444495890748,0.000927441352973268,1.3317372817852118,-0.8556116282080274,0.851069750250805,0.07781169101838449,1.1749918261168444,10.937556286364778
120,E33,LAGO MAYOR,2014-07-25,2014-07-25,2014,7,-15.8779,-69.6162,LS,E33|2014-07-25|10.5,10.5,1.17,,12.2,2.0,0.0087909604519774,0.008049801438231191,0.0012057191634656413,-0.0005995922772514695,0.001007061002430836,0.001123840698308785,1.1609596949068135,-0.7394593810370246,1.0920717137476457,0.14978247261345837,0.9156907805700006,7.291051447427635
121,E34,LAGO MAYOR,2014-07-25,2014-07-25,2014,7,-15.8286,-69.5545,LS,E34|2014-07-25|10.0,10.0,1.23,,12.3,2.0,0.005389830508474576,0.0061393152302243225,-0.00018139137857447717,-0.0012111764000479637,0.000567195277231162,0.0008619749045280969,1.4915347136181485,-1.0608906231921493,0.8779204693611471,-0.02954586493318887,1.139055341456714,53.89830508474576
122,E35,LAGO MAYOR,2014-07-25,2014-07-25,2014,7,-15.7793,-69.4928,LS,E35|2014-07-25|10.0,10.0,1.7,,12.4,2.0,0.004429378531073446,0.0049694107545347225,-0.0004054630815194197,-0.0014270296198584922,0.0014469267276305182,0.0015384615384615402,1.8056889774196658,-1.1776806053568254,0.8913287208209781,-0.08159178251655362,1.121920540245722,44.29378531073446
123,E36,LAGO MAYOR,2014-07-25,2014-07-25,2014,7,-15.7303,-69.4315,LS,E36|2014-07-25|10.5,10.5,0.82,,12.6,2.0,0.005186440677966102,0.0062466459160674045,0.0007255655142979087,-0.0003357716752608256,0.0024771385577034375,0.002487725040916531,1.113611322040019,-0.7918692175419295,0.8302760789795561,0.11615281609473564,1.204418657019532,7.148135593220339
124,E37,LAGO MAYOR,2014-07-25,2014-07-25,2014,7,-15.6812,-69.37,LS,E37|2014-07-25|11.0,11.0,1.29,,12.7,2.0,0.006655367231638417,0.007974669958141034,0.0009496372172428512,-0.0008154454970619979,0.001863641625188105,0.002051282051282053,1.2278025748721408,-0.7871795328937076,0.8345633445111054,0.11908169519584985,1.1982313943896121,7.008326033136544
126,E39,LAGO MAYOR,2014-07-25,2014-07-25,2014,7,-15.7568,-69.2993,LS,E39|2014-07-25|10.0,10.0,1.23,,12.9,2.0,0.004429378531073446,0.006053450681549857,0.00013871105420401185,-0.0009353639525122952,0.0017594629007987082,0.001898527004909984,1.365512864191637,-0.9551977038965452,0.7317113435108384,0.022914377518063443,1.3666591462172508,31.932411994784896
127,E40,LAGO MAYOR,2014-07-26,2014-07-26,2014,7,-15.8221,-69.3801,LS,E40|2014-07-26|11.0,11.0,0.34,,12.7,2.0,0.004090395480225987,0.005720725555436299,-0.0005228339735381998,-0.0013550785465883189,0.0010649380715360582,0.0015166393889798151,1.620791251993722,-1.201171326763847,0.7150134088042311,-0.09139294805732473,1.3985751703207532,40.90395480225987
128,E41,LAGO MAYOR,2014-07-26,2014-07-26,2014,7,-15.8882,-69.4619,LS,E41|2014-07-26|11.0,11.0,1.16,,12.7,2.0,0.007649717514124292,0.007427283460341313,0.0014297908664105837,-0.0004197145940760237,0.0011575413821044154,0.0012438625204582656,1.1197887718812602,-0.67714142340146,1.0299482381372258,0.19250522402236137,0.9709225793799207,5.350235264356188
129,E42,LAGO MAYOR,2014-07-26,2014-07-26,2014,7,-15.9534,-69.5425,LS,E42|2014-07-26|7.0,7.0,1.22,,12.5,2.0,0.00969491525423729,0.010904797681657186,0.0015791720017072134,-0.0010912579445976748,0.0007524018983678681,0.0009601745771958544,1.222398311442615,-0.7470079765868803,0.8890504470839451,0.14481442460537505,1.1247955650660384,6.139239578561612
131,E44,LAGO MAYOR,2014-07-27,2014-07-27,2014,7,-15.9455,-69.3735,LS,E44|2014-07-27|11.0,11.0,1.29,,12.3,2.0,0.008655367231638417,0.008489857250187827,0.0014404609475032015,-0.0003837390574409412,0.0011228151406412804,0.000927441352973268,1.0946787354877041,-0.7098861740842864,1.0194950252487376,0.16966845319705856,0.9808777632397164,6.008748273697424
132,E45,LAGO MAYOR,2017-07-27,2017-07-27,2017,7,-15.8939,-69.3092,LS,E45|2017-07-27|11.0,11.0,0.41,,12.4,1.0,0.004293785310734465,0.005473864977997208,-0.0002240717029449425,-0.0011152416356877326,0.001354323417062161,0.0014402618657937806,1.5117399656868833,-1.0853638033054969,0.7844156419630004,-0.04093482463407902,1.2748343435598757,42.937853107344644
133,E46,LAGO MAYOR,2014-07-27,2014-07-27,2014,7,-15.8422,-69.2448,LS,E46|2014-07-27|11.0,11.0,1.7,,12.6,2.0,0.0038983050847457607,0.0074809488032628515,0.00038412291933418607,-0.000275812447535677,0.00424817687232319,0.00475722858701582,1.0765598027958319,-0.9023217119835228,0.5210976825620697,0.0513468183563359,1.9190259973587325,10.148587570621487
134,E47,LAGO MAYOR,2014-07-27,2014-07-27,2014,7,-15.7906,-69.1805,LS,E47|2014-07-27|11.0,11.0,1.83,,12.7,2.0,0.003344632768361583,0.005892454652785231,-0.0003307725138711049,-0.001079266099052642,0.0028822780414399845,0.003262411347517732,1.4484617059038034,-1.118946730911997,0.567612814259105,-0.05613492735404525,1.7617643134172054,33.44632768361583
135,E48,LAGO MAYOR,2014-07-27,2014-07-27,2014,7,-15.7387,-69.1159,LS,E48|2014-07-27|7.4,7.4,1.36,,12.7,2.0,0.004090395480225987,0.007652677900611784,-0.00089628681177977,-0.0017388176040292601,0.0019909711772195886,0.002444080741953083,1.588047983145658,-1.2653150675672857,0.5345051148564589,-0.11712067637239996,1.870889486751777,40.90395480225987
136,E49,LAGO MAYOR,2014-07-27,2014-07-27,2014,7,-15.8116,-69.0456,LS,E49|2014-07-27|10.0,10.0,2.17,,13.1,2.0,0.0030508474576271196,0.006364709670494794,-0.0003307725138711049,-0.0011392253267777904,0.0012501446926727643,0.0012220403709765424,1.436026417392048,-1.1096371905993114,0.4793380398433706,-0.05196977254194072,2.086210391995515,30.508474576271194
137,E50,LAGO MAYOR,2014-07-27,2014-07-27,2014,7,-15.885,-69.1365,LS,E50|2014-07-27|10.2,10.2,1.29,,12.9,2.0,0.0037062146892655346,0.005420199635075669,-0.0004374733247972691,-0.001199184554502939,0.0011691167959254549,0.0017021276595744687,1.568196866163195,-1.1755957320380936,0.6837782625720195,-0.08071166271556744,1.4624624015371859,37.06214689265534
138,E51,LAGO MAYOR,2014-07-28,2014-07-28,2014,7,-15.9588,-69.2277,LS,E51|2014-07-28|11.5,11.5,1.7,,12.4,2.0,0.0096045197740113,0.01038961038961039,0.0006828851899274434,0.000683535196066676,0.0029170042829031115,0.003546099290780143,0.8765417416309077,-0.8766519032050228,0.9244350282485876,0.06572769953051642,1.0817417876241404,14.0646186440678
139,E52,LAGO MAYOR,2014-07-28,2014-07-28,2014,7,-16.0334,-69.32,LS,E52|2014-07-28|13.0,13.0,0.62,,12.8,2.0,0.006135593220338984,0.007395084254588386,0.0006295347844643621,-0.0012231682455929968,0.0009723347609677091,0.0012002182214948176,1.396365584245629,-0.8430990423470134,0.8296853705935896,0.08512881838685722,1.2052761630406483,9.746233840850328
140,E53,LAGO MAYOR,2014-07-28,2014-07-28,2014,7,-16.1084,-69.4127,LS,E53|2014-07-28|11.0,11.0,1.77,,12.8,2.0,0.006067796610169492,0.0068476977567886645,0.0009496372172428512,-0.0007914618059719402,0.0007408264845468245,0.0007528641571194778,1.2613706538893616,-0.7564199566606971,0.8861075394506138,0.13867977982839572,1.1285311945545564,6.389594362978479
141,E54,LAGO MAYOR,2014-07-28,2014-07-28,2014,7,-16.1839,-69.5061,LS,E54|2014-07-28|10.5,10.5,1.7,,12.7,2.0,0.006915254237288136,0.00916604057099925,0.0012057191634656413,-0.0005156493584362632,0.001632133348767216,0.0017021276595744687,1.1192197638593508,-0.7674995221478472,0.7544429008057794,0.13154198414530888,1.3254813570807737,5.7353772311384486
142,E55,LAGO MAYOR,2014-07-28,2014-07-28,2014,7,-16.1566,-69.3562,LS,E55|2014-07-28|9.5,9.5,1.29,,13.0,2.0,0.006485875706214688,0.0073199527744982305,0.0007469056764831404,-0.0010432905624175592,0.0008450052089362172,0.0009601745771958544,1.332434616026408,-0.8148210760279762,0.8860543101877161,0.10203695290019674,1.1285989904931943,8.683661016949161
143,E56,LAGO MAYOR,2014-07-28,2014-07-28,2014,7,-16.2292,-69.2727,LS,E56|2014-07-28|9.2,9.2,1.36,,13.0,2.0,0.006621468926553673,0.007781474723623486,0.0012377294067434908,-0.0005995922772514695,0.001076513485357106,0.001080196399345337,1.1669734079447802,-0.725534592272184,0.8509272550165594,0.15906103286384968,1.1751885888066185,5.349690239625953
144,E57,LAGO MAYOR,2014-07-20,2014-07-20,2014,7,-16.1167,-69.2402,LS,E57|2014-07-20|9.5,9.5,2.93,,13.0,1.0,0.008282485875706215,0.008704518621873995,0.0016858728126333757,-0.00011991845545029724,0.0014469267276305182,0.0014948172394980922,1.0279379211976263,-0.6754938134897682,0.9515156708255832,0.19367789143409567,1.0509548404308984,4.91287706500751
145,E58,LAGO MAYOR,2014-07-29,2014-07-29,2014,7,-16.2076,-69.1457,LS,E58|2014-07-29|10.0,10.0,1.44,,12.2,1.0,0.006045197740112995,0.007362885048835462,0.0011843790012804095,-0.0003957309029859659,0.0005208936219469874,0.0006001091107474088,1.113598849085975,-0.7228635138056579,0.8210365502133057,0.1608580051739005,1.2179725734989502,5.1041074973278375
146,E59,LAGO MAYOR,2014-07-29,2014-07-29,2014,7,-16.0704,-69.1489,LS,E59|2014-07-29|10.6,10.6,2.11,,12.5,1.0,0.006406779661016951,0.007502414940431471,0.0008856167306871523,-0.00043170643962105675,0.0006482231739784715,0.0006437534097108568,1.122111066667801,-0.7888379157757748,0.8539623190514294,0.11804422145654071,1.1710118557816314,7.234257708801317
147,E60,LAGO MAYOR,2014-07-29,2014-07-29,2014,7,-16.0033,-69.1375,LS,E60|2014-07-29|11.2,11.2,1.44,,12.3,1.0,0.0033785310734463273,0.005774390898357842,-0.0008749466495945364,-0.001594915457488905,0.0008913068642203997,0.000927441352973268,1.7632127995234315,-1.3571613132386309,0.585088736269506,-0.1515218946890761,1.7091424565373547,33.78531073446327
148,E61,LAGO MAYOR,2014-07-29,2014-07-29,2014,7,-15.9483,-69.0667,LS,E61|2014-07-29|11.0,11.0,1.16,,12.6,1.0,0.0033898305084745753,0.006311044327573255,-9.603072983354652e-05,-0.0013071111644082033,0.001389049658525296,0.0012875068194217135,1.5224331982743113,-1.0309026562442736,0.5371267150928165,-0.015216297786720283,1.8617580766341109,33.89830508474575
149,E62,LAGO MAYOR,2014-07-29,2014-07-29,2014,7,-15.8933,-68.9958,LS,E62|2014-07-29|10.0,10.0,1.7,,12.7,1.0,0.0023163841807909602,0.005473864977997208,0.0005014938113529661,-0.000539633049526321,0.0019446695219354144,0.002051282051282053,1.2187300670029586,-0.8321459028302279,0.4231715963221448,0.09161603608579583,2.3631075636719654,4.618968626036784
150,E63,LAGO MAYOR,2014-07-29,2014-07-29,2014,7,-15.9383,-68.9271,LS,E63|2014-07-29|10.2,10.2,2.05,,12.7,1.0,0.004621468926553672,0.0060105184072126215,0.0005655142979086633,-0.000539633049526321,0.000787128139831003,0.0009165302782324064,1.1972742675483163,-0.8280073298686861,0.7688968926553673,0.09408744131455386,1.3005644964262029,8.172152222577562
151,E64,LAGO MAYOR,2014-07-29,2014-07-29,2014,7,-15.9833,-68.8583,LS,E64|2014-07-29|9.5,9.5,1.7,,12.8,2.0,0.00590960451977401,0.007566813351937318,0.0012590695689287243,-0.0003957309029859659,0.0008334297951151776,0.0004037097654118937,1.1103683720327742,-0.7146869185641459,0.7809898625636094,0.16639363366963014,1.2804263511404452,4.693628267739153
152,E65,LAGO MAYOR,2014-07-30,2014-07-30,2014,7,-16.0192,-68.9434,LS,E65|2014-07-30|9.5,9.5,1.7,,12.3,1.0,0.005841807909604521,0.0065471718364280345,0.0009389671361502354,-0.00029979613862573477,0.0010533626577150185,0.0009056192034915449,1.0959748877416648,-0.749145049494219,0.8922643326850054,0.14341568536904498,1.120744115133232,6.221525423728811
153,E66,LAGO MAYOR,2014-07-30,2014-07-30,2014,7,-16.0551,-69.0285,LS,E66|2014-07-30|11.0,11.0,1.98,,12.7,1.0,0.002418079096045197,0.005613394869593217,-0.0005335040546308157,-0.0014510133109485583,0.0008334297951151776,0.0010256410256410274,1.6972030035706438,-1.2100452427193131,0.4307694634388738,-0.09504124812610534,2.3214273175654196,24.18079096045197
154,E67,LAGO MAYOR,2014-07-30,2014-07-30,2014,7,-16.1204,-68.9577,LS,E67|2014-07-30|9.0,9.0,1.44,,12.7,1.0,0.006757062146892655,0.007706343243533327,0.001397780623132736,-0.000275812447535677,0.0009491839333256139,0.0007528641571194778,1.0742374718547705,-0.6929345448126296,0.8768182175849423,0.18138053016333844,1.1404872525964875,4.834136369517401
155,E68,LAGO MAYOR,2014-07-30,2014-07-30,2014,7,-16.1806,-68.8926,LS,E68|2014-07-30|10.0,10.0,2.11,,12.8,2.0,0.0037740112994350274,0.006096382955887087,0.0009282970550576176,-0.00014390214654035502,0.00082185438129413,0.0006110201854882722,1.048350133994327,-0.7357039974879152,0.6190574520569746,0.15227013489387015,1.6153589568742734,4.065521137736219
156,E69,LAGO MAYOR,2014-07-30,2014-07-30,2014,7,-16.232,-68.8295,LS,E69|2014-07-30|8.0,8.0,2.65,,12.9,2.0,0.001830508474576271,0.005860255447032308,-9.603072983354652e-05,-0.0008034536515169649,0.0011228151406412804,0.0010038188761593025,1.3177712020842547,-1.0333193856538339,0.31235984354628415,-0.016386782231852613,3.201435846063946,18.30508474576271
157,E70,LAGO MAYOR,2014-07-30,2014-07-30,2014,7,-16.1883,-68.7958,LS,E70|2014-07-30|5.0,5.0,1.85,,12.3,2.0,0.0021581920903954786,0.008908446924975852,0.002059325650874946,0.00040772274853099897,0.001319597175599026,0.0008401527550463738,0.9124697769459132,-0.6244769028767629,0.24226356272547797,0.2311655070988177,4.12773587885007,1.048009133222095
158,E71,LAGO MAYOR,2014-07-30,2014-07-30,2014,7,-16.2165,-68.7335,LS,E71|2014-07-30|5.5,5.5,2.71,,12.5,1.0,-0.0007457627118644078,0.0069442953740474385,-0.0002240717029449425,-0.000959347643602353,0.0006134969325153405,0.0005128205128205147,1.320586587057032,-1.066685628505388,-0.10739213580279272,-0.0322670178723034,69.44295374047438,-7.457627118644077
161,E74,LAGO MENOR,2014-07-30,2014-07-30,2014,7,-16.2682,-68.9598,LS,E74|2014-07-30|6.5,6.5,0.89,,12.4,2.0,0.0050169491525423725,0.010400343458194697,0.001227059325650875,-0.0007794699604269071,0.00048616738048385256,0.0004909983633387897,1.1620371330293848,-0.788936576305077,0.48238302635951796,0.11798257726614245,2.0730414325455646,4.08859543109801
162,E75,LAGO MENOR,2014-07-30,2014-07-30,2014,7,-16.313,-69.0149,LS,E75|2014-07-30|6.0,6.0,1.7,,11.7,1.0,0.005310734463276835,0.010840399270151336,0.0009389671361502354,-0.001474997002038616,0.0005556198634101184,0.0009492635024549929,1.3149883587096944,-0.8405741830163275,0.4899021088549532,0.08661739413377964,2.0412241178901986,5.655932203389826
163,E76,LAGO MENOR,2014-07-30,2014-07-30,2014,7,-16.3439,-68.876,LS,E76|2014-07-30|5.0,5.0,0.88,,12.9,3.0,0.013807909604519771,0.01475796930342385,0.0027315407597097736,-2.3983691090057784e-05,0.0007755527260099554,0.0006219312602291338,1.0032554924503572,-0.6876366354840386,0.9356239548022597,0.18508920187793426,1.0688054691923166,5.054989406779661
164,E77,LAGO MENOR,2014-07-31,2014-07-31,2014,7,-16.4171,-68.9611,LS,E77|2014-07-31|6.0,6.0,1.7,,10.8,3.0,0.006440677966101695,0.011216056670602124,0.002037985488689714,-0.0004676819762561476,0.0005556198634101184,0.0002945990180032746,1.0870236563283073,-0.6924733133585776,0.5742372881355933,0.18170249567580926,1.7414403778040142,3.1603159109060255
166,E79,LAGO MENOR,2014-07-31,2014-07-31,2014,7,-16.5092,-68.9671,LS,E79|2014-07-31|6.0,6.0,0.82,,10.5,3.0,0.009480225988700563,0.013738327787914565,0.0022300469483568074,-0.0003117879841707595,0.0005208936219469874,0.00043644298963448015,1.0464434568409196,-0.720692012113497,0.6900567620056495,0.16232302670187793,1.4491561492615486,4.251132917038357
167,E80,LAGO MENOR,2014-07-31,2014-07-31,2014,7,-16.4877,-69.0406,LS,E80|2014-07-31|6.0,6.0,1.29,,10.7,3.0,0.006915254237288136,0.012504024900719115,0.00115236875800256,-0.0018347523683894913,0.00046301655284176533,0.0007637752318603393,1.3439319205435865,-0.8312337499317074,0.5530422637666401,0.09215982590823908,1.808180071427519,6.000903954802265
169,E02,BAHIA PUNO,2015-07-14,2015-07-14,2015,7,-15.8482,-69.9182,LS,E02|2015-07-14|6.5,6.5,1.19,0.67,11.77,2.0,0.009954802259887003,0.009863690028979284,0.0011096884336320948,-0.0005995922772514695,0.0009260331056835266,0.0008728859792689585,1.1294441679261336,-0.7977489182046353,1.0092371344436042,0.11250236274374568,0.9908474092674993,8.97080834419818
171,E05,BAHIA PUNO,2015-07-15,2015-07-15,2015,7,-15.8398,-69.8918,LS,E05|2015-07-15|7.0,7.0,0.59,0.67,11.62,2.0,0.009197740112994351,0.009627562520124505,0.0008856167306871523,-0.0011392253267777904,0.0006597985877995151,0.0008183306055646489,1.2684211681553241,-0.8315224870954193,0.9553550126284097,0.0919876374561003,1.0467313059349124,10.38568919746785
174,E08,BAHIA PUNO,2015-07-15,2015-07-15,2015,7,-15.801,-69.8724,LS,E08|2015-07-15|8.0,8.0,0.59,1.33,11.95,2.0,0.00847457627118644,0.008897713856391543,0.0007469056764831404,-0.0015109725386736987,0.00043986572519967804,0.0007528641571194778,1.4091037628453562,-0.8451144502912822,0.9524442354480587,0.08394354870679636,1.0499302350542021,11.34624697336563
178,E12,BAHIA PUNO,2015-07-15,2015-07-15,2015,7,-15.7591,-69.8253,LS,E12|2015-07-15|8.0,8.0,1.18,0.67,12.41,2.0,0.006847457627118643,0.00799613609530965,0.0007255655142979087,-0.0015349562297637565,0.0006597985877995151,0.0006328423349699953,1.4751316397746654,-0.8336182631362258,0.8563458082129448,0.09073951539212906,1.1677525485724491,9.437407776669989
179,E13,BAHIA PUNO,2015-07-15,2015-07-15,2015,7,-15.7895,-69.7698,LS,E13|2015-07-15|9.0,9.0,2.29,1.67,12.62,2.0,0.007333333333333332,0.007631211763443169,0.000768245838668374,-0.0012711356277731124,0.00082185438129413,0.0008728859792689585,1.3997231796589504,-0.8170724150065473,0.9609657759024846,0.1006715397872467,1.0406197859240687,9.545555555555554
180,E14,BAHIA PUNO,2015-07-15,2015-07-15,2015,7,-15.7489,-69.783,LS,E14|2015-07-15|9.0,9.0,0.52,3.0,12.44,2.0,0.006926553672316384,0.007781474723623486,0.0005975245411865127,-0.0010912579445976748,0.0009607593471466615,0.0010256410256410274,1.3262247898771917,-0.857375576488286,0.8901338008961619,0.07678808483082397,1.1234266118118736,11.592082324455212
181,E15,BAHIA PUNO,2015-07-15,2015-07-15,2015,7,-15.715,-69.8226,LS,E15|2015-07-15|7.0,7.0,0.59,2.67,11.96,2.0,0.008135593220338981,0.010228614360845765,0.001611182244985061,-0.0008394291881520557,0.00082185438129413,0.0008510638297872353,1.1788075500288495,-0.7278361001388081,0.795375887029363,0.15751715610205472,1.257267181853959,5.049455606689866
182,E16,BAHIA PUNO,2015-07-16,2015-07-16,2015,7,-15.6737,-69.8541,LS,E16|2015-07-16|7.0,7.0,2.29,7.0,11.43,1.0,0.0070282485875706215,0.010808200064398412,0.002560819462227912,-2.3983691090057784e-05,0.0016205579349461766,0.0016366612111292978,1.0044478315411962,-0.6169023815727305,0.6502700306891308,0.23693301816859438,1.537822677973086,2.744531073446329
184,E18,LAGO MAYOR,2015-07-16,2015-07-16,2015,7,-15.7328,-69.7479,LS,E18|2015-07-16|10.0,10.0,1.19,1.67,12.82,1.0,0.007084745762711866,0.007845873135129333,0.0014938113529662828,-0.0004197145940760237,0.0014469267276305182,0.0017675941080196418,1.1130366488238663,-0.6801151698587071,0.902990099469035,0.19039453318176275,1.1074318540015085,4.742731234866828
185,E19,LAGO MAYOR,2015-07-16,2015-07-16,2015,7,-15.7088,-69.7343,LS,E19|2015-07-16|9.5,9.5,0.59,0.67,12.81,1.0,0.0070508474576271175,0.007287753568745304,0.0005868544600938968,-0.0009953231802374354,0.001041787243893971,0.0010911074740861985,1.3163555130867965,-0.8509500705508919,0.9674925738249169,0.08052611199845121,1.033599664798012,12.014644067796606
186,E20,LAGO MAYOR,2015-07-16,2015-07-16,2015,7,-15.6856,-69.7837,LS,E20|2015-07-16|8.5,8.5,1.19,1.0,12.78,1.0,0.007242937853107343,0.008285928947085972,0.001099018352539479,-0.0003957309029859659,0.001319597175599026,0.0012547735951991272,1.1003093586800903,-0.7657911759442851,0.8741250256140041,0.13263670972293168,1.1440011104791086,6.590370248477868
187,E21,LAGO MAYOR,2015-07-16,2015-07-16,2015,7,-15.6466,-69.7621,LS,E21|2015-07-16|9.0,9.0,0.59,0.67,12.88,1.0,0.008463276836158192,0.007770741655039174,0.0006935552710200593,-0.001079266099052642,0.0005787706910522056,0.0006764866339334433,1.322579206554068,-0.8361220795679243,1.08912086025533,0.08925213342671123,0.9181717442870053,12.202743155149943
188,E22,LAGO MAYOR,2015-07-16,2015-07-16,2015,7,-15.6181,-69.807,LS,E22|2015-07-16|10.0,10.0,0.59,3.0,12.82,1.0,0.009446327683615818,0.009509498765697115,0.0017925736235595382,-0.00043170643962105675,0.001226993865030677,0.0012547735951991272,1.0951125288082904,-0.6827884474253203,0.9933570544949046,0.1885034813849234,1.0066873693351612,5.269701372074255
189,E23,LAGO MAYOR,2015-07-17,2015-07-17,2015,7,-15.5598,-69.8466,LS,E23|2015-07-17|8.0,8.0,0.59,6.33,12.53,1.0,0.00983050847457627,0.009573897177202962,0.0018779342723004688,-1.1991845545024731e-05,0.0014006250723463355,0.0015602836879432633,1.0025081495528403,-0.6720289472307293,1.0268032226191381,0.19615149792627207,0.9738964369913359,5.234745762711866
190,E24,LAGO MAYOR,2015-07-17,2015-07-17,2015,7,-15.516,-69.8312,LS,E24|2015-07-17|12.0,12.0,1.19,6.33,12.51,1.0,0.009333333333333332,0.009681227863046043,0.0012377294067434908,-0.001199184554502939,0.0007176756569047372,0.0007637752318603393,1.2827582622493785,-0.7732879133409586,0.9640650406504065,0.1278483911599679,1.0372744138977905,7.540689655172415
193,E27,LAGO MAYOR,2015-07-17,2015-07-17,2015,7,-15.4508,-69.8379,LS,E27|2015-07-17|9.0,9.0,2.21,1.0,12.98,1.0,0.009559322033898303,0.009369968874101105,0.0006295347844643621,-0.001367070392133352,0.0007639773121889158,0.0006983087834151663,1.341643649333258,-0.8740867060999649,1.0202085153474283,0.06718643283911183,0.9801917793829172,15.184740017236418
194,E28,LAGO MAYOR,2015-07-17,2015-07-17,2015,7,-15.3928,-69.7822,LS,E28|2015-07-17|5.5,5.5,0.59,6.67,10.94,1.0,0.010666666666666666,0.01204250295159386,0.00115236875800256,-0.0016788583763041114,0.0002430836902419283,0.0005019094380796513,1.3239898285034075,-0.8253307503050846,0.8857516339869281,0.09569179784589886,1.1289846517119244,9.256296296296302
195,E29,LAGO MAYOR,2015-07-17,2015-07-17,2015,7,-15.368,-69.8301,LS,E29|2015-07-17|7.0,7.0,1.1,0.67,12.16,1.0,0.012056497175141241,0.012149833637436942,0.0011416986769099441,-0.0011632090178678482,0.0011112397268202327,0.0010365521003818888,1.2117499145135102,-0.8282065507554958,0.9923178814557505,0.09396825594319744,1.0077415903591092,10.560139394899416
197,E31,LAGO MAYOR,2015-07-18,2015-07-18,2015,7,-15.3399,-69.7389,LS,E31|2015-07-18|8.0,8.0,0.52,5.0,12.99,1.0,0.013943502824858758,0.017119244391971666,0.002496798975672215,-0.0013790622376783767,0.0004167148975575908,0.0006110201854882722,1.175228169095634,-0.7454329294043996,0.814492889148646,0.14584749878581835,1.2277578028277896,5.584551644212661
198,E32,LAGO MAYOR,2015-07-18,2015-07-18,2015,7,-15.3384,-69.7205,LS,E32|2015-07-18|7.0,7.0,0.52,0.67,13.23,1.0,0.013401129943502824,0.014661371686165076,0.0017178830559112252,-0.0015349562297637565,0.0005324690357680312,0.0005455537370430992,1.2338727762999184,-0.7902366770550884,0.9140433944627804,0.11717069130252478,1.0940399614043923,7.800955890093692
201,E35,LAGO MAYOR,2015-07-19,2015-07-19,2015,7,-15.2409,-69.6964,LS,E35|2015-07-19|8.0,8.0,1.1,2.67,12.59,2.0,0.009661016949152541,0.012235698186111409,0.0009923175416133164,-0.0009713394891473777,0.0015395300381988671,0.0013202400436443,1.1724623529927178,-0.8499672230481071,0.7895762711864406,0.08110019767729183,1.2665020929483741,9.735811919081462
202,E36,LAGO MAYOR,2015-07-19,2015-07-19,2015,7,-15.2971,-69.6814,LS,E36|2015-07-19|10.0,10.0,1.19,1.0,13.01,1.0,0.011468926553672315,0.012826016958248363,0.0016858728126333757,-0.0013550785465883189,0.0006829494154416023,0.0009601745771958544,1.2362627851056212,-0.7676562841809563,0.8941923740633051,0.13144164849627749,1.1183275869999805,6.802960738039048
203,E37,LAGO MAYOR,2015-07-19,2015-07-19,2015,7,-15.3413,-69.6373,LS,E37|2015-07-19|10.0,10.0,0.51,1.0,13.07,1.0,0.009638418079096045,0.01125898894493936,0.0011630388390951778,-0.0010073150257824686,0.001389049658525296,0.0013529732678668866,1.1965170635483457,-0.8127456699198801,0.8560642635170432,0.1032986926963753,1.1681366021420088,8.287271030943861
204,E38,LAGO MAYOR,2015-07-19,2015-07-19,2015,7,-15.3782,-69.6351,LS,E38|2015-07-19|9.0,9.0,0.52,2.0,13.51,1.0,0.00833898305084746,0.009852956960394977,0.0007362355953905245,-0.0014030459287684345,0.0009839101747887487,0.0010692853246044736,1.3320852154477065,-0.8609457667362638,0.8463431926442896,0.0747222989352235,1.1815537818359827,11.326514369933687
205,E39,LAGO MAYOR,2015-07-19,2015-07-19,2015,7,-15.3748,-69.5276,LS,E39|2015-07-19|6.0,6.0,0.6,1.0,13.25,1.0,0.014892655367231639,0.022013523666416228,0.003777208706786171,-0.0007794699604269071,0.00151637921055678,0.0015166393889798151,1.0734169211881184,-0.7070878790355886,0.6765230134397717,0.17158582896697588,1.4781463159922885,3.942767404002682
206,E40,LAGO MAYOR,2015-07-20,2015-07-20,2015,7,-15.3951,-69.5361,LS,E40|2015-07-20|10.0,10.0,1.86,2.0,12.66,1.0,0.005062146892655369,0.006150048298808631,-0.0004374733247972691,-0.001486988847583641,0.00045144113902072165,0.0004909983633387897,1.6377735665824396,-1.1531613152411435,0.823106851638221,-0.07113331530778631,1.2149090947423296,50.62146892655369
207,E41,LAGO MAYOR,2015-07-20,2015-07-20,2015,7,-15.4392,-69.6009,LS,E41|2015-07-20|11.0,11.0,0.6,0.67,12.92,1.0,0.0063502824858757065,0.0065471718364280345,0.00028809218950063956,-0.0012231682455929968,0.0009607593471466615,0.0012656846699399906,1.4594916194094227,-0.9157040177936633,0.9699275724738354,0.04400253982913867,1.0310048176581512,22.0425360954175
208,E42,LAGO MAYOR,2015-07-20,2015-07-20,2015,7,-15.4967,-69.6685,LS,E42|2015-07-20|10.0,10.0,1.19,1.67,13.58,1.0,0.00598870056497175,0.006171514435977246,-0.00011737089201878011,-0.001331094855498261,0.0005208936219469874,0.0010038188761593025,1.5499911974039835,-1.038773567815095,0.9703777941537703,-0.019018166972851726,1.0305264671395968,59.8870056497175
209,E43,LAGO MAYOR,2015-07-21,2015-07-21,2015,7,-15.5603,-69.7411,LS,E43|2015-07-21|9.0,9.0,1.78,4.0,12.95,1.0,0.0070395480225988695,0.007169689814317914,0.00041613316261203555,-0.0013071111644082033,0.0006366477601574278,0.0008183306055646489,1.445916556350184,-0.8902864965288981,0.9818483372238572,0.058040608922999025,1.018487236865386,16.916575401999143
210,E44,LAGO MAYOR,2015-07-21,2015-07-21,2015,7,-15.4333,-69.4798,LS,E44|2015-07-21|8.0,8.0,1.62,6.67,12.73,1.0,0.004418079096045198,0.006128582161640014,2.134016218523174e-05,-0.001319103009953228,0.0011575413821044154,0.0010038188761593025,1.5485426567320755,-0.9930598607294641,0.7208974244807899,0.0034820716476322952,1.3871599010361668,44.18079096045198
211,E45,LAGO MAYOR,2015-07-21,2015-07-21,2015,7,-15.4932,-69.4733,LS,E45|2015-07-21|10.0,10.0,0.59,3.33,12.8,1.0,0.004621468926553672,0.004808414725770097,-0.0008002560819462235,-0.002158532198105292,0.00043986572519967804,0.0003927986906710321,2.6291521310806334,-1.3993132275453786,0.9611211158192091,-0.1664282570422537,1.0404515971409622,46.21468926553672
212,E46,LAGO MAYOR,2015-07-21,2015-07-21,2015,7,-15.5016,-69.4082,LS,E46|2015-07-21|9.0,9.0,2.21,7.0,13.26,1.0,0.004779661016949154,0.005388000429322742,-0.0006615450277422117,-0.0016548746852140537,0.000567195277231162,0.0005128205128205147,1.8865888027110997,-1.2799325632289724,0.8870936592612606,-0.12278117576641809,1.1272766855675236,47.79661016949154
213,E48,LAGO MAYOR,2015-07-22,2015-07-22,2015,7,-15.5358,-69.3597,LS,E48|2015-07-22|10.0,10.0,1.1,4.67,14.04,1.0,0.004067796610169491,0.00509820757754642,-0.0009496372172428512,-0.0017028420673941692,0.0006482231739784715,0.0006437534097108568,2.003038442125538,-1.4578138519344943,0.7978876003568242,-0.18626884111687675,1.2533093628134953,40.677966101694906
214,E49,LAGO MAYOR,2015-07-22,2015-07-22,2015,7,-15.6067,-69.4456,LS,E49|2015-07-22|9.0,9.0,1.11,5.33,13.12,1.0,0.006271186440677965,0.006472040356337876,0.00028809218950063956,-0.0010552824079625841,0.0011806922097465026,0.00110201854882706,1.3896359125521383,-0.9147671602795518,0.9689659049385839,0.0445133487492116,1.0320280568214453,21.767984934086673
215,E50,LAGO MAYOR,2015-07-22,2015-07-22,2015,7,-15.6688,-69.5213,LS,E50|2015-07-22|10.0,10.0,1.62,6.0,12.47,1.0,0.00655367231638418,0.00659010411076527,0.0003307725138711049,-0.001187192708957906,0.0007524018983678681,0.0011347517730496465,1.4394638005090628,-0.9044129858058331,0.9944717422109347,0.0501923047514183,1.0055589893150456,19.813231273920202
216,E51,LAGO MAYOR,2015-07-23,2015-07-23,2015,7,-15.7371,-69.6038,LS,E51|2015-07-23|10.0,10.0,1.1,2.33,12.63,1.0,0.00655367231638418,0.006235912847483096,-0.0003521126760563385,-0.0018347523683894913,0.000567195277231162,0.0006873977086743049,1.8337580327851766,-1.1196886726105855,1.0509563678442582,-0.05646529781096222,0.9515142879349209,65.5367231638418
217,E52,LAGO MAYOR,2015-07-23,2015-07-23,2015,7,-15.8028,-69.6843,LS,E52|2015-07-23|9.0,9.0,1.19,6.0,12.96,1.0,0.007220338983050847,0.007008693785553289,0.0005441741357234315,-0.0010193068713274932,0.0007061002430836936,0.0009056192034915449,1.3403707977926995,-0.8559025341508388,1.0301975238144678,0.07764273235122836,0.9706876369663007,13.268434695912262
218,E53,LAGO MAYOR,2015-07-23,2015-07-23,2015,7,-15.8686,-69.7634,LS,E53|2015-07-23|8.0,8.0,1.77,4.0,12.78,1.0,0.00872316384180791,0.009616829451540196,0.001280409731113956,-0.0008274373426070227,0.00082185438129413,0.0008837970540098199,1.18828076804667,-0.7650028429854987,0.9070727401129943,0.13314260563380276,1.102447417695994,6.812790960451981
219,E54,LAGO MAYOR,2015-07-23,2015-07-23,2015,7,-15.8983,-69.7317,LS,E54|2015-07-23|8.0,8.0,1.11,6.0,12.92,1.0,0.007807909604519774,0.00898357840506601,0.0011416986769099441,-0.0006955270416117007,0.0008681560365783125,0.0011893071467539561,1.167838356011983,-0.7744853686651259,0.8691313474947517,0.127087294776224,1.1505740793753139,6.838853160145733
220,E55,LAGO MAYOR,2015-07-24,2015-07-24,2015,7,-15.8738,-69.6776,LS,E55|2015-07-24|11.0,11.0,0.59,7.0,12.51,1.0,0.006847457627118643,0.006772566276698509,7.469056764831478e-05,-0.0015709317663988472,0.0005556198634101184,0.0005673758865248242,1.6040143579027308,-0.9781836556045626,1.0110580461468206,0.011028399663698077,0.9890628968445845,68.47457627118642
221,E56,LAGO MAYOR,2015-07-25,2015-07-25,2015,7,-15.9247,-69.6805,LS,E56|2015-07-25|9.0,9.0,0.59,3.33,12.63,1.0,0.008259887005649717,0.00928410432542664,0.0013124199743918055,-0.0003957309029859659,0.0008681560365783125,0.0012220403709765424,1.0890444943423754,-0.7522922963408974,0.8896805460305018,0.1413620451029879,1.1239989504791488,6.293630976987735
222,E57,LAGO MAYOR,2015-07-24,2015-07-24,2015,7,-15.9121,-69.6099,LS,E57|2015-07-24|8.0,8.0,1.7,6.67,12.93,1.0,0.006293785310734461,0.006482773424922184,0.00026675202731540784,-0.0015589399208538225,0.0005787706910522056,0.0005564648117839608,1.633221697262869,-0.920956668826159,0.9708476447038574,0.04114782514068966,1.0300277344804551,23.594142372881326
223,E58,LAGO MAYOR,2015-07-24,2015-07-24,2015,7,-15.9519,-69.5453,LS,E58|2015-07-24|8.3,8.3,1.19,7.0,13.02,1.0,0.007231638418079095,0.007631211763443169,0.0005548442168160474,-0.0011512171723228235,0.0006250723463363842,0.0006655755591925817,1.3553140295034636,-0.8644415209534793,0.9476395941103084,0.07270722317967811,1.0552535016636257,13.033637548891793
224,E59,LAGO MAYOR,2015-07-24,2015-07-24,2015,7,-15.8876,-69.4615,LS,E59|2015-07-24|8.0,8.0,1.1,9.0,14.03,1.0,0.005141242937853106,0.005151872920467962,-0.00014938113529662771,-0.0016308909941239959,0.0006482231739784715,0.0008183306055646489,1.9263836424321665,-1.0597224790566135,0.9979366760828621,-0.028995500782472504,1.0020675900250875,51.41242937853106
225,E60,LAGO MAYOR,2015-07-27,2015-07-27,2015,7,-15.8271,-69.3776,LS,E60|2015-07-27|11.0,11.0,1.11,4.0,12.8,1.0,0.004768361581920902,0.005860255447032308,-4.268032437046533e-05,-0.0012471519366830546,0.000787128139831003,0.0008619749045280969,1.5406994070414566,-1.0146727171146792,0.813678110966246,-0.007283014325267864,1.2289872205269183,47.68361581920902
226,E61,LAGO MAYOR,2015-07-27,2015-07-27,2015,7,-15.7585,-69.3045,LS,E61|2015-07-27|8.0,8.0,1.19,5.0,12.63,1.0,0.005615819209039546,0.006654502522271117,0.0005335040546308157,-0.0012711356277731124,0.0006829494154416023,0.0010911074740861985,1.4722453128541553,-0.8515570416633425,0.843912702751959,0.08017189156444049,1.184956686561356,10.526291525423716
227,E62,LAGO MAYOR,2015-07-25,2015-07-25,2015,7,-15.643,-69.2659,LS,E62|2015-07-25|9.0,9.0,1.1,7.33,13.47,1.0,0.004903954802259887,0.005484598046581516,-0.00020273154075971077,-0.001067274253507617,0.0014585021414515577,0.0014293507910529192,1.483221770416809,-1.0767649095840648,0.8941320331243715,-0.03696379188372262,1.118403057885862,49.03954802259887
228,E63,LAGO MAYOR,2015-07-25,2015-07-25,2015,7,-15.6259,-69.3171,LS,E63|2015-07-25|10.0,10.0,0.59,0.67,13.52,1.0,0.006632768361581921,0.007438016528925621,0.0012590695689287243,-0.0006115841227964943,0.0005903461048732492,0.0005455537370430992,1.179181011931467,-0.7104616626779904,0.8917388575015693,0.16927490871152848,1.121404536303096,5.267991956334385
229,E64,LAGO MAYOR,2015-07-23,2015-07-23,2015,7,-15.5625,-69.2915,LS,E64|2015-07-23|9.0,9.0,1.1,4.67,12.58,1.0,0.004915254237288135,0.006096382955887087,0.0001707212974818613,-0.0011392253267777904,0.001226993865030677,0.0010365521003818888,1.4596281507265327,-0.9455181329880846,0.8062574600143233,0.02800370296898771,1.2402986013701316,28.791101694915177
231,E66,LAGO MAYOR,2015-07-28,2015-07-28,2015,7,-15.951,-69.473,LS,E66|2015-07-28|11.0,11.0,0.52,2.67,12.78,2.0,0.006790960451977399,0.007116024471396371,0.0008642765685019205,-0.0009713394891473777,0.0006482231739784715,0.0006219312602291338,1.3161557781645536,-0.7833974042133033,0.9543194348578196,0.12145497418902557,1.047867164257203,7.857392759991628
232,E67,LAGO MAYOR,2015-07-27,2015-07-27,2015,7,-15.9889,-69.4127,LS,E67|2015-07-27|10.0,10.0,1.69,2.33,13.12,1.0,0.005581920903954802,0.006364709670494794,-0.0001707212974818613,-0.0015229643842187316,0.0006134969325153405,0.0007855973813420624,1.6290969390674497,-1.05512466593039,0.8770110803060185,-0.02682310840874371,1.140236449066375,55.81920903954802
233,E68,LAGO MAYOR,2015-07-28,2015-07-28,2015,7,-15.9935,-69.4278,LS,E68|2015-07-28|7.0,7.0,1.69,4.33,13.18,2.0,0.00751412429378531,0.007942470752388107,0.0011737089201877937,-0.0007075188871567338,0.0007755527260099554,0.0008183306055646489,1.1955834130051677,-0.7424997458159973,0.9460688654756452,0.1477762974241848,1.0570055061448835,6.402033898305083
235,E72,LAGO MAYOR,2015-07-26,2015-07-26,2015,7,-15.6921,-69.1709,LS,E72|2015-07-26|6.0,6.0,1.1,4.67,12.08,1.0,0.012011299435028249,0.01948051948051948,0.002507469056764831,-0.001762801295119318,0.0015742562796620021,0.0017130387343153304,1.1989873275079235,-0.771923708394258,0.6165800376647834,0.128716744913928,1.6218494581617817,4.790208438514245
236,E73,LAGO MAYOR,2015-07-26,2015-07-26,2015,7,-15.7202,-69.1628,LS,E73|2015-07-26|5.2,5.2,1.19,7.67,12.84,1.0,0.014655367231638418,0.021509069442953742,0.0034891165172855317,-0.0006235759683415273,0.0017363120731566128,0.001854882705946536,1.0597137375990333,-0.7208503942437805,0.6813575673511733,0.16221606083607434,1.4676581693919863,4.200308920333799
237,E74,LAGO MAYOR,2015-07-26,2015-07-26,2015,7,-15.7656,-69.1477,LS,E74|2015-07-26|8.0,8.0,0.59,3.0,12.98,1.0,0.009050847457627118,0.010765267790061178,0.0008856167306871523,-0.0013790622376783767,0.0008102789674730902,0.001058374249863612,1.293848580889856,-0.8479742627099011,0.8407452219612349,0.08226611246073975,1.189420973059194,10.219824382274872
238,E75,LAGO MAYOR,2015-07-26,2015-07-26,2015,7,-15.7544,-69.087,LS,E75|2015-07-26|5.0,5.0,1.7,3.67,13.67,1.0,0.00969491525423729,0.011795642374154773,0.0013017498932991897,-0.0014390214654035254,0.0008797314503993521,0.0009601745771958544,1.2778938881968003,-0.8012199272455319,0.8219065097700529,0.11035854190963192,1.2166833917397404,7.447602111697692
239,E76,LAGO MAYOR,2015-07-26,2015-07-26,2015,7,-15.8125,-69.0449,LS,E76|2015-07-26|8.0,8.0,0.6,1.33,13.97,1.0,0.008971751412429377,0.010668670172802404,0.0009603072983354671,-0.0008754047247871465,0.0014700775552726054,0.0014402618657937806,1.1787767604269688,-0.83484227772562,0.8409437415453169,0.09001190240031737,1.1891401892859106,9.342583804143127
240,E77,LAGO MAYOR,2015-07-26,2015-07-26,2015,7,-15.8852,-69.0349,LS,E77|2015-07-26|7.5,7.5,0.59,2.0,13.71,1.0,0.006485875706214688,0.00787807234088226,0.00039479300042680383,-0.0011032497901426997,0.0013311725894200738,0.0012547735951991272,1.3256909296249542,-0.9045570219222633,0.8232820702289133,0.050112893528290604,1.2146505264252268,16.428547869903774
241,E78,LAGO MAYOR,2015-07-30,2015-07-30,2015,7,-15.8903,-69.1327,LS,E78|2015-07-30|11.0,11.0,1.11,5.67,12.75,2.0,0.0087909604519774,0.009251905119673717,0.0013017498932991897,-0.0006235759683415273,0.001041787243893971,0.001058374249863612,1.1445414019641449,-0.7533081632186923,0.9501784052328703,0.14070073962724533,1.0524339371351208,6.753186996387882
242,E79,LAGO MAYOR,2015-07-29,2015-07-29,2015,7,-15.96,-69.2272,LS,E79|2015-07-29|9.0,9.0,1.7,4.67,14.09,2.0,0.00687005649717514,0.008082000643984115,0.00014938113529662771,-0.0014030459287684345,0.0012385692788517166,0.001407528641571196,1.4201391620465702,-0.9637043643085976,0.8500440422865974,0.018483187749783272,1.1764096332115037,45.99012106537546
243,E80,LAGO MAYOR,2015-07-29,2015-07-29,2015,7,-16.0316,-69.3198,LS,E80|2015-07-29|10.0,10.0,0.52,4.67,12.88,2.0,0.006689265536723161,0.006815498551035741,0.00045881348698250085,-0.0010193068713274932,0.0007639773121889158,0.0008183306055646489,1.3517158340494644,-0.8738536588720969,0.9814785355220425,0.0673191379246608,1.0188709827139584,14.579487583760349
244,E81,LAGO MAYOR,2015-07-30,2015-07-30,2015,7,-16.0352,-69.3885,LS,E81|2015-07-30|10.0,10.0,1.7,5.0,13.1,2.0,0.006576271186440676,0.00725555436299238,0.0008856167306871523,-0.0007674781148818824,0.0006366477601574278,0.0008183306055646489,1.2365809115806665,-0.7824349564174652,0.9063774947347304,0.12206051893213309,1.1032930603519344,7.425640187870131
245,E82,LAGO MAYOR,2015-07-30,2015-07-30,2015,7,-16.1109,-69.4173,LS,E82|2015-07-30|9.0,9.0,1.7,7.0,13.09,2.0,0.00672316384180791,0.007448749597509928,0.0006615450277422098,-0.0007794699604269071,0.0007987035536520426,0.0008837970540098199,1.2337491861094716,-0.8368627832301383,0.9025895895406959,0.08881289659184681,1.1079232594615607,10.162821213778036
246,E83,LAGO MAYOR,2015-07-31,2015-07-31,2015,7,-16.1837,-69.5067,LS,E83|2015-07-31|9.0,9.0,1.1,1.33,13.06,2.0,0.006542372881355932,0.008253729741333048,0.00036278275714895434,-0.0012951193188631702,0.0009723347609677091,0.0011893071467539561,1.372234844061312,-0.9157934918310368,0.7926565427255294,0.043953796467578764,1.2615804526908028,18.03385842472582
248,E85,LAGO MAYOR,2015-07-31,2015-07-31,2015,7,-16.1599,-69.4444,LS,E85|2015-07-31|9.0,9.0,1.11,1.33,13.06,2.0,0.006644067796610169,0.007362885048835462,0.0007469056764831404,-0.0008034536515169649,0.000567195277231162,0.0007637752318603393,1.244976425657018,-0.8158013912610568,0.9023728813559322,0.10144198524480202,1.1081893313298272,8.895457627118654
249,E86,LAGO MAYOR,2015-07-31,2015-07-31,2015,7,-16.1485,-69.3872,LS,E86|2015-07-31|9.0,9.0,0.52,1.0,13.47,2.0,0.0063954802259886985,0.007073092197059139,0.0008109261630388394,-0.0010552824079625841,0.0006019215186942929,0.0006655755591925817,1.3507195373688419,-0.7942859787628017,0.9041986231492671,0.11464945464389782,1.1059516951232051,7.886636931311324
250,E88,LAGO MAYOR,2015-08-03,2015-08-03,2015,8,-16.2064,-69.3781,LS,E88|2015-08-03|9.5,9.5,0.59,6.33,13.33,1.0,0.009062146892655366,0.009337769668348182,0.0017605633802816906,-0.00013191030099532196,0.0006829494154416023,0.0003818876159301706,1.0286577887848742,-0.6827336656893945,0.9704830183778166,0.18854217257568404,1.0304147327291946,5.147299435028247
251,E90,LAGO MAYOR,2015-08-02,2015-08-02,2015,8,-16.2446,-69.3569,LS,E90|2015-08-02|9.0,9.0,0.08,5.33,13.56,1.0,0.00672316384180791,0.008157132124074274,7.469056764831478e-05,-0.0015229643842187316,0.0006713740016205587,0.0006655755591925817,1.4591272679180882,-0.9818530934467368,0.8242068093963721,0.009156473931307219,1.213287719295081,67.2316384180791
252,E91,LAGO MAYOR,2015-08-02,2015-08-02,2015,8,-16.232,-69.3428,LS,E91|2015-08-02|10.0,10.0,0.59,1.0,13.38,1.0,0.008745762711864407,0.008629387141783837,0.0012590695689287243,-0.0005156493584362632,0.00045144113902072165,0.0004582651391162032,1.1271051169393247,-0.7453455117546341,1.0134859600303565,0.14590486534463834,0.9866934910179194,6.946210858948576
253,E92,LAGO MAYOR,2015-08-02,2015-08-02,2015,8,-16.2428,-69.3065,LS,E92|2015-08-02|9.0,9.0,0.59,1.0,13.44,1.0,0.008937853107344632,0.008822582376301385,0.00115236875800256,-0.0003957309029859659,0.0004282903113786344,0.0005782869612656858,1.0939212841898185,-0.7689474109776322,1.0130654185052304,0.1306158116582707,0.9871030850855532,7.756070307595737
255,E94,LAGO MAYOR,2015-08-02,2015-08-02,2015,8,-16.251,-69.2884,LS,E94|2015-08-02|9.0,9.0,0.08,2.0,13.31,1.0,0.00872316384180791,0.00860792100461522,0.001408450704225352,-0.0004796738218011723,0.0006366477601574278,0.00044735406437534166,1.1180262489561696,-0.7187702085042751,1.0133879989292305,0.16362263355695264,0.986788871643066,6.193446327683617
256,E95,LAGO MAYOR,2015-08-03,2015-08-03,2015,8,-16.2657,-69.2815,LS,E95|2015-08-03|9.0,9.0,0.59,1.33,12.69,1.0,0.005446327683615821,0.007073092197059139,-0.0009069568928723858,-0.0018227605228444664,0.00043986572519967804,0.0006983087834151663,1.6943407726509858,-1.2941733196058511,0.770006601339129,-0.12822636374646462,1.2986901648127254,54.46327683615821
257,E96,LAGO MAYOR,2015-08-03,2015-08-03,2015,8,-16.2501,-69.2737,LS,E96|2015-08-03|7.5,7.5,0.59,3.0,12.83,1.0,0.0091864406779661,0.008554255661693677,0.0016965428937259915,-0.0003957309029859659,0.0005208936219469874,0.0004909983633387897,1.0970102723677981,-0.6689929630261833,1.0739029836463008,0.19832735433933582,0.9311828118817842,5.414800127918134
258,E97,LAGO MAYOR,2015-08-02,2015-08-02,2015,8,-16.1757,-69.1958,LS,E97|2015-08-02|10.0,10.0,0.51,3.33,12.71,1.0,0.005966101694915254,0.006922829236878823,0.00029876227059325543,-0.0013430867010432942,0.00015048037967357522,0.0001854882705946536,1.4814150300698994,-0.917258479958782,0.8618010773879912,0.04315609418786606,1.1603605823177572,19.96939467312356
259,E98,LAGO MAYOR,2015-08-05,2015-08-05,2015,8,-16.1117,-69.1016,LS,E98|2015-08-05|9.0,9.0,0.6,7.0,12.94,1.0,0.007785310734463277,0.007545347214768702,0.0001707212974818613,-0.0010073150257824686,0.0005208936219469874,0.0003927986906710321,1.3081399242449117,-0.9557490255340981,1.03180284655753,0.02262603596925323,0.9691773998650655,45.602457627118525
260,E99,LAGO MAYOR,2015-08-05,2015-08-05,2015,8,-16.0745,-69.0742,LS,E99|2015-08-05|9.5,9.5,1.62,2.33,13.44,1.0,0.007186440677966103,0.008318128152838895,0.0009816474605207006,-0.000539633049526321,0.0005787706910522056,0.0005128205128205147,1.1387498411926984,-0.788887840787377,0.8639492618917444,0.11801302438285637,1.1574753797582422,7.320795873249812
261,E100,LAGO MAYOR,2015-08-01,2015-08-01,2015,8,-16.0055,-68.9959,LS,E100|2015-08-01|10.0,10.0,1.1,1.33,13.48,1.0,0.00711864406779661,0.007341418911666847,0.0007042253521126751,-0.0003957309029859659,0.0002893853455261028,0.00025095471903982655,1.113949934266096,-0.8249423560138773,0.9696550698780848,0.0959249649946461,1.031294561400819,10.108474576271199
262,E101,LAGO MAYOR,2015-08-01,2015-08-01,2015,8,-15.8962,-68.9707,LS,E101|2015-08-01|10.5,10.5,1.7,1.0,12.59,1.0,0.00598870056497175,0.00755608028335301,0.0005335040546308157,-0.0002518287564456192,0.0015626808658409544,0.0015493726132024016,1.0689538746142566,-0.8681008896399675,0.7925670903954801,0.07060592723004702,1.2617228397674367,11.22522033898304
263,E102,LAGO MAYOR,2015-08-01,2015-08-01,2015,8,-15.9356,-68.9684,LS,E102|2015-08-01|9.0,9.0,2.21,1.0,12.77,1.0,0.005446327683615821,0.006461307287753568,0.00021340162185232663,-0.0007195107327017585,0.000787128139831003,0.0008401527550463738,1.2506219440177617,-0.9360565103974902,0.8429142031270533,0.033027623102958925,1.1863603630003954,25.52149152542367
265,E104,LAGO MAYOR,2015-08-01,2015-08-01,2015,8,-15.994,-68.8804,LS,E104|2015-08-01|11.0,11.0,1.18,1.33,13.07,2.0,0.006406779661016951,0.007792207792207793,0.0011950490823730254,-0.00013191030099532196,0.000787128139831003,0.0006437534097108568,1.034439859268315,-0.7340569061108054,0.8222033898305086,0.15336463223787158,1.2162440733869304,5.361101694915258
266,E105,LAGO MAYOR,2015-08-01,2015-08-01,2015,8,-15.9864,-68.8016,LS,E105|2015-08-01|2.2,2.2,1.18,1.0,12.93,2.0,0.006632768361581921,0.014629172480412152,0.003072983354673496,-0.00014390214654035502,0.001319597175599026,0.0008619749045280969,1.0198686849867786,-0.6528124924774312,0.45339327090872156,0.2100585907226189,2.2055907402324966,2.1584133709981166
268,E107,LAGO MAYOR,2015-08-01,2015-08-01,2015,8,-16.0696,-68.9361,LS,E107|2015-08-01|10.5,10.5,1.18,7.67,13.41,2.0,0.006225988700564973,0.008167865192658582,0.0014511310285958174,-0.0003117879841707595,0.0007755527260099554,0.0004800872885979282,1.0793748422295237,-0.6982780023286923,0.7622540962307996,0.1776634401238795,1.3118984928317319,4.290438683948157
269,E109,LAGO MAYOR,2015-08-04,2015-08-04,2015,8,-16.2611,-69.2611,LS,E109|2015-08-04|10.0,10.0,1.19,3.33,13.3,1.0,0.008655367231638417,0.008082000643984115,0.0015791720017072134,-4.796738218011557e-05,0.0006713740016205587,0.00043644298963448015,1.011940920493248,-0.6730888896896104,1.0709436453808119,0.1953936990691382,0.9337559490764937,5.480952817224002
270,E110,LAGO MAYOR,2015-08-04,2015-08-04,2015,8,-16.2345,-69.2054,LS,E110|2015-08-04|9.0,9.0,1.1,4.33,13.28,1.0,0.007988700564971751,0.007845873135129333,0.001280409731113956,-0.0010193068713274932,0.00034726241463132497,0.00043644298963448015,1.2986292618055368,-0.7194016206640264,1.018204147248178,0.16319531415579658,0.982121318895256,6.23917514124294
271,E111,LAGO MAYOR,2015-08-04,2015-08-04,2015,8,-16.2565,-69.1846,LS,E111|2015-08-04|8.0,8.0,1.18,8.0,13.37,1.0,0.008350282485875707,0.008457658044434904,0.0011203585147247124,-0.0004796738218011723,0.001007061002430836,0.0009165302782324064,1.1202492379756053,-0.7660561785766837,0.987304339097766,0.1324667548437836,1.0128589133051271,7.453223567393056
272,E112,LAGO MAYOR,2015-08-04,2015-08-04,2015,8,-16.2462,-69.1419,LS,E112|2015-08-04|9.5,9.5,0.75,8.33,13.5,1.0,0.008881355932203388,0.008758183964795534,0.001472471190781049,-0.00017987768317543753,0.000787128139831003,0.0007965084560829258,1.0419376870681338,-0.7121452097716282,1.014063642406115,0.1681251726042529,0.9861314006162913,6.031599115696391
273,E113,LAGO MAYOR,2015-08-04,2015-08-04,2015,8,-16.2174,-69.1367,LS,E113|2015-08-04|9.5,9.5,0.67,10.33,13.34,1.0,0.008056497175141245,0.0080605345068155,0.0004268032437046514,-0.0009953231802374354,0.00046301655284176533,0.00034915439170758413,1.2817530837659923,-0.8994257785036577,0.9994991235791073,0.052949744628445226,1.0005011274238031,18.87637288135597
274,E115,LAGO MAYOR,2015-08-04,2015-08-04,2015,8,-16.1709,-69.1375,LS,E115|2015-08-04|10.0,10.0,0.52,8.33,13.14,1.0,0.006429378531073447,0.007470215734678544,0.0002240717029449425,-0.0008034536515169649,0.0002662345178840156,9.819967266775945e-05,1.2410324595293531,-0.9417562248253455,0.8606683875576338,0.029995345637040653,1.1618876845677524,28.693397901533483
275,E116,LAGO MAYOR,2015-08-05,2015-08-05,2015,8,-16.1501,-69.1207,LS,E116|2015-08-05|9.0,9.0,2.21,2.33,12.88,1.0,0.006632768361581921,0.008157132124074274,0.0006188647033717463,-0.0007794699604269071,0.00016205579349461887,0.0002618657937806881,1.2113052448009982,-0.8589641393400738,0.813125037169194,0.0758679268594021,1.2298231566960363,10.717638807714776
276,E117,LAGO MAYOR,2015-08-04,2015-08-04,2015,8,-16.1653,-69.1027,LS,E117|2015-08-04|9.0,9.0,0.59,6.0,13.71,1.0,0.008305084745762711,0.008972845336481702,0.000970977379428083,-0.0006115841227964943,0.000787128139831003,0.0006546644844517202,1.1462897842853177,-0.8047073425337278,0.9255798394290808,0.10821287373362976,1.0804038262294295,8.55332464146024
277,E118,LAGO MAYOR,2015-08-05,2015-08-05,2015,8,-16.0851,-69.1499,LS,E118|2015-08-05|9.0,9.0,1.11,10.33,13.06,1.0,0.009423728813559322,0.009241172051089408,0.0017712334613743065,-8.39429188152064e-05,0.00045144113902072165,0.00020731042007637854,1.0183335828853652,-0.6783202727996567,1.0197547195810939,0.19166762090156111,0.980627969450135,5.32043291811313
278,E119,LAGO MAYOR,2015-08-05,2015-08-05,2015,8,-16.0439,-69.1309,LS,E119|2015-08-05|9.0,9.0,1.03,9.33,13.11,1.0,0.006779661016949151,0.008082000643984115,0.0006295347844643621,-0.0007674781148818824,0.00045144113902072165,0.0005019094380796513,1.2098503372990257,-0.8554708943399362,0.8388592522565105,0.07789343408837267,1.1920950949876572,10.76931916116058
279,E120,LAGO MAYOR,2015-08-05,2015-08-05,2015,8,-16.1421,-68.9605,LS,E120|2015-08-05|10.0,10.0,0.59,6.0,13.66,2.0,0.006983050847457625,0.009434367285606956,0.002187366623986342,0.0003717472118959081,0.0009954855886097965,0.0008947081287506833,0.924180433732282,-0.6235730480858321,0.7401716125797803,0.23185090825575363,1.3510380336184722,3.192446465481604
280,E121,LAGO MAYOR,2015-08-05,2015-08-05,2015,8,-16.2068,-68.8643,LS,E121|2015-08-05|9.0,9.0,0.59,5.33,13.58,2.0,0.006101694915254236,0.009273371256842331,0.0016858728126333757,0.000551624895071354,0.0015626808658409544,0.0011347517730496465,0.8877098106916174,-0.692337692615532,0.6579802259887004,0.1817971874456616,1.5198025115380491,3.619309161124222
281,E125,LAGO MENOR,2015-08-06,2015-08-06,2015,8,-16.2135,-68.733,LS,E125|2015-08-06|8.0,8.0,1.19,2.0,13.53,2.0,0.005898305084745761,0.011634646345390147,0.0022727272727272726,0.0010312987168725263,0.0012964463479569388,0.0010038188761593025,0.8371540172675751,-0.6731622128354056,0.5069604102820687,0.1953413284132841,1.97254061602879,2.595254237288135
286,E130,LAGO MENOR,2015-08-07,2015-08-07,2015,8,-16.217,-68.9353,LS,E130|2015-08-07|4.5,4.5,1.19,5.0,12.67,3.0,0.005649717514124295,0.01031447890952023,0.002315407597097738,9.593476436023946e-05,0.0007061002430836936,0.0005237315875613762,0.9815693673373188,-0.6333446207047401,0.547746285942727,0.22448129638043315,1.8256627669850805,2.4400531125517464
287,E131,LAGO MENOR,2015-08-07,2015-08-07,2015,8,-16.2875,-68.9046,LS,E131|2015-08-07|5.0,5.0,1.7,8.67,12.56,3.0,0.005322033898305083,0.01063647096704948,0.00245411865130175,-4.796738218011557e-05,0.0009376085195045743,0.00042553191489361864,1.0090601806507518,-0.6250560081129711,0.5003571123159279,0.23072677572329364,1.9985725702417818,2.168613117170228
288,E132,LAGO MENOR,2015-08-07,2015-08-07,2015,8,-16.3144,-68.8451,LS,E132|2015-08-07|5.0,5.0,2.29,6.33,12.62,3.0,0.008666666666666666,0.01787055919287324,0.003072983354673496,-0.0003117879841707595,0.0008797314503993521,0.0008619749045280969,1.0355135860827709,-0.7065459483781142,0.484968968968969,0.17195787336632412,2.0619875991776815,2.820277777777777
290,E135,LAGO MENOR,2015-08-07,2015-08-07,2015,8,-16.2659,-69.0601,LS,E135|2015-08-07|8.0,8.0,1.86,5.0,12.78,1.0,0.0039774011299435015,0.008597187936030913,0.0004801536491677326,-0.0013790622376783767,0.0009491839333256139,0.0011783960720130944,1.3821107041507412,-0.8942082124452011,0.46263977937183015,0.05585008176399206,2.161508898689591,8.283600753295683
291,E136,LAGO MENOR,2015-08-07,2015-08-07,2015,8,-16.3028,-68.9852,LS,E136|2015-08-07|5.0,5.0,1.7,9.0,12.38,4.0,0.006971751412429376,0.011473650316625523,0.0022620571916346565,-0.00023983691090058616,0.00047459196666280895,0.00024004364429896502,1.042699016066771,-0.6706310868093431,0.607631505234841,0.1971523559818531,1.6457342836650877,3.0820402942117036
292,E137,LAGO MENOR,2015-08-08,2015-08-08,2015,8,-16.3653,-68.9031,LS,E137|2015-08-08|6.0,6.0,1.7,6.33,11.82,5.0,0.0065988700564971765,0.012396694214876033,0.002368758002560819,-0.0004436982851660898,0.0006134969325153405,0.0004037097654118937,1.074240424853327,-0.6791485547137153,0.5323088512241055,0.19107981220657272,1.8786086267406314,2.7857932508779975
294,E139,LAGO MENOR,2015-08-08,2015-08-08,2015,8,-16.4224,-68.903,LS,E139|2015-08-08|4.0,4.0,1.7,10.33,12.77,5.0,0.009310734463276836,0.01770956316410862,0.0031370038412291933,-0.0008993884158772043,0.0006945248292626459,0.0007419530823786144,1.107005177024616,-0.6990387731519206,0.5257461393596986,0.17713615023474177,1.9020586650772,2.9680341289057997
295,E141,LAGO MENOR,2015-08-08,2015-08-08,2015,8,-16.4109,-69.0216,LS,E141|2015-08-08|4.0,4.0,1.1,6.67,12.61,5.0,0.012531073446327683,0.01883653536546099,0.004257362355953904,-1.1991845545024731e-05,0.0008565806227572648,0.0004909983633387897,1.0012740117597363,-0.6312997725233751,0.6652536256378063,0.22601621122747872,1.5031860954403045,2.943388980926894
296,E142,LAGO MENOR,2015-08-08,2015-08-08,2015,8,-16.4626,-69.0104,LS,E142|2015-08-08|5.0,5.0,2.22,4.33,12.01,5.0,0.008519774011299433,0.0133948695932167,0.0030516431924882625,1.1991845545033053e-05,0.0006829494154416023,0.0005237315875613762,0.998211013859535,-0.6289008440024899,0.6360475517890771,0.2278217918622848,1.5722094946945335,2.7918644067796605
297,E143,LAGO MENOR,2015-08-09,2015-08-09,2015,8,-16.4818,-68.9406,LS,E143|2015-08-09|6.0,6.0,1.7,4.67,11.61,5.0,0.009152542372881356,0.016142535150799612,0.0025288092189500646,-0.0002038613742654953,0.0009376085195045743,0.0005564648117839608,1.025580655496608,-0.7291239952052831,0.566982960692391,0.15665502322445315,1.7637214331429205,3.6193091611242214
299,E145,LAGO MENOR,2015-08-09,2015-08-09,2015,8,-16.5139,-68.977,LS,E145|2015-08-09|6.0,6.0,1.7,9.33,11.55,5.0,0.00711864406779661,0.013427068798969623,0.0028809218950064013,-0.0003357716752608256,0.0006250723463363842,0.0005346426623022377,1.0512968495695216,-0.6466858152655819,0.5301711173434135,0.21456074576958148,1.886183474140971,2.4709604519774016
301,E147,LAGO MENOR,2015-08-09,2015-08-09,2015,8,-16.56,-68.9168,LS,E147|2015-08-09|6.0,6.0,1.03,9.0,11.74,5.0,0.007649717514124292,0.013684662444993024,0.0022727272727272726,-0.0003717472118959081,0.0009376085195045743,0.0010365521003818888,1.055847525123265,-0.7151504512321726,0.5589993574831061,0.16607843137254902,1.7889108218343912,3.3658757062146885
304,E01,BAHIA PUNO,2016-08-03,2016-08-03,2016,8,-15.853,-69.9605,LS,E01|2016-08-03|8.5,8.5,0.18,30.0,12.9,1.0,0.006531073446327684,0.010657937104218095,0.0015578318395219797,-0.0002638206019906439,0.0027896747308716273,0.0028477905073649766,1.0507633480060445,-0.744947335010957,0.6127896404776942,0.14616635698717306,1.6318813732237047,4.192412351985142
305,E02,BAHIA PUNO,2016-08-03,2016-08-03,2016,8,-15.8482,-69.9182,LS,E02|2016-08-03|9.5,9.5,0.03,38.75,13.0,1.0,0.009457627118644066,0.010690136309971019,0.0012910798122065718,-0.001067274253507617,0.0007755527260099554,0.0007310420076377528,1.2218204181531527,-0.7844826115676106,0.8847059424137227,0.12077299809566899,1.1303190722012368,7.325362095531592
307,E04,BAHIA PUNO,2016-08-03,2016-08-03,2016,8,-15.8789,-69.8907,LS,E04|2016-08-03|7.0,7.0,1.27,1.5,13.2,1.0,0.010836158192090398,0.011870773854244928,0.001728553137003841,-0.000539633049526321,0.0009260331056835266,0.00110201854882706,1.0952476915083005,-0.7457883745261276,0.9128434527640709,0.14561419147798182,1.095478087696221,6.268918183720445
308,E05,BAHIA PUNO,2016-08-03,2016-08-03,2016,8,-15.8398,-69.8918,LS,E05|2016-08-03|7.0,7.0,0.37,37.25,13.0,1.0,0.009502824858757064,0.009133841365246323,0.00036278275714895434,-0.001319103009953228,0.000567195277231162,0.0005455537370430992,1.3375934756057528,-0.9235974354103069,1.0403974055116283,0.039718530532982466,0.9611711781501777,26.19425722831506
310,E07,BAHIA PUNO,2016-08-03,2016-08-03,2016,8,-15.7748,-69.8851,LS,E07|2016-08-03|5.0,5.0,0.25,39.5,12.6,1.0,0.010847457627118645,0.013126542878608994,0.001227059325650875,-0.0014030459287684345,0.0005440444495890748,0.0004800872885979282,1.239356109374765,-0.82902414004496,0.8263758193938219,0.09347924560171056,1.2101031716217665,8.840206337509212
311,E08,BAHIA PUNO,2016-08-03,2016-08-03,2016,8,-15.801,-69.8724,LS,E08|2016-08-03|8.5,8.5,0.76,21.5,12.7,1.0,0.011084745762711864,0.009874423097563591,0.001536491677336748,-0.0008993884158772043,0.0005093182081259438,0.0006110201854882722,1.200419908683463,-0.7306978322079206,1.1225714812085485,0.15560318432333134,0.8908118696578775,7.214322033898304
312,E09,BAHIA PUNO,2016-08-03,2016-08-03,2016,8,-15.8342,-69.8592,LS,E09|2016-08-03|6.0,6.0,0.49,44.0,12.8,1.0,0.013152542372881357,0.01819255125040249,0.0015044814340588986,-0.0015229643842187316,0.0005208936219469874,0.0006655755591925817,1.1827236397737517,-0.8472377152661565,0.7229630518474076,0.08269766089160328,1.3831965512548285,8.742243058059865
314,E13,BAHIA PUNO,2016-08-04,2016-08-04,2016,8,-15.7895,-69.7698,LS,E13|2016-08-04|9.0,9.0,0.88,20.0,12.5,1.0,0.008282485875706215,0.007470215734678544,0.000842936406316687,-0.0009953231802374354,0.0003819886560944559,0.00043644298963448015,1.3074406310679028,-0.7972040471238636,1.108734495746477,0.11283963358696225,0.9019291848827438,9.825754130015032
315,E14,BAHIA PUNO,2016-08-04,2016-08-04,2016,8,-15.7489,-69.783,LS,E14|2016-08-04|9.5,9.5,0.21,17.0,12.7,1.0,0.009468926553672315,0.009187506708167866,0.0016752027315407598,-0.0005756085861614117,0.0006250723463363842,0.0005346426623022377,1.1336773870679764,-0.6915680960403665,1.0306307091187494,0.18233485805800534,0.9702796463876566,5.652406347835473
316,E15,BAHIA PUNO,2016-08-04,2016-08-04,2016,8,-15.715,-69.8226,LS,E15|2016-08-04|8.5,8.5,0.51,33.5,12.5,1.0,0.008429378531073449,0.011033594504668884,0.0017712334613743065,-0.0008993884158772043,0.0005324690357680312,0.0008728859792689585,1.1774954681697631,-0.7233490636897378,0.7639739277627561,0.16053095486015967,1.3089451925780107,4.7590443128446
317,E16,BAHIA PUNO,2016-08-04,2016-08-04,2016,8,-15.6737,-69.8541,LS,E16|2016-08-04|6.5,6.5,0.01,26.5,12.4,1.0,0.007706214689265536,0.013995921433937965,0.003894579598804949,-0.0008873965703321713,0.001007061002430836,0.0011347517730496465,1.1353921988735465,-0.5646203676479117,0.5506043118089493,0.27826532302197626,1.8161862857822726,1.9787025771999078
318,E17,BAHIA PUNO,2016-08-04,2016-08-04,2016,8,-15.6048,-69.9059,LS,E17|2016-08-04|3.5,3.5,1.98,25.75,12.5,1.0,0.008632768361581921,0.015874208436191906,0.005431071276141697,-0.0006955270416117007,0.0017826137284407955,0.0017021276595744687,1.0916451801982563,-0.49016660709871274,0.5438235485115536,0.34213178552949425,1.8388317363913398,1.5895148346708408
320,E27,LAGO MAYOR,2016-08-05,2016-08-05,2016,8,-15.4508,-69.8379,LS,E27|2016-08-05|9.8,9.8,0.04,24.75,12.9,1.0,0.01127683615819209,0.010593538692712245,0.0016858728126333757,-0.0008993884158772043,0.0003935640699154995,0.0005346426623022377,1.1855526884599719,-0.7254146626478326,1.0645013423087712,0.1591416108946825,0.9394069882815969,6.68901952370736
321,E28,LAGO MAYOR,2016-08-05,2016-08-05,2016,8,-15.3928,-69.7822,LS,E28|2016-08-05|8.8,8.8,0.28,25.25,12.9,1.0,0.010858757062146894,0.011044327573253193,0.001280409731113956,-0.0015469480753087894,0.0006482231739784715,0.0006546644844517202,1.325762998680238,-0.7922211085552616,0.9831976632460895,0.11593369742263099,1.0170894799509964,8.480689265536727
322,E32,LAGO MAYOR,2016-08-05,2016-08-05,2016,8,-15.3384,-69.7205,LS,E32|2016-08-05|9.8,9.8,0.62,19.0,13.1,1.0,0.014824858757062142,0.015015562949447248,0.0020273154075970985,-0.001331094855498261,0.00048616738048385256,0.0005673758865248242,1.1945408837361249,-0.7620923242927087,0.9872995642569548,0.13501427914640576,1.0128638117576845,7.312556645851913
323,E33,LAGO MAYOR,2016-08-05,2016-08-05,2016,8,-15.333,-69.756,LS,E33|2016-08-05|4.6,4.6,0.32,23.75,13.2,1.0,0.032836158192090396,0.05246323924009875,0.03695049082373026,-0.0005756085861614117,0.00032411158698923773,0.0007746863066012008,1.022186716479966,-0.17349402862178445,0.6258888827244399,0.7043120356069861,1.5977276919300547,0.8886528286926688
324,E36,LAGO MAYOR,2016-08-05,2016-08-05,2016,8,-15.2971,-69.6814,LS,E36|2016-08-05|9.0,9.0,0.02,14.75,12.8,1.0,0.011988700564971753,0.01204250295159386,0.0016858728126333757,-0.0009473557980573199,0.0008565806227572648,0.0007965084560829258,1.1707692921171773,-0.7543958267482365,0.9955322920128505,0.13999355610788916,1.004487757979318,7.111272259171854
325,E39,LAGO MAYOR,2016-08-06,2016-08-06,2016,8,-15.3748,-69.5276,LS,E39|2016-08-06|5.0,5.0,1.76,17.0,12.5,1.0,0.01280225988700565,0.01798862294730063,0.002443448570209134,-0.0012231682455929968,0.0018752170390091444,0.001963993453355157,1.1459152399261552,-0.7608222006734597,0.7116864878713106,0.13583299718758057,1.4051130898818234,5.239422692620827
326,E41,LAGO MAYOR,2016-08-06,2016-08-06,2016,8,-15.4392,-69.6009,LS,E41|2016-08-06|11.0,11.0,0.27,16.5,12.4,1.0,0.007988700564971751,0.006804765482451433,-7.469056764831478e-05,-0.0016668665307590868,0.00043986572519967804,0.00042553191489361864,1.6488511050940358,-1.0221959064336943,1.1739861697766847,-0.01097621480724525,0.8517987909433548,79.88700564971751
327,E42,LAGO MAYOR,2016-08-06,2016-08-06,2016,8,-15.4967,-69.6685,LS,E42|2016-08-06|11.0,11.0,0.37,23.25,12.5,1.0,0.008463276836158192,0.007695610174949019,0.0005548442168160474,-0.0012231682455929968,0.0006597985877995151,0.0004909983633387897,1.3779616935810344,-0.8654996141498207,1.0997538393652142,0.07209879453382305,0.9092943931682086,15.253428943937429
328,E43,LAGO MAYOR,2016-08-04,2016-08-04,2016,8,-15.5603,-69.7411,LS,E43|2016-08-04|11.0,11.0,0.43,0.75,13.1,1.0,0.007830508474576269,0.0074165503917570045,0.00021340162185232663,-0.0015349562297637565,0.00034726241463132497,0.00044735406437534166,1.5219521872850448,-0.9440620089083936,1.0558154480119695,0.028773703484777525,0.9471352231897476,36.6937627118643
329,E22,LAGO MAYOR,2016-08-05,2016-08-05,2016,8,-15.6181,-69.807,LS,E22|2016-08-05|10.2,10.2,0.09,20.0,12.6,1.0,0.009581920903954804,0.008779650101964154,0.0016965428937259915,-0.00014390214654035502,0.0010533626577150185,0.001014729950900164,1.0333269638298082,-0.6761145518259893,1.0913784481925046,0.1932358207927269,0.9162724457828154,5.647909604519778
330,E48,LAGO MAYOR,2016-08-08,2016-08-08,2016,8,-15.5361,-69.3597,LS,E48|2016-08-08|14.5,14.5,0.24,17.25,13.4,1.0,0.00480225988700565,0.004894279274444564,-0.0003521126760563385,-0.001367070392133352,0.0008797314503993521,0.0009165302782324064,1.7751565332072479,-1.1550414723495823,0.9811985826147289,-0.07194372374598478,1.019161684207868,48.0225988700565
331,E49,LAGO MAYOR,2016-08-08,2016-08-08,2016,8,-15.6063,-69.4449,LS,E49|2016-08-08|12.8,12.8,0.15,26.75,12.8,1.0,0.009389830508474578,0.008114199849737038,0.0012377294067434908,-0.0003117879841707595,0.0007292510707257809,0.0004691762138570666,1.079920785926811,-0.7352995856901752,1.1572096672944134,0.15253868892366543,0.8641476374268685,7.586335476329636
332,E50,LAGO MAYOR,2016-08-08,2016-08-08,2016,8,-15.6687,-69.5211,LS,E50|2016-08-08|11.9,11.9,0.6,17.5,12.4,1.0,0.008033898305084743,0.007942470752388107,0.0006508749466495939,-0.001067274253507617,0.00043986572519967804,0.0006328423349699953,1.3104707184575874,-0.8485164233575074,1.011511223087494,0.08194867402613874,0.9886197771959883,12.34322867463185
333,E51,LAGO MAYOR,2016-08-06,2016-08-06,2016,8,-15.7371,-69.6038,LS,E51|2016-08-06|9.4,9.4,0.26,16.25,12.7,1.0,0.008903954802259886,0.007835140066545024,0.0009069568928723858,-0.0009233721069672621,0.00045144113902072165,0.0005564648117839608,1.2671882154532175,-0.7925080690967624,1.1364129711322652,0.11575503247797288,0.8799617968137496,9.817395812562312
334,E52,LAGO MAYOR,2016-08-06,2016-08-06,2016,8,-15.8028,-69.6843,LS,E52|2016-08-06|10.3,10.3,0.4,26.5,13.0,1.0,0.007163841807909603,0.0076741440377804,0.0006935552710200593,-0.0011032497901426997,0.0006597985877995151,0.0007855973813420624,1.335798775833271,-0.8342302555241768,0.9335036940460668,0.09037558685446004,1.0712330399740781,10.329157757496745
336,E58,LAGO MAYOR,2016-08-09,2016-08-09,2016,8,-15.9519,-69.5453,LS,E58|2016-08-09|5.0,5.0,0.33,27.25,12.9,1.0,0.011480225988700564,0.013888590748094879,0.002123346137430645,-0.0015229643842187316,0.00043986572519967804,0.0005455537370430992,1.2463221378751528,-0.7347795560273677,0.8265940149669487,0.1528842037282946,1.2097837413448789,5.406667234477471
337,E59,LAGO MAYOR,2016-08-09,2016-08-09,2016,8,-15.8876,-69.4615,LS,E59|2016-08-09|13.0,13.0,0.19,14.75,13.0,1.0,0.007638418079096043,0.006751100139529891,0.0006828851899274434,-0.000959347643602353,0.0007524018983678681,0.0006655755591925817,1.3312803779639157,-0.8162800791759615,1.1314330881230181,0.10115169021548476,0.8838348555449638,11.185508474576269
338,E60,LAGO MAYOR,2016-08-09,2016-08-09,2016,8,-15.8271,-69.3776,LS,E60|2016-08-09|12.0,12.0,0.21,16.25,12.6,1.0,0.008225988700564969,0.007566813351937318,0.0008536064874093047,-0.0006595515049766182,0.00046301655284176533,0.0004909983633387897,1.1909731885378678,-0.7972531293399013,1.0871139960732457,0.11280924316585096,0.9198667330308419,9.636745762711858
339,E61,LAGO MAYOR,2016-08-08,2016-08-08,2016,8,-15.7585,-69.3045,LS,E61|2016-08-08|10.2,10.2,0.27,19.25,13.2,1.0,0.005740112994350284,0.005624127938177525,-6.402048655569892e-05,-0.0014150377743134676,0.0010649380715360582,0.0011783960720130944,1.6723718823017488,-1.0230283229590693,1.0206227627549922,-0.011383184603806237,0.9797939419856513,57.40112994350284
341,E68,LAGO MAYOR,2016-08-08,2016-08-08,2016,8,-15.9935,-69.4278,LS,E68|2016-08-08|5.5,5.5,0.28,17.0,13.3,1.0,0.005830508474576273,0.006257378984651712,-2.134016218523359e-05,-0.001474997002038616,0.0002778099317050592,0.0005891980360065472,1.6168458307923625,-1.0068439788047387,0.9317812599936044,-0.003410399503942047,1.07321325608852,58.30508474576273
343,E72,LAGO MAYOR,2016-08-09,2016-08-09,2016,8,-15.6921,-69.1709,LS,E72|2016-08-09|5.8,5.8,0.72,23.25,11.9,1.0,0.010553672316384181,0.01959858323494687,0.0033077251387110544,-0.0014150377743134676,0.001921518694293319,0.0020185488270594663,1.1556393058281522,-0.7111952357969187,0.5384915934926146,0.1687736862944737,1.8570392037396124,3.1906134499726626
344,E76,LAGO MAYOR,2016-08-11,2016-08-11,2016,8,-15.8125,-69.0449,LS,E76|2016-08-11|12.5,12.5,0.17,18.25,13.4,1.0,0.003740112994350283,0.005742191692604915,-0.0005228339735381998,-0.001474997002038616,0.000914457691862487,0.0009383524277141314,1.6913188937172317,-1.200343950925714,0.6513389302497493,-0.0910512921767366,1.5352989872976885,37.40112994350283
345,E78,LAGO MAYOR,2016-08-11,2016-08-11,2016,8,-15.8903,-69.1327,LS,E78|2016-08-11|13.5,13.5,0.22,13.75,12.9,1.0,0.005875706214689265,0.00638617580766341,0.0002774221084080237,-0.0008873965703321713,0.0013774742447042482,0.0015711947626841248,1.3227610604648778,-0.9167349019944975,0.9200664672648721,0.04344103838718583,1.0868779980350227,21.179661016949165
346,E79,LAGO MAYOR,2016-08-11,2016-08-11,2016,8,-15.96,-69.2272,LS,E79|2016-08-11|11.5,11.5,0.61,18.75,12.4,1.0,0.005559322033898306,0.006461307287753568,0.000640204865556978,-0.0005156493584362632,0.0015395300381988671,0.0016584833606110207,1.1734538978997475,-0.819698886213136,0.8604020496649589,0.0990828693088765,1.1622473474922574,8.683661016949157
347,E80,LAGO MAYOR,2016-08-11,2016-08-11,2016,8,-16.0316,-69.3198,LS,E80|2016-08-11|10.5,10.5,0.34,41.5,12.3,1.0,0.008836158192090396,0.008017602232478264,0.0015151515151515145,-0.0003837390574409412,0.0006366477601574278,0.00032733224222586106,1.1005358619546215,-0.6821166482798183,1.1020948577738452,0.18897813476126724,0.9073629124991386,5.831864406779664
348,E82,LAGO MAYOR,2016-08-10,2016-08-10,2016,8,-16.1109,-69.4173,LS,E82|2016-08-10|8.2,8.2,1.08,10.25,12.3,1.0,0.005468926553672317,0.0060427176129655485,-0.0002774221084080237,-0.0015109725386736987,0.0004051394837365431,0.0008074195308237874,1.6668387918931709,-1.0962384530227438,0.9050442042729123,-0.04591015602198146,1.104918406502998,54.68926553672317
349,E83,LAGO MAYOR,2016-08-10,2016-08-10,2016,8,-16.1837,-69.5067,LS,E83|2016-08-10|5.5,5.5,0.65,11.5,12.3,1.0,0.009581920903954804,0.011430718042288292,0.0018992744344857025,-0.0007315025782467916,0.0011806922097465026,0.001167484997272233,1.1367393735242692,-0.7150373797564157,0.8382606296915202,0.16615530428265998,1.1929463994605114,5.045042848981146
350,E84,LAGO MAYOR,2016-08-10,2016-08-10,2016,8,-16.2007,-69.4624,LS,E84|2016-08-10|4.7,4.7,1.77,21.75,12.7,1.0,0.01110734463276836,0.016153268219383923,0.003275714895433205,-0.0006475596594315851,0.0019446695219354144,0.002400436442989635,1.0835252533175368,-0.6628011659204511,0.6876221258704506,0.20278960585216724,1.4542871184287665,3.390815436426876
351,E85,LAGO MAYOR,2016-08-10,2016-08-10,2016,8,-16.1599,-69.4444,LS,E85|2016-08-10|9.8,9.8,0.26,27.5,12.4,1.0,0.007231638418079095,0.007641944832027477,0.0009282970550576176,-0.0009353639525122952,0.0007176756569047372,0.0006546644844517202,1.2789389496218042,-0.7833672703823803,0.9463086396241984,0.1214739278366829,1.0567376838037996,7.790220144165212
352,E88,LAGO MAYOR,2016-08-10,2016-08-10,2016,8,-16.2064,-69.3781,LS,E88|2016-08-10|6.5,6.5,0.21,18.0,12.8,1.0,0.006316384180790962,0.007116024471396371,0.0005014938113529661,-0.0011032497901426997,0.0009839101747887487,0.0012656846699399906,1.3669683848617051,-0.8683313313065968,0.8876282264318159,0.07047387391215063,1.1265977919831462,12.595138838802747
353,E94,LAGO MAYOR,2016-08-10,2016-08-10,2016,8,-16.251,-69.2884,LS,E94|2016-08-10|7.4,7.4,0.21,6.5,13.3,1.0,0.006169491525423728,0.009230438982505097,9.603072983354652e-05,-0.0014030459287684345,0.0018057645560828827,0.0018330605564648129,1.3584961787119034,-0.9794067374904207,0.6683854946787544,0.010403701277432013,1.496142582329123,61.69491525423728
354,E97,LAGO MAYOR,2016-08-10,2016-08-10,2016,8,-16.1757,-69.1958,LS,E97|2016-08-10|9.5,9.5,0.13,10.25,13.6,1.0,0.0076723163841807916,0.007169689814317914,0.0013764404609475026,-0.00029979613862573477,0.0007061002430836936,0.00036006546644844564,1.0872780887562963,-0.6778797524603307,1.0701043675361142,0.19198047566838145,0.9344882894950447,5.574027066088559
355,E98,LAGO MAYOR,2016-08-10,2016-08-10,2016,8,-16.1117,-69.1016,LS,E98|2016-08-10|9.0,9.0,0.22,25.5,12.9,1.0,0.0050508474576271166,0.005828056241279381,-0.000320102432778489,-0.0015469480753087894,0.00047459196666280895,0.0004909983633387897,1.722685414146907,-1.116232592280695,0.8666435683740673,-0.05492438980105308,1.153876906830482,50.50847457627116
356,E99,LAGO MAYOR,2016-08-12,2016-08-12,2016,8,-16.0745,-69.0742,LS,E99|2016-08-12|9.2,9.2,0.44,25.0,12.9,1.0,0.005875706214689265,0.0061071160244713955,-0.0003521126760563385,-0.0012111764000479637,0.0005903461048732492,0.0007201309328968913,1.494767397302984,-1.122367301478516,0.9621081687567643,-0.057656130102230335,1.0393841695494588,58.75706214689265
357,E100,LAGO MAYOR,2016-08-12,2016-08-12,2016,8,-16.0055,-68.9959,LS,E100|2016-08-12|10.2,10.2,0.22,21.75,12.1,1.0,0.004553672316384179,0.006128582161640014,-0.00019206145966709303,-0.001187192708957906,0.0015395300381988671,0.0015602836879432633,1.4805093709255528,-1.064704879156178,0.7430221536208649,-0.031338644828691864,1.3458548915760333,45.53672316384179
359,E104,LAGO MAYOR,2016-08-11,2016-08-11,2016,8,-15.994,-68.8804,LS,E104|2016-08-11|11.5,11.5,0.4,7.5,13.0,3.0,0.004169491525423727,0.006665235590855424,0.0013230900554844214,0.0003597553663508834,0.0009491839333256139,0.0007637752318603393,0.8975782837781494,-0.6687440025776499,0.6255580119544747,0.1985061199186531,1.5985727636604479,3.151328594860579
361,E113,LAGO MAYOR,2016-08-10,2016-08-10,2016,8,-16.2174,-69.1367,LS,E113|2016-08-10|9.3,9.3,0.23,19.5,13.1,1.0,0.005389830508474576,0.0061393152302243225,-8.536064874093065e-05,-0.0012951193188631702,0.0003588378284523686,0.00044735406437534166,1.534709402842693,-1.0281997935373073,0.8779204693611471,-0.01390393643914774,1.139055341456714,53.89830508474576
362,E117,LAGO MAYOR,2016-08-10,2016-08-10,2016,8,-16.1653,-69.1027,LS,E117|2016-08-10|10.0,10.0,0.3,17.5,13.4,1.0,0.006011299435028246,0.007137490608564991,0.000256081946222792,-0.000959347643602353,0.00043986572519967804,0.00042553191489361864,1.3105616020095947,-0.9307283698944299,0.8422146892655362,0.03587842846553011,1.1873457121391013,23.47412429378524
363,E119,LAGO MAYOR,2016-08-10,2016-08-10,2016,8,-16.0439,-69.1309,LS,E119|2016-08-10|10.5,10.5,0.97,14.2,12.9,1.0,0.0034124293785310717,0.005087474508962112,-0.0009816474605207006,-0.001474997002038616,0.0020372728325037635,0.0022367703218767066,1.816611918499563,-1.478172465548496,0.6707511502062025,-0.19295378459222295,1.4908658743150567,34.12429378531072
364,E120,LAGO MAYOR,2016-08-12,2016-08-12,2016,8,-16.1264,-68.9337,LS,E120|2016-08-12|14.2,14.2,0.56,15.5,12.8,2.0,0.0038305084745762718,0.006407641944832029,0.000448143405889885,-0.0004796738218011723,0.0008681560365783125,0.0008619749045280969,1.1618339474602135,-0.8692654983792791,0.597803139993754,0.06993889635973295,1.6727914811729632,8.547506053268762
365,E121,LAGO MAYOR,2016-08-12,2016-08-12,2016,8,-16.2068,-68.8643,LS,E121|2016-08-12|10.5,10.5,0.32,14.0,13.3,2.0,0.005841807909604521,0.007910271546635183,0.0020273154075970985,0.000827437342607031,0.0015279546243778194,0.001123840698308785,0.8106053295210076,-0.5919903467654457,0.7385091491694074,0.25628897764697645,1.3540793653331016,2.8815486173059766
366,E01,BAHIA PUNO,2017-07-10,2017-07-10,2017,7,-15.853,-69.9605,LS,E01|2017-07-10|5.3,5.3,1.62,31.5,13.9,1.0,0.011299435028248586,0.015047762155200171,0.005889884763124198,0.002830075548626935,0.0033568700081027933,0.002891434806328425,0.683398413475886,-0.437388068984631,0.7509046801582887,0.3914126700287315,1.3317269507352154,1.9184475558830756
367,E02,BAHIA PUNO,2017-07-11,2017-07-11,2017,7,-15.8461,-69.9271,LS,E02|2017-07-11|6.0,6.0,1.62,35.0,12.7,1.0,0.00576271186440678,0.009734893205967586,0.0006508749466495939,-0.0016788583763041114,0.0004051394837365431,0.0007528641571194778,1.4167950371129971,-0.8746601359831738,0.5919645693569787,0.06685999865418155,1.689290291623787,8.853792720200065
368,E05,BAHIA PUNO,2017-07-11,2017-07-11,2017,7,-15.84,-69.8923,LS,E05|2017-07-11|6.6,6.6,1.1,24.25,13.3,1.0,0.006621468926553673,0.009241172051089408,0.000576184379001281,-0.0015589399208538225,0.00034726241463132497,0.0006110201854882722,1.4058557959451083,-0.882619150193056,0.7165183041660925,0.062349708004122345,1.3956377585689632,11.491927181418697
371,E14,BAHIA PUNO,2017-07-12,2017-07-12,2017,7,-15.7489,-69.783,LS,E14|2017-07-12|10.6,10.6,1.7,35.5,11.5,1.0,0.004045197740112994,0.005892454652785231,-0.0005548442168160474,-0.0016548746852140537,0.0004051394837365431,0.0007310420076377528,1.7810466385790689,-1.2078996283157883,0.6865046875160795,-0.0941618136261405,1.4566542926578019,40.45197740112994
372,E15,BAHIA PUNO,2017-07-12,2017-07-12,2017,7,-15.715,-69.8226,LS,E15|2017-07-12|6.6,6.6,1.62,44.0,11.5,1.0,0.006045197740112995,0.00964902865729312,0.0008749466495945364,-0.0013550785465883189,0.0003935640699154995,0.0009819967266775794,1.3267629694222223,-0.8337230863923731,0.6265084243006983,0.09067717390736703,1.5961477311597028,6.909218685407198
373,E16,BAHIA PUNO,2017-07-12,2017-07-12,2017,7,-15.6737,-69.8541,LS,E16|2017-07-12|6.0,6.0,0.59,23.5,11.2,1.0,0.006316384180790962,0.01272941934098959,0.0026781903542466923,-0.0007914618059719402,0.0012385692788517166,0.0012656846699399906,1.1325957538971752,-0.6523548125375814,0.4962036375415631,0.2103937565810829,2.0153016309080116,2.3584522925248166
374,E17,BAHIA PUNO,2017-07-11,2017-07-11,2017,7,-15.6048,-69.9059,LS,E17|2017-07-11|4.2,4.2,2.72,30.75,11.4,1.0,0.009559322033898303,0.02047869485886015,0.006615450277422107,-0.0017867849862093757,0.0014585021414515577,0.0017021276595744687,1.191182645624929,-0.5116693662057695,0.4667935188146252,0.3230406196789401,2.1422748167956542,1.4449994532531438
377,E28,LAGO MAYOR,2017-07-12,2017-07-12,2017,7,-15.3928,-69.7822,LS,E28|2017-07-12|10.3,10.3,1.1,38.0,13.3,1.0,0.012271186440677965,0.013373403456048085,0.0023474178403755873,-0.0003357716752608256,0.0007176756569047372,0.0006764866339334433,1.0515079970277472,-0.7013618885686913,0.9175814130641781,0.17552882840111833,1.0898215523575099,5.227525423728812
378,E32,LAGO MAYOR,2017-07-12,2017-07-12,2017,7,-15.3384,-69.7205,LS,E32|2017-07-12|7.0,7.0,0.51,0.75,13.0,1.0,0.011661016949152541,0.011022861436084577,0.002069995731967562,-0.0001918695287204706,0.000567195277231162,0.00044735406437534166,1.0354296287259162,-0.68379765435502,1.0578938161173732,0.18779114152621007,0.9452744545479507,5.63335313646689
379,E36,LAGO MAYOR,2017-07-13,2017-07-13,2017,7,-15.2971,-69.6814,LS,E36|2017-07-13|10.8,10.8,0.59,4.0,12.6,1.0,0.01047457627118644,0.010894064613072879,0.0016965428937259915,-0.0006235759683415273,0.0008913068642203997,0.0006873977086743049,1.121430523745558,-0.7305065290831868,0.9614938632378724,0.1557309373482272,1.0400482397593849,6.174070994563483
380,E39,LAGO MAYOR,2017-07-13,2017-07-13,2017,7,-15.3748,-69.5276,LS,E39|2017-07-13|8.4,8.4,0.52,0.25,13.1,1.0,0.013525423728813556,0.01959858323494687,0.0027955612462654705,-0.0008754047247871465,0.001632133348767216,0.0016803055100927458,1.093510210091414,-0.7503310185592195,0.6901225239942821,0.14264098648113577,1.4490180587241424,4.8381782895588055
381,E41,LAGO MAYOR,2017-07-13,2017-07-13,2017,7,-15.4392,-69.6009,LS,E41|2017-07-13|13.0,13.0,1.7,36.75,13.5,1.0,0.005389830508474576,0.0060105184072126215,5.3350405463081197e-05,-0.0010193068713274932,0.000914457691862487,0.0009929078014184408,1.4084403795666984,-0.9824036771529763,0.8967330508474576,0.008876173708920135,1.1151590755520273,53.89830508474576
382,E42,LAGO MAYOR,2017-07-13,2017-07-13,2017,7,-15.4967,-69.6685,LS,E42|2017-07-13|14.0,14.0,0.59,25.0,13.6,1.0,0.005423728813559321,0.007073092197059139,-0.0005548442168160474,-0.002170524043650317,0.0009491839333256139,0.0010692853246044736,1.8854637133026964,-1.1702431798778434,0.766811553200792,-0.07844436370371947,1.3041013738327791,54.237288135593204
383,E43,LAGO MAYOR,2017-07-13,2017-07-13,2017,7,-15.5603,-69.7411,LS,E43|2017-07-13|12.0,12.0,1.1,47.0,13.4,1.0,0.004960451977401127,0.005870988515616616,-0.0008749466495945364,-0.001762801295119318,0.00047459196666280895,0.0009601745771958544,1.8581889146772974,-1.3502556615536732,0.8449091603920712,-0.1490288470616507,1.1835591882279517,49.60451977401127
384,E22,LAGO MAYOR,2017-07-13,2017-07-13,2017,7,-15.6181,-69.807,LS,E22|2017-07-13|9.0,9.0,2.05,3.25,13.1,1.0,0.00647457627118644,0.0073843511860040775,0.0002454118651301742,-0.001079266099052642,0.0010302118300729232,0.0011129296235679216,1.3423476171994586,-0.9356697367086494,0.8767969057942452,0.03323404574735223,1.1405149737545566,26.382490788504132
385,E48,LAGO MAYOR,2017-07-15,2017-07-15,2017,7,-15.5361,-69.3597,LS,E48|2017-07-15|12.0,12.0,1.7,1.75,13.4,1.0,0.0066101694915254245,0.006987227648384674,0.0014938113529662828,0.0007794699604269071,0.001863641625188105,0.0015821058374249882,0.7992788185336376,-0.647729086827009,0.9460360852925096,0.21379171083850776,1.0570421314222966,4.425036319612591
386,E49,LAGO MAYOR,2017-07-15,2017-07-15,2017,7,-15.6063,-69.4449,LS,E49|2017-07-15|9.0,9.0,1.1,1.5,13.2,1.0,0.00401129943502825,0.0056670602125147565,0.0004694835680751167,-0.0009953231802374354,0.0016552841764093116,0.0015057283142389537,1.42610380691755,-0.8469874873038935,0.7078272128060268,0.08284428794992166,1.4127741656550867,8.544067796610184
387,E50,LAGO MAYOR,2017-07-15,2017-07-15,2017,7,-15.6687,-69.5211,LS,E50|2017-07-15|12.0,12.0,1.62,3.0,12.4,1.0,0.007525423728813559,0.010593538692712245,0.004011950490823732,0.004137186713035138,0.006713740016205583,0.0058919803600654685,0.4382914869125583,-0.45062425972581194,0.7103786512802021,0.3787167449139282,1.4076999614189696,1.8757518932564001
388,E51,LAGO MAYOR,2017-07-15,2017-07-15,2017,7,-15.7371,-69.6038,LS,E51|2017-07-15|9.8,9.8,2.13,1.5,12.1,1.0,0.004903954802259887,0.0052699366748953525,-0.0007362355953905245,-0.0015709317663988472,0.0008102789674730902,0.0011565739225313696,1.8493802417511502,-1.3247831826968814,0.9305528898707814,-0.13970482774447082,1.0746299440742826,49.03954802259887
389,E52,LAGO MAYOR,2017-07-15,2017-07-15,2017,7,-15.8028,-69.6843,LS,E52|2017-07-15|9.0,9.0,3.83,2.25,12.1,1.0,0.005751412429378532,0.006858430825372973,0.000842936406316687,-0.0010552824079625841,0.0008334297951151776,0.0007746863066012008,1.3636928267938673,-0.7810942469032548,0.8385901346560218,0.12290514080833449,1.1924776582426484,6.823068011156414
392,E59,LAGO MAYOR,2017-07-16,2017-07-16,2017,7,-15.8876,-69.4615,LS,E59|2017-07-16|10.0,10.0,2.13,1.5,13.2,1.0,0.005152542372881354,0.005924653858538155,-0.00014938113529662771,-0.0014510133109485583,0.0008102789674730902,0.0010256410256410274,1.6486942664104889,-1.0517311014006048,0.8696782117415867,-0.025213478941280447,1.1498505843873397,51.525423728813536
393,E60,LAGO MAYOR,2017-07-16,2017-07-16,2017,7,-15.8271,-69.3776,LS,E60|2017-07-16|10.0,10.0,2.21,1.75,12.8,1.0,0.003807909604519772,0.004872813137275948,-0.0009816474605207006,-0.001726825758484227,0.0007061002430836936,0.001080196399345337,2.097795065058345,-1.5045514839468521,0.7814602155354782,-0.20145395131434726,1.279655675516088,38.079096045197716
394,E61,LAGO MAYOR,2017-07-16,2017-07-16,2017,7,-15.7585,-69.3045,LS,E61|2017-07-16|12.8,12.8,1.7,1.75,12.7,1.0,0.003615819209039546,0.004947944617366106,-0.0007469056764831423,-0.001606907303033938,0.0012038430373885899,0.0015166393889798151,1.961920607818674,-1.35558108801325,0.7307719646555627,-0.1509527155703565,1.3684159332403145,36.15819209039546
396,E72,LAGO MAYOR,2017-07-16,2017-07-16,2017,7,-15.6921,-69.1709,LS,E72|2017-07-16|5.8,5.8,1.54,1.0,12.7,1.0,0.009423728813559322,0.01935172265750778,0.003147673922321809,-0.0012351600911380215,0.001666859590230351,0.0017675941080196418,1.1363569406099596,-0.7201992265656342,0.4869710557733345,0.16265600629102772,2.053510138116833,2.9938707268026437
397,E76,LAGO MAYOR,2017-07-19,2017-07-19,2017,7,-15.8125,-69.0449,LS,E76|2017-07-19|9.0,9.0,1.1,0.75,12.8,2.0,0.0039661016949152535,0.00659010411076527,0.0001707212974818613,-0.0005276412039812962,0.001481652969093645,0.0014402618657937806,1.174068072682745,-0.9494967664681914,0.6018268646828242,0.025905705678151487,1.6616074467314144,23.231440677966038
398,E78,LAGO MAYOR,2017-07-19,2017-07-19,2017,7,-15.8903,-69.1327,LS,E78|2017-07-19|10.3,10.3,0.51,0.0,12.5,2.0,0.0037175141242937865,0.00504454223462488,-0.0005655142979086651,-0.0015109725386736987,0.0005903461048732492,0.0006983087834151663,1.8552097403371572,-1.2525162511333403,0.7369378531073447,-0.11210418539606451,1.356966528158972,37.17514124293786
399,E79,LAGO MAYOR,2017-07-16,2017-07-16,2017,7,-15.96,-69.2272,LS,E79|2017-07-16|10.0,10.0,0.59,0.0,13.4,1.0,0.0035932203389830494,0.004733283245679939,-0.0009282970550576194,-0.0016668665307590868,0.0010649380715360582,0.0012984178941625752,2.087174798559439,-1.4879367569727842,0.7591390906645142,-0.1961211714732844,1.3172816579958326,35.93220338983049
400,E80,LAGO MAYOR,2017-07-17,2017-07-17,2017,7,-16.0316,-69.3198,LS,E80|2017-07-17|10.0,10.0,0.59,0.0,13.3,2.0,0.004395480225988702,0.005677793281099068,3.201024327784946e-05,-0.0009353639525122952,0.001632133348767216,0.0018330605564648129,1.3944658699038939,-0.9887874468762685,0.7741529161727169,0.005637796533454127,1.2917344611240806,43.95480225988702
401,E82,LAGO MAYOR,2017-07-17,2017-07-17,2017,7,-16.1109,-69.4173,LS,E82|2017-07-17|10.0,10.0,2.72,1.25,13.0,2.0,0.006214689265536724,0.007352151980251154,0.0011737089201877937,-0.0003837390574409412,0.0012038430373885899,0.0011456628477905081,1.1101365566660217,-0.7246707877997963,0.8452884655037323,0.15964154758233098,1.1830280913676854,5.294915254237288
402,E83,LAGO MAYOR,2017-07-17,2017-07-17,2017,7,-16.1837,-69.5067,LS,E83|2017-07-17|8.0,8.0,1.61,0.0,13.4,2.0,0.006203389830508473,0.00854352259310937,0.001227059325650875,0.0,0.001863641625188105,0.001789416257501365,0.999999882952275,-0.7488256666253087,0.7260927518950684,0.14362451931016584,1.3772345163755546,5.055492999263079
403,E88,LAGO MAYOR,2017-07-20,2017-07-20,2017,7,-16.2064,-69.3781,LS,E88|2017-07-20|8.0,8.0,1.53,1.0,13.2,2.0,0.006090395480225988,0.008221530535580121,0.0013871105420401185,-0.0004916656673462054,0.001226993865030677,0.0011456628477905081,1.1272118237825357,-0.7112784447927606,0.7407860925491584,0.1687168266343053,1.3499173513893152,4.390706649282923
404,E94,LAGO MAYOR,2017-07-20,2017-07-20,2017,7,-16.251,-69.2884,LS,E94|2017-07-20|9.0,9.0,1.02,0.75,13.2,2.0,0.005887005649717513,0.008157132124074274,0.0025288092189500646,0.003213814606067876,0.005139483736543585,0.004004364429896347,0.43473223475494777,-0.5267034693293395,0.7217004162949745,0.31001204595997034,1.3856164932448627,2.3279753986984186
405,E97,LAGO MAYOR,2017-07-20,2017-07-20,2017,7,-16.1757,-69.1958,LS,E97|2017-07-20|10.0,10.0,2.13,3.0,12.6,2.0,0.0046327683615819204,0.006074916818718472,0.0003307725138711049,-0.0010432905624175592,0.0008681560365783125,0.0009383524277141314,1.414692905207192,-0.8967252562340503,0.762606056976303,0.0544488959670863,1.3112930206258167,14.00590486604704
406,E98,LAGO MAYOR,2017-07-19,2017-07-19,2017,7,-16.1056,-69.1103,LS,E98|2017-07-19|9.5,9.5,1.53,0.75,13.4,2.0,0.00438418079096045,0.005248470537726736,-0.00018139137857447717,-0.0009713394891473777,0.00113439055446232,0.0012438625204582656,1.4542010759148791,-1.071595819634645,0.8353254075537527,-0.03456080724291214,1.1971382540948876,43.84180790960449
407,E99,LAGO MAYOR,2017-07-19,2017-07-19,2017,7,-16.0745,-69.0742,LS,E99|2017-07-19|11.0,11.0,0.51,0.0,13.6,2.0,0.004440677966101694,0.006665235590855424,0.0006722151088348275,-0.0004197145940760237,0.0014932283829146927,0.0013093289689034386,1.1344048085308018,-0.8167713706754062,0.6662447119189935,0.10085391576512222,1.5009499994674431,6.606037126715088
408,E100,LAGO MAYOR,2017-07-19,2017-07-19,2017,7,-16.0055,-68.9959,LS,E100|2017-07-19|10.0,10.0,1.02,1.0,13.7,2.0,0.003333333333333335,0.004851347000107332,-0.0007148954332052928,-0.0014390214654035254,0.0008334297951151776,0.0007746863066012008,1.8434251240427866,-1.3456560526889867,0.6870943952802361,-0.14736019361003785,1.455404100032199,33.33333333333335
410,E104,LAGO MAYOR,2017-07-19,2017-07-19,2017,7,-16.0297,-68.8837,LS,E104|2017-07-19|10.2,10.2,1.62,0.25,13.2,3.0,0.003807909604519772,0.005355801223569818,0.00030943235168587313,-0.0007075188871567338,0.0009260331056835266,0.0006219312602291338,1.3044213684713548,-0.8907607981362686,0.7109878514090324,0.057775174762670946,1.406493793133321,12.306113383985954
412,E113,LAGO MAYOR,2017-07-20,2017-07-20,2017,7,-16.2174,-69.1367,LS,E113|2017-07-20|10.0,10.0,1.53,0.75,11.9,2.0,0.003536723163841809,0.005742191692604915,-7.469056764831478e-05,-0.0011512171723228235,0.001007061002430836,0.00110201854882706,1.5015128777040778,-1.026357314387028,0.6159186863086755,-0.013007327453819606,1.6235909418387695,35.36723163841809
413,E117,LAGO MAYOR,2017-07-19,2017-07-19,2017,7,-16.1653,-69.1027,LS,E117|2017-07-19|8.5,8.5,2.13,0.25,13.4,2.0,0.0034011299435028233,0.005559729526671674,-0.0004268032437046514,-0.0013071111644082033,0.0011228151406412804,0.0012656846699399906,1.6147320289265152,-1.166299937706479,0.6117437776759809,-0.07676690775282313,1.6346713060147622,34.011299435028235
414,E120,LAGO MAYOR,2017-07-21,2017-07-21,2017,7,-16.1264,-68.9337,LS,E120|2017-07-21|9.5,9.5,2.13,31.25,12.9,2.0,0.0030395480225988715,0.005527530320918751,0.0009282970550576176,0.00020386137426550363,0.001666859590230351,0.0015711947626841248,0.9288613134337151,-0.7124156650409023,0.5498926005156055,0.16794065363052083,1.8185369271424134,3.2743269043444427
415,E121,LAGO MAYOR,2017-07-21,2017-07-21,2017,7,-16.2068,-68.8643,LS,E121|2017-07-21|9.0,9.0,1.62,26.25,13.3,2.0,0.0018983050847457637,0.004819147794354405,-2.134016218523359e-05,4.796738218011557e-05,0.0017363120731566128,0.0014729950900163671,0.9802889923148412,-1.0088955870570375,0.3939088747121666,-0.004428202473938115,2.538658213097409,18.983050847457637
416,E122,LAGO MENOR,2017-07-21,2017-07-21,2017,7,-16.2276,-68.8361,LS,E122|2017-07-21|9.0,9.0,1.7,39.25,13.2,2.0,0.0010282485875706226,0.004658151765589781,0.0002774221084080237,8.39429188152064e-05,0.0020604236601458508,0.001854882705946536,0.9645964888092555,-0.887582453720001,0.2207417532349192,0.05955626230501285,4.5301805632384085,3.7064406779661088
417,E123,LAGO MENOR,2017-07-21,2017-07-21,2017,7,-16.1925,-68.797,LS,E123|2017-07-21|6.5,6.5,1.1,32.25,13.1,2.0,2.2598870056496253e-05,0.006289578190404635,9.603072983354652e-05,-0.000539633049526321,0.001389049658525296,0.0011129296235679216,1.187700036245519,-0.9699226131777355,0.003593066080484226,0.015268230543671555,62.89578190404635,0.22598870056496254
418,E125,LAGO MENOR,2017-07-21,2017-07-21,2017,7,-16.2626,-68.7843,LS,E125|2017-07-21|8.0,8.0,2.13,37.5,13.3,2.0,0.010293785310734464,0.022013523666416228,0.00245411865130175,-5.995922772514862e-05,0.0011691167959254549,0.00110201854882706,1.0054623225455195,-0.7993988125922511,0.46761188561732325,0.11148231825537984,2.138525625112883,4.194493736182756
424,E130,LAGO MENOR,2017-07-22,2017-07-22,2017,7,-16.3144,-68.8451,LS,E130|2017-07-22|5.4,5.4,1.62,24.5,11.1,2.0,0.005887005649717513,0.014457443383063219,0.0008109261630388394,-0.0005995922772514695,0.0012732955203148516,0.001211129296235681,1.0865345903063883,-0.8937769213040399,0.4071954835814259,0.05609056466988022,2.455822916316881,7.259607493309542
425,E136,LAGO MENOR,2017-07-22,2017-07-22,2017,7,-16.2659,-69.0601,LS,E136|2017-07-22|7.0,7.0,1.02,20.25,11.4,1.0,0.0026553672316384194,0.009402168079854029,0.0015258215962441304,-0.000539633049526321,0.0018057645560828827,0.0018003273322422264,1.1217783595304307,-0.7207497441260765,0.2824207362691228,0.1622840161210795,3.5408164896471535,1.7402868318122577
426,E135,LAGO MENOR,2017-07-22,2017-07-22,2017,7,-16.3028,-68.9852,LS,E135|2017-07-22|6.0,6.0,3.32,28.5,12.0,3.0,0.006406779661016951,0.0114414511108726,0.002187366623986342,-0.00040772274853099897,0.0011575413821044154,0.0008619749045280969,1.0739047035035254,-0.6790085528995069,0.5599621585524852,0.1911791260382809,1.7858349617499556,2.928992145514677
427,E137,LAGO MENOR,2017-07-22,2017-07-22,2017,7,-16.4011,-68.8334,LS,E137|2017-07-22|6.0,6.0,1.1,15.5,13.2,3.0,0.005423728813559321,0.01779542771278308,0.003254374733247973,-0.001067274253507617,0.0009607593471466615,0.0005346426623022377,1.1276020921621552,-0.6907928150881061,0.30478215534337877,0.18287701682552093,3.2810319845443816,1.6665962767435392
431,E142,LAGO MENOR,2017-07-22,2017-07-22,2017,7,-16.4515,-68.998,LS,E142|2017-07-22|6.0,6.0,0.59,20.0,11.8,3.0,0.00694915254237288,0.012257164323280027,0.0019206145966709342,-0.0011392253267777904,0.001041787243893971,0.0009492635024549929,1.2049345161309015,-0.7290668768291083,0.5669461842144319,0.15669322414345965,1.7638358416427358,3.6181920903954805
432,E-148,LAGO MENOR,2017-07-22,2017-07-22,2017,7,-16.5187,-68.8773,LS,E-148|2017-07-22|6.0,6.0,0.43,13.75,12.4,3.0,0.01103954802259887,0.030127723516153275,0.006615450277422107,-0.0011032497901426997,0.0008565806227572648,0.0006873977086743049,1.0760219987136588,-0.6399085917540891,0.3664248982064612,0.21958015758725244,2.729072191586044,1.6687523236741393
433,E-145,LAGO MENOR,2017-07-23,2017-07-23,2017,7,-16.5139,-68.977,LS,E-145|2017-07-23|6.5,6.5,1.03,26.0,10.7,3.0,0.007593220338983051,0.013158742084361918,0.002752880921895007,8.39429188152064e-05,0.0010533626577150185,0.0006328423349699953,0.987322297184262,-0.6539785730466617,0.5770475848148866,0.20920547756358715,1.7329593370030203,2.7582814347654705
435,E-147,LAGO MENOR,2017-07-23,2017-07-23,2017,7,-16.493,-69.0596,LS,E-147|2017-07-23|6.5,6.5,2.29,15.5,11.2,1.0,0.009706214689265536,0.024278201137705274,0.005825864276568503,-0.0008034536515169649,0.0011112397268202327,0.001276595744680852,1.0684525461041414,-0.6129516393967174,0.3997913450923386,0.2399627650963251,2.5013047737915213,1.6660557521574466
437,E01,BAHIA PUNO,2018-07-18,2018-07-18,2018,7,-15.853,-69.9605,LS,E01|2018-07-18|5.4,5.4,3.07,15.14,12.9,1.0,0.008824858757062149,0.013985188365353653,0.003329065300896286,0.0010312987168725263,0.004062970251186483,0.004113475177304965,0.8626444197570812,-0.6154537558713958,0.6310146511093481,0.23804222109325174,1.5847492577897542,2.6508518035636692
438,E02,BAHIA PUNO,2018-07-18,2018-07-18,2018,7,-15.8461,-69.9271,LS,E02|2018-07-18|6.0,6.0,1.53,15.43,12.8,1.0,0.005118644067796609,0.007867339272297953,0.0014191207853179678,0.0007075188871567338,0.006308600532469036,0.005379159847244954,0.8349781905451779,-0.6943676872140367,0.6506194649339835,0.18038128726886088,1.5369967452502626,3.606912195743597
439,E03,BAHIA PUNO,2018-07-18,2018-07-18,2018,7,-15.8745,-69.9079,LS,E03|2018-07-18|7.5,7.5,2.13,8.29,13.6,1.0,0.011163841807909605,0.013255339701620692,0.007383696116090483,0.01027701163209018,0.011309179303160093,0.010452809601745773,0.12656312583183446,-0.2844921319434596,0.8422146892655368,0.5570356009199599,1.1873457121391005,1.511958459880474
446,E16,BAHIA PUNO,2018-07-19,2018-07-19,2018,7,-15.6737,-69.8541,LS,E16|2018-07-19|7.0,7.0,3.4,8.29,11.8,1.0,0.005853107344632769,0.01296554684984437,0.0029449423815621,0.0030099532318023725,0.01101979395763399,0.010463720676486635,0.6231788015387737,-0.6298111700230408,0.4514354398174132,0.22713599477660668,2.215156170291943,1.9875116678948663
447,E17,BAHIA PUNO,2018-07-19,2018-07-19,2018,7,-15.6048,-69.9059,LS,E17|2018-07-19|1.5,1.5,1.02,25.71,10.5,1.0,-0.0021016949152542377,0.0072770205001609954,0.0022620571916346565,-0.0005876004317064365,0.005255237874754021,0.005455537370430989,1.1756803543067107,-0.5257282669069075,-0.2888125593720315,0.3108493636351047,72.77020500160995,-0.9291077710265432
450,E28,LAGO MAYOR,2018-07-20,2018-07-20,2018,7,-15.3928,-69.7822,LS,E28|2018-07-20|8.0,8.0,2.72,11.14,12.2,2.0,0.014531073446327683,0.015509284104325427,0.002763551002987623,-0.0008274373426070227,0.0006482231739784715,0.0005237315875613762,1.1127156276288996,-0.6975235276278092,0.9369274138369206,0.17818688370128502,1.0673185406164853,5.2581166154047505
451,E32,LAGO MAYOR,2018-07-20,2018-07-20,2018,7,-15.3384,-69.7205,LS,E32|2018-07-20|7.0,7.0,1.1,11.71,12.6,2.0,0.014146892655367232,0.014371578834388754,0.002112676056338027,-0.0011032497901426997,0.00030096075934714643,0.0004037097654118937,1.1662981379666744,-0.7436734093012335,0.984365936296165,0.14700375516729944,1.0158823696832306,6.6961958568738265
452,E36,LAGO MAYOR,2018-07-20,2018-07-20,2018,7,-15.2971,-69.6814,LS,E36|2018-07-20|7.5,7.5,2.2,12.0,12.5,2.0,0.014734463276836158,0.015938606847697757,0.003254374733247973,-0.00032377982971579255,0.0008334297951151776,0.0005673758865248242,1.0414707519471786,-0.6608786342067722,0.9244511404059427,0.2041818814119284,1.081722934065377,4.527586551819949
453,E39,LAGO MAYOR,2018-07-21,2018-07-21,2018,7,-15.3748,-69.5276,LS,E39|2018-07-21|7.0,7.0,1.7,11.43,11.8,2.0,0.014949152542372883,0.01971664698937426,0.003286384976525821,-0.0008154454970619979,0.0015511054520199149,0.0015821058374249882,1.0862849860895005,-0.7142650291900559,0.7581995331371157,0.16668072306092038,1.3189140276338789,4.548813559322035
454,E41,LAGO MAYOR,2018-07-21,2018-07-21,2018,7,-15.4392,-69.6009,LS,E41|2018-07-21|8.5,8.5,2.89,15.14,11.9,2.0,0.0045875706214689276,0.00534506815498551,-0.0006188647033717463,-0.0008754047247871465,0.0027896747308716273,0.002880523731587561,1.391709148844669,-1.2618863444049422,0.8582810337394778,-0.1157823783396498,1.1651195362468412,45.875706214689274
455,E42,LAGO MAYOR,2018-07-21,2018-07-21,2018,7,-15.4967,-69.6685,LS,E42|2018-07-21|10.0,10.0,2.72,18.29,12.2,2.0,0.00935593220338983,0.00781367392937641,0.0011203585147247124,-0.00021585321981052838,0.0013311725894200738,0.001058374249863612,1.0568196328004809,-0.7491930108086953,1.197379400260756,0.14338434452871077,0.8351571772340728,8.35083777239709
456,E43,LAGO MAYOR,2018-07-21,2018-07-21,2018,7,-15.5603,-69.7411,LS,E43|2018-07-21|11.0,11.0,2.29,11.71,12.0,2.0,0.009740112994350281,0.007770741655039174,0.001355100298762271,-0.0003357716752608256,0.0009376085195045743,0.0009165302782324064,1.0903221212763459,-0.7030190404059513,1.253434154259138,0.17438493761834364,0.7978081629593584,7.187743227011875
457,E22,LAGO MAYOR,2018-07-21,2018-07-21,2018,7,-15.6181,-69.807,LS,E22|2018-07-21|8.0,8.0,2.37,20.86,11.8,2.0,0.008237288135593221,0.011334120425029515,0.004769526248399488,0.007207099172562659,0.013496932515337423,0.013278777959629024,0.22258627638586018,-0.4076464109098461,0.7267690677966103,0.42081132629107987,1.3759528911044059,1.7270663178250485
458,E48,LAGO MAYOR,2018-07-22,2018-07-22,2018,7,-15.5289,-69.3654,LS,E48|2018-07-22|11.0,11.0,1.62,16.0,12.5,2.0,0.0052768361581920905,0.00564559407534614,0.00030943235168587313,0.0037294639645041395,0.0012964463479569388,0.0011783960720130944,0.20438592468561154,-0.8960767669074885,0.9346821765375611,0.05480952890983423,1.0698823890109923,17.053278784336626
459,E49,LAGO MAYOR,2018-07-22,2018-07-22,2018,7,-15.6063,-69.4449,LS,E49|2018-07-22|13.0,13.0,1.7,10.57,12.5,2.0,0.00824858757062147,0.006600837179349577,0.00045881348698250085,-0.0009713394891473777,0.00047459196666280895,0.0005128205128205147,1.3450889830875827,-0.8700179531036598,1.2496274861053696,0.06950837818237333,0.8002384799622431,17.978084351596387
460,E50,LAGO MAYOR,2018-07-22,2018-07-22,2018,7,-15.6687,-69.5211,LS,E50|2018-07-22|11.0,11.0,1.7,15.43,12.3,2.0,0.008316384180790958,0.0067832993452828175,0.0005335040546308157,-0.0008394291881520557,0.0006250723463363842,0.0004146208401527552,1.2824518452574487,-0.8541700651073538,1.2260087248802112,0.07864964045878653,0.8156548805129478,15.588230508474558
461,E51,LAGO MAYOR,2018-07-23,2018-07-23,2018,7,-15.7371,-69.6038,LS,E51|2018-07-23|10.5,10.5,1.7,16.57,12.4,2.0,0.005220338983050846,0.005087474508962112,1.067008109261587e-05,-0.0003717472118959081,0.0029054288690820718,0.0029896344789961823,1.1576624811599867,-0.9958139363012967,1.0261159979975683,0.002097323745567554,0.9745486884050801,52.203389830508456
462,E52,LAGO MAYOR,2018-07-23,2018-07-23,2018,7,-15.8028,-69.6843,LS,E52|2018-07-23|12.0,12.0,2.21,6.57,12.7,2.0,0.008316384180790958,0.007845873135129333,0.0009816474605207006,-0.0005756085861614117,0.0006482231739784715,0.0005128205128205147,1.1583458216992153,-0.7775937560992363,1.059969239568117,0.12511640751944417,0.9434236038844377,8.471864406779654
463,E53,LAGO MAYOR,2018-07-23,2018-07-23,2018,7,-15.8686,-69.7634,LS,E53|2018-07-23|9.5,9.5,3.31,12.57,13.3,2.0,0.010531073446327682,0.010099817537834068,0.0012697396500213401,-0.0005995922772514695,0.0005903461048732492,0.0006219312602291338,1.12622684150992,-0.77664212996814,1.0426993761895325,0.12571906821730952,0.9590491975303811,8.293884062099414
465,E59,LAGO MAYOR,2017-07-16,2017-07-16,2017,7,-15.8876,-69.4615,LS,E59|2017-07-16|10.0,10.0,1.62,34.29,12.0,1.0,0.005152542372881354,0.005924653858538155,-0.00014938113529662771,-0.0014510133109485583,0.0008102789674730902,0.0010256410256410274,1.6486942664104889,-1.0517311014006048,0.8696782117415867,-0.025213478941280447,1.1498505843873397,51.525423728813536
466,E60,LAGO MAYOR,2018-07-24,2018-07-24,2018,7,-15.8271,-69.3776,LS,E60|2018-07-24|13.5,13.5,2.21,15.71,12.2,1.0,0.007830508474576269,0.0067832993452828175,0.0007789159197609898,-5.995922772514862e-05,0.0010880888991781454,0.0010911074740861985,1.0178359915633521,-0.7939978460120176,1.154380497747264,0.11482847506982818,0.8662655008045159,10.0530856744834
467,E61,LAGO MAYOR,2018-07-24,2018-07-24,2018,7,-15.7585,-69.3045,LS,E61|2018-07-24|13.0,13.0,2.21,8.57,12.5,1.0,0.007446327683615818,0.006128582161640014,4.268032437046533e-05,-0.0007794699604269071,0.0003588378284523686,0.0004800872885979282,1.2914387604472957,-0.9861678813529133,1.2150163752758065,0.006964143295264892,0.8230341749698655,74.46327683615817
469,E72,LAGO MAYOR,2018-07-24,2018-07-24,2018,7,-15.6921,-69.1709,LS,E72|2018-07-24|4.0,4.0,1.1,23.71,11.8,1.0,0.007389830508474577,0.010894064613072879,0.0,-0.001367070392133352,0.0019099432804722794,0.001789416257501365,1.2869886801514603,-0.999999908206905,0.6783354763296318,0.0,1.474196816906651,73.89830508474576
470,E76,LAGO MAYOR,2018-07-24,2018-07-24,2018,7,-15.8125,-69.0449,LS,E76|2018-07-24|13.0,13.0,0.59,4.57,13.1,1.0,0.005412429378531073,0.0063432435333261785,0.00028809218950063956,-0.0007195107327017585,0.0007639773121889158,0.0007201309328968913,1.2558834604233466,-0.9131117294922009,0.8532589597254484,0.0454171730892971,1.1719771455101604,18.787143753923456
471,E78,LAGO MAYOR,2018-07-24,2018-07-24,2018,7,-15.8903,-69.1327,LS,E78|2018-07-24|13.0,13.0,1.1,6.86,13.1,1.0,0.006101694915254236,0.0059031877213695395,0.00021340162185232663,-0.0009833313346924108,0.0004051394837365431,0.000283687943262413,1.399739568612395,-0.9302218687609807,1.0336271186440675,0.03615023474178413,0.9674668765577858,28.592542372881276
472,E79,LAGO MAYOR,2018-07-25,2018-07-25,2018,7,-15.96,-69.2272,LS,E79|2018-07-25|10.5,10.5,1.62,1.14,12.3,1.0,0.006576271186440676,0.005860255447032308,0.0002240717029449425,-0.0011752008634128813,0.0003588378284523686,0.00036006546644844564,1.501680435776168,-0.9263444714283595,1.1221816601477612,0.038235825207656206,0.8911213179765626,29.348958837772376
473,E80,LAGO MAYOR,2018-07-25,2018-07-25,2018,7,-16.0316,-69.3198,LS,E80|2018-07-25|12.3,12.3,2.21,0.29,13.0,1.0,0.007084745762711866,0.006182247504561554,0.000256081946222792,-0.0009713394891473777,0.0003819886560944559,0.00033824331696672257,1.372809805841591,-0.9204506670850997,1.1459822269303204,0.04142214397496099,0.8726138822228029,27.66593220338976
474,E82,LAGO MAYOR,2018-07-25,2018-07-25,2018,7,-16.1109,-69.4173,LS,E82|2018-07-25|11.0,11.0,1.19,0.57,13.3,1.0,0.007299435028248588,0.007158956745733606,0.0008215962441314552,-0.0007794699604269071,0.0008450052089362172,0.0008074195308237874,1.2443674121368142,-0.7941003230665827,1.0196227310073775,0.1147648006982424,0.9807549102127308,8.884455205811141
475,E83,LAGO MAYOR,2018-07-25,2018-07-25,2018,7,-16.1837,-69.5067,LS,E83|2018-07-25|7.0,7.0,1.1,0.57,12.9,1.0,0.005480225988700565,0.006826231619620049,0.00018139137857447717,-0.0008034536515169649,0.001261720106493812,0.0011129296235679216,1.2668047941895562,-0.9482301337454145,0.8028186405145152,0.026572696134880565,1.2456113367760295,30.212163509471583
476,E88,LAGO MAYOR,2018-07-25,2018-07-25,2018,7,-16.2064,-69.3781,LS,E88|2018-07-25|9.4,9.4,1.1,0.29,13.5,1.0,0.004135593220338983,0.005591928732424601,-0.0005121638924455821,-0.0017388176040292601,0.0006829494154416023,0.0006873977086743049,1.902552039020678,-1.2016484257659,0.7395647223396986,-0.09158984617880014,1.352146701692834,41.35593220338983
477,E94,LAGO MAYOR,2018-07-26,2018-07-26,2018,7,-16.251,-69.2884,LS,E94|2018-07-26|9.0,9.0,1.7,0.57,12.6,1.0,0.007785310734463277,0.00964902865729312,0.004470763977806233,0.0059959227725146875,0.007940733881236256,0.00585924713584288,0.23350060673999182,-0.36673798593023493,0.8068491669966001,0.4633382422827661,1.2393890220180568,1.7413826301525015
478,E97,LAGO MAYOR,2018-07-26,2018-07-26,2018,7,-16.1757,-69.1958,LS,E97|2018-07-26|10.5,10.5,2.21,0.57,12.4,1.0,0.006225988700564973,0.0064398411505849525,0.0004694835680751167,-0.0008514210336970887,0.0005556198634101184,0.0005455537370430992,1.3047087955215644,-0.864101335733188,0.9667922787193975,0.07290297339593103,1.034348351772719,13.261355932203411
479,E98,LAGO MAYOR,2018-07-26,2018-07-26,2018,7,-16.1056,-69.1103,LS,E98|2018-07-26|12.0,12.0,2.88,6.86,12.7,1.0,0.005751412429378532,0.0060427176129655485,0.0005548442168160474,-0.0006595515049766182,0.0008565806227572648,0.0008183306055646489,1.24504199544458,-0.8318031275696347,0.9517923553200669,0.09182031204396292,1.0506493295627721,10.365814863103008
480,E99,LAGO MAYOR,2018-07-28,2018-07-28,2018,7,-16.0745,-69.0742,LS,E99|2018-07-28|11.0,11.0,1.19,10.0,12.4,1.0,0.00655367231638418,0.007470215734678544,0.0014191207853179678,-0.0006115841227964943,0.0006134969325153405,0.0006328423349699953,1.1783398112728687,-0.6807138254958454,0.877306967984934,0.18997052236792394,1.1398518836535365,4.618121575124253
481,E100,LAGO MAYOR,2018-07-28,2018-07-28,2018,7,-16.0055,-68.9959,LS,E100|2018-07-28|13.0,13.0,2.29,0.29,12.1,1.0,0.005819209039548021,0.0054631319094129,-5.3350405463081197e-05,-0.0010312987168725263,0.00045144113902072165,0.0006001091107474088,1.4654046934374931,-1.0197234936613917,1.0651782047439866,-0.00976553492533453,0.9388100465690132,58.19209039548021
483,E104,LAGO MAYOR,2018-07-28,2018-07-28,2018,7,-16.0297,-68.8837,LS,E104|2018-07-28|12.0,12.0,0.59,0.57,13.1,2.0,0.00728813559322034,0.00972416013738328,0.0037345283824157076,0.003897349802134552,0.005255237874754021,0.005106382978723405,0.42776534564490704,-0.4450382591972469,0.7494874097354736,0.38404636797976976,1.3342452281525892,1.951554479418886
486,E117,LAGO MAYOR,2018-07-26,2018-07-26,2018,7,-16.1653,-69.1027,LS,E117|2018-07-26|9.1,9.1,1.11,0.29,13.3,1.0,0.00630508474576271,0.007298486637329612,0.0005868544600938968,-0.00050365751289123,0.00082185438129413,0.0007965084560829258,1.1482471242598897,-0.8511529486372827,0.8638893320039879,0.08040769124551232,1.1575556763506645,10.743864406779656
487,E120,LAGO MAYOR,2018-07-28,2018-07-28,2018,7,-16.1264,-68.9337,LS,E120|2018-07-28|9.5,9.5,1.19,10.29,13.1,2.0,0.006316384180790962,0.0070838252656434475,0.0007042253521126751,-0.0006715433505216429,0.0005903461048732492,0.0004582651391162032,1.2094551533083397,-0.8191522381523261,0.8916629001883241,0.09941314553990598,1.1215000644176119,8.969265536723178
488,E121,LAGO MAYOR,2018-07-28,2018-07-28,2018,7,-16.2068,-68.8643,LS,E121|2018-07-28|8.0,8.0,1.7,0.29,13.3,2.0,0.0052542372881355945,0.007459482666094236,0.0007895860008536057,-0.0002878042930807017,0.0009839101747887487,0.0008837970540098199,1.0802611991170952,-0.8085635028596496,0.7043701987562494,0.10584996791299345,1.4197079912889026,6.654420522217141
489,E122,LAGO MENOR,2018-07-29,2018-07-29,2018,7,-16.2276,-68.8361,LS,E122|2018-07-29|9.0,9.0,3.39,0.57,11.8,3.0,0.003288135593220338,0.006536438767843726,0.0003307725138711049,-0.00011991845545029724,0.0014932283829146927,0.0013747954173486097,1.0373778717819193,-0.9036660000297803,0.5030469511007207,0.05060439263936099,1.987886017024639,9.940776380535825
490,E123,LAGO MENOR,2018-07-29,2018-07-29,2018,7,-16.1925,-68.797,LS,E123|2018-07-29|9.0,9.0,0.59,12.29,11.4,3.0,0.0050508474576271166,0.0069764945798003655,0.000522833973538198,0.0002518287564456192,0.0012964463479569388,0.0010911074740861985,0.9303215393413279,-0.860565009226607,0.7239807040417207,0.074942217407006,1.3812522825779252,9.660518851608453
491,E125,LAGO MENOR,2018-07-29,2018-07-29,2018,7,-16.2626,-68.7843,LS,E125|2018-07-29|7.5,7.5,1.78,9.43,11.4,3.0,0.005355932203389832,0.009928088440485134,0.001472471190781049,0.00015589399208537974,0.0010996643129991932,0.0011347517730496465,0.9690807718739696,-0.7416843366908157,0.5394726523133304,0.14831366577845442,1.8536620822424772,3.637376565954314
495,E132,LAGO MENOR,2018-07-29,2018-07-29,2018,7,-16.3339,-68.7808,LS,E132|2018-07-29|7.0,7.0,0.59,6.0,11.5,3.0,0.006271186440677965,0.020714822367714936,0.0037131882202304724,-0.0006715433505216429,0.0012038430373885899,0.0010474631751227505,1.0670092769193054,-0.69598927797604,0.3027390884341792,0.17925271838283577,3.3031743775545443,1.6888953828170665
497,E130,LAGO MENOR,2018-07-29,2018-07-29,2018,7,-16.3144,-68.8451,LS,E130|2018-07-29|6.0,6.0,1.1,5.43,11.5,3.0,0.006847457627118643,0.0158634753676076,0.004204011950490825,0.004089219330855023,0.006331751360111123,0.006022913256955811,0.5901085354426469,-0.581012592721998,0.43164927409921783,0.2650120388546889,2.3166956601209123,1.6287911898821297
498,E136,LAGO MENOR,2018-07-29,2018-07-29,2018,7,-16.2659,-69.0601,LS,E136|2018-07-29|8.0,8.0,1.58,3.14,11.8,1.0,0.0030395480225988715,0.009037243747987549,0.0012057191634656413,-0.0007794699604269071,0.0015048037967357322,0.0015166393889798151,1.188784383318636,-0.7645760204002158,0.33633573546975876,0.1334166917578311,2.9732195973862368,2.5209419529023585
500,E137,LAGO MENOR,2018-07-29,2018-07-29,2018,7,-16.4011,-68.8334,LS,E137|2018-07-29|5.0,5.0,2.05,6.29,11.7,5.0,0.010937853107344634,0.02917248041214984,0.008717456252667519,0.00022784506535556141,0.003183238800787127,0.002564102564102566,0.9845004737937254,-0.5398537295160504,0.3749373708650844,0.2988246501328302,2.667112103796757,1.2547069684459478
502,E141,LAGO MENOR,2018-07-30,2018-07-30,2018,7,-16.3764,-69.0073,LS,E141|2018-07-30|5.5,5.5,3.39,1.71,10.3,5.0,0.007954802259887006,0.011419984973703981,0.002560819462227912,-0.00015589399208537974,0.0018057645560828827,0.002073104200763776,1.0276797263977915,-0.6336663185875714,0.696568539994053,0.22424017790956258,1.4356089064954578,3.1063502824858773
503,E142,LAGO MENOR,2018-07-30,2018-07-30,2018,7,-16.4515,-68.998,LS,E142|2018-07-30|7.0,7.0,1.35,1.71,10.5,5.0,0.007096045197740114,0.00976709241172051,0.0010456679470763977,-0.0007914618059719402,0.0021183007292510728,0.0028587015821058383,1.1763577964730723,-0.8065862341027851,0.7265258583224686,0.10706031058143735,1.3764135006962819,6.786136285022485
505,E145,LAGO MENOR,2018-07-30,2018-07-30,2018,7,-16.5139,-68.977,LS,E145|2018-07-30|6.5,6.5,2.21,0.57,10.5,5.0,0.00911864406779661,0.013083610604271764,0.002560819462227912,-0.0005995922772514695,0.0018173399699039222,0.0020185488270594663,1.096057489426297,-0.6726221680618936,0.6969516552884414,0.19572727587840402,1.434819750282591,3.5608305084745777
509,E01,BAHIA PUNO,2019-07-11,2019-07-11,2019,7,-15.8522,-69.9607,LS,E01|2019-07-11|8.0,8.0,1.62,10.5,13.1,1.0,0.02423728813559322,0.023591284748309543,0.013081519419547586,0.009089818923132275,0.005787706910522052,0.004342607746863067,0.4437263051835969,-0.2865819857700312,1.0273831372125661,0.5545064441852814,0.9733467133917924,1.8527884535626404
510,E02,BAHIA PUNO,2019-07-11,2019-07-11,2019,7,-15.8464,-69.9276,LS,E02|2019-07-11|8.0,8.0,1.1,12.0,13.0,1.0,0.010237288135593218,0.012396694214876033,0.0024221084080239003,-0.0004676819762561476,0.0017826137284407955,0.002073104200763776,1.0784107565145524,-0.6731033125668872,0.8258079096045196,0.19538341158059463,1.2109353620491492,4.2266019562458
512,E04,BAHIA PUNO,2019-07-11,2019-07-11,2019,7,-15.8752,-69.8717,LS,E04|2019-07-11|1.5,1.5,1.54,21.5,13.5,1.0,0.007152542372881355,0.01883653536546099,0.00216602646180111,-0.0012711356277731124,0.001666859590230351,0.0020840152755046376,1.1447316969029686,-0.7937368901485178,0.37971645178424823,0.1149907039578401,2.6335440439862525,3.3021491191450267
513,E05,BAHIA PUNO,2019-07-11,2019-07-11,2019,7,-15.84,-69.892,LS,E05|2019-07-11|8.0,8.0,0.59,10.75,13.6,1.0,0.008214689265536722,0.009928088440485134,0.0006828851899274434,-0.001594915457488905,0.0014122004861673832,0.0016366612111292978,1.3827869094641048,-0.8712869055458499,0.8274190258054663,0.06878314934652963,1.208577478656031,12.029385593220338
515,E08,BAHIA PUNO,2019-07-11,2019-07-11,2019,7,-15.7798,-69.8691,LS,E08|2019-07-11|10.0,10.0,1.1,6.5,13.0,1.0,0.023841807909604516,0.02824943651389933,0.020529236022193767,0.02365991126034297,0.03649727977775206,0.025575559192580474,0.08841423292587527,-0.15826999653840745,0.8439746363745639,0.7267131155728697,1.1848697305592848,1.1613587511892596
517,E14,BAHIA PUNO,2019-07-12,2019-07-12,2019,7,-15.7489,-69.783,LS,E14|2019-07-12|9.0,9.0,0.51,15.0,13.0,1.0,0.00977401129943503,0.013480734141891167,0.0048655569782330346,0.0051325098932725735,0.012316240305590925,0.009885433715220951,0.4485098773936145,-0.4695868302570017,0.7250355356436001,0.3609267067372387,1.3792427416848185,2.008816532857568
518,E16,BAHIA PUNO,2019-07-11,2019-07-11,2019,7,-15.6728,-69.8539,LS,E16|2019-07-11|3.5,3.5,1.1,11.75,12.8,1.0,0.01985310734463277,0.028066974347966085,0.01758429364063167,0.019906463604748775,0.025871049890033568,0.02065466448445172,0.17010476883386946,-0.2296251766835366,0.7073476142636462,0.6265119076472859,1.4137320602134311,1.129025012341616
519,E17,BAHIA PUNO,2019-07-12,2019-07-12,2019,7,-15.6054,-69.9049,LS,E17|2019-07-12|3.0,3.0,3.9,7.75,10.2,1.0,0.008406779661016947,0.017537834066759687,0.011534357661118223,0.010456889315265618,0.01111239726820234,0.007888707037643208,0.2529385413789093,-0.20650235989542715,0.4793510777337509,0.6576842737370776,2.086153649070205,0.728846799103153
520,E25,LAGO MAYOR,2019-07-12,2019-07-12,2019,7,-15.4911,-69.8931,LS,E25|2019-07-12|6.1,6.1,1.02,20.5,13.2,1.0,0.005774011299435028,0.009423634217022648,0.000522833973538198,-0.0010552824079625841,0.0022919319365667314,0.0025968357883251504,1.2522077957373103,-0.8948703377004645,0.6127159826518923,0.05548114044937801,1.632077550306271,11.04368038740922
521,E28,LAGO MAYOR,2019-07-12,2019-07-12,2019,7,-15.3928,-69.7822,LS,E28|2019-07-12|7.0,7.0,0.59,9.25,13.0,1.0,0.010248587570621467,0.010411076526779004,0.0004268032437046514,-0.0019067034416596729,0.0011575413821044154,0.001407528641571196,1.4484052377225407,-0.9212385238879861,0.9843926844894868,0.04099511156284782,1.015854765843376,24.01244067796614
522,E32,LAGO MAYOR,2019-07-12,2019-07-12,2019,7,-15.3382,-69.7205,LS,E32|2019-07-12|6.0,6.0,0.52,15.0,12.9,1.0,0.010158192090395477,0.010099817537834068,0.0008215962441314552,-0.0018587360594795573,0.0009723347609677091,0.0017021276595744687,1.4510901484996885,-0.8495438987468631,1.005779763084109,0.08134763237590614,0.9942534506099169,12.363970944309926
523,E36,LAGO MAYOR,2019-07-12,2019-07-12,2019,7,-15.2964,-69.6816,LS,E36|2019-07-12|11.0,11.0,1.27,12.75,13.0,1.0,0.002000000000000001,0.010411076526779004,0.00450277422108408,0.007075188871567337,0.019851834703090637,0.01673758865248227,0.1907718651436729,-0.3961620650105691,0.1921030927835053,0.4324984269880452,5.205538263389499,0.4441706161137443
524,E39,LAGO MAYOR,2019-07-13,2019-07-13,2019,7,-15.3423,-69.529,LS,E39|2019-07-13|8.0,8.0,1.19,15.0,12.6,1.0,0.03222598870056497,0.0466781152731566,0.05962441314553991,0.09678618539393213,0.12562796619979164,0.09433715220949263,-0.34927204564834624,0.12178729841311105,0.6903875298302226,1.2773526265279265,1.4484618519194807,0.5404831175764047
525,E41,LAGO MAYOR,2019-07-13,2019-07-13,2019,7,-15.4395,-69.6006,LS,E41|2019-07-13|9.5,9.5,0.52,10.25,13.1,1.0,0.008406779661016947,0.008640120210368144,0.0003734528382415702,-0.0016188991485789628,0.0013311725894200738,0.0017675941080196418,1.4611444088599093,-0.9171353480367375,0.972993367722918,0.04322310675648087,1.0277562347010496,22.510953995157408
526,E42,LAGO MAYOR,2019-07-13,2019-07-13,2019,7,-15.4967,-69.6687,LS,E42|2019-07-13|10.0,10.0,0.59,4.75,13.8,1.0,0.00992090395480226,0.00972416013738328,0.0011950490823730254,-0.0009473557980573199,0.0015974071073040893,0.002007637752318605,1.2158770216339503,-0.7811106191158766,1.0202324740275126,0.12289483775352622,0.9801687610004786,8.301670702179182
527,E43,LAGO MAYOR,2019-07-13,2019-07-13,2019,7,-15.5603,-69.7413,LS,E43|2019-07-13|12.0,12.0,1.53,11.25,13.8,1.0,0.010011299435028249,0.009670494794461736,0.000842936406316687,-0.001486988847583641,0.001261720106493812,0.0017130387343153304,1.3634110308052974,-0.8396457236383232,1.0352416962947637,0.08716579908604409,0.9659580014784014,11.876695987985427
528,E22,LAGO MAYOR,2019-07-13,2019-07-13,2019,7,-15.62,-69.8133,LS,E22|2019-07-13|6.0,6.0,1.03,4.25,13.4,1.0,0.005344632768361579,0.008200064398411505,0.0003414425949637208,-0.0005756085861614117,0.003217965042250262,0.0035242771412984184,1.1509899263214636,-0.9200508633303291,0.6517793652202204,0.04163901383870401,1.5342615206330201,15.65309322033902
530,E49,LAGO MAYOR,2019-07-14,2019-07-14,2019,7,-15.6063,-69.4449,LS,E49|2019-07-14|12.0,12.0,0.52,10.0,13.4,1.0,0.011322033898305085,0.010346678115273157,0.0025181391378574468,-0.00013191030099532196,0.001701585831693486,0.0018657937806873994,1.025827270962989,-0.6085230916892794,1.0942675293621211,0.2433765803674049,0.9138533065884974,4.496190749784547
531,E50,LAGO MAYOR,2019-07-14,2019-07-14,2019,7,-15.6685,-69.521,LS,E50|2019-07-14|12.0,12.0,0.59,16.25,14.0,1.0,0.010361581920903955,0.011334120425029515,0.002112676056338027,-0.00034776352080585033,0.003495774973955317,0.0037752318603382446,1.0633081543196685,-0.6857725329372377,0.9141937382297554,0.18639964788732388,1.0938600410197514,4.9044821092278745
533,E52,LAGO MAYOR,2019-07-14,2019-07-14,2019,7,-15.8017,-69.6838,LS,E52|2019-07-14|10.0,10.0,1.53,10.25,13.1,1.0,0.07138983050847457,0.07212622088655146,0.06727486128894579,0.07418155654155176,0.09555504109271906,0.07452264048008729,-0.014048027227823046,-0.03480144836104405,0.9897902542372881,0.9327379205790297,1.010315059901837,1.0611665210553904
534,E53,LAGO MAYOR,2019-07-14,2019-07-14,2019,7,-15.8703,-69.7694,LS,E53|2019-07-14|9.0,9.0,0.6,5.5,13.3,1.0,0.03127683615819209,0.05033809166040572,0.05165386256935553,0.06956469600671543,0.10115754138210441,0.08973267866884889,-0.1603516028279156,0.01290073227820492,0.6213353571127412,1.026138672833018,1.6094368178995326,0.6055081769770218
536,E59,LAGO MAYOR,2019-07-15,2019-07-15,2019,7,-15.8874,-69.4614,LS,E59|2019-07-15|11.0,11.0,0.24,13.25,13.6,1.0,0.012327683615819209,0.013137275947193302,0.003329065300896286,7.195107327017335e-05,0.0034841995601342774,0.0032515002727768684,0.989105862483605,-0.5956520579083043,0.9383744137956501,0.25340605725858417,1.0656727051572934,3.7030465015210785
537,E60,LAGO MAYOR,2019-07-15,2019-07-15,2019,7,-15.8267,-69.3764,LS,E60|2019-07-15|11.0,11.0,0.95,8.75,13.6,1.0,0.011005649717514122,0.011709777825480307,0.0024647887323943655,-0.0006595515049766182,0.0028938534552610242,0.0030332787779596302,1.1193732917607624,-0.6522237137280349,0.9398683631354634,0.21048979486451236,1.0639787859907672,4.465149313962874
538,E61,LAGO MAYOR,2019-07-15,2019-07-15,2019,7,-15.7589,-69.3042,LS,E61|2019-07-15|11.0,11.0,1.02,10.75,13.2,1.0,0.0037175141242937865,0.006311044327573255,-0.001856594110115237,-0.004041251948674899,0.001319597175599026,0.0021058374249863627,4.560898085478001,-1.8335902760990264,0.5890489642184558,-0.2941817572099262,1.6976517416116501,37.17514124293786
540,E72,LAGO MAYOR,2019-07-15,2019-07-15,2019,7,-15.6931,-69.1707,LS,E72|2019-07-15|6.0,6.0,0.68,20.5,11.7,1.0,0.017853107344632767,0.02813137275947194,0.012633376013657705,0.007818683295359154,0.006609561291816187,0.004899072558647028,0.5650252357911931,-0.38018132901749935,0.6346333503622413,0.449084945895646,1.575712967856498,1.4131699496106274
541,E76,LAGO MAYOR,2019-07-19,2019-07-19,2019,7,-15.8077,-69.0414,LS,E76|2019-07-19|9.9,9.9,1.1,11.5,12.6,1.0,0.004316384180790961,0.007695610174949019,-0.0007789159197609898,-0.0018227605228444664,0.0023729598333140406,0.0027932351336606674,1.620741146274944,-1.2252276241827325,0.5608891410380666,-0.10121561540325162,1.78288350911777,43.163841807909606
542,E78,LAGO MAYOR,2019-07-19,2019-07-19,2019,7,-15.8894,-69.1325,LS,E78|2019-07-19|12.0,12.0,1.1,11.5,13.5,1.0,0.011774011299435026,0.01100139529891596,0.0026781903542466923,-0.0003597553663508834,0.001863641625188105,0.001963993453355157,1.0676126677512634,-0.6084397983432477,1.0702289100179134,0.2434409710294286,0.9343795431420947,4.396256330609764
545,E82,LAGO MAYOR,2019-07-16,2019-07-16,2019,7,-16.1121,-69.4175,LS,E82|2019-07-16|9.0,9.0,0.08,6.25,13.8,1.0,0.007322033898305084,0.008801116239132769,-0.00039479300042680383,-0.0023384098812807294,0.0018752170390091444,0.0024331696672122215,1.7236624689309556,-1.093927497730584,0.831943778420835,-0.044857151036299156,1.202004301177855,73.22033898305084
546,E83,LAGO MAYOR,2019-07-16,2019-07-16,2019,7,-16.1849,-69.5079,LS,E83|2019-07-16|10.0,10.0,0.51,3.0,13.0,1.0,0.004508474576271187,0.007985403026725341,-0.000128040973111396,-0.000539633049526321,0.003935640699154999,0.004080741953082379,1.1449500800330343,-1.0325912070596013,0.5645894842354657,-0.016034378312888124,1.771198415702237,45.08474576271187
547,E88,LAGO MAYOR,2019-07-17,2019-07-17,2019,7,-16.2031,-69.3822,LS,E88|2019-07-17|11.0,11.0,2.21,1.0,13.0,1.0,0.006960451977401128,0.009305570462595255,0.00039479300042680383,-0.0015229643842187316,0.002546591040629707,0.0024768139661756694,1.391376275040324,-0.918602336658223,0.747987670974006,0.042425448500306016,1.33692043172026,17.630636738433317
548,E94,LAGO MAYOR,2019-07-17,2019-07-17,2019,7,-16.2545,-69.2917,LS,E94|2019-07-17|8.0,8.0,1.02,0.75,13.1,1.0,0.0038983050847457607,0.007566813351937318,-0.0009282970550576194,-0.0020625974337450527,0.0026970714203032784,0.0030769230769230782,1.7494606278789122,-1.279669846004302,0.5151845173698759,-0.122680051942863,1.9410521207143565,38.983050847457605
549,E97,LAGO MAYOR,2019-07-17,2019-07-17,2019,7,-16.1754,-69.1951,LS,E97|2019-07-17|10.0,10.0,0.95,3.75,13.0,1.0,0.0083954802259887,0.01032521197810454,0.0013017498932991897,-0.0010912579445976748,0.0025928926959138815,0.0029896344789961823,1.236357539242475,-0.7760807516637355,0.8131048780201323,0.12607488311713672,1.229853647459289,6.449380383439841
550,E98,LAGO MAYOR,2019-07-18,2019-07-18,2019,7,-16.1034,-69.1089,LS,E98|2019-07-18|7.0,7.0,0.51,1.75,13.0,1.0,0.007988700564971751,0.008715251690458304,0.0007042253521126751,-0.0010193068713274932,0.0020951499016089855,0.0023786142935079122,1.264894373033051,-0.8504745488168342,0.9166345217221896,0.08080378824672159,1.0909473473911737,11.343954802259901
551,E99,LAGO MAYOR,2019-07-20,2019-07-20,2019,7,-16.0824,-69.0817,LS,E99|2019-07-20|13.0,13.0,2.64,3.5,13.2,1.0,0.011028248587570623,0.013480734141891167,0.0051216389244558265,0.003513610744693611,0.006771617085310805,0.0068194217130387366,0.5864964420352027,-0.44935636643053717,0.8180747777897731,0.37992284919709346,1.2223821429891066,2.153265536723164
552,E100,LAGO MAYOR,2019-07-20,2019-07-20,2019,7,-16.005,-68.9964,LS,E100|2019-07-20|11.0,11.0,1.1,5.25,12.4,1.0,0.005062146892655369,0.006053450681549857,-0.001088348271446863,-0.0025302794100012004,0.002396110660956128,0.002618657937806875,2.4363640009513263,-1.4383988334391151,0.8362415354409585,-0.17978973129557485,1.195826752940094,50.62146892655369
554,E104,LAGO MAYOR,2019-07-20,2019-07-20,2019,7,-16.0384,-68.8577,LS,E104|2019-07-20|10.0,10.0,1.02,5.75,12.4,2.0,0.012,0.0156058817215842,0.0017925736235595382,-0.0006355678138865604,0.002743373075587453,0.002935079105291873,1.0849103466166574,-0.7939387164011384,0.7689408528198075,0.11486525757018032,1.30049014346535,6.6942857142857175
556,E113,LAGO MAYOR,2019-07-17,2019-07-17,2019,7,-16.2298,-69.1135,LS,E113|2019-07-17|9.0,9.0,0.67,1.25,13.8,1.0,0.006045197740112995,0.009810024686057744,0.001355100298762271,-0.0008034536515169649,0.0031022109040398176,0.0033169667212220415,1.1784148616001007,-0.7572618883826924,0.6162265573811025,0.1381342394263466,1.622779784516094,4.461070332310156
557,E117,LAGO MAYOR,2019-07-18,2019-07-18,2019,7,-16.1686,-69.0979,LS,E117|2019-07-18|10.0,10.0,0.59,5.0,13.6,1.0,0.006146892655367232,0.008779650101964154,0.0003734528382415702,-0.0007674781148818824,0.00283597638615581,0.00308783415166394,1.1915778943163753,-0.9183985365661267,0.7001295705385878,0.042536186966952425,1.4283070478379183,16.459622276029076
558,E120,LAGO MAYOR,2019-07-20,2019-07-20,2019,7,-16.1262,-68.9334,LS,E120|2019-07-20|11.5,11.5,1.19,11.5,13.6,2.0,0.005231638418079094,0.006064183750134164,0.00045881348698250085,-0.0005156493584362632,0.0016900104178724383,0.0016912165848336073,1.185868457902535,-0.8593242032868281,0.8627110644467773,0.07565956209231788,1.1591366347448675,11.402538431217975
559,E121,LAGO MAYOR,2019-07-21,2019-07-21,2019,7,-16.2077,-68.8626,LS,E121|2019-07-21|11.0,11.0,0.59,10.75,12.6,2.0,0.005435028248587569,0.00781367392937641,0.00216602646180111,0.0014030459287684345,0.0028822780414399845,0.002444080741953083,0.6955432522341051,-0.565913472377847,0.6955790960451974,0.2772097327555074,1.4376510244278846,2.509215997328211
560,E122,LAGO MENOR,2019-07-21,2019-07-21,2019,7,-16.2281,-68.8351,LS,E122|2019-07-21|11.0,11.0,1.19,3.75,12.7,2.0,0.005751412429378532,0.008371793495760439,0.001355100298762271,0.00043170643962105675,0.002650769765019104,0.002313147845062739,0.901923804452382,-0.7213703186087016,0.6869988410835869,0.16186499337907792,1.4556065311882096,4.244270652609101
561,E123,LAGO MENOR,2019-07-21,2019-07-21,2019,7,-16.1922,-68.7968,LS,E123|2019-07-21|9.0,9.0,1.1,5.5,12.4,2.0,0.004079096045197739,0.00693356230546313,0.0013444302176696531,0.0006595515049766182,0.0026276189373770167,0.00242225859247136,0.8262762986094185,-0.67517956763009,0.5883117314722498,0.19390180089826875,1.6997791247465022,3.0340704869518444
562,E125,LAGO MENOR,2019-07-21,2019-07-21,2019,7,-16.2132,-68.7325,LS,E125|2019-07-21|8.5,8.5,1.19,1.0,12.4,1.0,0.00327683615819209,0.006697434796608352,0.0024754588134869816,0.0021105648159251682,0.0028822780414399845,0.002400436442989635,0.5207617690394123,-0.46026648757904914,0.48926734753005924,0.36961297700734297,2.0438723431028936,1.3237288135593224
566,E132,LAGO MENOR,2019-07-21,2019-07-21,2019,7,-16.315,-68.8479,LS,E132|2019-07-21|7.0,7.0,1.7,2.75,11.4,2.0,0.007457627118644066,0.015198025115380489,0.0016858728126333757,-0.0006955270416117007,0.0020719990739668983,0.0022913256955810163,1.0959181639073123,-0.800298104149846,0.4906971176864884,0.11092709742447147,2.0379170041078387,4.423600085818493
568,E130,LAGO MENOR,2019-07-22,2019-07-22,2019,7,-16.2142,-68.9393,LS,E130|2019-07-22|10.0,10.0,1.27,3.25,11.6,2.0,0.005740112994350284,0.012106901363099712,0.003040973111395647,0.0003717472118959081,0.002083574487787938,0.00198581560283688,0.9404185990380233,-0.5984950343015736,0.4741190848259006,0.2511768304864649,2.1091747453431577,1.8875908415105564
570,E136,LAGO MENOR,2019-07-22,2019-07-22,2019,7,-16.3034,-68.9854,LS,E136|2019-07-22|6.5,6.5,0.59,7.0,11.7,3.0,0.008994350282485873,0.013405602661801009,0.004161331626120357,0.0008754047247871465,0.0020719990739668983,0.0015166393889798151,0.8774028834533458,-0.5262312910116317,0.6709396443708637,0.31041734796287723,1.490447029609786,2.1614115601912216
571,E137,LAGO MENOR,2019-07-22,2019-07-22,2019,7,-16.3655,-68.9025,LS,E137|2019-07-22|5.0,5.0,1.19,3.0,11.7,3.0,0.007322033898305084,0.013759793925083181,0.0031903542466922745,-0.0011512171723228235,0.0015048037967357322,0.0015166393889798151,1.1826084900132041,-0.6235602749733088,0.5321325259790052,0.2318606124526671,1.879231114768305,2.2950535683918147
574,E141,LAGO MENOR,2019-07-23,2019-07-23,2019,7,-16.376,-69.0078,LS,E141|2019-07-23|10.0,10.0,0.51,1.5,11.4,2.0,0.007548022598870055,0.013137275947193302,0.0020273154075970985,-0.0015829236119438803,0.0014006250723463355,0.0017021276595744687,1.2739959677561152,-0.7326250702734278,0.5745500535430744,0.15431779127926606,1.7404923971955202,3.7231614629794803
575,E142,LAGO MENOR,2019-07-23,2019-07-23,2019,7,-16.4489,-68.9969,LS,E142|2019-07-23|11.0,11.0,1.03,6.75,10.8,4.0,0.008350282485875707,0.015970806053450682,0.0033183952198036705,-0.0009473557980573199,0.0011691167959254549,0.0008619749045280969,1.12611686648462,-0.6559323011087062,0.522846652694247,0.2077788189711747,1.9126066789315093,2.516361654586081
576,E145,LAGO MENOR,2019-07-23,2019-07-23,2019,7,-16.5179,-68.9781,LS,E145|2019-07-23|6.0,6.0,3.99,3.0,11.1,4.0,0.010519774011299434,0.017602232478265534,0.0032223644899701236,-0.0006115841227964943,0.0008797314503993521,0.0006546644844517202,1.0719906120126756,-0.6905231981058854,0.5976386247760783,0.18306567044543687,1.6732519595343716,3.2646133123807384
578,E147,LAGO MENOR,2019-07-24,2019-07-24,2019,7,-16.559,-68.9174,LS,E147|2019-07-24|5.5,5.5,2.21,6.5,10.4,4.0,0.008033898305084743,0.016400128796823014,0.003542466922748613,9.593476436023946e-05,0.0016900104178724383,0.0016257501363884342,0.9883687089118232,-0.6447335848423349,0.48986800070991193,0.21600238428827764,2.041366242642528,2.2678823769654883
580,E01,BAHIA PUNO,2022-08-12,2022-08-12,2022,8,-15.853,-69.9605,LS,E01|2022-08-12|5.5,5.5,1.61,2.5,13.9,2.0,0.008497175141242937,0.01353439948481271,0.00539906103286385,0.0032857656793380493,0.003912489871512912,0.0031642116748499746,0.6093063353510639,-0.42968045987542147,0.6278206248291865,0.39891397020771197,1.5928116414972406,1.57382461311717
581,E02,BAHIA PUNO,2022-08-12,2022-08-12,2022,8,-15.8461,-69.9271,LS,E02|2022-08-12|8.0,8.0,3.07,1.0,13.5,2.0,0.005548022598870057,0.00976709241172051,0.001483141271873667,-5.995922772514862e-05,0.0020256974186827156,0.0018876159301691223,1.0123535384571083,-0.7363358519024532,0.5680321599304652,0.15185084868183468,1.7604637035382178,3.7407243019143994
583,E05,BAHIA PUNO,2022-08-12,2022-08-12,2022,8,-15.84,-69.8923,LS,E05|2022-08-12|8.5,8.5,0.95,1.25,13.6,2.0,0.00598870056497175,0.007781474723623486,0.0002454118651301742,-0.0005156493584362632,0.0017131612455145255,0.0018112384069830878,1.1419381175710153,-0.9388524225818192,0.7696099746736798,0.03153796341265976,1.299359458567318,24.402652910832792
585,E08,BAHIA PUNO,2022-08-12,2022-08-12,2022,8,-15.7802,-69.8681,LS,E08|2022-08-12|11.0,11.0,1.03,2.25,12.6,2.0,0.006418079096045199,0.0066437694536868085,-0.0002774221084080237,-0.0011392253267777904,0.0012385692788517166,0.0014839061647572288,1.413921514135175,-1.087152506699938,0.9660297728247678,-0.04175673318315924,1.035164782836765,64.18079096045199
589,E28,LAGO MAYOR,2022-08-14,2022-08-14,2022,8,-15.3928,-69.7822,LS,E28|2022-08-14|10.0,10.0,1.02,2.5,13.2,2.0,0.00951412429378531,0.008715251690458304,8.536064874093065e-05,-0.0012351600911380215,0.0010302118300729232,0.0010038188761593025,1.3302524867807815,-0.9806010909806209,1.0916637443989867,0.009794398575360231,0.9160329864674107,95.14124293785311
590,E32,LAGO MAYOR,2022-08-14,2022-08-14,2022,8,-15.3384,-69.7205,LS,E32|2022-08-14|9.0,9.0,0.51,1.75,13.4,2.0,0.017943502824858758,0.018106686701728027,0.0027315407597097736,-0.0006715433505216429,0.0014122004861673832,0.0014729950900163671,1.0770332423975804,-0.7378336392880395,0.9909876456384649,0.15085812245534058,1.0090943155560015,6.569004237288136
591,E36,LAGO MAYOR,2022-08-14,2022-08-14,2022,8,-15.2971,-69.6814,LS,E36|2022-08-14|9.0,9.0,0.51,2.25,13.0,2.0,0.016372881355932203,0.01652892561983471,0.0022940674349125043,-0.0004197145940760237,0.0014585021414515577,0.0015275504637206768,1.0521085815252662,-0.7562483494134735,0.9905593220338982,0.1387910798122065,1.0095306537994286,7.137053212455659
592,E39,LAGO MAYOR,2022-08-15,2022-08-15,2022,8,-15.3748,-69.5276,LS,E39|2022-08-15|7.0,7.0,1.62,1.25,12.3,2.0,0.013299435028248586,0.022153053558012236,0.004940247545881349,0.000683535196066676,0.0037620094918393325,0.0036552100381887624,0.9401367977068829,-0.6353159148384955,0.600343198440853,0.22300526349310332,1.6657138826542763,2.6920584251564956
593,341,LAGO MAYOR,2022-08-15,2022-08-15,2022,8,-15.4392,-69.6009,LS,341|2022-08-15|14.0,14.0,0.51,1.5,13.1,2.0,0.007220338983050847,0.005860255447032308,-0.0008109261630388394,-0.0016308909941239959,0.0011575413821044154,0.0013202400436443,1.7712223085392247,-1.3212012751906914,1.2320860495436763,-0.1383772721800891,0.8116316229457892,72.20338983050847
594,E42,LAGO MAYOR,2022-08-15,2022-08-15,2022,8,-15.4967,-69.6685,LS,E42|2022-08-15|16.0,16.0,0.94,5.5,12.9,2.0,0.008406779661016947,0.006718900933776967,-5.3350405463081197e-05,-0.0010312987168725263,0.0014006250723463355,0.0016803055100927458,1.3626477366801355,-1.0160076492504668,1.2512135160015159,-0.007940347087851877,0.7992241030097603,84.06779661016947
595,E43,LAGO MAYOR,2022-08-15,2022-08-15,2022,8,-15.5603,-69.7411,LS,E43|2022-08-15|14.0,14.0,0.51,0.75,13.1,2.0,0.006225988700564973,0.00564559407534614,-0.0007255655142979087,7.195107327017335e-05,0.00346104873249219,0.004004364429896347,0.9748313100060989,-1.294943355642491,1.1028048806685147,-0.1285188953747836,0.90677872172075,62.25988700564973
596,E22,LAGO MAYOR,2022-08-15,2022-08-15,2022,8,-15.6181,-69.807,LS,E22|2022-08-15|14.0,14.0,0.51,1.0,13.3,2.0,0.0070508474576271175,0.00695502844263175,0.00014938113529662771,-0.0007434944237918246,0.0016900104178724383,0.0017566830332787784,1.2393913651091932,-0.9579467899108424,1.01377694078259,0.02147814872775741,0.9864102839309455,47.200387409201134
597,E48,LAGO MAYOR,2022-08-16,2022-08-16,2022,8,-15.5361,-69.3597,LS,E48|2022-08-16|8.0,8.0,0.94,1.0,13.8,3.0,0.005220338983050846,0.006418375013416337,0.0003414425949637208,0.0001918695287204706,0.005405718254427601,0.005521003818876161,0.9419476848484972,-0.8989786221362691,0.8133427810214837,0.0531976698541302,1.2294939149076753,15.289067796610208
598,E49,LAGO MAYOR,2022-08-16,2022-08-16,2022,8,-15.6063,-69.4449,LS,E49|2022-08-16|15.0,15.0,0.51,6.5,13.0,3.0,0.005920903954802258,0.006160781367392938,8.536064874093065e-05,-0.0006475596594315851,0.0033452945942817457,0.0038734315330060023,1.2349113009697499,-0.9726675650812217,0.9610638004685128,0.013855490667582768,1.0405136469738077,59.20903954802258
599,E50,LAGO MAYOR,2022-08-16,2022-08-16,2022,8,-15.6687,-69.5211,LS,E50|2022-08-16|16.0,16.0,0.59,9.0,12.6,3.0,0.006146892655367232,0.005774390898357842,-0.0002774221084080237,-0.000683535196066676,0.0032642666975344365,0.003502454991816695,1.268534251124785,-1.1009361953981398,1.0645092726776297,-0.04804352758434119,0.9393999898982885,61.46892655367232
600,E51,LAGO MAYOR,2022-08-17,2022-08-17,2022,8,-15.7371,-69.6038,LS,E51|2022-08-17|12.0,12.0,1.02,1.5,13.0,3.0,0.007197740112994351,0.005913920789953848,-0.00030943235168587313,-0.0014150377743134676,0.0012501446926727643,0.0016366612111292978,1.6290614603061946,-1.1104228512139014,1.2170842946055966,-0.052322708178898,0.8216357769402126,71.9774011299435
601,E52,LAGO MAYOR,2022-08-17,2022-08-17,2022,8,-15.8028,-69.6843,LS,E52|2022-08-17|9.0,9.0,0.51,11.0,12.9,3.0,0.00856497175141243,0.007234088225823765,0.00038412291933418607,-0.0003957309029859659,0.0012385692788517166,0.0014293507910529192,1.115738422675033,-0.8991565443400443,1.1839739140639405,0.05309900948719007,0.8446132031469699,22.29747645951041
602,E53,LAGO MAYOR,2022-08-17,2022-08-17,2022,8,-15.8686,-69.7634,LS,E53|2022-08-17|11.0,11.0,0.51,4.5,13.0,3.0,0.006813559322033899,0.007116024471396371,3.201024327784946e-05,-0.000275812447535677,0.0024539877300613503,0.0026404800872885984,1.0806442567135155,-0.9910434853558064,0.9574952066876297,0.004498332377371394,1.0443916512745917,68.13559322033899
603,E58,LAGO MAYOR,2022-08-18,2022-08-18,2022,8,-15.9519,-69.5453,LS,E58|2022-08-18|11.0,11.0,1.1,3.25,12.3,3.0,0.005774011299435028,0.009520231834281422,0.0009603072983354671,-0.0008274373426070227,0.0022919319365667314,0.002662302236770323,1.1903730148487925,-0.8167445978577274,0.606499022286766,0.10087015894691709,1.648807274626039,6.0126704331450105
604,E59,LAGO MAYOR,2022-08-18,2022-08-18,2022,8,-15.8876,-69.4615,LS,E59|2022-08-18|15.0,15.0,0.51,1.5,12.8,3.0,0.006542372881355932,0.005785123966942149,2.134016218523174e-05,-0.0009113802614222291,0.0017478874869776605,0.0019749045280960183,1.3739956918096328,-0.9926493445803438,1.1308958837772396,0.0036887994634472003,0.8842546996103285,65.42372881355932
605,E60,LAGO MAYOR,2022-08-18,2022-08-18,2022,8,-15.8271,-69.3776,LS,E60|2022-08-18|16.5,16.5,0.43,1.5,12.8,3.0,0.006745762711864407,0.006826231619620049,0.00010670081092616239,-0.0004916656673462054,0.002731797661766413,0.0029459901800327343,1.1552324479480696,-0.9692190002990534,0.9882118111075578,0.015630997726400236,1.0119288079336255,63.2212881355936
606,E61,LAGO MAYOR,2022-08-18,2022-08-18,2022,8,-15.7585,-69.3045,LS,E61|2022-08-18|15.0,15.0,0.51,3.75,13.5,3.0,0.006881355932203388,0.006557904905012343,0.0006188647033717463,0.0005036575128912384,0.004282903113786316,0.004495362793235136,0.857352265189806,-0.8275365795727755,1.0493223112985102,0.09436927072527922,0.9529960329944047,11.11932203389829
608,E72,LAGO MAYOR,2022-08-19,2022-08-19,2022,8,-15.6921,-69.1709,LS,E72|2022-08-19|5.0,5.0,1.62,18.0,12.5,3.0,0.01319774011299435,0.019383921863260708,0.006252667520273153,0.0030699124595275212,0.0047459196666280856,0.003906164757228589,0.7265578093545658,-0.5122075184936308,0.6808601585424604,0.3225697856388979,1.4687303809063124,2.11073754844681
609,E76,LAGO MAYOR,2022-08-19,2022-08-19,2022,8,-15.8125,-69.0449,LS,E76|2022-08-19|10.0,10.0,0.95,0.75,13.0,3.0,0.005333333333333331,0.0066437694536868085,0.0012057191634656413,0.0007554862693368494,0.003171663386966087,0.0029896344789961823,0.7957938756237329,-0.6927903029947472,0.8027571351642432,0.18148118652680745,1.245706772566277,4.42336283185841
610,E78,LAGO MAYOR,2022-08-19,2022-08-19,2022,8,-15.8903,-69.1327,LS,E78|2022-08-19|14.0,14.0,0.51,1.25,13.4,3.0,0.006937853107344632,0.005752924761189222,0.0003734528382415702,-0.00013191030099532196,0.0021067253154300252,0.0023022367703218775,1.0469345092286124,-0.8780834934764663,1.2059697276330217,0.06491530025926699,0.8292082106925834,18.57758837772399
611,E79,LAGO MAYOR,2022-08-19,2022-08-19,2022,8,-15.96,-69.2272,LS,E79|2022-08-19|14.0,14.0,0.51,0.75,12.8,3.0,0.0057062146892655355,0.005452398840828592,-0.000448143405889885,-0.001067274253507617,0.002234054867461517,0.0027168576104746327,1.486769982868222,-1.1791046928614775,1.0465512255883267,-0.08219197072196967,0.9555194008184763,57.06214689265535
612,E80,LAGO MAYOR,2022-08-20,2022-08-20,2022,8,-16.0316,-69.3198,LS,E80|2022-08-20|15.0,15.0,0.51,0.0,12.3,2.0,0.005898305084745761,0.005699259418267683,0.00018139137857447717,-0.0002878042930807017,0.0030443338349346034,0.0030332787779596302,1.1063683365152508,-0.9383089205615329,1.0349248300296845,0.031827184071156374,0.9662537519476823,32.51700897308075
613,E82,LAGO MAYOR,2022-08-20,2022-08-20,2022,8,-16.1109,-69.4173,LS,E82|2022-08-20|15.0,15.0,0.51,1.75,12.8,2.0,0.00576271186440678,0.006278845121820328,0.0004374733247972691,9.593476436023946e-05,0.002465563143882398,0.0027932351336606674,0.9699016276565016,-0.8697281068077889,0.9177980588150081,0.06967417037839584,1.0895643005511746,13.172715998346405
614,E83,LAGO MAYOR,2022-08-20,2022-08-20,2022,8,-16.1837,-69.5067,LS,E83|2022-08-20|16.0,16.0,0.95,1.0,13.7,2.0,0.012531073446327683,0.01309434367285607,0.00658344003414426,0.0057560858616141014,0.005752980669058917,0.004680851063829789,0.3892886052561571,-0.3308758447995201,0.9569836991756968,0.5027697606403447,1.0449498783117785,1.9034233442298711
615,E88,LAGO MAYOR,2022-08-20,2022-08-20,2022,8,-16.2064,-69.3781,LS,E88|2022-08-20|14.0,14.0,0.59,0.75,13.3,2.0,0.009333333333333332,0.00989588923473221,0.003969270166453264,0.0031778390694327855,0.0048037967357333075,0.0043644298963447905,0.5138587474928983,-0.427446844954799,0.9431525668835862,0.4011029299440895,1.0602738465784514,2.351397849462366
616,E94,LAGO MAYOR,2022-08-20,2022-08-20,2022,8,-16.251,-69.2884,LS,E94|2022-08-20|15.0,15.0,0.95,4.5,13.5,2.0,0.006983050847457625,0.008393259632929053,0.0029342723004694826,0.004317064396210575,0.006308600532469036,0.004724495362793236,0.3206995279328745,-0.48192200054118417,0.8319831808921062,0.3495986575891838,1.2019473746184812,2.3798237288135593
617,E97,LAGO MAYOR,2022-08-21,2022-08-21,2022,8,-16.1757,-69.1958,LS,E97|2022-08-21|16.0,16.0,0.95,6.75,12.9,2.0,0.003457627118644068,0.004454223462487925,-0.00021340162185232663,-0.0006595515049766182,0.002303507350387779,0.002575013638843427,1.347619419307838,-1.1006413754460647,0.7762581172146213,-0.0479099496577862,1.2882312955234683,34.57627118644068
618,E98,LAGO MAYOR,2022-08-22,2022-08-22,2022,8,-16.1056,-69.1103,LS,E98|2022-08-22|15.0,15.0,0.51,10.0,12.6,2.0,0.008881355932203388,0.008082000643984115,0.0034357661118224504,0.002578246792181316,0.003843037388586642,0.0034478996181123854,0.5162875785456402,-0.403397136551856,1.0989056204560288,0.42511331824501686,0.9099962557157689,2.5849710495841656
619,E99,LAGO MAYOR,2022-08-22,2022-08-22,2022,8,-16.0745,-69.0742,LS,E99|2022-08-22|15.0,15.0,0.51,10.0,13.0,2.0,0.006768361581920903,0.00787807234088226,0.0028062313273580883,0.0026741815565415553,0.006077092256048155,0.006001091107474088,0.4931543859513062,-0.4747001485834154,0.8591393032528206,0.3562078648092003,1.1639555962739234,2.4119043629567565
620,E100,LAGO MAYOR,2022-08-22,2022-08-22,2022,8,-16.0055,-68.9959,LS,E100|2022-08-22|13.0,13.0,0.52,8.75,12.7,2.0,0.004418079096045198,0.005892454652785231,0.0006615450277422098,0.0003717472118959081,0.0038314619747656024,0.003982542280414622,0.8813104492538394,-0.7981246691939704,0.7497858458625338,0.1122698547080905,1.3337141605409026,6.678425369054138
621,E103,LAGO MAYOR,2022-08-22,2022-08-22,2022,8,-15.9394,-68.9017,LS,E103|2022-08-22|10.0,10.0,0.51,5.5,13.0,4.0,0.005322033898305083,0.008489857250187827,0.002635510029876227,0.0022184914258304325,0.0032295404560713096,0.0027059465357337715,0.5856519458271284,-0.526216038241378,0.6268696565171741,0.3104304291827663,1.5952279546531272,2.019356343923694
622,E104,LAGO MAYOR,2022-08-22,2022-08-22,2022,8,-16.0297,-68.8837,LS,E104|2022-08-22|13.0,13.0,0.95,13.18,12.9,4.0,0.005378531073446328,0.005817323172695073,0.0011630388390951778,0.0010193068713275017,0.002014122004861676,0.0017566830332787784,0.7018100392535572,-0.6667682362276188,0.924571476223237,0.19992680560608436,1.0815821445031806,4.624549836728344
624,E113,LAGO MAYOR,2022-08-21,2022-08-21,2022,8,-16.2174,-69.1367,LS,E113|2022-08-21|14.0,14.0,0.43,11.39,13.8,2.0,0.005175141242937854,0.006579371042180958,0.001397780623132736,0.0013071111644082033,0.0046880425975228636,0.004517184942716859,0.6685184941962191,-0.6495538742261818,0.7865708150155302,0.2124489733397668,1.2713413476703377,3.702398757924699
625,E117,LAGO MAYOR,2022-08-21,2022-08-21,2022,8,-16.1653,-69.1027,LS,E117|2022-08-21|14.0,14.0,0.51,6.91,13.6,2.0,0.005480225988700565,0.006257378984651712,0.000970977379428083,0.0007794699604269071,0.0029517305243662462,0.0026950354609929076,0.7784604001760624,-0.7313420378872777,0.875802153288562,0.1551731774293559,1.1418103920446938,5.644030545725465
626,E120,LAGO MAYOR,2022-08-22,2022-08-22,2022,8,-16.1264,-68.9337,LS,E120|2022-08-22|14.0,14.0,1.02,12.32,13.1,4.0,0.005920903954802258,0.007244821294408072,0.00245411865130175,0.0020985729703801434,0.00346104873249219,0.003196944899072559,0.550789962126747,-0.4939407993019503,0.8172601799539649,0.3387410885063467,1.2236005430441117,2.412639646278555
627,E121,LAGO MAYOR,2022-08-23,2022-08-23,2022,8,-16.2068,-68.8643,LS,E121|2022-08-23|11.0,11.0,0.95,7.62,12.5,4.0,0.004745762711864406,0.006729634002361275,0.0018886043533930847,0.002314426190190672,0.0032295404560713096,0.0028368794326241154,0.4881886265659789,-0.561719099358253,0.7052036871840617,0.28063998023227066,1.4180300219261261,2.5128411376041377
628,E122,LAGO MENOR,2022-08-23,2022-08-23,2022,8,-16.2276,-68.8361,LS,E122|2022-08-23|10.0,10.0,1.02,4.14,12.5,4.0,0.005389830508474576,0.007223355157239453,0.002037985488689714,0.002014630051564937,0.00347262414631323,0.003066012002182215,0.563837722631613,-0.5598940052955473,0.7461671745536053,0.2821383476689758,1.3401822461544899,2.6446854201792527
629,E123,LAGO MENOR,2022-08-23,2022-08-23,2022,8,-16.1925,-68.797,LS,E123|2022-08-23|6.0,6.0,1.78,12.25,12.1,4.0,0.006779661016949151,0.01774176236986155,0.0026461801109688428,0.0007554862693368494,0.002303507350387779,0.0021822149481723952,0.9183136105017624,-0.7404171133339766,0.3821300767992451,0.14914978883180097,2.616909949554579,2.562055768179333
630,E125,LAGO MENOR,2022-08-23,2022-08-23,2022,8,-16.2626,-68.7843,LS,E125|2022-08-23|8.0,8.0,1.53,13.0,12.4,4.0,0.011389830508474575,0.0390039712353762,0.009080239009816473,0.00022784506535556141,0.0010880888991781454,0.001123840698308785,0.9883846540368494,-0.6223192904833481,0.29201720101116563,0.23280293575800787,3.4244558078678513,1.2543536019438748
633,E132,LAGO MENOR,2022-08-23,2022-08-23,2022,8,-16.3339,-68.7808,LS,E132|2022-08-23|4.0,4.0,1.53,12.75,13.5,2.0,0.00872316384180791,0.03375550069764946,0.008365343576611183,0.00010792660990526419,0.0014932283829146927,0.0011129296235679216,0.9936257422653696,-0.6027931527896897,0.25842199527543497,0.24782164102793763,3.869639652515514,1.0427741265997925
635,E130,LAGO MENOR,2022-08-23,2022-08-23,2022,8,-16.3144,-68.8451,LS,E130|2022-08-23|5.5,5.5,1.19,17.0,13.1,4.0,0.008779661016949152,0.021272941934098965,0.004001280409731112,0.0003837390574409412,0.0018867924528301922,0.0016912165848336073,0.9645615558661434,-0.68337061398107,0.4127149429612271,0.18809248020920666,2.4229798728027783,2.194212881355933
636,E136,LAGO MENOR,2022-08-24,2022-08-24,2022,8,-16.2659,-69.0601,LS,E136|2022-08-24|5.5,5.5,1.7,14.25,12.2,3.0,0.006146892655367232,0.014167650531286893,0.006338028169014083,0.0044969420793860215,0.006783192499131845,0.006208401527550465,0.5181312089415598,-0.3818270097215012,0.43386817325800386,0.4473591549295774,2.3048475588582535,0.9698430634023857
637,E135,LAGO MENOR,2022-08-24,2022-08-24,2022,8,-16.3028,-68.9852,LS,E135|2022-08-24|11.0,11.0,1.19,16.75,12.6,5.0,0.006045197740112995,0.013244606633036385,0.004449423815620997,0.001870727905024582,0.0018404907975460177,0.0013093289689034386,0.7524727915812363,-0.49707059936771864,0.45642712596947144,0.3359423151551121,2.1909302561191026,1.35864731943259
638,E137,LAGO MENOR,2022-08-24,2022-08-24,2022,8,-16.4011,-68.8334,LS,E137|2022-08-24|5.0,5.0,1.02,11.25,12.0,7.0,0.009062146892655366,0.028077707416550395,0.007597097737942807,-0.00014390214654035502,0.0011922676235675421,0.0012875068194217135,1.010303046076098,-0.5740916878402738,0.32275237996509953,0.2705740046804783,3.098350506689165,1.1928432679489622
640,E141,LAGO MENOR,2022-08-24,2022-08-24,2022,8,-16.3764,-69.0073,LS,E141|2022-08-24|5.0,5.0,1.7,11.0,12.8,7.0,0.00711864406779661,0.015058495223784479,0.0036278275714895416,-0.00045569013071111454,0.0013774742447042482,0.0018876159301691223,1.0624112417581528,-0.6117130248586339,0.47273276393201014,0.24091567700333616,2.1153600433411532,1.9622333000997016
641,E142,LAGO MENOR,2022-08-24,2022-08-24,2022,8,-16.4515,-68.998,LS,E142|2022-08-24|5.0,5.0,1.18,17.0,13.1,7.0,0.008994350282485873,0.016196200493721155,0.0045454545454545435,-7.195107327017335e-05,0.0013658988308832087,0.0016257501363884342,1.0089245169721397,-0.5617076055191217,0.5553370548835048,0.28064943671305487,1.8007082207215108,1.9787570621468928
643,E145,LAGO MENOR,2022-08-24,2022-08-24,2022,8,-16.5139,-68.977,LS,E145|2022-08-24|5.5,5.5,1.62,26.0,13.2,7.0,0.00856497175141243,0.01759149940968123,0.0036491677336747772,-0.00032377982971579255,0.0013080217617779865,0.0015275504637206768,1.037501108292365,-0.6563979806053115,0.48688128009706894,0.20743926647131114,2.0538887833203017,2.3471027852116157
645,E147,LAGO MENOR,2022-08-24,2022-08-24,2022,8,-16.493,-69.0596,LS,E147|2022-08-24|5.0,5.0,1.78,14.75,12.4,7.0,0.00943502824858757,0.025008049801438233,0.0069675629534784456,0.00015589399208537974,0.0017363120731566128,0.0018221494817239512,0.9876096936816121,-0.5641951703017998,0.3772796488930918,0.27861280702814883,2.65055378135004,1.3541360604251564
647,E01,BAHIA PUNO,2024-08-21,2024-08-21,2024,8,-15.853,-69.9605,LS,E01|2024-08-21|6.0,6.0,2.64,0.5,13.4,3.0,0.010587570621468926,0.016840184608779653,0.004673495518565941,0.002014630051564937,0.004375506424354673,0.004211674849972723,0.7863006896639034,-0.5655326495821715,0.6287087028695091,0.2775204445282273,1.5905617266563494,2.265450042566365
648,E02,BAHIA PUNO,2024-08-21,2024-08-21,2024,8,-15.8461,-69.9271,LS,E02|2024-08-21|9.0,9.0,2.05,1.5,13.0,3.0,0.010666666666666666,0.01298701298701299,0.0012057191634656413,-0.0008514210336970887,0.0012848709341358993,0.001123840698308785,1.1403179122721727,-0.830093379381972,0.8213333333333331,0.09284037558685436,1.217532467532468,8.846725663716821
649,E03,BAHIA PUNO,2024-08-21,2024-08-21,2024,8,-15.8653,-69.8942,LS,E03|2024-08-21|8.0,8.0,1.02,7.75,13.9,3.0,0.009050847457627118,0.011162391327680585,0.0009176269739650017,-0.0010193068713274932,0.00082185438129413,0.0009929078014184408,1.2009854645736135,-0.8480751642772626,0.8108340938722293,0.08220702419646077,1.2332979182268813,9.863318880567602
651,E05,BAHIA PUNO,2024-08-21,2024-08-21,2024,8,-15.84,-69.8923,LS,E05|2024-08-21|10.0,10.0,2.55,2.5,13.4,3.0,0.009468926553672315,0.009477299559944188,0.0005548442168160474,-0.0011632090178678482,0.0007176756569047372,0.0008947081287506833,1.2798161439481461,-0.8893866208746584,0.9991165198251978,0.058544547769820085,1.0008842614022204,17.065919165580194
653,E08,BAHIA PUNO,2024-08-21,2024-08-21,2024,8,-15.7802,-69.8681,LS,E08|2024-08-21|9.0,9.0,1.45,5.75,13.3,3.0,0.009559322033898303,0.00902651067940324,0.0004268032437046514,-0.0012351600911380215,0.0007061002430836936,0.0014184397163120577,1.3170591333596937,-0.9097028402891004,1.0590273887019084,0.0472833034672561,0.9442626419943108,22.397491525423764
655,E15,LAGO MAYOR,2024-08-21,2024-08-21,2024,8,-15.715,-69.8226,LS,E15|2024-08-21|9.0,9.0,1.53,1.25,13.3,3.0,0.008033898305084743,0.010593538692712245,0.0012377294067434908,-0.0006955270416117007,0.0014585021414515577,0.0015602836879432633,1.1405386244953661,-0.790769714332602,0.7583772087991344,0.1168381447074884,1.3186050271519465,6.4908357685564
656,E16,LAGO MAYOR,2024-08-21,2024-08-21,2024,8,-15.6737,-69.8541,LS,E16|2024-08-21|6.0,6.0,1.62,2.25,13.5,3.0,0.004395480225988702,0.010271546635183,0.0010029876227059323,-0.0008873965703321713,0.0018983678666512317,0.002269503546099291,1.1891265526736865,-0.8220790303522039,0.42792778751867017,0.09764718579677294,2.3368428720146404,4.382387306166609
657,E22,LAGO MAYOR,2024-08-22,2024-08-22,2024,8,-15.6181,-69.807,LS,E22|2024-08-22|14.0,14.0,1.02,1.5,13.5,3.0,0.008779661016949152,0.008951379199313082,0.0010136577037985484,-0.000551624895071354,0.0016089825211251288,0.0018876159301691223,1.1313429677630713,-0.7965570801327251,0.9808165670853148,0.11324039360061243,1.0195586346707952,8.661366636931314
659,E27,LAGO MAYOR,2024-08-22,2024-08-22,2024,8,-15.4437,-69.8425,LS,E27|2024-08-22|4.0,4.0,1.61,15.25,13.6,3.0,0.01919774011299435,0.030170655790490504,0.004204011950490825,-0.001486988847583641,0.0013080217617779865,0.0012220403709765424,1.103681882703663,-0.7554005548580708,0.636305032489393,0.1393410862423444,1.5715733004463859,4.566528434999569
660,E28,LAGO MAYOR,2024-08-22,2024-08-22,2024,8,-15.3928,-69.7822,LS,E28|2024-08-22|9.0,9.0,3.58,8.5,13.6,3.0,0.01047457627118644,0.009906622303316518,-4.268032437046533e-05,-0.0014989806931286738,0.0008102789674730902,0.0009165302782324064,1.3565756211645592,-1.0086537046010027,1.0573307380134784,-0.004308261995228878,0.9457778574363667,104.7457627118644
661,E32,LAGO MAYOR,2024-08-22,2024-08-22,2024,8,-15.3384,-69.7205,LS,E32|2024-08-22|12.5,12.5,1.62,6.0,13.7,3.0,0.01184180790960452,0.010700869378555331,0.0013230900554844214,-0.0006235759683415273,0.0008334297951151776,0.0009929078014184408,1.123758509567708,-0.779924333127584,1.1066211062566227,0.12364323015996341,0.903651660307392,8.950114816839806
662,E36,LAGO MAYOR,2024-08-22,2024-08-22,2024,8,-15.2971,-69.6814,LS,E36|2024-08-22|11.5,11.5,2.13,2.75,14.0,3.0,0.008440677966101696,0.008082000643984115,-0.00023474178403755835,-0.001750809449574293,0.0008450052089362172,0.0011456628477905081,1.5530740169664046,-1.059827580130412,1.044379769059356,-0.029045009321088062,0.9575061003916923,84.40677966101696
663,E36B,LAGO MAYOR,2024-08-22,2024-08-22,2024,8,-15.2621,-69.7034,LS,E36B|2024-08-22|13.0,13.0,1.53,6.25,13.9,6.0,0.007627118644067795,0.007448749597509928,7.469056764831478e-05,-0.001187192708957906,0.0010186364162518837,0.0012438625204582656,1.379200266160102,-0.9801444402877192,1.0239461730083523,0.01002726251843442,0.9766138361179685,76.27118644067795
664,E39,LAGO MAYOR,2024-08-23,2024-08-23,2024,8,-15.3748,-69.5276,LS,E39|2024-08-23|8.0,8.0,2.12,4.5,12.7,3.0,0.009638418079096045,0.016013738327787914,0.000970977379428083,-0.0008394291881520557,0.0033452945942817457,0.0037752318603382446,1.1106381351675998,-0.885664518735769,0.6018843246845701,0.06063402308399095,1.661448818299215,9.926511454647054
665,E41,LAGO MAYOR,2024-08-23,2024-08-23,2024,8,-15.4392,-69.6009,LS,E41|2024-08-23|10.5,10.5,2.98,3.75,13.0,3.0,0.008824858757062149,0.0075775464205216254,0.0008856167306871523,-0.0004796738218011723,0.0013311725894200738,0.0013857064920894712,1.135159724987958,-0.7907125006997151,1.164606360333542,0.1168738113287847,0.85865922947012,9.964647743516451
666,E42,LAGO MAYOR,2024-08-23,2024-08-23,2024,8,-15.4967,-69.6685,LS,E42|2024-08-23|10.0,10.0,1.45,6.25,14.4,3.0,0.008937853107344632,0.007749275517870558,0.0006081946222791286,-0.0008514210336970887,0.0016205579349461766,0.001854882705946536,1.2468652860735048,-0.854454747834586,1.1533791883813014,0.07848406226834684,0.8670175516201573,14.695712161760351
667,E43,LAGO MAYOR,2024-08-23,2024-08-23,2024,8,-15.5603,-69.7411,LS,E43|2024-08-23|12.5,12.5,0.94,7.0,13.9,3.0,0.009909604519774011,0.008135665986905655,0.001099018352539479,-0.000551624895071354,0.0015742562796620021,0.0015166393889798151,1.1454697609511648,-0.7619802273402608,1.218044661091484,0.13508646425607293,0.8209879587698409,9.01677801546816
668,E48,LAGO MAYOR,2024-08-24,2024-08-24,2024,8,-15.5361,-69.3597,LS,E48|2024-08-24|9.0,9.0,0.43,6.11,13.5,3.0,0.005627118644067794,0.006987227648384674,0.00018139137857447717,-0.0003717472118959081,0.0029170042829031115,0.0028587015821058383,1.1123868959394183,-0.9493928042238775,0.8053435392746487,0.025960422030390225,1.241706118237036,31.021974077766686
669,E49,LAGO MAYOR,2024-08-24,2024-08-24,2024,8,-15.6063,-69.4449,LS,E49|2024-08-24|11.0,11.0,1.45,1.0,13.8,3.0,0.0076610169491525435,0.0070408929913062124,0.00023474178403755835,-0.0008754047247871465,0.0030790600763977304,0.003458810692853247,1.2839691018654178,-0.9354716779987611,1.0880746176105833,0.03333977441887091,0.9190546161218285,32.635932203389885
670,E50,LAGO MAYOR,2024-08-24,2024-08-24,2024,8,-15.6687,-69.5211,LS,E50|2024-08-24|12.0,12.0,1.61,3.75,13.7,3.0,0.00824858757062147,0.007395084254588386,0.0003734528382415702,-0.001079266099052642,0.0015974071073040893,0.0019203491543917089,1.3417658335282376,-0.9038549251406123,1.115414954941658,0.05050014650067794,0.8965273377137973,22.087360774818432
671,E51,LAGO MAYOR,2024-08-24,2024-08-24,2024,8,-15.7371,-69.6038,LS,E51|2024-08-24|11.5,11.5,0.51,7.5,13.1,3.0,0.008350282485875707,0.007824406997960717,0.00089628681177977,-0.0009353639525122952,0.002488713971524485,0.0025859247135842887,1.2715510153053202,-0.7944458942013035,1.067209628544636,0.11455012654804002,0.937023030202332,9.31652945924132
672,E52,LAGO MAYOR,2024-08-24,2024-08-24,2024,8,-15.8028,-69.6843,LS,E52|2024-08-24|11.0,11.0,1.1,6.25,12.9,3.0,0.0076610169491525435,0.007566813351937318,6.402048655569706e-05,-0.0014630051564935831,0.001794189142261835,0.0021822149481723952,1.4793743086155646,-0.9832204502100479,1.0124495732660177,0.008460693237438716,0.9877035127528799,76.61016949152543
673,E53,LAGO MAYOR,2024-08-24,2024-08-24,2024,8,-15.8686,-69.7634,LS,E53|2024-08-24|9.0,9.0,2.15,3.25,12.6,3.0,0.01255367231638418,0.012901148438338523,0.0015685019206145955,-0.0008993884158772043,0.002014122004861676,0.002444080741953083,1.1498759913972623,-0.7832010762796877,0.9730662643240547,0.12157847249888673,1.0276792410377673,8.00360659518045
674,E58,LAGO MAYOR,2024-08-26,2024-08-26,2024,8,-15.9519,-69.5453,LS,E58|2024-08-26|9.0,9.0,1.1,1.0,14.2,2.0,0.010779661016949152,0.015616614790168508,0.0019419547588561677,-0.0019426789782947553,0.001226993865030677,0.0014948172394980922,1.2841432580861178,-0.7788025792379736,0.6902687401712388,0.12435183840730527,1.448711120471607,5.550933134661947
675,E59,LAGO MAYOR,2024-08-26,2024-08-26,2024,8,-15.8876,-69.4615,LS,E59|2024-08-26|10.5,10.5,1.62,4.75,13.4,2.0,0.0088135593220339,0.008672319416121068,0.000768245838668374,-0.0011752008634128813,0.0016552841764093116,0.0018330605564648129,1.3135071690269,-0.8372457079513378,1.0162862896459142,0.08858597127318368,0.9839747029829671,11.472316384180791
676,E60,LAGO MAYOR,2024-08-25,2024-08-25,2024,8,-15.8271,-69.3776,LS,E60|2024-08-25|12.0,12.0,0.51,1.75,14.3,2.0,0.005389830508474576,0.007459482666094236,-8.536064874093065e-05,-0.0007914618059719402,0.004306053941428412,0.004626295690125478,1.2373901353579018,-1.0231512678972279,0.7225474942080233,-0.01144323977437771,1.3839920669797483,53.89830508474576
677,E61,LAGO MAYOR,2024-08-25,2024-08-25,2024,8,-15.7585,-69.3045,LS,E61|2024-08-25|12.0,12.0,1.53,2.0,13.8,2.0,0.007468926553672318,0.008747450896211225,0.0009816474605207006,-0.0004436982851660898,0.0033568700081027933,0.0035242771412984184,1.1068667992691668,-0.798203734070932,0.8538403521541718,0.11222097410639716,1.1711791290691276,7.608563006632274
679,E72,LAGO MAYOR,2024-08-25,2024-08-25,2024,8,-15.6921,-69.1709,LS,E72|2024-08-25|4.8,4.8,1.1,2.25,13.3,2.0,0.029559322033898303,0.04079639368895568,0.021542893725992315,0.014342247271855136,0.014446116448663041,0.012274959083469721,0.47977508107476663,-0.30885017221894806,0.7245572307020007,0.5280587762301246,1.3801532268626062,1.372114740473972
680,E76,LAGO MAYOR,2024-08-25,2024-08-25,2024,8,-15.8125,-69.0449,LS,E76|2024-08-25|12.0,12.0,1.53,2.0,14.1,2.0,0.01553672316384181,0.01747343565525384,0.01076611182244985,0.01027701163209018,0.012142609098275267,0.0106164757228587,0.2593264061411826,-0.23751526473943818,0.8891624675522981,0.6161416698388528,1.124653858538156,1.4431136718684388
681,B03,LAGO MAYOR,2024-08-27,2024-08-27,2024,8,-15.9948,-69.427,LS,B03|2024-08-27|11.0,11.0,1.02,3.25,13.1,2.0,0.00977401129943503,0.010035419126328216,0.001088348271446863,-0.0011392253267777904,0.0012038430373885899,0.0013529732678668866,1.2561150812109827,-0.804320130997235,0.9739514788966437,0.10845070422535213,1.0267451938497651,8.980591558657363
682,E78,LAGO MAYOR,2024-08-27,2024-08-27,2024,8,-15.8903,-69.1327,LS,E78|2024-08-27|10.5,10.5,0.51,1.5,13.7,2.0,0.004768361581920902,0.007105291402812063,0.000128040973111396,-0.00017987768317543753,0.004618590114596601,0.005095471903982543,1.0519469780388475,-0.9645968279195898,0.6711000733951216,0.018020509765541943,1.4900907325802557,37.24090395480214
683,E79,LAGO MAYOR,2024-08-27,2024-08-27,2024,8,-15.96,-69.2272,LS,E79|2024-08-27|9.5,9.5,1.53,4.0,13.6,2.0,0.005548022598870057,0.008124932918321347,0.0007042253521126751,-0.00023983691090058616,0.00447968514874407,0.004648117839607202,1.0608328371039375,-0.8404772571107879,0.6828391882915763,0.0866746050942377,1.46447365228399,7.878192090395492
684,E80,LAGO MAYOR,2024-08-27,2024-08-27,2024,8,-16.0316,-69.3198,LS,E80|2024-08-27|15.0,15.0,1.53,11.5,13.3,2.0,0.007966101694915255,0.008017602232478264,0.00045881348698250085,-0.0010912579445976748,0.0022224794536404697,0.0023022367703218775,1.3151033912522692,-0.8917434094694466,0.9935765661516124,0.05722577320235557,1.0064649610983352,17.362396531336234
685,E82,LAGO MAYOR,2024-08-28,2024-08-28,2024,8,-16.1109,-69.4173,LS,E82|2024-08-28|9.0,9.0,1.97,1.5,13.9,2.0,0.007502824858757062,0.008994311473650317,0.0008536064874093047,-0.00029979613862573477,0.0029054288690820718,0.003153300600109111,1.0689620048025106,-0.8266421584530468,0.834174453568491,0.09490515087341876,1.1987900081597185,8.789559322033893
686,E83,LAGO MAYOR,2024-08-28,2024-08-28,2024,8,-16.1837,-69.5067,LS,E83|2024-08-28|8.5,8.5,2.56,1.0,14.6,2.0,0.008225988700564969,0.011022861436084577,0.00028809218950063956,-0.0015109725386736987,0.001666859590230351,0.0019094380796508474,1.3177017511703921,-0.9490595269741463,0.7462661803618678,0.026135880521688987,1.3400044465569854,28.553320778405578
687,E88,LAGO MAYOR,2024-08-29,2024-08-29,2024,8,-16.2064,-69.3781,LS,E88|2024-08-29|9.5,9.5,1.53,8.0,13.3,3.0,0.009468926553672315,0.010657937104218095,0.0013337601365770372,-0.00010792660990526419,0.001921518694293319,0.0021822149481723952,1.020459903757156,-0.7775526685553755,0.8884389597237157,0.12514242892737418,1.1255697299800733,7.099422372881359
688,E94,LAGO MAYOR,2024-08-29,2024-08-29,2024,8,-16.251,-69.2884,LS,E94|2024-08-29|9.5,9.5,1.53,1.5,13.9,3.0,0.008858757062146892,0.011634646345390147,0.0017712334613743065,0.0024463364911859937,0.005996064359300846,0.004844517184942716,0.6525332292717365,-0.7357526913889073,0.7614118039485479,0.15223784280096322,1.3133497468967195,5.0014621196651
689,E97,LAGO MAYOR,2024-08-29,2024-08-29,2024,8,-16.1757,-69.1958,LS,E97|2024-08-29|13.5,13.5,1.02,9.0,14.0,3.0,0.008361581920903955,0.00860792100461522,0.0007362355953905245,-0.00023983691090058616,0.0016900104178724383,0.001789416257501365,1.0573216950388638,-0.8424178771577928,0.9713822787663609,0.08553001299567975,1.0294608228492528,11.357209530827813
690,E98,LAGO MAYOR,2024-08-29,2024-08-29,2024,8,-16.1056,-69.1103,LS,E98|2024-08-29|13.0,13.0,1.1,1.75,14.1,3.0,0.006666666666666665,0.0071804228829022215,-0.000128040973111396,-0.0008274373426070227,0.003183238800787127,0.003338788870703765,1.260487516338599,-1.0363112652132478,0.9284504235176879,-0.01783195435693388,1.0770634324353334,66.66666666666666
691,E99,LAGO MAYOR,2024-08-30,2024-08-30,2024,8,-16.0745,-69.0742,LS,E99|2024-08-30|9.5,9.5,1.1,10.25,13.0,3.0,0.009062146892655366,0.009981753783406678,0.0011203585147247124,-0.0008394291881520557,0.002199328625998382,0.0023022367703218775,1.1836357017491843,-0.7981719363441767,0.907871210740538,0.1122406481902166,1.1014778177450013,8.088613397901529
692,E100,LAGO MAYOR,2024-08-30,2024-08-30,2024,8,-16.0055,-68.9959,LS,E100|2024-08-30|11.0,11.0,1.18,1.0,12.8,3.0,0.007898305084745762,0.009133841365246323,0.0013230900554844214,0.0003717472118959081,0.004421808079638848,0.004615384615384617,0.92178334465653,-0.7469448013527543,0.8647298293134698,0.14485581723793603,1.1564305591191697,5.969589939857847
693,E103,LAGO MAYOR,2024-08-30,2024-08-30,2024,8,-15.9394,-68.9017,LS,E103|2024-08-30|11.0,11.0,1.45,0.25,13.7,6.0,0.006983050847457625,0.012278630460448643,0.004972257789159196,0.00486868929128193,0.005440444495890727,0.004680851063829789,0.4321340503541274,-0.4235360024385723,0.5687157757496738,0.4049521487901768,1.7583475659380343,1.4044024150723795
694,E105,LAGO MAYOR,2024-08-30,2024-08-30,2024,8,-15.9864,-68.8016,LS,E105|2024-08-30|8.5,8.5,2.72,1.75,12.9,6.0,0.009288135593220337,0.02176666308897714,0.008087921468203156,-8.39429188152064e-05,0.002673920592661191,0.0026295690125477367,1.0077427937348309,-0.4581789150807395,0.4267138033630862,0.3715737885564537,2.3434910989957145,1.1483958678055544
695,E113,LAGO MAYOR,2024-08-29,2024-08-29,2024,8,-16.2174,-69.1367,LS,E113|2024-08-29|13.5,13.5,0.94,0.5,14.7,3.0,0.007152542372881355,0.007899538478050876,-0.00029876227059325727,-0.0008993884158772043,0.0022224794536404697,0.0022149481723949815,1.256962430635869,-1.0786134792373923,0.9054380066322768,-0.03782021841192089,1.1044378440876819,71.52542372881355
696,E117,LAGO MAYOR,2024-08-29,2024-08-29,2024,8,-16.1653,-69.1027,LS,E117|2024-08-29|12.0,12.0,1.02,6.0,14.2,3.0,0.007536723163841807,0.008382526564344746,0.0008642765685019205,-0.0006715433505216429,0.0020025465910406283,0.002225859247135843,1.174178245448305,-0.8130646964972862,0.8990992281371846,0.10310454274945446,1.112224289272129,8.720267838459929
697,E120,LAGO MAYOR,2024-08-30,2024-08-30,2024,8,-16.1264,-68.9337,LS,E120|2024-08-30|10.5,10.5,2.05,1.25,14.0,6.0,0.006271186440677965,0.008017602232478264,0.0008322663252240711,0.00031178798417076783,0.0026391943511980564,0.0027059465357337715,0.9251353487761373,-0.8119143294039353,0.782177296757652,0.1038048909252031,1.2784825181519397,7.535071707953068
698,E121,LAGO MAYOR,2024-08-30,2024-08-30,2024,8,-16.2068,-68.8643,LS,E121|2024-08-30|12.7,12.7,0.51,1.0,13.9,6.0,0.006960451977401128,0.00921970591392079,0.002784891165172855,0.002578246792181316,0.0037041324227341105,0.003131478450627388,0.5629331396939111,-0.5360291703521797,0.7549537959656148,0.3020585679384807,1.3245843723733606,2.499362296253003
699,E122,LAGO MENOR,2024-08-31,2024-08-31,2024,8,-16.2276,-68.8361,LS,E122|2024-08-31|11.0,11.0,1.02,1.75,12.9,6.0,0.008090395480225988,0.011226789739186432,0.003329065300896286,0.002818083703081902,0.004560713045491379,0.004026186579378069,0.5987028271892811,-0.5425805542828978,0.7206330276220415,0.2965286941534484,1.387668843460893,2.4302303346371144
700,E125,LAGO MENOR,2024-09-01,2024-09-01,2024,9,-16.2626,-68.7843,LS,E125|2024-09-01|2.5,2.5,2.72,11.5,11.3,5.0,0.02190960451977401,0.056692068262316195,0.014521980367050788,-0.0008993884158772043,0.001354323417062161,0.001898527004909984,1.0322403549079362,-0.5921596667334512,0.3864668408003303,0.25615541666000036,2.5875441161500685,1.5087201584079504
701,P02,LAGO MENOR,2024-09-01,2024-09-01,2024,9,-16.2135,-68.733,LS,P02|2024-09-01|9.5,9.5,1.02,1.75,12.5,3.0,0.00768361581920904,0.014811634646345393,0.005505761843790012,0.004532917616021104,0.005463595323532814,0.004288052373158758,0.531349413497226,-0.45802484334293353,0.5187554245476131,0.37171871810573576,1.9276906855905398,1.3955590592563398
702,P03,LAGO MENOR,2024-09-01,2024-09-01,2024,9,-16.2158,-68.6912,LS,P03|2024-09-01|3.5,3.5,3.24,5.5,11.2,3.0,0.015050847457627121,0.0377052699366749,0.013625693555271018,0.007578846384458568,0.006146544738974417,0.004495362793235136,0.6652757155135438,-0.46910430419015575,0.3991709244597549,0.361373717205978,2.505192484531327,1.1045931274305514
703,P04,LAGO MENOR,2024-09-01,2024-09-01,2024,9,-16.2544,-68.6012,LS,P04|2024-09-01|1.5,1.5,1.7,16.25,11.5,3.0,0.00833898305084746,0.03157668777503488,0.013081519419547586,0.002050605588200028,0.0024424123162403106,0.002029459901800328,0.8780391864983359,-0.41414936029007465,0.2640866930140917,0.41427775809627754,3.786635322615971,0.6374628805264471
704,E127,LAGO MENOR,2024-09-01,2024-09-01,2024,9,-16.218,-68.6226,LS,E127|2024-09-01|2.0,2.0,2.13,12.5,12.2,3.0,0.020983050847457628,0.05038102393474295,0.013518992744344855,0.0018107686772994335,0.002396110660956128,0.002073104200763776,0.9306109619163718,-0.5768704380571982,0.41648718522744504,0.2683350136324265,2.4010342586024507,1.5521164367985234
705,E129,LAGO MENOR,2024-08-31,2024-08-31,2024,8,-16.3339,-68.7808,LS,E129|2024-08-31|4.5,4.5,2.05,1.0,12.4,4.0,0.012022598870056498,0.03530106257378985,0.015119504908237302,0.0005276412039812962,0.0018983678666512317,0.0016584833606110207,0.9705464259869836,-0.40026438164310735,0.34057328571698503,0.4283016942233108,2.9362255994176705,0.7951714651388109
706,E135,LAGO MENOR,2024-08-31,2024-08-31,2024,8,-16.2659,-69.0601,LS,E135|2024-08-31|4.0,4.0,2.2,4.5,13.3,3.0,0.006847457627118643,0.014189116668455513,0.004428083653435765,0.0025182875644561673,0.005174209978006712,0.004473540643753409,0.6985422895596706,-0.5243018457098657,0.48258519449216636,0.3120760620201287,2.0721729788090975,1.5463704308760466
707,E138,LAGO MENOR,2024-08-31,2024-08-31,2024,8,-16.4011,-68.8334,LS,E138|2024-08-31|4.5,4.5,1.1,2.25,12.5,9.0,0.010723163841807907,0.03424922185252764,0.011320956039265898,-0.0007075188871567338,0.0011228151406412804,0.0012984178941625752,1.0421873848679357,-0.5031418873229563,0.31309218901323804,0.3305463723529939,3.193947454108216,0.9471959615968305
708,P15,LAGO MENOR,2024-08-31,2024-08-31,2024,8,-16.3119,-68.8495,LS,P15|2024-08-31|4.0,4.0,1.62,3.5,13.7,6.0,0.011062146892655366,0.02655361167757862,0.00800256081946223,0.0037894231922292877,0.005313114943859243,0.004124386252045827,0.7502277815253245,-0.5368375309177381,0.41659669603423627,0.3013737233424802,2.400403098534942,1.3823258757062142
710,E142,LAGO MENOR,2024-08-31,2024-08-31,2024,8,-16.4515,-68.998,LS,E142|2024-08-31|4.0,4.0,1.62,9.25,13.1,9.0,0.00887005649717514,0.019566384029193952,0.0038732394366197175,-0.0008634128792421135,0.002048848246324811,0.0021494817239498107,1.092328895356275,-0.6695134819869851,0.45333141187153464,0.1979537675863187,2.20589170265435,2.290087313816128
711,E145,LAGO MENOR,2024-09-02,2024-09-02,2024,9,-16.5139,-68.977,LS,E145|2024-09-02|3.5,3.5,1.62,0.5,12.5,8.0,0.01310734463276836,0.023033165181925514,0.006028595817328212,-0.00022784506535556141,0.0017478874869776605,0.0015821058374249882,1.0199817020063808,-0.5851183202530513,0.5690639792334706,0.2617354484158758,1.757271653965869,2.1741952902354877
713,P10,LAGO MENOR,2024-09-02,2024-09-02,2024,9,-16.5821,-68.8723,LS,P10|2024-09-02|3.0,3.0,2.16,3.5,12.3,8.0,0.009796610169491526,0.02492218525276377,0.00807725138711054,0.0014989806931286738,0.0023498090056719534,0.002269503546099291,0.8865317950415729,-0.5104612402636504,0.39308792829092387,0.32409884226403485,2.5439600863547795,1.2128643396099683
