row_id,station,zona,campaign_date,date,year,month,lat,lon,sensor,event_id,secchi,chl,tss,temp_insitu,B2,B3,B4,B8,B11,B12,NDWI,NDTI,B2_B3,B4_B3,B3_B2,B2_B4
0,E45,LAGO MAYOR,2017-07-27,2017-07-27,2017,7,-15.8939,-69.3092,S2,E45|2017-07-27|11.0,11.0,0.41,,12.4,0.01171,0.00908,0.00325,0.00159,0.00125,0.00141,0.7019680691688783,-0.4728304563803361,1.2896474350608553,0.3579294759989564,0.7754055699909846,3.603075814438211
1,E01,BAHIA PUNO,2016-08-03,2016-08-03,2016,8,-15.853,-69.9605,S2,E01|2016-08-03|8.5,8.5,0.18,30.0,12.9,0.00987,0.01249,0.00476,0.00388,0.00612,0.00525,0.5259620937103181,-0.4481159160512512,0.7902321224794139,0.38110485339432726,1.265450732983715,2.0735289761493747
2,E02,BAHIA PUNO,2016-08-03,2016-08-03,2016,8,-15.8482,-69.9182,S2,E02|2016-08-03|9.5,9.5,0.03,38.75,13.0,0.01416,0.01338,0.0039,0.0017,0.00072,0.00081,0.77453575765678,-0.5486110793627847,1.058295885030203,0.29147979884306435,0.9449151875059896,3.6307682998030004
4,E04,BAHIA PUNO,2016-08-03,2016-08-03,2016,8,-15.8789,-69.8907,S2,E04|2016-08-03|7.0,7.0,1.27,1.5,13.2,0.01312,0.01334,0.0034,0.00133,0.00165,0.00237,0.8186775174725619,-0.5937873002516547,0.9835081721508118,0.25487254461225306,1.0167682151853494,3.858822394464002
5,E05,BAHIA PUNO,2016-08-03,2016-08-03,2016,8,-15.8398,-69.8918,S2,E05|2016-08-03|7.0,7.0,0.37,37.25,13.0,0.01402,0.01291,0.0037,0.00168,0.00093,0.00067,0.7697052248317188,-0.5544852164668744,1.085979776453929,0.28659951304418957,0.9208273237640996,3.7891881650842794
7,E07,BAHIA PUNO,2016-08-03,2016-08-03,2016,8,-15.7748,-69.8851,S2,E07|2016-08-03|5.0,5.0,0.25,39.5,12.6,0.01262,0.01436,0.00341,0.00167,0.00078,0.00088,0.7916406243518014,-0.6162070559253204,0.8788300223655974,0.23746516452192448,1.137876296523273,3.700878680094229
8,E08,BAHIA PUNO,2016-08-03,2016-08-03,2016,8,-15.801,-69.8724,S2,E08|2016-08-03|8.5,8.5,0.76,21.5,12.7,0.01261,0.01173,0.00327,0.00155,0.00046,0.00092,0.7665662073368821,-0.5639999624000025,1.0750212212258123,0.27877235475086487,0.9302140420131609,3.8562679338630175
9,E09,BAHIA PUNO,2016-08-03,2016-08-03,2016,8,-15.8342,-69.8592,S2,E09|2016-08-03|6.0,6.0,0.49,44.0,12.8,0.01391,0.01795,0.00424,0.00164,0.00111,0.00087,0.832567594049638,-0.6178458486775192,0.7749303189453861,0.23621168600491999,1.2904384406586311,3.280659603618018
11,E13,BAHIA PUNO,2016-08-04,2016-08-04,2016,8,-15.7895,-69.7698,S2,E13|2016-08-04|9.0,9.0,0.88,20.0,12.5,0.01125,0.01022,0.00353,0.00141,0.00062,0.00057,0.7575235806084626,-0.48654541916033317,1.1007826711562945,0.34540114037170844,0.9084443636938344,3.186967935703134
12,E14,BAHIA PUNO,2016-08-04,2016-08-04,2016,8,-15.7489,-69.783,S2,E14|2016-08-04|9.5,9.5,0.21,17.0,12.7,0.01115,0.01042,0.00264,0.00096,0.00039,0.00088,0.8312828795006256,-0.5957120523957081,1.07005747888124,0.25335890082928014,0.934529064167797,4.223483248680588
13,E15,BAHIA PUNO,2016-08-04,2016-08-04,2016,8,-15.715,-69.8226,S2,E15|2016-08-04|8.5,8.5,0.51,33.5,12.5,0.01309,0.01252,0.00374,0.00179,0.00154,0.00183,0.749825244596419,-0.5399753665451804,1.0455270730409687,0.2987220208688482,0.9564552363288591,3.4999990641713734
14,E16,BAHIA PUNO,2016-08-04,2016-08-04,2016,8,-15.6737,-69.8541,S2,E16|2016-08-04|6.5,6.5,0.01,26.5,12.4,0.01239,0.01381,0.00419,0.00125,0.00261,0.00294,0.8339972885791974,-0.5344444147530881,0.8971758944840048,0.3034033089497966,1.1146084653261932,2.957039867054924
15,E17,BAHIA PUNO,2016-08-04,2016-08-04,2016,8,-15.6048,-69.9059,S2,E17|2016-08-04|3.5,3.5,1.98,25.75,12.5,0.01306,0.0179,0.008,0.00333,0.00364,0.00369,0.6862929493032054,-0.3822393674811055,0.7296088977872125,0.4469273493336677,1.3705971385453952,1.6324997959375256
17,E27,LAGO MAYOR,2016-08-05,2016-08-05,2016,8,-15.4508,-69.8379,S2,E27|2016-08-05|9.8,9.8,0.04,24.75,12.9,0.01208,0.01192,0.00314,0.00155,0.0007,0.00106,0.7698588886519014,-0.5830012893093434,1.0134227337732606,0.2634227966927184,0.9867548852024102,3.84713253276034
18,E28,LAGO MAYOR,2016-08-05,2016-08-05,2016,8,-15.3928,-69.7822,S2,E28|2016-08-05|8.8,8.8,0.28,25.25,12.9,0.01572,0.01545,0.00396,0.00135,0.00045,0.0005,0.8392856643282344,-0.591962875220872,1.01747566229931,0.25631066302196354,0.9828243649602821,3.969695967248493
19,E32,LAGO MAYOR,2016-08-05,2016-08-05,2016,8,-15.3384,-69.7205,S2,E32|2016-08-05|9.8,9.8,0.62,19.0,13.1,0.00932,0.00945,0.00023,0.0,4e-05,0.00143,0.9999998941799054,-0.9524792404463597,0.9862432818790179,0.02433862176310881,1.0139483890613317,40.52156294972631
20,E33,LAGO MAYOR,2016-08-05,2016-08-05,2016,8,-15.333,-69.756,S2,E33|2016-08-05|4.6,4.6,0.32,23.75,13.2,0.03641,0.05426,0.03427,0.00124,0.00017,0.00107,0.9553152981024271,-0.22579916157461696,0.671028369498187,0.6315886356139212,1.4902498904078583,1.0624452564212064
21,E36,LAGO MAYOR,2016-08-05,2016-08-05,2016,8,-15.2971,-69.6814,S2,E36|2016-08-05|9.0,9.0,0.02,14.75,12.8,0.00948,0.01018,0.00087,0.0,0.00011,0.00072,0.9999999017681825,-0.8425338604041757,0.9312376295444373,0.08546168119236924,1.0738395491730433,10.89653919938023
22,E39,LAGO MAYOR,2016-08-06,2016-08-06,2016,8,-15.3748,-69.5276,S2,E39|2016-08-06|5.0,5.0,1.76,17.0,12.5,0.00954,0.01181,0.0,0.0,0.00238,0.00308,0.9999999153260022,-0.9999999153260022,0.8077899400685911,0.0,1.2379453628988089,9540000.0
23,E41,LAGO MAYOR,2016-08-06,2016-08-06,2016,8,-15.4392,-69.6009,S2,E41|2016-08-06|11.0,11.0,0.27,16.5,12.4,0.01206,0.01117,0.00366,0.00143,0.00153,0.00132,0.7730158116654117,-0.5064058997703371,1.079677611488128,0.3276633547302279,0.926202244925187,3.2950810669177413
24,E42,LAGO MAYOR,2016-08-06,2016-08-06,2016,8,-15.4967,-69.6685,S2,E42|2016-08-06|11.0,11.0,0.37,23.25,12.5,0.01402,0.01192,0.00516,0.00233,0.001,0.00092,0.6729824089135151,-0.3957845201531312,1.1761743979719466,0.4328858697243398,0.8502139193855979,2.71705373700509
25,E43,LAGO MAYOR,2016-08-04,2016-08-04,2016,8,-15.5603,-69.7411,S2,E43|2016-08-04|11.0,11.0,0.43,0.75,13.1,0.01441,0.01272,0.00528,0.00289,0.00155,0.00106,0.6297244952130369,-0.41333331037037163,1.1328615461586835,0.4150943069894413,0.8827202718445336,2.729166149779138
26,E22,LAGO MAYOR,2016-08-05,2016-08-05,2016,8,-15.6181,-69.807,S2,E22|2016-08-05|10.2,10.2,0.09,20.0,12.6,0.0129,0.01127,0.00352,0.00152,0.00132,0.00155,0.7623142484508015,-0.5240026691005633,1.1446316641853005,0.31233360139009747,0.8736433431284231,3.6647716861444075
27,E48,LAGO MAYOR,2016-08-08,2016-08-08,2016,8,-15.5361,-69.3597,S2,E48|2016-08-08|14.5,14.5,0.24,17.25,13.4,0.01223,0.01049,0.00445,0.00365,0.00297,0.00258,0.4837340534841546,-0.4042837748136697,1.1658721481532748,0.4242134962618212,0.8577268309299403,2.7483139891429236
28,E49,LAGO MAYOR,2016-08-08,2016-08-08,2016,8,-15.6063,-69.4449,S2,E49|2016-08-08|12.8,12.8,0.15,26.75,12.8,0.01275,0.01188,0.00553,0.00358,0.00243,0.00243,0.5368693055065132,-0.36473289116985114,1.0732322328929096,0.4654881763057091,0.931764632802774,2.3056053696916146
29,E50,LAGO MAYOR,2016-08-08,2016-08-08,2016,8,-15.6687,-69.5211,S2,E50|2016-08-08|11.9,11.9,0.6,17.5,12.4,0.01225,0.01207,0.00537,0.00326,0.0021,0.00209,0.5746901125446764,-0.38417428989826324,1.014912923370926,0.4449046855919896,0.9853060420158334,2.2811913815286067
30,E51,LAGO MAYOR,2016-08-06,2016-08-06,2016,8,-15.7371,-69.6038,S2,E51|2016-08-06|9.4,9.4,0.26,16.25,12.7,0.01358,0.01184,0.00513,0.00297,0.00155,0.00141,0.5989196084456713,-0.3954036302060324,1.1469593625878918,0.43327699043268664,0.8718703334410653,2.647172973260629
31,E52,LAGO MAYOR,2016-08-06,2016-08-06,2016,8,-15.8028,-69.6843,S2,E52|2016-08-06|10.3,10.3,0.4,26.5,13.0,0.01211,0.01149,0.00455,0.00237,0.00226,0.00209,0.6580086105332893,-0.43266830220272434,1.0539598734586706,0.39599648424747746,0.948802564095577,2.6615378765850815
33,E58,LAGO MAYOR,2016-08-09,2016-08-09,2016,8,-15.9519,-69.5453,S2,E58|2016-08-09|5.0,5.0,0.33,27.25,12.9,0.01495,0.0142,0.00591,0.00357,0.00243,0.00248,0.5981991784918864,-0.4122326995408901,1.0528168272664207,0.41619715378893285,0.9498327123857718,2.52961040108115
34,E59,LAGO MAYOR,2016-08-09,2016-08-09,2016,8,-15.8876,-69.4615,S2,E59|2016-08-09|13.0,13.0,0.19,14.75,13.0,0.01231,0.01089,0.00432,0.00242,0.00137,0.00115,0.636363588552698,-0.43195263432264075,1.1303947538664139,0.3966941784486521,0.8846465568930499,2.8495363774221345
35,E60,LAGO MAYOR,2016-08-09,2016-08-09,2016,8,-15.8271,-69.3776,S2,E60|2016-08-09|12.0,12.0,0.21,16.25,12.6,0.01231,0.01111,0.0044,0.0024,0.00178,0.00161,0.6447075762614675,-0.43262408558194165,1.1080107013491718,0.3960395683132702,0.9025182045070509,2.7977266368803093
36,E61,LAGO MAYOR,2016-08-08,2016-08-08,2016,8,-15.7585,-69.3045,S2,E61|2016-08-08|10.2,10.2,0.27,19.25,13.2,0.01194,0.01156,0.00481,0.00298,0.00204,0.00177,0.5900962455229543,-0.4123396205046047,1.0328718829695602,0.4160899294039853,0.968174123268499,2.4823279662519817
38,E68,LAGO MAYOR,2016-08-08,2016-08-08,2016,8,-15.9935,-69.4278,S2,E68|2016-08-08|5.5,5.5,0.28,17.0,13.3,0.0142,0.01279,0.00531,0.00328,0.00201,0.00149,0.5917858997021842,-0.4132596456762627,1.110242290051424,0.41516806761782116,0.900704161922242,2.6741991197365125
40,E72,LAGO MAYOR,2016-08-09,2016-08-09,2016,8,-15.6921,-69.1709,S2,E72|2016-08-09|5.8,5.8,0.72,23.25,11.9,0.01771,0.02158,0.00696,0.0035,0.00563,0.00549,0.720893113202029,-0.5122634718898572,0.8206672464936402,0.32252083769597606,1.2185205410208615,2.544539864290249
41,E76,LAGO MAYOR,2016-08-11,2016-08-11,2016,8,-15.8125,-69.0449,S2,E76|2016-08-11|12.5,12.5,0.17,18.25,13.4,0.00938,0.00977,0.00402,0.00235,0.00193,0.002,0.6122111706096395,-0.4169687877470059,0.9600817850479239,0.41146362216339594,1.0415777141175144,2.3333327529023
42,E78,LAGO MAYOR,2016-08-11,2016-08-11,2016,8,-15.8903,-69.1327,S2,E78|2016-08-11|13.5,13.5,0.22,13.75,12.9,0.0105,0.01088,0.00466,0.003,0.00218,0.00252,0.5677233020372262,-0.40025737450081245,0.9650734407101618,0.42830878416279555,1.0361903775056784,2.25321840059691
43,E79,LAGO MAYOR,2016-08-11,2016-08-11,2016,8,-15.96,-69.2272,S2,E79|2016-08-11|11.5,11.5,0.61,18.75,12.4,0.01058,0.01074,0.00419,0.00251,0.00187,0.00194,0.6211320285938091,-0.4387139692756886,0.9851023291338615,0.3901303174925217,1.0151227773986031,2.525059063231727
44,E80,LAGO MAYOR,2016-08-11,2016-08-11,2016,8,-16.0316,-69.3198,S2,E80|2016-08-11|10.5,10.5,0.34,41.5,12.3,0.01175,0.01023,0.00331,0.00171,0.00093,0.00125,0.7135677794331844,-0.5110782488125369,1.1485824879196005,0.32355813063947897,0.8706382237754703,3.5498478701365954
45,E82,LAGO MAYOR,2016-08-10,2016-08-10,2016,8,-16.1109,-69.4173,S2,E82|2016-08-10|8.2,8.2,1.08,10.25,12.3,0.01425,0.01276,0.00577,0.00385,0.00208,0.00194,0.5364238087643705,-0.3772260994481328,1.1167710723533644,0.4521943219283447,0.8954385336534363,2.4696702825528107
46,E83,LAGO MAYOR,2016-08-10,2016-08-10,2016,8,-16.1837,-69.5067,S2,E83|2016-08-10|5.5,5.5,0.65,11.5,12.3,0.01488,0.01393,0.00586,0.00336,0.00273,0.00271,0.611335997030885,-0.40778168732785824,1.0681980568414893,0.4206747723851563,0.9361558510647949,2.539248713438786
47,E84,LAGO MAYOR,2016-08-10,2016-08-10,2016,8,-16.2007,-69.4624,S2,E84|2016-08-10|4.7,4.7,1.77,21.75,12.7,0.01284,0.01293,0.00566,0.00436,0.00652,0.00656,0.49566220383677256,-0.39107044695694204,0.993039366354264,0.4377416521468173,1.0070092673668796,2.268550835945082
48,E85,LAGO MAYOR,2016-08-10,2016-08-10,2016,8,-16.1599,-69.4444,S2,E85|2016-08-10|9.8,9.8,0.26,27.5,12.4,0.01437,0.01325,0.00574,0.00372,0.00219,0.00239,0.5615792244207882,-0.3954712798593323,1.0845282200356061,0.43320751447490463,0.922059782737663,2.503483884410473
49,E88,LAGO MAYOR,2016-08-10,2016-08-10,2016,8,-16.2064,-69.3781,S2,E88|2016-08-10|6.5,6.5,0.21,18.0,12.8,0.01485,0.01363,0.00559,0.00372,0.00194,0.00195,0.5711815232748401,-0.4183142342188223,1.0895083573361442,0.4101246947817539,0.91784505603737,2.656529041765824
50,E94,LAGO MAYOR,2016-08-10,2016-08-10,2016,8,-16.251,-69.2884,S2,E94|2016-08-10|7.4,7.4,0.21,6.5,13.3,0.01237,0.01237,0.00538,0.00363,0.00242,0.00243,0.5462499658593772,-0.3938027947153355,0.9999999191592629,0.43492316613393966,0.9999999191592629,2.2992560782051896
51,E97,LAGO MAYOR,2016-08-10,2016-08-10,2016,8,-16.1757,-69.1958,S2,E97|2016-08-10|9.5,9.5,0.13,10.25,13.6,0.01022,0.01011,0.00372,0.00199,0.00092,0.00108,0.6710743247046012,-0.46203901214468457,1.010880216530147,0.36795248586028834,0.9892366938124566,2.7473110894325026
52,E98,LAGO MAYOR,2016-08-10,2016-08-10,2016,8,-16.1117,-69.1016,S2,E98|2016-08-10|9.0,9.0,0.22,25.5,12.9,0.01067,0.01033,0.00437,0.00259,0.00226,0.00236,0.5990711610626036,-0.4054421492896497,1.032913743183568,0.42303964927012105,0.9681348670913902,2.4416470385247053
53,E99,LAGO MAYOR,2016-08-12,2016-08-12,2016,8,-16.0745,-69.0742,S2,E99|2016-08-12|9.2,9.2,0.44,25.0,12.9,0.01283,0.01247,0.00572,0.00369,0.00271,0.00292,0.5433167980620793,-0.37108299224392566,1.0288692037795346,0.458700845332731,0.9719406880794477,2.2430066008729717
54,E100,LAGO MAYOR,2016-08-12,2016-08-12,2016,8,-16.0055,-68.9959,S2,E100|2016-08-12|10.2,10.2,0.22,21.75,12.1,0.01168,0.01054,0.00464,0.00237,0.00155,0.00106,0.6328427085327104,-0.38866927610874336,1.1081592876509214,0.4402276622174893,0.90239718301394,2.5172408368015433
56,E104,LAGO MAYOR,2016-08-11,2016-08-11,2016,8,-15.994,-68.8804,S2,E104|2016-08-11|11.5,11.5,0.4,7.5,13.0,0.00956,0.00895,0.00294,0.00121,0.00099,0.00101,0.7618109486406547,-0.5054667362937985,1.0681563052339327,0.32849158340876167,0.9361923706911746,3.251699574251846
58,E113,LAGO MAYOR,2016-08-10,2016-08-10,2016,8,-16.2174,-69.1367,S2,E113|2016-08-10|9.3,9.3,0.23,19.5,13.1,0.01081,0.01021,0.00427,0.00236,0.00106,0.00103,0.6245027347253194,-0.4102209661449609,1.05876581206995,0.418217392926798,0.9444957498153793,2.531615332174395
59,E117,LAGO MAYOR,2016-08-10,2016-08-10,2016,8,-16.1653,-69.1027,S2,E117|2016-08-10|10.0,10.0,0.3,17.5,13.4,0.01086,0.01105,0.00472,0.00264,0.00212,0.00218,0.6143169748490158,-0.4013950284467326,0.9828053409225935,0.42714928261092466,1.017495302256418,2.3008469701595398
60,E119,LAGO MAYOR,2016-08-10,2016-08-10,2016,8,-16.0439,-69.1309,S2,E119|2016-08-10|10.5,10.5,0.97,14.2,12.9,0.01217,0.01178,0.00584,0.00395,0.00345,0.00313,0.4977749206754659,-0.33711689346669166,1.0331068732506898,0.49575547574231954,0.9679539056734672,2.0839037527562065
61,E120,LAGO MAYOR,2016-08-12,2016-08-12,2016,8,-16.1264,-68.9337,S2,E120|2016-08-12|14.2,14.2,0.56,15.5,12.8,0.01057,0.01066,0.00386,0.00222,0.0013,0.00124,0.6552794522298563,-0.4683195269752391,0.991557130247924,0.3621012793526005,1.0085145687308827,2.738341259497083
62,E121,LAGO MAYOR,2016-08-12,2016-08-12,2016,8,-16.2068,-68.8643,S2,E121|2016-08-12|10.5,10.5,0.32,14.0,13.3,0.00908,0.00979,0.003,0.00163,0.00291,0.00296,0.7145358393576324,-0.5308834612288147,0.9274769226274849,0.306435106594984,1.078193713855318,3.026665657778114
63,E01,BAHIA PUNO,2017-07-10,2017-07-10,2017,7,-15.853,-69.9605,S2,E01|2017-07-10|5.3,5.3,1.62,31.5,13.9,0.01126,0.01293,0.00416,0.0036,0.00598,0.00457,0.5644282780140184,-0.513165563887328,0.8708429334228203,0.32173238037645935,1.1483125090308608,2.7067301185744905
64,E02,BAHIA PUNO,2017-07-11,2017-07-11,2017,7,-15.8461,-69.9271,S2,E02|2017-07-11|6.0,6.0,1.62,35.0,12.7,0.01402,0.01353,0.00427,0.00176,0.00126,0.00112,0.7697841223162772,-0.5202246898750175,1.0362157401170924,0.31559495080599037,0.9650498598395251,3.283371596400094
65,E05,BAHIA PUNO,2017-07-11,2017-07-11,2017,7,-15.84,-69.8923,S2,E05|2017-07-11|6.6,6.6,1.1,24.25,13.3,0.01398,0.01279,0.00378,0.00152,0.00122,0.00101,0.7875610910159964,-0.5437537390613314,1.0930413531633032,0.2955433701686185,0.914878332269075,3.6984117199968995
68,E14,BAHIA PUNO,2017-07-12,2017-07-12,2017,7,-15.7489,-69.783,S2,E14|2017-07-12|10.6,10.6,1.7,35.5,11.5,0.01383,0.01185,0.00486,0.00262,0.00184,0.00222,0.6378714141070204,-0.4183123627580872,1.1670885091064551,0.41012654766864576,0.8568329098457765,2.8456784268151387
69,E15,BAHIA PUNO,2017-07-12,2017-07-12,2017,7,-15.715,-69.8226,S2,E15|2017-07-12|6.6,6.6,1.62,44.0,11.5,0.01333,0.0136,0.0046,0.00282,0.00214,0.00225,0.6565164033790254,-0.4945054673348644,0.9801469867538981,0.3382352692474067,1.020254987227683,2.8978254569944655
70,E16,BAHIA PUNO,2017-07-12,2017-07-12,2017,7,-15.6737,-69.8541,S2,E16|2017-07-12|6.0,6.0,0.59,23.5,11.2,0.01355,0.01656,0.00599,0.00246,0.00388,0.00358,0.741324882159575,-0.46873612112034946,0.8182366655654189,0.3617149540027202,1.2221401312073703,2.2621031281964727
71,E17,BAHIA PUNO,2017-07-11,2017-07-11,2017,7,-15.6048,-69.9059,S2,E17|2017-07-11|4.2,4.2,2.72,30.75,11.4,0.01911,0.02317,0.01005,0.00432,0.00534,0.00475,0.6857038673807251,-0.39494279365012663,0.8247733783006742,0.4337505207703703,1.2124541490081555,1.9014923481102142
74,E28,LAGO MAYOR,2017-07-12,2017-07-12,2017,7,-15.3928,-69.7822,S2,E28|2017-07-12|10.3,10.3,1.1,38.0,13.3,0.01163,0.01162,0.00287,0.00093,0.00148,0.00161,0.8517927608133258,-0.603864692624935,1.0008604990653616,0.24698793055181323,0.999140068861559,4.052263396423903
75,E32,LAGO MAYOR,2017-07-12,2017-07-12,2017,7,-15.3384,-69.7205,S2,E32|2017-07-12|7.0,7.0,0.51,0.75,13.0,0.01261,0.01233,0.00197,0.00067,0.00146,0.00258,0.8969230079289994,-0.724475473812904,1.0227087572823392,0.1597728986396676,0.9777953229345503,6.401011979181737
76,E36,LAGO MAYOR,2017-07-13,2017-07-13,2017,7,-15.2971,-69.6814,S2,E36|2017-07-13|10.8,10.8,0.59,4.0,12.6,0.01055,0.01014,0.00151,0.00059,0.0017,0.00185,0.8900278760458643,-0.7407724686032214,1.0404338224424239,0.1489151726908114,0.9611373496552275,6.986750339900437
77,E39,LAGO MAYOR,2017-07-13,2017-07-13,2017,7,-15.3748,-69.5276,S2,E39|2017-07-13|8.4,8.4,0.52,0.25,13.1,0.00834,0.01022,0.00038,0.0,0.00257,0.00321,0.9999999021526516,-0.9283017992168114,0.8160468868838663,0.03718199244794595,1.2254195173357894,21.947310664971933
78,E41,LAGO MAYOR,2017-07-13,2017-07-13,2017,7,-15.4392,-69.6009,S2,E41|2017-07-13|13.0,13.0,1.7,36.75,13.5,0.00671,0.00658,0.00104,0.00019,0.00081,0.00078,0.9438698753515693,-0.7270340253236186,1.0197566839275556,0.1580546872257314,0.9806257853016713,6.451916873156854
79,E42,LAGO MAYOR,2017-07-13,2017-07-13,2017,7,-15.4967,-69.6685,S2,E42|2017-07-13|14.0,14.0,0.59,25.0,13.6,0.0139,0.01165,0.00402,0.00174,0.00137,0.00117,0.7401045003656086,-0.4869176460167425,1.1931329447954553,0.3450643480631461,0.838129436105796,3.4577105826590584
80,E43,LAGO MAYOR,2017-07-13,2017-07-13,2017,7,-15.5603,-69.7411,S2,E43|2017-07-13|12.0,12.0,1.1,47.0,13.4,0.01341,0.01119,0.00447,0.00241,0.00167,0.00179,0.6455881878243979,-0.4291187465441414,1.1983913138166833,0.39946377127222776,0.8344518393399076,2.9999993288592104
81,E22,LAGO MAYOR,2017-07-13,2017-07-13,2017,7,-15.6181,-69.807,S2,E22|2017-07-13|9.0,9.0,2.05,3.25,13.1,0.01319,0.01096,0.00349,0.0017,0.00211,0.00251,0.7314375409606998,-0.5169549815256068,1.2034670434792845,0.3184306278804172,0.8309324616427246,3.7793685445935403
82,E48,LAGO MAYOR,2017-07-15,2017-07-15,2017,7,-15.5361,-69.3597,S2,E48|2017-07-15|12.0,12.0,1.7,1.75,13.4,0.0101,0.00888,0.0032,0.00223,0.00227,0.00186,0.5985598021098287,-0.4701986365729606,1.1373872593032366,0.36036031977924327,0.8792078337417988,3.1562490136721832
83,E49,LAGO MAYOR,2017-07-15,2017-07-15,2017,7,-15.6063,-69.4449,S2,E49|2017-07-15|9.0,9.0,1.1,1.5,13.2,0.01115,0.0094,0.00383,0.00221,0.00205,0.00195,0.6192936589755678,-0.4210128177616918,1.1861700865776503,0.40744676516523776,0.8430492517444618,2.9112263939356673
84,E50,LAGO MAYOR,2017-07-15,2017-07-15,2017,7,-15.6687,-69.5211,S2,E50|2017-07-15|12.0,12.0,1.62,3.0,12.4,0.01266,0.01068,0.00502,0.00326,0.00297,0.00293,0.5322811669812649,-0.36050953117773693,1.1853931474350985,0.47003740917252723,0.8436018290993816,2.521911848224731
85,E51,LAGO MAYOR,2017-07-15,2017-07-15,2017,7,-15.7371,-69.6038,S2,E51|2017-07-15|9.8,9.8,2.13,1.5,12.1,0.01191,0.00965,0.00373,0.00214,0.00144,0.00127,0.6369804379151454,-0.4424513869617798,1.2341967632956723,0.386528457354564,0.810243424832626,3.1930286345767738
86,E52,LAGO MAYOR,2017-07-15,2017-07-15,2017,7,-15.8028,-69.6843,S2,E52|2017-07-15|9.0,9.0,3.83,2.25,12.1,0.01267,0.01,0.00361,0.00213,0.00195,0.00201,0.6488045631653288,-0.46950768041824537,1.2669998733000127,0.3609999639000036,0.7892659203420742,3.5096943186442333
89,E59,LAGO MAYOR,2017-07-16,2017-07-16,2017,7,-15.8876,-69.4615,S2,E59|2017-07-16|10.0,10.0,2.13,1.5,13.2,0.01346,0.01023,0.00439,0.00241,0.00208,0.00189,0.6186708371304719,-0.39945277705521365,1.3157378967998148,0.42912996782698265,0.7600296612162213,3.0660585270937295
90,E60,LAGO MAYOR,2017-07-16,2017-07-16,2017,7,-15.8271,-69.3776,S2,E60|2017-07-16|10.0,10.0,2.21,1.75,12.8,0.01253,0.009,0.00331,0.00143,0.0017,0.00188,0.725790917949097,-0.4622257951075714,1.3922220675308816,0.36777773691358484,0.7182760799460431,3.7854973457711947
91,E61,LAGO MAYOR,2017-07-16,2017-07-16,2017,7,-15.7585,-69.3045,S2,E61|2017-07-16|12.8,12.8,1.7,1.75,12.7,0.01038,0.00841,0.00287,0.00133,0.00125,0.00097,0.7268993093532538,-0.49113470823273864,1.2342447997330797,0.3412603637026916,0.8102118679950032,3.6167234784935616
93,E72,LAGO MAYOR,2017-07-16,2017-07-16,2017,7,-15.6921,-69.1709,S2,E72|2017-07-16|5.8,5.8,1.54,1.0,12.7,0.01454,0.01842,0.00424,0.00144,0.00488,0.00435,0.854984851209222,-0.6257722583507388,0.7893593491118704,0.2301845694796651,1.2668499816471814,3.429244474234794
94,E76,LAGO MAYOR,2017-07-19,2017-07-19,2017,7,-15.8125,-69.0449,S2,E76|2017-07-19|9.0,9.0,1.1,0.75,12.8,0.00778,0.00765,0.00248,0.00168,0.00163,0.00184,0.6398713140545216,-0.5103652013459821,1.0169933311119828,0.32418296415908965,0.9832903620449406,3.1370955092356816
95,E78,LAGO MAYOR,2017-07-19,2017-07-19,2017,7,-15.8903,-69.1327,S2,E78|2017-07-19|10.3,10.3,0.51,0.0,12.5,0.0117,0.00841,0.00326,0.00209,0.00216,0.00165,0.6019047045805044,-0.4413024471891649,1.3912007858263038,0.38763372323023504,0.7188033573672344,3.58895595430799
96,E79,LAGO MAYOR,2017-07-16,2017-07-16,2017,7,-15.96,-69.2272,S2,E79|2017-07-16|10.0,10.0,0.59,0.0,13.4,0.01045,0.00792,0.00237,0.00126,0.00131,0.00131,0.7254901170490069,-0.5393585481672936,1.3194442778479447,0.2992423864592947,0.7578946643163001,4.40928083996589
97,E80,LAGO MAYOR,2017-07-17,2017-07-17,2017,7,-16.0316,-69.3198,S2,E80|2017-07-17|10.0,10.0,0.59,0.0,13.3,0.01271,0.01002,0.00434,0.00228,0.00193,0.00183,0.6292682415229073,-0.3955431479426777,1.268462947259187,0.4331336893080151,0.7883555634653372,2.9285707537855403
98,E82,LAGO MAYOR,2017-07-17,2017-07-17,2017,7,-16.1109,-69.4173,S2,E82|2017-07-17|10.0,10.0,2.72,1.25,13.0,0.01442,0.01204,0.00578,0.00405,0.00305,0.00281,0.49658169691847753,-0.35129066491073707,1.19767431913004,0.48006640531009925,0.8349513984083635,2.4948092569534155
99,E83,LAGO MAYOR,2017-07-17,2017-07-17,2017,7,-16.1837,-69.5067,S2,E83|2017-07-17|8.0,8.0,1.61,0.0,13.4,0.01528,0.01341,0.00543,0.00361,0.004,0.00362,0.5757931506584517,-0.42356685649857456,1.1394480880351912,0.40492167002821255,0.8776177436114042,2.8139957985274773
100,E88,LAGO MAYOR,2017-07-20,2017-07-20,2017,7,-16.2064,-69.3781,S2,E88|2017-07-20|8.0,8.0,1.53,1.0,13.2,0.01572,0.014,0.00689,0.00522,0.00398,0.00367,0.456815793089709,-0.3403542201840967,1.1228570626530672,0.4921428219897985,0.8905851850772782,2.2815671579728365
101,E94,LAGO MAYOR,2017-07-20,2017-07-20,2017,7,-16.251,-69.2884,S2,E94|2017-07-20|9.0,9.0,1.02,0.75,13.2,0.01725,0.01504,0.00955,0.00964,0.00942,0.00749,0.21880063943271316,-0.22326147933056203,1.1469414131023,0.6349733620363456,0.871884007427014,1.806282533373557
102,E97,LAGO MAYOR,2017-07-20,2017-07-20,2017,7,-16.1757,-69.1958,S2,E97|2017-07-20|10.0,10.0,2.13,3.0,12.6,0.01137,0.00852,0.00337,0.00185,0.00157,0.00205,0.6432014808870317,-0.43313705356290555,1.3345068856212576,0.39553985967842026,0.7493403034881,3.3738862392028963
103,E98,LAGO MAYOR,2017-07-19,2017-07-19,2017,7,-16.1056,-69.1103,S2,E98|2017-07-19|9.5,9.5,1.53,0.75,13.4,0.01056,0.00815,0.00271,0.00169,0.00222,0.00211,0.6565039983227643,-0.5009207641877749,1.2957053624901398,0.33251529662389007,0.7717802299450539,3.8966775289012805
104,E99,LAGO MAYOR,2017-07-19,2017-07-19,2017,7,-16.0745,-69.0742,S2,E99|2017-07-19|11.0,11.0,0.51,0.0,13.6,0.01204,0.0102,0.00419,0.0027,0.0025,0.00253,0.5813953037678059,-0.41765111760589874,1.180392041138035,0.4107842734525222,0.8471760093707634,2.873507667420604
105,E100,LAGO MAYOR,2017-07-19,2017-07-19,2017,7,-16.0055,-68.9959,S2,E100|2017-07-19|10.0,10.0,1.02,1.0,13.7,0.01126,0.00897,0.00362,0.00174,0.00134,0.00152,0.6750699649794617,-0.4249403951596192,1.255295289264739,0.40356740205491615,0.7966251512766297,3.1104963783159176
107,E104,LAGO MAYOR,2017-07-19,2017-07-19,2017,7,-16.0297,-68.8837,S2,E104|2017-07-19|10.2,10.2,1.62,0.25,13.2,0.01964,0.01834,0.01246,0.01159,0.00934,0.00829,0.22552622032989572,-0.19090908471074394,1.0708832567675435,0.679389275932973,0.9338085064252287,1.5762438542340407
109,E113,LAGO MAYOR,2017-07-20,2017-07-20,2017,7,-16.2174,-69.1367,S2,E113|2017-07-20|10.0,10.0,1.53,0.75,11.9,0.0114,0.00933,0.00376,0.00258,0.00184,0.00183,0.566750582136811,-0.42551562830285505,1.2218648208076293,0.4030010286172531,0.8184209808402648,3.031914087256892
110,E117,LAGO MAYOR,2017-07-19,2017-07-19,2017,7,-16.1653,-69.1027,S2,E117|2017-07-19|8.5,8.5,2.13,0.25,13.4,0.01221,0.00982,0.00339,0.00255,0.00232,0.0021,0.5877121594412159,-0.4867524234101119,1.2433807287799665,0.3452138141330128,0.8042587383899478,3.601768849035738
111,E120,LAGO MAYOR,2017-07-21,2017-07-21,2017,7,-16.1264,-68.9337,S2,E120|2017-07-21|9.5,9.5,2.13,31.25,12.9,0.01221,0.00998,0.00414,0.00289,0.00193,0.00165,0.5508935080890824,-0.41359770441942606,1.2234467711977186,0.41482961775254334,0.8173627504207411,2.9492746499336597
112,E121,LAGO MAYOR,2017-07-21,2017-07-21,2017,7,-16.2068,-68.8643,S2,E121|2017-07-21|9.0,9.0,1.62,26.25,13.3,0.01249,0.01265,0.00706,0.00657,0.00719,0.00688,0.31633713234458205,-0.2836123651135279,0.9873517006046086,0.5581027226796267,1.0128101671088738,1.7691215624473704
113,E122,LAGO MENOR,2017-07-21,2017-07-21,2017,7,-16.2276,-68.8361,S2,E122|2017-07-21|9.0,9.0,1.7,39.25,13.2,0.01596,0.01548,0.01025,0.01095,0.01136,0.0101,0.17139613426424014,-0.20326466368967494,1.0310076853354206,0.6621446600681744,0.9699247512578478,1.5570730188221444
114,E123,LAGO MENOR,2017-07-21,2017-07-21,2017,7,-16.1925,-68.797,S2,E123|2017-07-21|6.5,6.5,1.1,32.25,13.1,0.01612,0.01801,0.01102,0.0103,0.00948,0.00825,0.2723419190271311,-0.24078538612520203,0.8950582512460714,0.6118822536434062,1.1172455882601995,1.4627947855903098
115,E125,LAGO MENOR,2017-07-21,2017-07-21,2017,7,-16.2626,-68.7843,S2,E125|2017-07-21|8.0,8.0,2.13,37.5,13.3,0.02516,0.03239,0.01153,0.00924,0.00756,0.00699,0.5560893452777002,-0.47495445184529944,0.7767829337208109,0.355974055079529,1.287360839135102,2.182133375357036
121,E130,LAGO MENOR,2017-07-22,2017-07-22,2017,7,-16.3144,-68.8451,S2,E130|2017-07-22|5.4,5.4,1.62,24.5,11.1,0.01429,0.01844,0.00308,0.00114,0.00251,0.00259,0.8835546024742288,-0.7137546136731129,0.7749457280398195,0.1670281905082326,1.2904127858353545,4.63960888324387
122,E136,LAGO MENOR,2017-07-22,2017-07-22,2017,7,-16.2659,-69.0601,S2,E136|2017-07-22|7.0,7.0,1.02,20.25,11.4,0.01269,0.01399,0.00561,0.00289,0.00247,0.003,0.6575828994322928,-0.4275509985943369,0.9070764183648021,0.4010006861329031,1.1024427815253917,2.2620316823472932
123,E135,LAGO MENOR,2017-07-22,2017-07-22,2017,7,-16.3028,-68.9852,S2,E135|2017-07-22|6.0,6.0,3.32,28.5,12.0,0.01475,0.01444,0.00487,0.00229,0.00135,0.00144,0.7262402435002844,-0.4955981100156338,1.021468073305535,0.33725759437274283,0.97898298447573,3.0287468113456235
124,E137,LAGO MENOR,2017-07-22,2017-07-22,2017,7,-16.4011,-68.8334,S2,E137|2017-07-22|6.0,6.0,1.1,15.5,13.2,0.01308,0.02277,0.00578,0.0022,0.00185,0.00258,0.8237885132643767,-0.5950963013976777,0.5744400274729896,0.2538427644337829,1.7408255549827558,2.2629753870284794
128,E142,LAGO MENOR,2017-07-22,2017-07-22,2017,7,-16.4515,-68.998,S2,E142|2017-07-22|6.0,6.0,0.59,20.0,11.8,0.01612,0.01605,0.0052,0.00238,0.0018,0.00165,0.7417254073941721,-0.510588211266437,1.0043613081394824,0.32398751875467174,0.9956575064728594,3.0999994038462684
129,E-148,LAGO MENOR,2017-07-22,2017-07-22,2017,7,-16.5187,-68.8773,S2,E-148|2017-07-22|6.0,6.0,0.43,13.75,12.4,0.02058,0.03608,0.00856,0.00207,0.0017,0.002,0.8914809727003676,-0.6164874413869301,0.5703990972727523,0.2372505477480447,1.7531583210321515,2.4042053266115277
130,E-145,LAGO MENOR,2017-07-23,2017-07-23,2017,7,-16.5139,-68.977,S2,E-145|2017-07-23|6.5,6.5,1.03,26.0,10.7,0.01722,0.01779,0.00608,0.00337,0.00244,0.00199,0.681474447945442,-0.4905739216349425,0.9679594734143072,0.341765017326306,1.0331009853019173,2.8322363762769114
132,E-147,LAGO MENOR,2017-07-23,2017-07-23,2017,7,-16.493,-69.0596,S2,E-147|2017-07-23|6.5,6.5,2.29,15.5,11.2,0.02182,0.03159,0.01027,0.00437,0.00278,0.00278,0.7569521480269148,-0.5093167580191887,0.6907248910818331,0.32510287036711394,1.4477542874539742,2.1246346519343087
162,E59,LAGO MAYOR,2017-07-16,2017-07-16,2017,7,-15.8876,-69.4615,S2,E59|2017-07-16|10.0,10.0,1.62,34.29,12.0,0.01346,0.01023,0.00439,0.00241,0.00208,0.00189,0.6186708371304719,-0.39945277705521365,1.3157378967998148,0.42912996782698265,0.7600296612162213,3.0660585270937295
206,E01,BAHIA PUNO,2019-07-11,2019-07-11,2019,7,-15.8522,-69.9607,S2,E01|2019-07-11|8.0,8.0,1.62,10.5,13.1,0.01679,0.01655,0.00785,0.00668,0.00614,0.00508,0.42488160030643124,-0.3565573624361737,1.014501449274837,0.47432021303201133,0.9857057185404575,2.138853230719334
207,E02,BAHIA PUNO,2019-07-11,2019-07-11,2019,7,-15.8464,-69.9276,S2,E02|2019-07-11|8.0,8.0,1.1,12.0,13.0,0.01314,0.01339,0.00482,0.00282,0.00118,0.00121,0.6520665853135975,-0.47062051232177315,0.9813292769731683,0.35997010007691554,1.0190257976388282,2.7261405132488563
209,E04,BAHIA PUNO,2019-07-11,2019-07-11,2019,7,-15.8752,-69.8717,S2,E04|2019-07-11|1.5,1.5,1.54,21.5,13.5,0.01449,0.02084,0.00506,0.00235,0.00161,0.00153,0.7973263994253385,-0.6092663857426107,0.6952974714348622,0.24280229161217412,1.4382331650632738,2.863635797700435
210,E05,BAHIA PUNO,2019-07-11,2019-07-11,2019,7,-15.84,-69.892,S2,E05|2019-07-11|8.0,8.0,0.59,10.75,13.6,0.01623,0.01335,0.00552,0.00314,0.00118,0.00129,0.6191630916214014,-0.41494433413119586,1.2157302460127157,0.4134831150948977,0.8225507811120899,2.9402168586563664
212,E08,BAHIA PUNO,2019-07-11,2019-07-11,2019,7,-15.7798,-69.8691,S2,E08|2019-07-11|10.0,10.0,1.1,6.5,13.0,0.01555,0.01249,0.00498,0.00277,0.0013,0.00128,0.636959329163871,-0.42987976932571437,1.2449958971180228,0.39871894325709023,0.803215382429879,3.122489332833467
214,E14,BAHIA PUNO,2019-07-12,2019-07-12,2019,7,-15.7489,-69.783,S2,E14|2019-07-12|9.0,9.0,0.51,15.0,13.0,0.00922,0.00798,0.0025,0.00127,0.00125,0.00129,0.7254053269832078,-0.5229007134636723,1.1553883263924405,0.31328316876150775,0.8655096675152203,3.6879985248005904
215,E16,BAHIA PUNO,2019-07-11,2019-07-11,2019,7,-15.6728,-69.8539,S2,E16|2019-07-11|3.5,3.5,1.1,11.75,12.8,0.01362,0.01614,0.00457,0.00129,0.00369,0.00322,0.8519792970751981,-0.558667283502304,0.8438661187195713,0.28314744218417337,1.185021939425702,2.980305693587375
216,E17,BAHIA PUNO,2019-07-12,2019-07-12,2019,7,-15.6054,-69.9049,S2,E17|2019-07-12|3.0,3.0,3.9,7.75,10.2,0.01274,0.01669,0.00937,0.00496,0.00463,0.0042,0.5418013606558264,-0.28089024248310657,0.7633312903935716,0.5614139867337335,1.3100469929319474,1.3596583394174664
217,E25,LAGO MAYOR,2019-07-12,2019-07-12,2019,7,-15.4911,-69.8931,S2,E25|2019-07-12|6.1,6.1,1.02,20.5,13.2,0.01447,0.01407,0.00612,0.00427,0.00384,0.0041,0.5343511159023383,-0.39375926727294364,1.0284292090668652,0.4349679861430003,0.9723565326636812,2.3643786986309316
218,E28,LAGO MAYOR,2019-07-12,2019-07-12,2019,7,-15.3928,-69.7822,S2,E28|2019-07-12|7.0,7.0,0.59,9.25,13.0,0.01056,0.0105,0.00162,0.0006,0.00134,0.00128,0.8918918115412783,-0.732673206875148,1.005714189931982,0.15428569959183813,0.9943180876592721,6.51851449474414
219,E32,LAGO MAYOR,2019-07-12,2019-07-12,2019,7,-15.3382,-69.7205,S2,E32|2019-07-12|6.0,6.0,0.52,15.0,12.9,0.00335,0.00491,0.0001,0.0001,0.00064,0.00139,0.9600796486866967,-0.9600796486866967,0.6822809201057188,0.020366594630021457,1.4656712042772526,33.49966500334997
220,E36,LAGO MAYOR,2019-07-12,2019-07-12,2019,7,-15.2964,-69.6816,S2,E36|2019-07-12|11.0,11.0,1.27,12.75,13.0,0.0042,0.00697,0.00022,0.0001,0.00066,0.00083,0.9717113194184837,-0.9388037637268757,0.6025824099594821,0.031563840521687155,1.6595234143991868,19.090822314444026
221,E39,LAGO MAYOR,2019-07-13,2019-07-13,2019,7,-15.3423,-69.529,S2,E39|2019-07-13|8.0,8.0,1.19,15.0,12.6,0.02988,0.05142,0.07505,0.1224,0.19788,0.14181,-0.4083534667566823,0.1868427280236995,0.5810968381739238,1.4595487853063247,1.7208834765433911,0.3981345716437765
222,E41,LAGO MAYOR,2019-07-13,2019-07-13,2019,7,-15.4395,-69.6006,S2,E41|2019-07-13|9.5,9.5,0.52,10.25,13.1,0.00179,0.0027,0.00011,0.0001,0.00097,0.00128,0.9285710969388941,-0.9217078570434674,0.6629627174212157,0.04074072565158309,1.5083790455982988,16.272579340187814
223,E42,LAGO MAYOR,2019-07-13,2019-07-13,2019,7,-15.4967,-69.6687,S2,E42|2019-07-13|10.0,10.0,0.59,4.75,13.8,0.00863,0.00718,0.00217,0.00105,0.00127,0.00128,0.7448358754755924,-0.5358288196974524,1.2019496933217697,0.30222837016317966,0.8319813636174549,3.9769566926466857
224,E43,LAGO MAYOR,2019-07-13,2019-07-13,2019,7,-15.5603,-69.7413,S2,E43|2019-07-13|12.0,12.0,1.53,11.25,13.8,0.00973,0.00774,0.00181,0.00078,0.00092,0.00131,0.8169013125702685,-0.6209423433568227,1.2571057807356871,0.2338500989857753,0.7954778216364007,5.375687637741637
225,E22,LAGO MAYOR,2019-07-13,2019-07-13,2019,7,-15.62,-69.8133,S2,E22|2019-07-13|6.0,6.0,1.03,4.25,13.4,0.00516,0.00449,0.00024,0.0001,0.00326,0.00355,0.9564268068786911,-0.8985198946046735,1.1492202340266737,0.05345210390821739,0.8701548701250252,21.499910417039928
227,E49,LAGO MAYOR,2019-07-14,2019-07-14,2019,7,-15.6063,-69.4449,S2,E49|2019-07-14|12.0,12.0,0.52,10.0,13.4,0.00963,0.00818,0.00292,0.00163,0.0018,0.00175,0.6676859665967415,-0.4738738311825378,1.1772614697724366,0.35696817151978344,0.8494287799139377,3.2979440760465493
228,E50,LAGO MAYOR,2019-07-14,2019-07-14,2019,7,-15.6685,-69.521,S2,E50|2019-07-14|12.0,12.0,0.59,16.25,14.0,0.03032,0.02802,0.02202,0.02097,0.02097,0.01641,0.14390691684207152,-0.11990407434244453,1.082084186934897,0.7858672096407135,0.9241424497314495,1.3769300010476837
229,E51,LAGO MAYOR,2019-07-14,2019-07-14,2019,7,-15.7371,-69.6037,S2,E51|2019-07-14|11.0,11.0,0.6,9.5,14.0,0.01394,0.01154,0.00576,0.00359,0.00272,0.00272,0.5254460987808264,-0.3341040269304031,1.2079721656869873,0.4991334056210221,0.8278335130678973,2.42013846872596
230,E52,LAGO MAYOR,2019-07-14,2019-07-14,2019,7,-15.8017,-69.6838,S2,E52|2019-07-14|10.0,10.0,1.53,10.25,13.1,0.01071,0.00929,0.00338,0.00229,0.00297,0.00277,0.60449044866231,-0.4664561589221658,1.1528524055056617,0.3638320383388549,0.8674135511285199,3.1686381157875396
231,E53,LAGO MAYOR,2019-07-14,2019-07-14,2019,7,-15.8703,-69.7694,S2,E53|2019-07-14|9.0,9.0,0.6,5.5,13.3,0.01187,0.01016,0.00319,0.00208,0.0023,0.00228,0.6601306650220045,-0.5220973391687387,1.1683069716233296,0.31397634704957217,0.8559392707717548,3.721001968337941
233,E59,LAGO MAYOR,2019-07-15,2019-07-15,2019,7,-15.8874,-69.4614,S2,E59|2019-07-15|11.0,11.0,0.24,13.25,13.6,0.0103,0.00847,0.00318,0.00197,0.00111,0.00127,0.622605304348151,-0.4540772142422992,1.216056527029926,0.37544269475292863,0.8223300172495129,3.238992692140663
234,E60,LAGO MAYOR,2019-07-15,2019-07-15,2019,7,-15.8267,-69.3764,S2,E60|2019-07-15|11.0,11.0,0.95,8.75,13.6,0.01331,0.01139,0.00549,0.00403,0.00369,0.00333,0.4773021739752158,-0.3495260456441917,1.1685688175093225,0.482001713608278,0.8557474939333213,2.424407572967655
235,E61,LAGO MAYOR,2019-07-15,2019-07-15,2019,7,-15.7589,-69.3042,S2,E61|2019-07-15|11.0,11.0,1.02,10.75,13.2,0.00944,0.00786,0.00262,0.00133,0.00162,0.00165,0.7105548737154654,-0.499999952290081,1.2010176589036057,0.3333332909245177,0.8326270304420519,3.6030520599037943
237,E72,LAGO MAYOR,2019-07-15,2019-07-15,2019,7,-15.6931,-69.1707,S2,E72|2019-07-15|6.0,6.0,0.68,20.5,11.7,0.00957,0.01309,0.00482,0.00137,0.00538,0.00488,0.8105117005178631,-0.4617531847150651,0.7310923811235768,0.3682199871489697,1.3678159490265465,1.9854767664985962
238,E76,LAGO MAYOR,2019-07-19,2019-07-19,2019,7,-15.8077,-69.0414,S2,E76|2019-07-19|9.9,9.9,1.1,11.5,12.6,0.00961,0.00905,0.0024,0.00057,0.00235,0.00245,0.8814967898651987,-0.5807859754772076,1.0618783357040513,0.26519334086261426,0.9417272693311896,4.004164998264585
239,E78,LAGO MAYOR,2019-07-19,2019-07-19,2019,7,-15.8894,-69.1325,S2,E78|2019-07-19|12.0,12.0,1.1,11.5,13.5,0.01236,0.00882,0.00364,0.00191,0.00213,0.0015,0.6439887563850181,-0.4157303037134588,1.4013603853332897,0.4126983659072148,0.7135921752757141,3.395603462746301
240,E79,LAGO MAYOR,2019-07-19,2019-07-19,2019,7,-15.9605,-69.2275,S2,E79|2019-07-19|9.0,9.0,0.51,6.75,12.5,0.01337,0.01019,0.0047,0.00312,0.00244,0.00206,0.5311795243291116,-0.36870380331069147,1.312070528746759,0.4612364611151658,0.7621540192854137,2.844680245812713
241,E80,LAGO MAYOR,2019-07-16,2019-07-16,2019,7,-16.0317,-69.3194,S2,E80|2019-07-16|11.0,11.0,1.02,6.25,13.7,0.01016,0.00814,0.00291,0.00175,0.00102,0.00186,0.6461071136393213,-0.4733031245879526,1.248157094820996,0.3574938135756986,0.8011810235058048,3.491407734911432
242,E82,LAGO MAYOR,2019-07-16,2019-07-16,2019,7,-16.1121,-69.4175,S2,E82|2019-07-16|9.0,9.0,0.08,6.25,13.8,0.01139,0.00873,0.00331,0.00205,0.00136,0.00122,0.6196659907545464,-0.4501660755676017,1.3046962995765983,0.37915230479355044,0.766461741311524,3.4410865736898573
243,E83,LAGO MAYOR,2019-07-16,2019-07-16,2019,7,-16.1849,-69.5079,S2,E83|2019-07-16|10.0,10.0,0.51,3.0,13.0,0.01522,0.01269,0.00612,0.00398,0.00447,0.00385,0.5224954695563605,-0.3492822780817503,1.1993694878353438,0.4822694655422013,0.833771298700966,2.486927698214428
244,E88,LAGO MAYOR,2019-07-17,2019-07-17,2019,7,-16.2031,-69.3822,S2,E88|2019-07-17|11.0,11.0,2.21,1.0,13.0,0.01535,0.01193,0.00514,0.00296,0.0017,0.0015,0.6024176895622774,-0.3977738489880581,1.2866721469679678,0.43084656908243346,0.7771986464365702,2.9863807419492723
245,E94,LAGO MAYOR,2019-07-17,2019-07-17,2019,7,-16.2545,-69.2917,S2,E94|2019-07-17|8.0,8.0,1.02,0.75,13.1,0.01343,0.01009,0.00377,0.00174,0.00299,0.00274,0.7058325692449223,-0.45598842308885834,1.331020680770993,0.3736372275879854,0.7513029969245721,3.562333272590644
246,E97,LAGO MAYOR,2019-07-17,2019-07-17,2019,7,-16.1754,-69.1951,S2,E97|2019-07-17|10.0,10.0,0.95,3.75,13.0,0.01376,0.0104,0.00437,0.00204,0.00121,0.00109,0.6720256694513127,-0.4082599588178769,1.3230767958580005,0.4201922672892051,0.7558138985600364,3.148740698228673
247,E98,LAGO MAYOR,2019-07-18,2019-07-18,2019,7,-16.1034,-69.1089,S2,E98|2019-07-18|7.0,7.0,0.51,1.75,13.0,0.01034,0.00677,0.00174,0.00056,0.00187,0.00211,0.8472031586353126,-0.5910692607439176,1.527326214575153,0.2570162101896292,0.6547388148221649,5.942525320387747
248,E99,LAGO MAYOR,2019-07-20,2019-07-20,2019,7,-16.0824,-69.0817,S2,E99|2019-07-20|13.0,13.0,2.64,3.5,13.2,0.01257,0.01067,0.00591,0.00497,0.00841,0.00704,0.36445010457480154,-0.287092865675943,1.1780692429175967,0.5538893576486076,0.8488463922954343,2.126903193417395
249,E100,LAGO MAYOR,2019-07-20,2019-07-20,2019,7,-16.005,-68.9964,S2,E100|2019-07-20|11.0,11.0,1.1,5.25,12.4,0.0078,0.00494,0.00131,0.00048,0.00085,0.00068,0.8228780769597642,-0.5807999070720148,1.578947048796144,0.2651821325542242,0.6333332521367625,5.954193928096238
251,E104,LAGO MAYOR,2019-07-20,2019-07-20,2019,7,-16.0384,-68.8577,S2,E104|2019-07-20|10.0,10.0,1.02,5.75,12.4,0.0075,0.00697,0.00218,0.00141,0.0018,0.00173,0.663484407698758,-0.5234972105467529,1.0760400177847893,0.31276896516944547,0.9293332094222387,3.4403653943278005
253,E113,LAGO MAYOR,2019-07-17,2019-07-17,2019,7,-16.2298,-69.1135,S2,E113|2019-07-17|9.0,9.0,0.67,1.25,13.8,0.01535,0.01528,0.00556,0.00346,0.00197,0.00195,0.6307363590855732,-0.46641072617990753,1.0045810860876254,0.3638743217359737,0.9954396745641906,2.760790870361354
254,E117,LAGO MAYOR,2019-07-18,2019-07-18,2019,7,-16.1686,-69.0979,S2,E117|2019-07-18|10.0,10.0,0.59,5.0,13.6,0.01452,0.01257,0.00464,0.00144,0.00178,0.00213,0.7944324914751969,-0.46077859030920454,1.1551311730205909,0.3691328266401888,0.8657024197174642,3.129309670407398
255,E120,LAGO MAYOR,2019-07-20,2019-07-20,2019,7,-16.1262,-68.9334,S2,E120|2019-07-20|11.5,11.5,1.19,11.5,13.6,0.01409,0.0101,0.00451,0.00285,0.00127,0.00154,0.5598455166142459,-0.3826146213131676,1.3950493668267956,0.4465346092539991,0.7168203891539823,3.1241678216922786
256,E121,LAGO MAYOR,2019-07-21,2019-07-21,2019,7,-16.2077,-68.8626,S2,E121|2019-07-21|11.0,11.0,0.59,10.75,12.6,0.00045,0.00141,0.0001,0.0001,0.00159,0.00201,0.8675490943383481,-0.8675490943383481,0.31914870982361004,0.0709219355163578,3.1333263703858436,4.499955000449995
257,E122,LAGO MENOR,2019-07-21,2019-07-21,2019,7,-16.2281,-68.8351,S2,E122|2019-07-21|11.0,11.0,1.19,3.75,12.7,0.00018,0.00035,0.0001,0.0001,0.00166,0.00292,0.5555543209903978,-0.5555543209903978,0.5142842449021574,0.28571346939008746,1.944433642035322,1.7999820001799982
258,E123,LAGO MENOR,2019-07-21,2019-07-21,2019,7,-16.1922,-68.7968,S2,E123|2019-07-21|9.0,9.0,1.1,5.5,12.4,0.00538,0.0063,0.0027,0.0021,0.00258,0.0019,0.4999999404761977,-0.39999995555556045,0.853968118417759,0.4285713605442285,1.1710034998134757,1.9925918545956094
259,E125,LAGO MENOR,2019-07-21,2019-07-21,2019,7,-16.2132,-68.7325,S2,E125|2019-07-21|8.5,8.5,1.19,1.0,12.4,0.00525,0.00603,0.00277,0.00242,0.00297,0.00244,0.4272188843527948,-0.37045450335744284,0.8706466217833132,0.4593697413980528,1.14857120979596,1.8953061749797204
263,E132,LAGO MENOR,2019-07-21,2019-07-21,2019,7,-16.315,-68.8479,S2,E132|2019-07-21|7.0,7.0,1.7,2.75,11.4,0.01627,0.0169,0.00355,0.00062,0.00279,0.00245,0.9292236912543557,-0.6528117040189875,0.9627218365253353,0.21005915916809714,1.038721509605316,4.583097300535972
265,E130,LAGO MENOR,2019-07-22,2019-07-22,2019,7,-16.2142,-68.9393,S2,E130|2019-07-22|10.0,10.0,1.27,3.25,11.6,0.01381,0.01412,0.00502,0.00191,0.0013,0.00108,0.7616967709484236,-0.4754440712934132,0.9780452565123755,0.35552405414135596,1.0224474277735391,2.7509954679291893
267,E136,LAGO MENOR,2019-07-22,2019-07-22,2019,7,-16.3034,-68.9854,S2,E136|2019-07-22|6.5,6.5,0.59,7.0,11.7,0.01736,0.01899,0.00904,0.00541,0.0025,0.00205,0.5565573542394527,-0.35497679789594017,0.9141653020450078,0.47603999599578745,1.0938939462042658,1.920353769872371
268,E137,LAGO MENOR,2019-07-22,2019-07-22,2019,7,-16.3655,-68.9025,S2,E137|2019-07-22|5.0,5.0,1.19,3.0,11.7,0.01733,0.02129,0.00772,0.0035,0.00211,0.00165,0.7176280468887436,-0.46776971844985454,0.813997143541703,0.362611537688514,1.2285054109344828,2.2448183620701605
271,E141,LAGO MENOR,2019-07-23,2019-07-23,2019,7,-16.376,-69.0078,S2,E141|2019-07-23|10.0,10.0,0.51,1.5,11.4,0.0161,0.01635,0.00572,0.00233,0.00094,0.00109,0.7505352917272328,-0.481649275865461,0.9847094198954484,0.34984707340384874,1.0155278872342928,2.814684822607548
272,E142,LAGO MENOR,2019-07-23,2019-07-23,2019,7,-16.4489,-68.9969,S2,E142|2019-07-23|11.0,11.0,1.03,6.75,10.8,0.01793,0.01909,0.00647,0.00243,0.00118,0.00094,0.7741635327990926,-0.49374019977542255,0.9392351524758957,0.33892088324144143,1.064695980775461,2.771251503670556
273,E145,LAGO MENOR,2019-07-23,2019-07-23,2019,7,-16.5179,-68.9781,S2,E145|2019-07-23|6.0,6.0,3.99,3.0,11.1,0.01881,0.02077,0.00583,0.00191,0.0007,0.00077,0.8315696282376709,-0.5616541142235296,0.9056330810961444,0.28069329414091027,1.1041998349707691,3.226414540923749
275,E147,LAGO MENOR,2019-07-24,2019-07-24,2019,7,-16.559,-68.9174,S2,E147|2019-07-24|5.5,5.5,2.21,6.5,10.4,0.01812,0.01934,0.00604,0.00276,0.00096,0.00122,0.7502262103970042,-0.5240346523232997,0.936918255588508,0.31230608519616937,1.0673288594189372,2.9999995033113405
277,E01,BAHIA PUNO,2022-08-12,2022-08-12,2022,8,-15.853,-69.9605,S2,E01|2022-08-12|5.5,5.5,1.61,2.5,13.9,0.0163,0.01961,0.01081,0.01028,0.00813,0.00636,0.3121445195000161,-0.28928335669679955,0.8312085246706514,0.5512493344594934,1.20306741085476,1.5078629502439453
278,E02,BAHIA PUNO,2022-08-12,2022-08-12,2022,8,-15.8461,-69.9271,S2,E02|2022-08-12|8.0,8.0,3.07,1.0,13.5,0.01873,0.01847,0.00974,0.00676,0.00272,0.00211,0.46412998556757884,-0.30946471784953145,1.0140768265253477,0.5273416065326688,0.9861184737790457,1.922997749178876
280,E05,BAHIA PUNO,2022-08-12,2022-08-12,2022,8,-15.84,-69.8923,S2,E05|2022-08-12|8.5,8.5,0.95,1.25,13.6,0.0186,0.01579,0.00746,0.00549,0.00258,0.00185,0.4840225336455576,-0.3582795544825998,1.1779606600404902,0.472450888381831,0.8489246855416835,2.4932972529092154
282,E08,BAHIA PUNO,2022-08-12,2022-08-12,2022,8,-15.7802,-69.8681,S2,E08|2022-08-12|11.0,11.0,1.03,2.25,12.6,0.01842,0.01468,0.00702,0.00529,0.00255,0.00196,0.4702052844163602,-0.35299537543800114,1.254768306895892,0.4782016023023432,0.7969597830097839,2.623931250152243
286,E28,LAGO MAYOR,2022-08-14,2022-08-14,2022,8,-15.3928,-69.7822,S2,E28|2022-08-14|10.0,10.0,1.02,2.5,13.2,0.02489,0.01998,0.00812,0.00497,0.00228,0.00151,0.6016031823004737,-0.42206404191942914,1.2457456833961118,0.40640638606574647,0.8027319886407398,3.065270558464217
287,E32,LAGO MAYOR,2022-08-14,2022-08-14,2022,8,-15.3384,-69.7205,S2,E32|2022-08-14|9.0,9.0,0.51,1.75,13.4,0.02833,0.02217,0.00814,0.00449,0.00238,0.00317,0.6631657665729269,-0.46288352151489537,1.2778528968041094,0.3671628160954977,0.7825626268068256,3.480343552783348
288,E36,LAGO MAYOR,2022-08-14,2022-08-14,2022,8,-15.2971,-69.6814,S2,E36|2022-08-14|9.0,9.0,0.51,2.25,13.0,0.02604,0.02145,0.00926,0.00616,0.00327,0.00258,0.553784840500368,-0.39693909485707934,1.213985957389932,0.43170161157568243,0.8237326872606495,2.8120947287154725
289,E39,LAGO MAYOR,2022-08-15,2022-08-15,2022,8,-15.3748,-69.5276,S2,E39|2022-08-15|7.0,7.0,1.62,1.25,12.3,0.0208,0.02376,0.0073,0.00307,0.00511,0.00463,0.7711516671206983,-0.529942030587829,0.875420838576564,0.30723904430812105,1.142307637389056,2.849314678176071
290,341,LAGO MAYOR,2022-08-15,2022-08-15,2022,8,-15.4392,-69.6009,S2,341|2022-08-15|14.0,14.0,0.51,1.5,13.1,0.0174,0.0117,0.00397,0.00244,0.00189,0.00173,0.6548797273776714,-0.4932992665412083,1.4871793600701402,0.33931621031485376,0.6724137544589797,4.382870432526339
291,E42,LAGO MAYOR,2022-08-15,2022-08-15,2022,8,-15.4967,-69.6685,S2,E42|2022-08-15|16.0,16.0,0.94,5.5,12.9,0.01855,0.01281,0.00524,0.00315,0.00154,0.00123,0.6052631199709824,-0.41939055848251755,1.4480873186504826,0.4090553935163627,0.6905660005085714,3.5400756602909045
292,E43,LAGO MAYOR,2022-08-15,2022-08-15,2022,8,-15.5603,-69.7411,S2,E43|2022-08-15|14.0,14.0,0.51,0.75,13.1,0.01898,0.01349,0.00591,0.00368,0.00192,0.00167,0.5713453365553094,-0.3907216293442459,1.4069680202395833,0.4381022655224414,0.7107481185064216,3.211505378763895
293,E22,LAGO MAYOR,2022-08-15,2022-08-15,2022,8,-15.6181,-69.807,S2,E22|2022-08-15|14.0,14.0,0.51,1.0,13.3,0.01904,0.01378,0.00655,0.0047,0.00299,0.00255,0.49134196475422276,-0.35563205333831516,1.3817125267262318,0.47532652573827827,0.7237394577867932,2.90686978521072
294,E48,LAGO MAYOR,2022-08-16,2022-08-16,2022,8,-15.5361,-69.3597,S2,E48|2022-08-16|8.0,8.0,0.94,1.0,13.8,0.0206,0.01515,0.00764,0.00592,0.00393,0.00314,0.4380635767411687,-0.3295304813720719,1.3597358838458162,0.5042903957564095,0.7354368575030652,2.696334725610638
295,E49,LAGO MAYOR,2022-08-16,2022-08-16,2022,8,-15.6063,-69.4449,S2,E49|2022-08-16|15.0,15.0,0.51,6.5,13.0,0.02127,0.01492,0.00811,0.00523,0.00324,0.00279,0.4808932763824676,-0.2957012463872668,1.42560312160837,0.5435656472140987,0.7014574188313389,2.6226877160680995
296,E50,LAGO MAYOR,2022-08-16,2022-08-16,2022,8,-15.6687,-69.5211,S2,E50|2022-08-16|16.0,16.0,0.59,9.0,12.6,0.02002,0.0143,0.00759,0.00588,0.00405,0.00353,0.4172447761523897,-0.30653264931326407,1.399999902097909,0.530769193652504,0.714285678607109,2.637680811899761
297,E51,LAGO MAYOR,2022-08-17,2022-08-17,2022,8,-15.7371,-69.6038,S2,E51|2022-08-17|12.0,12.0,1.02,1.5,13.0,0.0188,0.0129,0.00614,0.00418,0.00211,0.0019,0.5105386117951634,-0.35504199815955895,1.4573642281113002,0.4759689553512438,0.6861701762675438,3.0618887521353826
298,E52,LAGO MAYOR,2022-08-17,2022-08-17,2022,8,-15.8028,-69.6843,S2,E52|2022-08-17|9.0,9.0,0.51,11.0,12.9,0.01849,0.01346,0.0061,0.00426,0.00258,0.00235,0.5191873296169679,-0.3762780993722853,1.3736997493536591,0.4531946171475025,0.7279610206619243,3.0311470440742547
299,E53,LAGO MAYOR,2022-08-17,2022-08-17,2022,8,-15.8686,-69.7634,S2,E53|2022-08-17|11.0,11.0,0.51,4.5,13.0,0.02244,0.0166,0.00947,0.00689,0.00363,0.00274,0.4133673727812953,-0.2734944275606281,1.3518071474814972,0.5704818933444642,0.7397504126670938,2.3695879229579813
300,E58,LAGO MAYOR,2022-08-18,2022-08-18,2022,8,-15.9519,-69.5453,S2,E58|2022-08-18|11.0,11.0,1.1,3.25,12.3,0.02173,0.01824,0.00841,0.00583,0.00282,0.00232,0.5155795381977757,-0.3688555208684607,1.1913376539836813,0.46107453612529964,0.8393925062405657,2.583828468034665
301,E59,LAGO MAYOR,2022-08-18,2022-08-18,2022,8,-15.8876,-69.4615,S2,E59|2022-08-18|15.0,15.0,0.51,1.5,12.8,0.01954,0.01404,0.00687,0.00445,0.0019,0.0015,0.5186587064002864,-0.34289811846493934,1.3917377926112682,0.48931620446465784,0.7185260635350019,2.8442499498908367
302,E60,LAGO MAYOR,2022-08-18,2022-08-18,2022,8,-15.8271,-69.3776,S2,E60|2022-08-18|16.5,16.5,0.43,1.5,12.8,0.0204,0.01425,0.0073,0.00448,0.00253,0.00206,0.5216230367526409,-0.32250578549857145,1.4315788469067476,0.5122806658048655,0.6985293775230698,2.794520165134224
303,E61,LAGO MAYOR,2022-08-18,2022-08-18,2022,8,-15.7585,-69.3045,S2,E61|2022-08-18|15.0,15.0,0.51,3.75,13.5,0.02009,0.01458,0.00664,0.0048,0.00331,0.00301,0.5046439368088785,-0.3741752886816546,1.3779148574818343,0.4554183501084808,0.725734159993322,3.025601953975609
305,E72,LAGO MAYOR,2022-08-19,2022-08-19,2022,8,-15.6921,-69.1709,S2,E72|2022-08-19|5.0,5.0,1.62,18.0,12.5,0.02088,0.02083,0.00897,0.00602,0.00688,0.00633,0.5515828472408623,-0.39798656382595426,1.002400335938534,0.4306288799506059,0.9976053162066421,2.3277589378195165
306,E76,LAGO MAYOR,2022-08-19,2022-08-19,2022,8,-15.8125,-69.0449,S2,E76|2022-08-19|10.0,10.0,0.95,0.75,13.0,0.01673,0.01334,0.00723,0.00524,0.00371,0.00368,0.4359526137808066,-0.2970345018456732,1.2541228445185273,0.541978969866644,0.7973699463616291,2.3139692511799095
307,E78,LAGO MAYOR,2022-08-19,2022-08-19,2022,8,-15.8903,-69.1327,S2,E78|2022-08-19|14.0,14.0,0.51,1.25,13.4,0.01745,0.01269,0.00677,0.00452,0.00332,0.00284,0.47472397009157646,-0.3042137562068985,1.3750983943972896,0.5334908957059972,0.7272205886979606,2.5775476251776035
308,E79,LAGO MAYOR,2022-08-19,2022-08-19,2022,8,-15.96,-69.2272,S2,E79|2022-08-19|14.0,14.0,0.51,0.75,12.8,0.0172,0.01265,0.00628,0.00445,0.00328,0.00312,0.479532135699875,-0.33650288766492936,1.3596836869815268,0.4964426485025575,0.7354650735194724,2.7388530670616134
309,E80,LAGO MAYOR,2022-08-20,2022-08-20,2022,8,-16.0316,-69.3198,S2,E80|2022-08-20|15.0,15.0,0.51,0.0,12.3,0.01937,0.01347,0.00696,0.00455,0.00293,0.00254,0.4950055219197823,-0.31864902992417865,1.4380102867104465,0.5167037478319415,0.695405229973917,2.7830455771486236
310,E82,LAGO MAYOR,2022-08-20,2022-08-20,2022,8,-16.1109,-69.4173,S2,E82|2022-08-20|15.0,15.0,0.51,1.75,12.8,0.02103,0.01519,0.00791,0.00543,0.00237,0.00186,0.4733268441645566,-0.315151501508593,1.3844633716613974,0.520737292907354,0.7223014397384004,2.658659588032922
311,E83,LAGO MAYOR,2022-08-20,2022-08-20,2022,8,-16.1837,-69.5067,S2,E83|2022-08-20|16.0,16.0,0.95,1.0,13.7,0.02017,0.01656,0.00948,0.00612,0.00363,0.00301,0.46031744002127684,-0.2718893904804381,1.2179950955316974,0.5724637335468761,0.8210212780852117,2.1276369063674148
312,E88,LAGO MAYOR,2022-08-20,2022-08-20,2022,8,-16.2064,-69.3781,S2,E88|2022-08-20|14.0,14.0,0.59,0.75,13.3,0.01943,0.0149,0.00778,0.0054,0.00245,0.00213,0.4679802725132871,-0.31393296675780574,1.3040267581190095,0.5221476159632472,0.7668553388134155,2.4974289849063003
313,E94,LAGO MAYOR,2022-08-20,2022-08-20,2022,8,-16.251,-69.2884,S2,E94|2022-08-20|15.0,15.0,0.95,4.5,13.5,0.02249,0.01866,0.01148,0.01167,0.00919,0.00736,0.23046487865265813,-0.23822162447838005,1.205251811079753,0.6152196883590736,0.8297020529256535,1.959059062799733
314,E97,LAGO MAYOR,2022-08-21,2022-08-21,2022,8,-16.1757,-69.1958,S2,E97|2022-08-21|16.0,16.0,0.95,6.75,12.9,0.01454,0.01149,0.00585,0.00373,0.00203,0.00156,0.5098554198518122,-0.3252594968131778,1.265448105705126,0.5091383368896139,0.7902337833401799,2.485469660603477
315,E98,LAGO MAYOR,2022-08-22,2022-08-22,2022,8,-16.1056,-69.1103,S2,E98|2022-08-22|15.0,15.0,0.51,10.0,12.6,0.01713,0.01301,0.00767,0.00544,0.00378,0.00303,0.41029808074265145,-0.25822049041486994,1.3166793761199556,0.5895464573753684,0.7594862370410838,2.2333765015154494
316,E99,LAGO MAYOR,2022-08-22,2022-08-22,2022,8,-16.0745,-69.0742,S2,E99|2022-08-22|15.0,15.0,0.51,10.0,13.0,0.0153,0.01239,0.00659,0.00462,0.00212,0.00176,0.456790096602581,-0.3055848100324125,1.2348667284207644,0.5318805059014927,0.8098038686402701,2.3216991924583925
317,E100,LAGO MAYOR,2022-08-22,2022-08-22,2022,8,-16.0055,-68.9959,S2,E100|2022-08-22|13.0,13.0,0.52,8.75,12.7,0.01257,0.00941,0.0041,0.00244,0.00137,0.0013,0.588185604372523,-0.393042161876968,1.3358128229741952,0.4357066487028004,0.748607736785383,3.0658529107675823
318,E103,LAGO MAYOR,2022-08-22,2022-08-22,2022,8,-15.9394,-68.9017,S2,E103|2022-08-22|10.0,10.0,0.51,5.5,13.0,0.01436,0.01222,0.00486,0.003,0.00395,0.00397,0.6057818261641374,-0.43091332371701857,1.1751226534269514,0.39770864175870363,0.8509748711020285,2.9547319023185383
319,E104,LAGO MAYOR,2022-08-22,2022-08-22,2022,8,-16.0297,-68.8837,S2,E104|2022-08-22|13.0,13.0,0.95,13.18,12.9,0.01201,0.00914,0.00362,0.00267,0.00168,0.00175,0.547840766482577,-0.43260184697477694,1.3140042326034755,0.39606122581387027,0.7610324095726554,3.3176786415252373
321,E113,LAGO MAYOR,2022-08-21,2022-08-21,2022,8,-16.2174,-69.1367,S2,E113|2022-08-21|14.0,14.0,0.43,11.39,13.8,0.0155,0.01265,0.00651,0.0042,0.00182,0.00134,0.5014836497635816,-0.3204592734624596,1.225296345826376,0.5146244652470778,0.816128979604582,2.380952015214744
322,E117,LAGO MAYOR,2022-08-21,2022-08-21,2022,8,-16.1653,-69.1027,S2,E117|2022-08-21|14.0,14.0,0.51,6.91,13.6,0.01867,0.01438,0.008,0.00603,0.0034,0.00278,0.4091131597690759,-0.28507594794119984,1.2983309250117576,0.5563281949702229,0.7702195623878114,2.3337497082812866
323,E120,LAGO MAYOR,2022-08-22,2022-08-22,2022,8,-16.1264,-68.9337,S2,E120|2022-08-22|14.0,14.0,1.02,12.32,13.1,0.01419,0.01072,0.00543,0.00416,0.0024,0.00254,0.44086018542606287,-0.3275541592845722,1.3236939063718371,0.5065298034953541,0.755461539431886,2.613259187245085
324,E121,LAGO MAYOR,2022-08-23,2022-08-23,2022,8,-16.2068,-68.8643,S2,E121|2022-08-23|11.0,11.0,0.95,7.62,12.5,0.00924,0.007,0.0022,0.00161,0.00279,0.00292,0.626016187454566,-0.5217390737240138,1.3199998114285982,0.31428566938776153,0.7575756755870482,4.199998090909959
325,E122,LAGO MENOR,2022-08-23,2022-08-23,2022,8,-16.2276,-68.8361,S2,E122|2022-08-23|10.0,10.0,1.02,4.14,12.5,0.00764,0.00527,0.00061,0.0,0.00355,0.00429,0.9999998102467152,-0.79251687202094,1.4497150949307218,0.11574950365284559,0.6897904856295176,12.524569631853064
326,E123,LAGO MENOR,2022-08-23,2022-08-23,2022,8,-16.1925,-68.797,S2,E123|2022-08-23|6.0,6.0,1.78,12.25,12.1,0.01679,0.025,0.00674,0.00363,0.00221,0.00199,0.7464198132581273,-0.5752992887429336,0.6715999731360011,0.2695999892160004,1.4889814479463106,2.4910975532496207
327,E125,LAGO MENOR,2022-08-23,2022-08-23,2022,8,-16.2626,-68.7843,S2,E125|2022-08-23|8.0,8.0,1.53,13.0,12.4,0.02056,0.04403,0.01005,0.00329,0.00174,0.00207,0.8609467273679896,-0.6283283907483654,0.46695433870192277,0.22825345836353716,2.141536860820192,2.045770940719309
330,E132,LAGO MENOR,2022-08-23,2022-08-23,2022,8,-16.3339,-68.7808,S2,E132|2022-08-23|4.0,4.0,1.53,12.75,13.5,0.0214,0.04063,0.0115,0.0041,0.00202,0.00191,0.8166778265889152,-0.5587953086745577,0.5267043926481814,0.28304208016140586,1.898598042121587,1.8608694034026605
332,E130,LAGO MENOR,2022-08-23,2022-08-23,2022,8,-16.3144,-68.8451,S2,E130|2022-08-23|5.5,5.5,1.19,17.0,13.1,0.02589,0.03135,0.01236,0.00753,0.00542,0.00455,0.6126543052300847,-0.43445434833094615,0.8258372942316652,0.3942583606297173,1.2108921896140523,2.094660024703882
333,E136,LAGO MENOR,2022-08-24,2022-08-24,2022,8,-16.2659,-69.0601,S2,E136|2022-08-24|5.5,5.5,1.7,14.25,12.2,0.01649,0.01819,0.00971,0.00629,0.00316,0.00339,0.4861110912536319,-0.3039426414357477,0.9065420062373829,0.5338097562501508,1.1030927166105085,1.6982490527034964
334,E135,LAGO MENOR,2022-08-24,2022-08-24,2022,8,-16.3028,-68.9852,S2,E135|2022-08-24|11.0,11.0,1.19,16.75,12.6,0.02062,0.02118,0.01028,0.00617,0.00301,0.0023,0.5488116801165748,-0.3464716990949874,0.9735599162625157,0.4853635276032328,1.0271580491193963,2.005836380755216
335,E137,LAGO MENOR,2022-08-24,2022-08-24,2022,8,-16.4011,-68.8334,S2,E137|2022-08-24|5.0,5.0,1.02,11.25,12.0,0.02808,0.04004,0.01633,0.00887,0.00403,0.0031,0.6372929740892871,-0.42061379420589323,0.7012986837837492,0.40784214765629007,1.4259258751450898,1.7195344935986225
337,E141,LAGO MENOR,2022-08-24,2022-08-24,2022,8,-16.3764,-69.0073,S2,E141|2022-08-24|5.0,5.0,1.7,11.0,12.8,0.02526,0.02581,0.01315,0.00811,0.00422,0.00312,0.521816022352122,-0.32494865695716996,0.9786903921468272,0.5094924250487244,1.0217735145774538,1.9209124014515286
338,E142,LAGO MENOR,2022-08-24,2022-08-24,2022,8,-16.4515,-68.998,S2,E142|2022-08-24|5.0,5.0,1.18,17.0,13.1,0.02558,0.02702,0.01338,0.00859,0.00431,0.00342,0.5175512351151015,-0.337623754019214,0.9467061085600996,0.49518873074801145,1.0562939383778758,1.9118085267706633
340,E145,LAGO MENOR,2022-08-24,2022-08-24,2022,8,-16.5139,-68.977,S2,E145|2022-08-24|5.5,5.5,1.62,26.0,13.2,0.02377,0.02637,0.01021,0.00534,0.00229,0.00164,0.6631977085084292,-0.4417714477372486,0.9014030754113358,0.3871823895645662,1.109381526740365,2.328109468353627
342,E147,LAGO MENOR,2022-08-24,2022-08-24,2022,8,-16.493,-69.0596,S2,E147|2022-08-24|5.0,5.0,1.78,14.75,12.4,0.02693,0.03478,0.01444,0.00704,0.00282,0.00208,0.6633189702697521,-0.41324663930827626,0.7742955499052459,0.41518112664804124,1.29149642437815,1.8649583196012245
344,E01,BAHIA PUNO,2024-08-21,2024-08-21,2024,8,-15.853,-69.9605,S2,E01|2024-08-21|6.0,6.0,2.64,0.5,13.4,0.01999,0.02499,0.00755,0.0043,0.00819,0.00716,0.7063844074296891,-0.5359557303025282,0.7999199359775937,0.30212083624966646,1.2501249999937467,2.647681768518971
345,E02,BAHIA PUNO,2024-08-21,2024-08-21,2024,8,-15.8461,-69.9271,S2,E02|2024-08-21|9.0,9.0,2.05,1.5,13.0,0.01849,0.01526,0.00564,0.00363,0.00269,0.00227,0.6156696338978489,-0.4602870593164087,1.2116644029053472,0.3695936848234807,0.8253109342719884,3.278368213055281
346,E03,BAHIA PUNO,2024-08-21,2024-08-21,2024,8,-15.8653,-69.8942,S2,E03|2024-08-21|8.0,8.0,1.02,7.75,13.9,0.01828,0.01606,0.00557,0.00375,0.00303,0.00224,0.621403300282519,-0.4849745499318285,1.1382315605086202,0.34682438687270317,0.8785557506260531,3.2818665562178535
348,E05,BAHIA PUNO,2024-08-21,2024-08-21,2024,8,-15.84,-69.8923,S2,E05|2024-08-21|10.0,10.0,2.55,2.5,13.4,0.01709,0.01397,0.00494,0.00315,0.003,0.00235,0.6320093088779609,-0.47752509373214735,1.2233356318299478,0.35361486373551443,0.8174370498866559,3.4595134697341154
350,E08,BAHIA PUNO,2024-08-21,2024-08-21,2024,8,-15.7802,-69.8681,S2,E08|2024-08-21|9.0,9.0,1.45,5.75,13.3,0.0179,0.01334,0.0049,0.00325,0.00267,0.0024,0.6081976728030336,-0.46271927287723286,1.341828984870391,0.36731631429412936,0.7452513550138908,3.653060478967249
352,E15,LAGO MAYOR,2024-08-21,2024-08-21,2024,8,-15.715,-69.8226,S2,E15|2024-08-21|9.0,9.0,1.53,1.25,13.3,0.0146,0.01195,0.00299,0.0007,0.00225,0.00247,0.8893279929384987,-0.5997322222401459,1.2217572199366342,0.2502091840829135,0.8184930946237607,4.882941510721903
353,E16,LAGO MAYOR,2024-08-21,2024-08-21,2024,8,-15.6737,-69.8541,S2,E16|2024-08-21|6.0,6.0,1.62,2.25,13.5,0.01056,0.00984,0.00019,0.0,0.00263,0.0039,0.9999998983739942,-0.9621135630993458,1.073170622645262,0.01930894112714013,0.9318180935778321,55.57865484918501
354,E22,LAGO MAYOR,2024-08-22,2024-08-22,2024,8,-15.6181,-69.807,S2,E22|2024-08-22|14.0,14.0,1.02,1.5,13.5,0.01514,0.01067,0.00228,0.00032,0.00251,0.00304,0.9417651554353815,-0.6478763978473826,1.4189314508967712,0.21368320396596024,0.704755567717598,6.640347964759665
356,E27,LAGO MAYOR,2024-08-22,2024-08-22,2024,8,-15.4437,-69.8425,S2,E27|2024-08-22|4.0,4.0,1.61,15.25,13.6,0.01904,0.02053,0.00689,0.00382,0.00238,0.00219,0.6862422716122271,-0.49744710074955867,0.9274232378264377,0.3356064132680754,1.078256245889903,2.7634248529136642
357,E28,LAGO MAYOR,2024-08-22,2024-08-22,2024,8,-15.3928,-69.7822,S2,E28|2024-08-22|9.0,9.0,3.58,8.5,13.6,0.01541,0.01311,0.00426,0.00289,0.00188,0.00142,0.6387499600781275,-0.5094991071100111,1.1754385068315403,0.3249427669761429,0.8507462134493048,3.6173700428708817
358,E32,LAGO MAYOR,2024-08-22,2024-08-22,2024,8,-15.3384,-69.7205,S2,E32|2024-08-22|12.5,12.5,1.62,6.0,13.7,0.01697,0.01413,0.0046,0.0025,0.00162,0.0028,0.6993385027457305,-0.5088093695243263,1.20099071472111,0.3255484553751978,0.8326457965441488,3.6891296327979055
359,E36,LAGO MAYOR,2024-08-22,2024-08-22,2024,8,-15.2971,-69.6814,S2,E36|2024-08-22|11.5,11.5,2.13,2.75,14.0,0.01384,0.01185,0.00406,0.00295,0.00219,0.00223,0.6013513107195061,-0.48962913327283886,1.1679323908917814,0.3426160048425313,0.8562138109672102,3.4088661554516855
360,E36B,LAGO MAYOR,2024-08-22,2024-08-22,2024,8,-15.2621,-69.7034,S2,E36B|2024-08-22|13.0,13.0,1.53,6.25,13.9,0.01351,0.01143,0.00438,0.0033,0.00187,0.00184,0.5519347894137956,-0.4459202754003621,1.1819771494333204,0.38320206621154285,0.8460399077690668,3.0844741816268986
361,E39,LAGO MAYOR,2024-08-23,2024-08-23,2024,8,-15.3748,-69.5276,S2,E39|2024-08-23|8.0,8.0,2.12,4.5,12.7,0.01706,0.01886,0.00361,0.00059,0.0054,0.00614,0.9393315712425927,-0.6786826578245369,0.9045598672025521,0.19141038221578038,1.105509900028728,4.725760463778265
362,E41,LAGO MAYOR,2024-08-23,2024-08-23,2024,8,-15.4392,-69.6009,S2,E41|2024-08-23|10.5,10.5,2.98,3.75,13.0,0.01232,0.00953,0.00293,0.00153,0.00159,0.00154,0.7233272402054937,-0.5296949815654108,1.2927595705393944,0.3074501251363982,0.7735388982517128,4.204776721919208
363,E42,LAGO MAYOR,2024-08-23,2024-08-23,2024,8,-15.4967,-69.6685,S2,E42|2024-08-23|10.0,10.0,1.45,6.25,14.4,0.01311,0.01017,0.00353,0.00169,0.00165,0.00165,0.7150083714158203,-0.48467149746923377,1.2890854189689853,0.34709927757135917,0.7757436479219186,3.713879967739386
364,E43,LAGO MAYOR,2024-08-23,2024-08-23,2024,8,-15.5603,-69.7411,S2,E43|2024-08-23|12.5,12.5,0.94,7.0,13.9,0.0156,0.012,0.00495,0.0031,0.00281,0.00264,0.5894039344765606,-0.4159291790012284,1.2999998916666757,0.4124999656250029,0.7692307199211078,3.151514514845552
365,E48,LAGO MAYOR,2024-08-24,2024-08-24,2024,8,-15.5361,-69.3597,S2,E48|2024-08-24|9.0,9.0,0.43,6.11,13.5,0.015,0.01146,0.00507,0.00324,0.0031,0.00297,0.5591836354296847,-0.3865698495723019,1.308900409345514,0.44240833835878374,0.7639999490666701,2.958579298110592
366,E49,LAGO MAYOR,2024-08-24,2024-08-24,2024,8,-15.6063,-69.4449,S2,E49|2024-08-24|11.0,11.0,1.45,1.0,13.8,0.01941,0.01594,0.00909,0.00683,0.00577,0.00527,0.4000878172996128,-0.2736715831533526,1.2176912661423298,0.5702634523046769,0.8212261297668145,2.1353132964451818
367,E50,LAGO MAYOR,2024-08-24,2024-08-24,2024,8,-15.6687,-69.5211,S2,E50|2024-08-24|12.0,12.0,1.61,3.75,13.7,0.01897,0.0151,0.0083,0.00604,0.00614,0.00607,0.4285714082984197,-0.2905982781795608,1.256291307530377,0.5496688377702756,0.7959936322618012,2.285541893308206
368,E51,LAGO MAYOR,2024-08-24,2024-08-24,2024,8,-15.7371,-69.6038,S2,E51|2024-08-24|11.5,11.5,0.51,7.5,13.1,0.0183,0.01478,0.00817,0.0062,0.00444,0.00418,0.4089608956643997,-0.2880174166441213,1.2381595914641685,0.5527739815443856,0.8076502290901514,2.239901806621566
369,E52,LAGO MAYOR,2024-08-24,2024-08-24,2024,8,-15.8028,-69.6843,S2,E52|2024-08-24|11.0,11.0,1.1,6.25,12.9,0.01678,0.01348,0.00567,0.00388,0.00296,0.00255,0.5529953598504977,-0.40783287687556785,1.244807029316986,0.4206231141970983,0.8033372584423566,2.959435104156066
370,E53,LAGO MAYOR,2024-08-24,2024-08-24,2024,8,-15.8686,-69.7634,S2,E53|2024-08-24|9.0,9.0,2.15,3.25,12.6,0.02348,0.01892,0.00823,0.00629,0.00467,0.00388,0.5009916500994982,-0.3937384753687486,1.2410147335615893,0.4349894061844923,0.8057921292252074,2.8529765670745366
371,E58,LAGO MAYOR,2024-08-26,2024-08-26,2024,8,-15.9519,-69.5453,S2,E58|2024-08-26|9.0,9.0,1.1,1.0,14.2,0.01865,0.01679,0.00843,0.00467,0.0045,0.00493,0.5647716419025329,-0.3314829368959977,1.1107801601679477,0.5020845442474959,0.9002680482430001,2.2123366296160585
372,E59,LAGO MAYOR,2024-08-26,2024-08-26,2024,8,-15.8876,-69.4615,S2,E59|2024-08-26|10.5,10.5,1.62,4.75,13.4,0.01616,0.0131,0.00635,0.00423,0.00389,0.00377,0.5118291683883919,-0.34704368395662294,1.2335876920925426,0.48473278742497805,0.8106435141928519,2.544881488995041
373,E60,LAGO MAYOR,2024-08-25,2024-08-25,2024,8,-15.8271,-69.3776,S2,E60|2024-08-25|12.0,12.0,0.51,1.75,14.3,0.01762,0.01433,0.00763,0.00538,0.00432,0.00342,0.45408419816924406,-0.30510016825591224,1.2295881905381583,0.5324493696825282,0.8132803170669514,2.309305070864342
374,E61,LAGO MAYOR,2024-08-25,2024-08-25,2024,8,-15.7585,-69.3045,S2,E61|2024-08-25|12.0,12.0,1.53,2.0,13.8,0.01683,0.01482,0.0082,0.00671,0.00554,0.00478,0.3766836796709856,-0.2875760083589918,1.1356274537363393,0.5533063054449188,0.8805703576607036,2.0524387740928325
376,E72,LAGO MAYOR,2024-08-25,2024-08-25,2024,8,-15.6921,-69.1709,S2,E72|2024-08-25|4.8,4.8,1.1,2.25,13.3,0.02105,0.02437,0.00852,0.00054,0.00612,0.00681,0.9566438797011692,-0.4819093803007181,0.8637668911051748,0.3496101621005268,1.157719659965812,2.4706569870120907
377,E76,LAGO MAYOR,2024-08-25,2024-08-25,2024,8,-15.8125,-69.0449,S2,E76|2024-08-25|12.0,12.0,1.53,2.0,14.1,0.01791,0.0149,0.00874,0.00696,0.00534,0.00441,0.36322047743730657,-0.26057528508564787,1.2020133421467556,0.5865771418404603,0.8319374186522939,2.049198850206081
378,B03,LAGO MAYOR,2024-08-27,2024-08-27,2024,8,-15.9948,-69.427,S2,B03|2024-08-27|11.0,11.0,1.02,3.25,13.1,0.01882,0.01389,0.00682,0.00558,0.00548,0.00487,0.4268104557364943,-0.3413809588903448,1.3549315079242976,0.49100068459318325,0.7380445941527846,2.7595303871656323
379,E78,LAGO MAYOR,2024-08-27,2024-08-27,2024,8,-15.8903,-69.1327,S2,E78|2024-08-27|10.5,10.5,0.51,1.5,13.7,0.01848,0.0147,0.00883,0.00677,0.00565,0.00455,0.36935256779913517,-0.24946875267876106,1.2571427716229409,0.6006802312462428,0.7954545024104707,2.0928649951455274
380,E79,LAGO MAYOR,2024-08-27,2024-08-27,2024,8,-15.96,-69.2272,S2,E79|2024-08-27|9.5,9.5,1.53,4.0,13.6,0.01758,0.01581,0.00971,0.00729,0.00664,0.00596,0.3688311528644523,-0.23902820379983533,1.11195438887069,0.6141682090975199,0.8993173549876364,1.8105044479398096
381,E80,LAGO MAYOR,2024-08-27,2024-08-27,2024,8,-16.0316,-69.3198,S2,E80|2024-08-27|15.0,15.0,1.53,11.5,13.3,0.01502,0.01112,0.00362,0.00176,0.00197,0.00209,0.7267080181127317,-0.5088195041506443,1.3507193029928686,0.32553953907018535,0.7403461557692306,4.14917012453864
382,E82,LAGO MAYOR,2024-08-28,2024-08-28,2024,8,-16.1109,-69.4173,S2,E82|2024-08-28|9.0,9.0,1.97,1.5,13.9,0.01962,0.01594,0.00875,0.00732,0.00561,0.00483,0.37059327727457964,-0.29121100481121887,1.2308656693308866,0.5489334661898705,0.8124362480919344,2.2422854580245186
383,E83,LAGO MAYOR,2024-08-28,2024-08-28,2024,8,-16.1837,-69.5067,S2,E83|2024-08-28|8.5,8.5,2.56,1.0,14.6,0.02196,0.01905,0.00951,0.00713,0.00788,0.00736,0.4553093790943705,-0.3340336017495238,1.152755844999693,0.4992125722198124,0.8674862992947951,2.3091480221716068
384,E88,LAGO MAYOR,2024-08-29,2024-08-29,2024,8,-16.2064,-69.3781,S2,E88|2024-08-29|9.5,9.5,1.53,8.0,13.3,0.01803,0.01473,0.00697,0.00516,0.00549,0.00518,0.4811462804853555,-0.3576036701565129,1.2240325034601154,0.4731839461518027,0.8169716684985209,2.5868002027546337
385,E94,LAGO MAYOR,2024-08-29,2024-08-29,2024,8,-16.251,-69.2884,S2,E94|2024-08-29|9.5,9.5,1.53,1.5,13.9,0.01662,0.01346,0.00689,0.00662,0.00768,0.00602,0.3406374332351876,-0.3228501069852527,1.2347695962281133,0.5118870347780807,0.8098675806337197,2.4121912319025784
386,E97,LAGO MAYOR,2024-08-29,2024-08-29,2024,8,-16.1757,-69.1958,S2,E97|2024-08-29|13.5,13.5,1.02,9.0,14.0,0.01356,0.00947,0.00379,0.00248,0.00248,0.00263,0.5849371895450051,-0.42835592546335405,1.4318900283115072,0.4002111509808711,0.6983775296181763,3.5778354675895865
387,E98,LAGO MAYOR,2024-08-29,2024-08-29,2024,8,-16.1056,-69.1103,S2,E98|2024-08-29|13.0,13.0,1.1,1.75,14.1,0.01335,0.00761,0.00233,0.00069,0.0044,0.00566,0.8337348393090556,-0.5311870692970756,1.7542704659302937,0.3061760438664857,0.5700374104840891,5.729611274844947
388,E99,LAGO MAYOR,2024-08-30,2024-08-30,2024,8,-16.0745,-69.0742,S2,E99|2024-08-30|9.5,9.5,1.1,10.25,13.0,0.01504,0.01241,0.00596,0.00424,0.00414,0.00388,0.49069066121978017,-0.3511159308047942,1.2119257685797125,0.4802578178680244,0.8251329238608428,2.523489509481626
389,E100,LAGO MAYOR,2024-08-30,2024-08-30,2024,8,-16.0055,-68.9959,S2,E100|2024-08-30|11.0,11.0,1.18,1.0,12.8,0.01277,0.00741,0.00061,9e-05,0.00315,0.00357,0.9759998698666841,-0.847880193531148,1.7233465960395957,0.08232117647487497,0.5802662035813466,20.934391910832932
390,E103,LAGO MAYOR,2024-08-30,2024-08-30,2024,8,-15.9394,-68.9017,S2,E103|2024-08-30|11.0,11.0,1.45,0.25,13.7,0.00675,0.00464,0.0,0.0,0.00534,0.00676,0.999999784482805,-0.999999784482805,1.4547410657885633,0.0,0.6874073055692881,6749999.999999999
391,E105,LAGO MAYOR,2024-08-30,2024-08-30,2024,8,-15.9864,-68.8016,S2,E105|2024-08-30|8.5,8.5,2.72,1.75,12.9,0.02166,0.02831,0.01273,0.00467,0.00673,0.00618,0.7167980376956327,-0.3796296203793952,0.7651006441151309,0.4496644136466121,1.3070174835171984,1.7014924036533854
392,E113,LAGO MAYOR,2024-08-29,2024-08-29,2024,8,-16.2174,-69.1367,S2,E113|2024-08-29|13.5,13.5,0.94,0.5,14.7,0.01311,0.00901,0.00411,0.00255,0.0026,0.00214,0.5588234810706332,-0.373475581289971,1.4550497830133426,0.45615977179136824,0.6872615799190253,3.1897802457955606
393,E117,LAGO MAYOR,2024-08-29,2024-08-29,2024,8,-16.1653,-69.1027,S2,E117|2024-08-29|12.0,12.0,1.02,6.0,14.2,0.01572,0.01219,0.00629,0.00516,0.00382,0.00317,0.4051872965309916,-0.319264051987876,1.2895815184920825,0.5159966762923154,0.7754452432922873,2.4992046901105422
394,E120,LAGO MAYOR,2024-08-30,2024-08-30,2024,8,-16.1264,-68.9337,S2,E120|2024-08-30|10.5,10.5,2.05,1.25,14.0,0.01393,0.00879,0.00289,0.00176,0.002,0.00195,0.6663506477392751,-0.5051369430533439,1.5847552235773354,0.32878267021812635,0.6310121585777345,4.820067536308811
395,E121,LAGO MAYOR,2024-08-30,2024-08-30,2024,8,-16.2068,-68.8643,S2,E121|2024-08-30|12.7,12.7,0.51,1.0,13.9,0.0139,0.01029,0.00341,0.00195,0.00368,0.00393,0.6813724933519205,-0.5021897443657122,1.3508259134279967,0.33138966653161644,0.7402877165260636,4.076245138931045
396,E122,LAGO MENOR,2024-08-31,2024-08-31,2024,8,-16.2276,-68.8361,S2,E122|2024-08-31|11.0,11.0,1.02,1.75,12.9,0.01005,0.00539,0.0,0.0,0.00314,0.00491,0.9999998144712774,-0.9999998144712774,1.8645636614909717,0.0,0.5363183545951886,10050000.0
397,E125,LAGO MENOR,2024-09-01,2024-09-01,2024,9,-16.2626,-68.7843,S2,E125|2024-09-01|2.5,2.5,2.72,11.5,11.3,0.02921,0.04478,0.01223,0.00098,0.00166,0.0016,0.9571678112507034,-0.5709524544649631,0.6523001194216141,0.2731129907746094,1.533036578807375,2.3883890115789854
398,P02,LAGO MENOR,2024-09-01,2024-09-01,2024,9,-16.2135,-68.733,S2,P02|2024-09-01|9.5,9.5,1.02,1.75,12.5,0.01748,0.01951,0.0059,0.00382,0.0036,0.00299,0.6725246175514523,-0.5356158781733225,0.8959507485417351,0.3024090055146589,1.1161326592601455,2.9627113622523114
399,P03,LAGO MENOR,2024-09-01,2024-09-01,2024,9,-16.2158,-68.6912,S2,P03|2024-09-01|3.5,3.5,3.24,5.5,11.2,0.01556,0.02821,0.00372,0.0,0.0026,0.00289,0.9999999645515787,-0.766990267241144,0.5515774352507112,0.1318681271936148,1.8129818886258426,4.182794574517587
400,P04,LAGO MENOR,2024-09-01,2024-09-01,2024,9,-16.2544,-68.6012,S2,P04|2024-09-01|1.5,1.5,1.7,16.25,11.5,0.01101,0.03497,0.00627,0.00031,0.00255,0.00257,0.9824262760083257,-0.695926268285008,0.31484128353327756,0.1792965347641826,3.1762031629243266,1.7559805811833202
401,E127,LAGO MENOR,2024-09-01,2024-09-01,2024,9,-16.218,-68.6226,S2,E127|2024-09-01|2.0,2.0,2.13,12.5,12.2,0.03663,0.06118,0.01389,0.00621,0.00341,0.00323,0.815699646598907,-0.6299453759165395,0.5987250637671615,0.22703497504029135,1.6702156246187378,2.6371488382182267
402,E129,LAGO MENOR,2024-08-31,2024-08-31,2024,8,-16.3339,-68.7808,S2,E129|2024-08-31|4.5,4.5,2.05,1.0,12.4,0.01905,0.03743,0.0137,0.00257,0.00176,0.00159,0.8714999782125005,-0.46411108030293213,0.5089500264774239,0.3660165544745778,1.964829293184814,1.3905108474079675
403,E135,LAGO MENOR,2024-08-31,2024-08-31,2024,8,-16.2659,-69.0601,S2,E135|2024-08-31|4.0,4.0,2.2,4.5,13.3,0.01607,0.01671,0.0078,0.00503,0.00465,0.00472,0.5372584849467118,-0.36352507696756114,0.961699523536833,0.4667863275412132,1.039825697583964,2.060256146121007
404,E138,LAGO MENOR,2024-08-31,2024-08-31,2024,8,-16.4011,-68.8334,S2,E138|2024-08-31|4.5,4.5,1.1,2.25,12.5,0.02133,0.03814,0.01385,0.00462,0.00297,0.00266,0.7839101781124842,-0.4672052227888974,0.559255360271228,0.36313580589575756,1.7880918055278106,1.540072090969524
405,P15,LAGO MENOR,2024-08-31,2024-08-31,2024,8,-16.3119,-68.8495,S2,P15|2024-08-31|4.0,4.0,1.62,3.5,13.7,0.01241,0.02183,0.00079,0.0,0.00335,0.00426,0.9999999541914817,-0.9301502683399528,0.5684837119338657,0.03618872944623319,1.759065128197814,15.708840874884967
407,E142,LAGO MENOR,2024-08-31,2024-08-31,2024,8,-16.4515,-68.998,S2,E142|2024-08-31|4.0,4.0,1.62,9.25,13.1,0.01884,0.02229,0.00797,0.00338,0.00226,0.00198,0.7366575482408434,-0.4732319737861212,0.8452220347589935,0.35755942765547655,1.183120956309928,2.36386419524916
408,E145,LAGO MENOR,2024-09-02,2024-09-02,2024,9,-16.5139,-68.977,S2,E145|2024-09-02|3.5,3.5,1.62,0.5,12.5,0.02033,0.02436,0.0081,0.00375,0.00246,0.00232,0.7331910091358588,-0.5009241989856993,0.8345648261672897,0.3325123016210057,1.1982291589656096,2.5098762333486135
410,P10,LAGO MENOR,2024-09-02,2024-09-02,2024,9,-16.5821,-68.8723,S2,P10|2024-09-02|3.0,3.0,2.16,3.5,12.3,0.0152,0.02351,0.00848,0.00401,0.00294,0.00316,0.7085755556476906,-0.46983430853909636,0.6465333625464329,0.3606975601574836,1.5467104245585248,1.7924526188145498
39,E40,LAGO MAYOR,2013-10-10,2013-10-10,2013,10,-15.9142,-69.6607,LS,E40|2013-10-10|5.0,5.0,1.18,14.0,13.5,0.019582539816370044,0.03902928417838043,0.021710387874859495,0.03121441986696306,0.040074356458362284,0.03342457602776437,0.11125358929134996,-0.28513318285958617,0.5017396482377146,0.5562589162377376,1.993065381268291,0.9019893622931145
40,E41,LAGO MAYOR,2013-10-10,2013-10-10,2013,10,-15.8575,-69.5897,LS,E41|2013-10-10|7.0,7.0,1.7,4.67,13.0,0.01290393438931348,0.016643595236582685,0.007014299105804466,0.00858250386264205,0.01609684119521189,0.015303136990000125,0.3195536108329473,-0.40702251791289706,0.7753092664523179,0.4214413162935911,1.2898077008635862,1.839661006040393
41,E42,LAGO MAYOR,2013-10-10,2013-10-10,2013,10,-15.7993,-69.5168,LS,E42|2013-10-10|8.5,8.5,1.1,6.67,13.1,0.013425216574887447,0.016969471278813254,0.0076113543663000275,0.009168953622575696,0.016219960657410354,0.015192452937512934,0.2984310411677488,-0.3807079821855234,0.7911393091256653,0.44853217832843073,1.263999721729316,1.763840463201708
42,E43,LAGO MAYOR,2013-10-10,2013-10-10,2013,10,-15.744,-69.4477,LS,E43|2013-10-10|6.5,6.5,1.1,15.67,13.4,0.01433358949232327,0.016577089921841755,0.0071038573948788005,0.00749158119093753,0.012349392564546216,0.011810440222626496,0.37748275801556436,-0.4000360289741492,0.864662536985758,0.4285346221705795,1.1565204078294304,2.017718920559623
43,E44,LAGO MAYOR,2013-10-10,2013-10-10,2013,10,-15.6857,-69.3748,LS,E44|2013-10-10|8.0,8.0,1.69,21.67,13.8,0.01643678246877269,0.027317698252502288,0.014622488996690759,0.019144905452844804,0.02693904883506392,0.023555248014323037,0.17590044405575325,-0.3026979559648446,0.6016898537773854,0.5352752756201219,1.6619856497107008,1.1240754804751125
44,E45,LAGO MAYOR,2013-10-10,2013-10-10,2013,10,-15.6276,-69.302,LS,E45|2013-10-10|9.0,9.0,0.59,14.0,13.6,0.024480527876862064,0.04834002824211092,0.030099014284822128,0.04045258006376726,0.04306769838306239,0.03376277729925302,0.0888300078126154,-0.23255018339209488,0.5064235222997363,0.6226519668424545,1.9746316954696115,0.8133331820063473
46,E47,LAGO MAYOR,2013-10-11,2013-10-11,2013,10,-15.7629,-69.3059,LS,E47|2013-10-11|7.0,7.0,1.7,32.67,13.2,0.01740708990330641,0.029592180016642166,0.015709982506879105,0.019926838466089666,0.028501127011706893,0.024262396127435654,0.19518442916510045,-0.3064356408178012,0.5882327461269902,0.5308828875453304,1.7000072086152689,1.1080272551326469
47,E48,LAGO MAYOR,2013-10-11,2013-10-11,2013,10,-15.8221,-69.3801,LS,E48|2013-10-11|8.1,8.1,1.1,9.33,13.3,0.008867868358433858,0.01060491265810605,0.0028477063236318706,0.004616085593843522,0.013965335505901025,0.013581385062421576,0.3934582063326396,-0.5766316409000383,0.836203730112932,0.2685270635329668,1.1958805694425532,3.114037838384345
48,E49,LAGO MAYOR,2013-10-11,2013-10-11,2013,10,-15.8882,-69.4619,LS,E49|2013-10-11|7.5,7.5,1.62,14.67,13.9,0.01576066399045398,0.027051676993538557,0.013539260166934526,0.018444949287762715,0.02621572199464795,0.023321581681294522,0.1891728732453347,-0.3328924493733984,0.5826131744662384,0.500496130782292,1.7164045432044517,1.1640711997597437
49,E50,LAGO MAYOR,2013-10-11,2013-10-11,2013,10,-15.9464,-69.5329,LS,E50|2013-10-11|5.7,5.7,2.2,21.67,13.5,0.01572711612702595,0.021704649688367616,0.009649871612849158,0.010985056104950857,0.017481935144944588,0.014995681288646812,0.32791953905220594,-0.38446696650998413,0.7245966015686555,0.44459925899756164,1.38007808507191,1.6297744807620282
50,E51,LAGO MAYOR,2013-10-12,2013-10-12,2013,10,-15.9831,-69.4194,LS,E51|2013-10-12|7.0,7.0,2.24,13.33,13.1,0.015272929668308042,0.020653865715460892,0.009837517551862048,0.011155315712673527,0.017758953934891124,0.015598294463299307,0.29861031556680745,-0.3547345725195733,0.7394707189078142,0.4763039138089317,1.3523184360627336,1.5525185124471435
51,E52,LAGO MAYOR,2013-10-12,2013-10-12,2013,10,-15.9384,-69.3637,LS,E52|2013-10-12|6.8,6.8,1.61,15.33,12.8,0.014364556750872219,0.024171996865256198,0.0119229462831644,0.016628846805387554,0.02504608710376257,0.022423811033342848,0.1848773014568482,-0.3393564076931195,0.594264356258248,0.49325448188550175,1.682752597363359,1.204782375508399
52,E53,LAGO MAYOR,2013-10-12,2013-10-12,2013,10,-15.8862,-69.2987,LS,E53|2013-10-12|8.0,8.0,1.53,24.67,13.2,0.013776178838442198,0.01704927765650237,0.0074023850251265805,0.008014971836899813,0.013434382825170163,0.012695912642524034,0.3604458797593295,-0.3945290904121057,0.8080212140346562,0.4341758483901258,1.237591107000988,1.8610457211607827
53,E54,LAGO MAYOR,2013-10-12,2013-10-12,2013,10,-15.8353,-69.2353,LS,E54|2013-10-12|8.1,8.1,1.62,18.33,13.8,0.01654774847857309,0.02771007960947379,0.014422049016381536,0.018779162591810918,0.02656199548208113,0.023161704716590795,0.19210717152341317,-0.31538948330154565,0.5971743175989024,0.5204621819631512,1.6745527629212833,1.1473922542063744
54,E55,LAGO MAYOR,2013-10-12,2013-10-12,2013,10,-15.7906,-69.1805,LS,E55|2013-10-12|8.0,8.0,0.67,14.0,14.4,0.017745149142465763,0.0320994303823753,0.017543795092686897,0.022569015341489643,0.03334126086938392,0.0275337247898349,0.1743311839281736,-0.29320486042542565,0.5528181770911063,0.5465453541435501,1.808912864904898,1.0114771654159158
55,E56,LAGO MAYOR,2013-10-12,2013-10-12,2013,10,-15.7456,-69.1236,LS,E56|2013-10-12|5.5,5.5,1.1,11.0,13.8,0.014571005141198542,0.02214358476565777,0.011091333598902726,0.014100176335136026,0.023684078053192087,0.01997646365057048,0.22192531802170673,-0.33254936007278024,0.6580237408431179,0.5008824549140612,1.5197018346624858,1.3137287502479695
56,E57,LAGO MAYOR,2013-10-12,2013-10-12,2013,10,-15.8116,-69.0456,LS,E57|2013-10-12|8.0,8.0,0.59,11.67,14.7,0.022790231681065292,0.03943496659830012,0.023680670234494845,0.02977036615701892,0.034580150457755934,0.026027191853203666,0.13965109214632446,-0.24961003175696855,0.5779193712852876,0.6004992948318189,1.7303450627366213,0.9623980441849774
57,E58,LAGO MAYOR,2013-10-12,2013-10-12,2013,10,-15.885,-69.1365,LS,E58|2013-10-12|9.0,9.0,1.1,15.67,16.4,0.017419992927701806,0.030064367751302785,0.016004245456694773,0.019832249795132633,0.029886220961439593,0.025172465003441464,0.2050663602914857,-0.30519959274501385,0.5794232059818966,0.5323326622649032,1.7258540890472707,1.0884606766609002
59,E60,LAGO MAYOR,2013-10-13,2013-10-13,2013,10,-16.0334,-69.32,LS,E60|2013-10-13|7.0,7.0,1.62,8.0,12.4,0.01460455300462657,0.015792327207898756,0.006988711023211798,0.006179951620333243,0.009317575807909102,0.00871743586701217,0.4374773879956987,-0.38644488933869364,0.9247878344702776,0.44253835984210965,1.0813289610142092,2.0897345542526393
60,E61,LAGO MAYOR,2013-10-13,2013-10-13,2013,10,-16.1084,-69.4127,LS,E61|2013-10-13|6.0,6.0,2.29,17.0,13.5,0.015556796205006737,0.029366061946522998,0.014788811533543094,0.02033041679550637,0.03138673940698334,0.026033340967230735,0.18181660346809214,-0.3301390975431459,0.5297542347891988,0.5036021192379184,1.887667593755863,1.0519300430458327
61,E62,LAGO MAYOR,2013-10-13,2013-10-13,2013,10,-16.177,-69.4757,LS,E62|2013-10-13|7.0,7.0,1.18,11.0,14.1,0.027270161751146507,0.053953076806245594,0.03287105656569438,0.044500975180728555,0.05050103591329451,0.03811635003041592,0.09600520586763032,-0.2428129044194024,0.5054421890272536,0.6092526673592148,1.9784655228717793,0.8296101120764302
62,E63,LAGO MAYOR,2013-10-13,2013-10-13,2013,10,-16.1566,-69.3562,LS,E63|2013-10-13|7.0,7.0,1.02,25.67,13.7,0.014209720458127476,0.017927147811082678,0.008135910059449698,0.009307683673312691,0.015550498581706214,0.013858095193639557,0.3164867690193669,-0.37567492750067133,0.7926369445509894,0.45383179139005236,1.261611486467876,1.7465432395088893
63,E64,LAGO MAYOR,2013-10-13,2013-10-13,2013,10,-16.2292,-69.2727,LS,E64|2013-10-13|7.0,7.0,0.07,7.33,14.4,0.013670374038399956,0.016909616495546415,0.007824588387905583,0.00947794328103536,0.01601989153133785,0.014300831403588326,0.2816354750419545,-0.3673062377846146,0.8084378042259325,0.4627300641168489,1.236953371655676,1.747104334897134
64,E65,LAGO MAYOR,2013-10-14,2013-10-14,2013,10,-16.1167,-69.2402,LS,E65|2013-10-14|7.0,7.0,1.48,11.0,13.5,0.013894886662879833,0.01874516318239614,0.008208409626795587,0.01000763983839478,0.015111885497624197,0.014386918999967257,0.3038842172639346,-0.39092231813828343,0.7412517984733752,0.4378947843254543,1.3490690703800226,1.692762130773682
65,E66,LAGO MAYOR,2013-10-14,2013-10-14,2013,10,-16.2076,-69.1457,LS,E66|2013-10-14|6.5,6.5,2.65,17.33,13.7,0.01459939179486841,0.021618192779204407,0.010310897079826386,0.014346106879624333,0.021983490481575836,0.019619815037000634,0.20220290027507815,-0.35413772817085637,0.6753289356168264,0.47695460523371475,1.480759719459227,1.4159185438398043
66,E67,LAGO MAYOR,2013-10-14,2013-10-14,2013,10,-16.0704,-69.1489,LS,E67|2013-10-14|7.0,7.0,1.7,25.67,13.8,-0.011906000918152434,-0.014268075055002554,-0.012761024057894943,-0.006885896794532494,0.00904055701796256,0.009947258672425421,0.34897364248907986,-0.05575661425375086,0.8344504571714113,0.894376074072925,1.198393679916694,0.9329973673847781
67,E68,LAGO MAYOR,2013-10-14,2013-10-14,2013,10,-16.0033,-69.1365,LS,E68|2013-10-14|7.2,7.2,0.88,11.0,14.1,0.01640839581510282,0.028262073721823523,0.014588371553233871,0.01949173057968728,0.028054818961237474,0.024619044741005496,0.18365747162475393,-0.31910291157338333,0.5805800167399784,0.5161819044363705,1.722415299940223,1.1247584852407335
68,E69,LAGO MAYOR,2013-10-14,2013-10-14,2013,10,-15.9483,-69.0667,LS,E69|2013-10-14|6.5,6.5,0.88,12.33,13.7,0.018816100167283568,0.03428745523735197,0.01846923074645502,0.02411396363378795,0.032110066247399295,0.027564470359970235,0.17419938806301916,-0.2998335451911937,0.5487750399746989,0.538658529189315,1.8222401618975759,1.0187808797675153
69,E70,LAGO MAYOR,2013-10-14,2013-10-14,2013,10,-15.8933,-68.9958,LS,E70|2013-10-14|6.0,6.0,1.3,10.33,13.4,0.0167929059420856,0.029399314603893462,0.015245132339778988,0.020513288226023312,0.029386048146258337,0.02476047436362802,0.17803171335541537,-0.3170423852473816,0.5712005737936856,0.5185539876227601,1.7506983576627981,1.101525684807756
70,E71,LAGO MAYOR,2013-10-14,2013-10-14,2013,10,-15.9833,-68.8583,LS,E71|2013-10-14|5.0,5.0,1.77,6.33,13.4,0.019683183406654127,0.03495250838476129,0.019863781247755365,0.025267945419463835,0.033448990398807575,0.027201672632373324,0.1608184959210567,-0.2752599083757666,0.5631407802506925,0.5683077294706526,1.7757547591204397,0.9909081342692605
71,E72,LAGO MAYOR,2013-10-15,2013-10-15,2013,10,-16.0383,-68.9258,LS,E72|2013-10-15|6.0,6.0,1.36,17.0,13.0,0.014965837687697636,0.017840690901919462,0.008562378102660815,0.009194177268164235,0.012872650278889675,0.011871931362897159,0.3198282033235546,-0.35141037756780147,0.8388597129513501,0.47993531583489746,1.1920942938256471,1.7478597371432556
72,E73,LAGO MAYOR,2013-10-15,2013-10-15,2013,10,-16.0577,-69.036,LS,E73|2013-10-15|5.5,5.5,1.36,13.0,13.8,0.014591649980231176,0.01563936498399461,0.0077222360575349164,0.008021277748296949,0.011472166396382176,0.010531424504996716,0.32197294891434647,-0.3388949487447628,0.9330077699546343,0.49376912500403686,1.071802293323962,1.8895625544146537
73,E74,LAGO MAYOR,2013-10-15,2013-10-15,2013,10,-16.1232,-68.9602,LS,E74|2013-10-15|8.4,8.4,0.88,12.0,13.2,0.013438119599282842,0.013890275206308096,0.005854306028270232,0.0056502550629738205,0.010664194925704772,0.01002719715477728,0.4216886444785533,-0.4069961614059688,0.9674479758134751,0.4214679349292976,1.0336471609764675,2.295424468581962
74,E75,LAGO MAYOR,2013-10-15,2013-10-15,2013,10,-16.1806,-68.8926,LS,E75|2013-10-15|6.0,6.0,1.36,4.67,14.1,0.017789019425410106,0.022735482066852067,0.011897358200571735,0.013715515739910731,0.017643529439080062,0.015124812683215205,0.2474545725004345,-0.3129435376841242,0.7824341964981683,0.5232947180224147,1.2780626208274155,1.4952073922888067
75,E76,LAGO MENOR,2013-10-15,2013-10-15,2013,10,-16.232,-68.8295,LS,E76|2013-10-15|5.5,5.5,2.71,17.33,14.7,0.026390175487380554,0.051432525377564264,0.030764304432231472,0.037980662796089956,0.045891751047239596,0.03490651250828734,0.15044606624363566,-0.2514479054935738,0.5131028426185262,0.5981488096927585,1.948926919915016,0.8578180172314834
76,E77,LAGO MENOR,2013-10-15,2013-10-15,2013,10,-16.1883,-68.7958,LS,E77|2013-10-15|5.0,5.0,3.47,18.0,14.9,0.021092193670631282,0.036794705603085114,0.020912892634054707,0.02456798925438174,0.03187152228938979,0.024981842468602404,0.19925324625736074,-0.27521181229125,0.5732398928508584,0.5683668811290706,1.7444702259607896,1.0085736598537756
78,E79,LAGO MENOR,2013-10-15,2013-10-15,2013,10,-16.2425,-68.7686,LS,E79|2013-10-15|5.4,5.4,0.95,13.67,15.4,0.014351653726476824,0.02454442662780542,0.012635147915326963,0.014661402449481126,0.024399709927220646,0.020376156062329783,0.2520804726960726,-0.3203177695953626,0.5847214668888183,0.5147868227741069,1.710215797104172,1.135851569510801
79,E80,LAGO MENOR,2013-10-15,2013-10-15,2013,10,-16.2703,-68.8273,LS,E80|2013-10-15|5.1,5.1,2.17,11.0,14.2,0.01660194118103375,0.025129673397525622,0.006557978299568573,0.002232451085726124,0.004069608731699675,0.004640573267067243,0.8368217712404982,-0.5860861729168125,0.6606508671146352,0.2609655101704899,1.5136586505062073,2.5315635232526477
80,E81,LAGO MENOR,2013-10-15,2013-10-15,2013,10,-16.3066,-68.8716,LS,E81|2013-10-15|4.5,4.5,2.11,10.33,14.7,0.020256077689809672,0.02964538426843491,0.014102197983973198,0.015184793095443416,0.01745885024578237,0.013987226588207946,0.3225637662116249,-0.35529245569482126,0.6832792863507645,0.47569622915269016,1.463530267748652,1.4363772425016983
81,E82,LAGO MENOR,2013-10-16,2013-10-16,2013,10,-16.2682,-68.9598,LS,E82|2013-10-16|5.5,5.5,1.29,5.67,13.4,0.014367137355751299,0.014069839556108615,0.004894752931045224,0.003108972769928022,0.004769850672953425,0.005034116564799484,0.6380456308683459,-0.4838008592843487,1.0211300759562345,0.3478897228099788,0.979307027448255,2.935211362644198
82,E83,LAGO MENOR,2013-10-16,2013-10-16,2013,10,-16.313,-69.0149,LS,E83|2013-10-16|6.0,6.0,4.46,6.67,13.5,0.013409732945612974,0.022442858681991962,0.010490013657975054,0.01382902214505918,0.02203735524628766,0.018291606407154326,0.23747972542490708,-0.36294570779255547,0.5975055378692616,0.4674098491286379,1.6736244561611304,1.2783330989359676
83,E84,LAGO MENOR,2013-10-15,2013-10-15,2013,10,-16.3419,-68.9102,LS,E84|2013-10-15|6.0,6.0,4.36,6.0,14.1,0.013920692711670624,0.014156296465271825,0.004899017611477334,0.003676504795670263,0.006555082874831114,0.006639035325863776,0.5876693699764002,-0.4858108520645771,0.9833568944012948,0.34606630889860757,1.016924641722681,2.8415268068297332
84,E85,LAGO MENOR,2013-10-16,2013-10-16,2013,10,-16.4203,-68.9214,LS,E85|2013-10-16|6.3,6.3,0.89,5.67,14.0,0.014986482526730268,0.016410826634989422,0.0058798941108629,0.004477355543106534,0.006678202337029579,0.006436114562970589,0.5713024914678421,-0.4724356906965579,0.9132069911439252,0.35829357553706886,1.0950418492582774,2.5487669837924942
86,E87,LAGO MENOR,2013-10-16,2013-10-16,2013,10,-16.4964,-68.971,LS,E87|2013-10-16|6.0,6.0,0.47,18.33,14.8,0.015450991404964497,0.019104291881997172,0.007231797807842134,0.006413270342027277,0.009987037883613228,0.00911097916474441,0.497344571209741,-0.4508070014634157,0.808770651727427,0.3785430768106042,1.2364443254699193,2.136535019227789
90,E03,BAHIA PUNO,2014-07-19,2014-07-19,2014,7,-15.8461,-69.9271,LS,E03|2014-07-19|6.0,6.0,2.65,,12.5,0.0149580958730604,0.013517845443758877,0.005125045674379225,0.0023900988706545244,0.0016303043868926524,0.001910366639049828,0.6995087268135158,-0.45018764879372464,1.1065442957422023,0.37913181627724685,0.9037142598069798,2.918626272778717
94,E07,BAHIA PUNO,2014-07-19,2014-07-19,2014,7,-15.7682,-69.8518,LS,E07|2014-07-19|7.0,7.0,1.7,,12.3,0.014787775951041183,0.01373066245092986,0.005078134189626003,0.002642335326539961,0.0029307537063639026,0.0030848474182194807,0.6772325140369564,-0.46002559156929423,1.0769891785556607,0.3698389526313898,0.9285143058614438,2.91204849789166
95,E08,BAHIA PUNO,2014-07-20,2014-07-20,2014,7,-15.7236,-69.8072,LS,E08|2014-07-20|6.5,6.5,2.58,,11.9,0.015327122370768703,0.017614572831800294,0.005449161387219673,0.002894571782425401,0.002199731899560537,0.0024514886734316567,0.7177286331793707,-0.5274692641523291,0.8701386997565639,0.30935527814939723,1.1492419292059806,2.8127483238004696
96,E09,LAGO MAYOR,2014-07-20,2014-07-20,2014,7,-15.7954,-69.7922,LS,E09|2014-07-20|8.0,8.0,1.63,,12.4,0.014620036633901044,0.013923527863678562,0.005960923039073011,0.0048998516067146405,0.005562432210856019,0.005298528467963332,0.4793865943026027,-0.4004437669968515,1.0500237961971997,0.42811869730976737,0.9523592354777932,2.45264602233962
97,E10,LAGO MAYOR,2014-07-20,2014-07-20,2014,7,-15.774,-69.74,LS,E10|2014-07-20|8.5,8.5,1.03,,12.5,0.014186495014215764,0.011901766295554226,0.004754018476785555,0.0028378185798511764,0.0031462127652112128,0.003306215523193867,0.6149391029246778,-0.42914503803470605,1.1919654167255458,0.39943802955728824,0.8389503851851723,2.9841053625232528
99,E12,LAGO MAYOR,2014-07-21,2014-07-21,2014,7,-15.4112,-69.7935,LS,E12|2014-07-21|8.0,8.0,1.7,,13.0,0.015412282331778309,0.013231872590372869,0.005338279695984783,0.002673864883525643,0.0014071503616579425,0.0017012967621295753,0.6637860747033549,-0.4250688065233701,1.164784580695499,0.40344095335589986,0.8585277278863872,2.8871247522391883
100,E13,LAGO MAYOR,2014-07-21,2014-07-21,2014,7,-15.3358,-69.7363,LS,E13|2014-07-21|9.5,9.5,1.16,,12.9,0.016377428556553872,0.01577902614495057,0.005602689882775675,0.0027243121747027275,0.0015995245213430397,0.001762787902400237,0.7055328632698097,-0.4759363454758552,1.0379238470221401,0.3550719465343328,0.9634617013898965,2.9231362035165853
101,E14,LAGO MAYOR,2014-07-20,2014-07-20,2014,7,-15.3501,-69.6433,LS,E14|2014-07-20|9.0,9.0,1.7,,12.8,0.01549228108302976,0.013145415681209657,0.005044016746169114,0.0027243121747027275,0.001591829554955633,0.0018365772707250325,0.6566655045668579,-0.44539039477976833,1.1785310012405132,0.3837091564681354,0.8485138348732457,3.0714168471742607
102,E15,LAGO MAYOR,2014-07-22,2014-07-22,2014,7,-15.3845,-69.5367,LS,E15|2014-07-22|8.0,8.0,0.47,,12.3,0.015161963658507643,0.012919297611090487,0.005171957159132448,0.0030711373015452105,0.0019381030423888078,0.0019964542354287546,0.6158781638819006,-0.42823674322871896,1.1735903097318268,0.4003280143004525,0.8520859863527808,2.931571213841941
103,E16,LAGO MAYOR,2014-07-21,2014-07-21,2014,7,-15.4387,-69.601,LS,E16|2014-07-21|12.2,12.2,1.29,,13.8,0.01975027913351018,0.030317087947318327,0.015999980776262662,0.020254745858740732,0.035880599777227185,0.021931881911177543,0.1989712678443697,-0.309110815008371,0.6514569775426007,0.5277545216846398,1.5350206550174197,1.2343938517987192
104,E17,LAGO MAYOR,2014-07-22,2014-07-22,2014,7,-15.4946,-69.6674,LS,E17|2014-07-22|10.5,10.5,1.16,,12.7,0.01366263222376272,0.011615793442168218,0.0047881359202424445,0.0034368801625790923,0.00530080335368429,0.004628275039013111,0.5433528256174263,-0.4162208306840438,1.1762116049646998,0.4122090782581622,0.850187021193357,2.853433903696914
105,E18,LAGO MAYOR,2014-07-22,2014-07-22,2014,7,-15.55,-69.7332,LS,E18|2014-07-22|12.0,12.0,1.7,,13.1,0.015260026643912647,0.01224094340073298,0.005197545241725115,0.0027369239974970004,0.0015841345885682298,0.0017135949901837073,0.6345375156560411,-0.4038995522788315,1.2466380161810788,0.42460328807750236,0.8021573542572182,2.936005940920248
106,E19,LAGO MAYOR,2014-07-22,2014-07-22,2014,7,-15.6047,-69.7981,LS,E19|2014-07-22|12.4,12.4,0.88,,13.3,0.015670342819686215,0.013351582156906548,0.005632542645800452,0.0031341964155165714,0.001845763445739959,0.0018980684109956942,0.6197696442867215,-0.4066049493838382,1.1736692671969926,0.42186327865447426,0.8520286670502615,2.7821076595420275
107,E20,LAGO MAYOR,2014-07-23,2014-07-23,2014,7,-15.7104,-69.7385,LS,E20|2014-07-23|8.5,8.5,1.23,,12.4,0.016880646507974287,0.020793526876416852,0.010907952340321946,0.01232821523254082,0.012649496253654968,0.010857327548431224,0.2555817070384383,-0.3118332162570501,0.8118221500604335,0.5245840150431273,1.2317967581868026,1.5475539710620048
108,E21,LAGO MAYOR,2014-07-23,2014-07-23,2014,7,-15.6612,-69.6802,LS,E21|2014-07-23|9.4,9.4,1.7,,12.2,0.014413588243574721,0.012068029582406556,0.005052546107033336,0.003203561440885065,0.003253942294634868,0.003367706663464529,0.5804547507556357,-0.4097691101550584,1.1943612626063154,0.41867196743760476,0.8372674826838314,2.852737033071985
109,E22,LAGO MAYOR,2014-07-23,2014-07-23,2014,7,-15.6119,-69.6217,LS,E22|2014-07-23|10.0,10.0,0.9,,12.3,0.015112932165805141,0.012260894995155262,0.00529136821123156,0.002844124491248313,0.0019381030423888078,0.0021932258842948743,0.623419909452174,-0.39707280507933945,1.2326123777395084,0.43156456211049976,0.8112849346079976,2.85614773086069
110,E23,LAGO MAYOR,2014-07-23,2014-07-23,2014,7,-15.5632,-69.5639,LS,E23|2014-07-23|10.2,10.2,2.65,,12.3,0.014645842682691833,0.011615793442168218,0.004869164848452556,0.0027243121747027275,0.0023228513617589985,0.00256217272591885,0.6200428982170035,-0.4092596454001679,1.2608558765058537,0.41918483257385125,0.7931119363164808,3.0078750937075496
111,E24,LAGO MAYOR,2014-07-23,2014-07-23,2014,7,-15.514,-69.5055,LS,E24|2014-07-23|10.6,10.6,2.05,,12.6,0.014743905668096838,0.011356422714678585,0.0047199010333286665,0.002446852073228749,0.0014917949919193846,0.0018058317005897016,0.6454678424418111,-0.41281336284106557,1.2982877390388148,0.41561508727681806,0.7702451575640967,3.123773663941672
112,E25,LAGO MAYOR,2014-07-23,2014-07-23,2014,7,-15.4665,-69.4491,LS,E25|2014-07-23|9.5,9.5,0.64,,12.7,0.014560682721682226,0.011562589190375472,0.004907546972341557,0.0027306180860998674,0.0017303389499289043,0.001916515753076894,0.6179138324606812,-0.404067200672666,1.2592924666483745,0.42443318422082676,0.794096583057957,2.9669975319130364
113,E26,LAGO MAYOR,2014-07-23,2014-07-23,2014,7,-15.5373,-69.3601,LS,E26|2014-07-23|8.0,8.0,2.18,,13.0,0.014204559248369317,0.01122341208519672,0.004758283157217666,0.002787371288674092,0.0021227822356864982,0.0023408046209444653,0.6021105293901523,-0.40453333800832864,1.2656185013010546,0.4239604406518434,0.7901273878918685,2.9852271909450683
114,E27,LAGO MAYOR,2014-07-23,2014-07-23,2014,7,-15.6036,-69.4411,LS,E27|2014-07-23|10.0,10.0,1.92,,12.8,0.014382620985025771,0.011442879623841795,0.004711371672464443,0.0024027106934487973,0.0021227822356864982,0.0024391904453775247,0.6529276159627428,-0.41670192020688884,1.2569056217416867,0.41172951351498616,0.7956045591516874,3.0527453430047706
115,E28,LAGO MAYOR,2014-07-24,2014-07-24,2014,7,-15.6698,-69.5219,LS,E28|2014-07-24|11.4,11.4,1.7,,12.5,0.01554647378549042,0.012826190170453184,0.005636807326232563,0.003121584592722295,0.001822678546577753,0.0020394980336182183,0.6085240802130851,-0.38939410873651814,1.212088107754371,0.43947632241890244,0.8250224148836566,2.758027750054988
116,E29,LAGO MAYOR,2014-07-24,2014-07-24,2014,7,-15.7366,-69.6035,LS,E29|2014-07-24|10.4,10.4,1.58,,12.7,0.014945192848665002,0.012354002435792565,0.00492034101363789,0.0024909934530087004,0.0017226439835415011,0.002057945375699417,0.6643995318196596,-0.4303295817630733,1.2097449159974434,0.3982790711699546,0.8266204213133108,3.0374296760755386
117,E30,LAGO MAYOR,2014-07-24,2014-07-24,2014,7,-15.8028,-69.6843,LS,E30|2014-07-24|11.6,11.6,1.09,,13.3,0.014176172594699448,0.013125464086787378,0.005099457591786559,0.0036008338589046326,0.00466212114352977,0.0049787745385558866,0.5694403919724206,-0.4403863125541028,1.080051068740395,0.38851633508361383,0.925882008929057,2.7799367990814345
118,E31,LAGO MAYOR,2014-07-24,2014-07-24,2014,7,-15.8696,-69.7658,LS,E31|2014-07-24|10.8,10.8,1.25,,12.9,0.006243393196410472,0.02200392360470181,0.011590301209459732,0.023023040962083432,0.032002336717975643,0.024932649556385876,-0.022633489611242792,-0.3099825086861281,0.28373998314266086,0.5267379077904634,3.524352765896565,0.5386738916362993
119,E32,LAGO MAYOR,2014-07-25,2014-07-25,2014,7,-15.9267,-69.6772,LS,E32|2014-07-25|10.0,10.0,1.23,,12.3,0.014883258331567107,0.012959200799935048,0.005022693344008559,0.0025540525669800578,0.0016072194877304428,0.001959559551266357,0.6707263341949643,-0.4413610129741829,1.1484702963450808,0.3875773694668242,0.870723308062558,2.9632020808355497
120,E33,LAGO MAYOR,2014-07-25,2014-07-25,2014,7,-15.8779,-69.6162,LS,E33|2014-07-25|10.5,10.5,1.17,,12.2,0.015105190351167905,0.012254244463681169,0.00521886864388567,0.0029261013394110795,0.0019150181432265947,0.00207024360375355,0.6144881434704733,-0.4026400661315882,1.232649565894228,0.4258824959360595,0.8112604586590487,2.894341376942584
121,E34,LAGO MAYOR,2014-07-25,2014-07-25,2014,7,-15.8286,-69.5545,LS,E34|2014-07-25|10.0,10.0,1.23,,12.3,0.014328428282565111,0.011070449861292577,0.004664460187711221,0.002604499858157149,0.0016226094205052492,0.00192266486710396,0.6190844981323702,-0.40711953525704414,1.294294917351915,0.4213432900027888,0.7726213141005723,3.0718292437107504
122,E35,LAGO MAYOR,2014-07-25,2014-07-25,2014,7,-15.7793,-69.4928,LS,E35|2014-07-25|10.0,10.0,1.7,,12.4,0.014109076867843393,0.010345541930616417,0.004574901898636887,0.0024909934530087004,0.0022074268659479437,0.0023039099367820675,0.6118900179044672,-0.38676058911229677,1.3637831250102148,0.44220993806888603,0.7332542939744764,3.084016684167713
123,E36,LAGO MAYOR,2014-07-25,2014-07-25,2014,7,-15.7303,-69.4315,LS,E36|2014-07-25|10.5,10.5,0.82,,12.6,0.014281977394741689,0.01113695517603351,0.005026958024440669,0.0030648313901480706,0.002892278874426883,0.002838882857136832,0.5683878700669639,-0.3780023251678483,1.2823950430438253,0.4513762957295796,0.7797907872577299,2.841076946381275
124,E37,LAGO MAYOR,2014-07-25,2014-07-25,2014,7,-15.6812,-69.37,LS,E37|2014-07-25|11.0,11.0,1.29,,12.7,0.014617456029021965,0.012207690743362516,0.005116516313515004,0.002812594934262634,0.002484445655894483,0.0025929182960541816,0.6254937745692438,-0.40932170789950745,1.1973972095887555,0.4191223386924823,0.8351446300902392,2.8569151892461586
126,E39,LAGO MAYOR,2014-07-25,2014-07-25,2014,7,-15.7568,-69.2993,LS,E39|2014-07-25|10.0,10.0,1.23,,12.9,0.014109076867843393,0.011017245609499831,0.004792400600674556,0.0027495358202912733,0.0024151909584078472,0.0025068306996752525,0.6005549830814034,-0.39373712304087605,1.2806354770780544,0.43499077133684355,0.7808622018175767,2.9440514471611614
127,E40,LAGO MAYOR,2014-07-26,2014-07-26,2014,7,-15.8221,-69.3801,LS,E40|2014-07-26|11.0,11.0,0.34,,12.7,0.01403165872147102,0.01081107913380294,0.004527990413883664,0.0025288289213915155,0.001953492975163614,0.002291611708727934,0.6208625694630491,-0.40961339217954595,1.2978960980594638,0.4188286792663782,0.7704775734591113,3.098870434790875
128,E41,LAGO MAYOR,2014-07-26,2014-07-26,2014,7,-15.8882,-69.4619,LS,E41|2014-07-26|11.0,11.0,1.16,,12.7,0.01484454925838092,0.011868513638183762,0.005308426932960005,0.0030206900103681225,0.0020150527062628466,0.0021378838580512786,0.5942442082476296,-0.38191238399764427,1.2507503854460915,0.4472696958961963,0.7995199202133491,2.796411563998294
129,E42,LAGO MAYOR,2014-07-26,2014-07-26,2014,7,-15.9534,-69.5425,LS,E42|2014-07-26|7.0,7.0,1.22,,12.5,0.015311638741494228,0.014023285835789961,0.0053681324590095615,0.0026675589721285066,0.0017457288827037107,0.0019780068933475557,0.6803565855406845,-0.4463393444904561,1.0918723207184324,0.38280130199641343,0.9158578749594759,2.852320803573925
131,E44,LAGO MAYOR,2014-07-27,2014-07-27,2014,7,-15.9455,-69.3735,LS,E44|2014-07-27|11.0,11.0,1.29,,12.3,0.015074223092618955,0.012526916254118989,0.005312691613392116,0.0030396077445595283,0.0019919678071006336,0.001959559551266357,0.60946862002694,-0.4043936553937108,1.2033465845447637,0.4241020760031958,0.8310156580631406,2.8373979429226135
132,E45,LAGO MAYOR,2017-07-27,2017-07-27,2017,7,-15.8939,-69.3092,LS,E45|2017-07-27|11.0,11.0,0.41,,12.4,0.014078109609294447,0.010658116909898796,0.0046474014659827765,0.0026549471493342337,0.0021458671348487113,0.00224856791053847,0.6011515548791007,-0.3927155489664533,1.32088139090855,0.4360433526135485,0.7570701215305304,3.029242617212705
133,E46,LAGO MAYOR,2014-07-27,2014-07-27,2014,7,-15.8422,-69.2448,LS,E46|2014-07-27|11.0,11.0,1.7,,12.6,0.013987788438526678,0.011901766295554226,0.004890488250613112,0.0030963609471337528,0.004069608731699675,0.00411789857476661,0.5871002838446433,-0.4175304518005246,1.1752698646487285,0.4109043748855601,0.8508682767823984,2.8602022664241726
134,E47,LAGO MAYOR,2014-07-27,2014-07-27,2014,7,-15.7906,-69.1805,LS,E47|2014-07-27|11.0,11.0,1.83,,12.7,0.013861338799451806,0.010917487637388432,0.0046047546616616655,0.002673864883525643,0.003161602697986019,0.0032754699530585353,0.6065343485604788,-0.40668947484627316,1.2696453607454885,0.421777829554322,0.7876213840324585,3.010222434788173
135,E48,LAGO MAYOR,2014-07-27,2014-07-27,2014,7,-15.7387,-69.1159,LS,E48|2014-07-27|7.4,7.4,1.36,,12.7,0.01403165872147102,0.012008174799139718,0.004378726598759774,0.0023270397566831635,0.002569090286155925,0.0028142864010285663,0.6753393421087508,-0.4655820859321102,1.1685087690401958,0.3646454442375396,0.8557914770955428,3.2045059677713983
136,E49,LAGO MAYOR,2014-07-27,2014-07-27,2014,7,-15.8116,-69.0456,LS,E49|2014-07-27|10.0,10.0,2.17,,13.1,0.01379424307259575,0.011210111022248533,0.0046047546616616655,0.002642335326539961,0.0020766124373620756,0.0021255856299971466,0.6185026717649205,-0.4176675335054867,1.2305178614824306,0.4107679434891178,0.8126658454970382,2.995651471248309
137,E50,LAGO MAYOR,2014-07-27,2014-07-27,2014,7,-15.885,-69.1365,LS,E50|2014-07-27|10.2,10.2,1.29,,12.9,0.013943918155582335,0.010624864252528331,0.004562107857340554,0.002610805769554282,0.00202274767265025,0.002396146647188061,0.6054893982785807,-0.3992076861746758,1.3123854114069062,0.429380302611832,0.7619711598998158,3.056463269863936
138,E51,LAGO MAYOR,2014-07-28,2014-07-28,2014,7,-15.9588,-69.2277,LS,E51|2014-07-28|11.5,11.5,1.7,,12.4,0.015290993902461594,0.013704060325033487,0.005009899302712224,0.0036008338589046326,0.0031846875971482287,0.0034353469177622583,0.5838363283186114,-0.4645815600055883,1.1158001660813663,0.3655777060454728,0.8962177028014942,3.052155328157621
139,E52,LAGO MAYOR,2014-07-28,2014-07-28,2014,7,-16.0334,-69.32,LS,E52|2014-07-28|13.0,13.0,0.62,,12.8,0.01449874820458433,0.01184856204376148,0.004988575900551669,0.0025981939467600093,0.0018919332440643852,0.002113287401943013,0.6403075861988011,-0.40743181878455753,1.2236714402442437,0.4210279239876485,0.8172127041148562,2.906389636487505
140,E53,LAGO MAYOR,2014-07-28,2014-07-28,2014,7,-16.1084,-69.4127,LS,E53|2014-07-28|11.0,11.0,1.77,,12.8,0.014483264575309854,0.011509384938582726,0.005116516313515004,0.0028252067570569035,0.0017380339163163075,0.0018611737268332974,0.6058196675631684,-0.38451258332528204,1.2583872547672457,0.44455163297313627,0.7946678101520965,2.8306880809438666
141,E54,LAGO MAYOR,2014-07-28,2014-07-28,2014,7,-16.1839,-69.5061,LS,E54|2014-07-28|10.5,10.5,1.7,,12.7,0.014676809941240782,0.012945899736986862,0.00521886864388567,0.0029702427191910345,0.0023305463281464017,0.002396146647188061,0.6267634521680407,-0.42538558740182747,1.133703265567969,0.40312904833073465,0.882064897396056,2.8122583897905664
142,E55,LAGO MAYOR,2014-07-28,2014-07-28,2014,7,-16.1566,-69.3562,LS,E55|2014-07-28|9.5,9.5,1.29,,13.0,0.014578746955835779,0.01180200832344283,0.005035487385304891,0.002692782617717049,0.0018072886138029397,0.0019780068933475557,0.6284481862660567,-0.40187214614999595,1.2352766852062553,0.4266635661185837,0.809535109544065,2.8952001951550637
143,E56,LAGO MAYOR,2014-07-28,2014-07-28,2014,7,-16.2292,-69.2727,LS,E56|2014-07-28|9.2,9.2,1.36,,13.0,0.014609714214384728,0.012087981176828837,0.005231662685182005,0.0029261013394110795,0.001961187941551021,0.002045647147645285,0.6102190538308816,-0.39586946188980937,1.2086148044120828,0.4327986762927607,0.8273933474710725,2.792556076523957
144,E57,LAGO MAYOR,2014-07-20,2014-07-20,2014,7,-16.1167,-69.2402,LS,E57|2014-07-20|9.5,9.5,2.93,,13.0,0.014989063131609347,0.012659926883600854,0.0054107792633306725,0.0031783377952965194,0.0022074268659479437,0.002279313480673802,0.5986507159642761,-0.4011546178756548,1.183976975968841,0.42739416156861143,0.844610895813252,2.7702221125466004
145,E58,LAGO MAYOR,2014-07-29,2014-07-29,2014,7,-16.2076,-69.1457,LS,E58|2014-07-29|10.0,10.0,1.44,,12.2,0.014478103365551696,0.011828610449339201,0.005210339283021449,0.0030333018331623954,0.001591829554955633,0.001775086130454369,0.5918019065911516,-0.38842011285050704,1.2239901046340065,0.4404861302052932,0.8169999435480977,2.778725107980072
146,E59,LAGO MAYOR,2014-07-29,2014-07-29,2014,7,-16.0704,-69.1489,LS,E59|2014-07-29|10.6,10.6,2.11,,12.5,0.014560682721682226,0.011915067358502415,0.005090928230922336,0.003014384098970986,0.001676474185217075,0.001799682586562634,0.5961828328858716,-0.40127840151536304,1.2220393776668466,0.42726806743744156,0.8183041116922113,2.860122791187225
147,E60,LAGO MAYOR,2014-07-29,2014-07-29,2014,7,-16.0033,-69.1375,LS,E60|2014-07-29|11.2,11.2,1.44,,12.3,0.013869080614089042,0.010844331791173408,0.004387255959623996,0.0024027106934487973,0.0018380684793525594,0.001959559551266357,0.6372456697620148,-0.42392661311915814,1.2789242898721795,0.40456670263706235,0.7819069851140747,3.1612191266038066
148,E61,LAGO MAYOR,2014-07-29,2014-07-29,2014,7,-15.9483,-69.0667,LS,E61|2014-07-29|11.0,11.0,1.16,,12.6,0.013871661218968122,0.011176858364878068,0.004698577631168111,0.0025540525669800578,0.0021689520340109243,0.0021624803141595426,0.6279849321509074,-0.4080694430851504,1.2411054631820941,0.4203844280203457,0.8057331694247012,2.952310115010142
149,E62,LAGO MAYOR,2014-07-29,2014-07-29,2014,7,-15.8933,-68.9958,LS,E62|2014-07-29|10.0,10.0,1.7,,12.7,0.013626503755455613,0.010658116909898796,0.004937399735366335,0.0029576308963967617,0.0025383104206063087,0.0025929182960541816,0.5655572912700575,-0.3668180373781499,1.2785093832373453,0.4632524970267681,0.782160730221859,2.759853713685766
150,E63,LAGO MAYOR,2014-07-29,2014-07-29,2014,7,-15.9383,-68.9271,LS,E63|2014-07-29|10.2,10.2,2.05,,12.7,0.014152947150787737,0.010990643483603457,0.004962987817959001,0.0029576308963967617,0.0017688137818659237,0.001953410437239291,0.5759143957485137,-0.377823404207086,1.2877267727021837,0.4515647672311758,0.7765621244780531,2.8516983756993532
151,E64,LAGO MAYOR,2014-07-29,2014-07-29,2014,7,-15.9833,-68.8583,LS,E64|2014-07-29|9.5,9.5,1.7,,12.8,0.014447136107002748,0.011954970547346972,0.005240192046046227,0.0030333018331623954,0.0017995936474155365,0.0016644020779671767,0.5952432603602124,-0.3905039033115525,1.2084626090313726,0.43832743769341065,0.8274975490855012,2.7569854736369384
152,E65,LAGO MAYOR,2014-07-30,2014-07-30,2014,7,-16.0192,-68.9434,LS,E65|2014-07-30|9.5,9.5,1.7,,12.3,0.014431652477728273,0.011323170057308117,0.0051122516330828925,0.00308374912433948,0.0019457980087762144,0.0019472613232122248,0.5719071688524039,-0.37789830789423173,1.274523930150636,0.45148586091379245,0.7846065646450464,2.822953698402305
153,E66,LAGO MAYOR,2014-07-30,2014-07-30,2014,7,-16.0551,-69.0285,LS,E66|2014-07-30|11.0,11.0,1.98,,12.7,0.013649729199367324,0.01074457381906201,0.004523725733451553,0.002478381630214424,0.0017995936474155365,0.0020149015775099543,0.6251394853001967,-0.4074355272359596,1.2703833729326603,0.4210241735602219,0.787163823909137,3.0173637807146525
154,E67,LAGO MAYOR,2014-07-30,2014-07-30,2014,7,-16.1204,-68.9577,LS,E67|2014-07-30|9.0,9.0,1.44,,12.7,0.014640681472933676,0.012041427456510186,0.0052956328916636715,0.0030963609471337528,0.0018765433112895719,0.0018611737268332974,0.5909096943324628,-0.3890967695950998,1.215859191939824,0.43978444175371845,0.8224635346590742,2.7646702495768967
155,E68,LAGO MAYOR,2014-07-30,2014-07-30,2014,7,-16.1806,-68.8926,LS,E68|2014-07-30|10.0,10.0,2.11,,12.8,0.013959401784856808,0.011043847735396203,0.00510798695265078,0.0031657259725022466,0.0017918986810281333,0.001781235244481436,0.5544234732454639,-0.36750378702392333,1.2639979158819952,0.46251873554546014,0.7911404166499584,2.7328572256347243
156,E69,LAGO MAYOR,2014-07-30,2014-07-30,2014,7,-16.232,-68.8295,LS,E69|2014-07-30|8.0,8.0,2.65,,12.9,0.013515537745655214,0.010897536042966154,0.004698577631168111,0.0028189008456597706,0.0019919678071006336,0.0020026033494558206,0.5889747223661784,-0.3974681221136986,1.2402378346930103,0.43115959254305275,0.806296829748599,2.8765162417416272
157,E70,LAGO MAYOR,2014-07-30,2014-07-30,2014,7,-16.1883,-68.7958,LS,E70|2014-07-30|5.0,5.0,1.85,,12.3,0.013590375287148505,0.012786286981608625,0.005560043078454563,0.0034557978967705016,0.0021227822356864982,0.001910366639049828,0.5744637206517009,-0.39387951081316497,1.0628866882003951,0.4348441929707782,0.940833918903316,2.444292724191137
158,E71,LAGO MAYOR,2014-07-30,2014-07-30,2014,7,-16.2165,-68.7335,LS,E71|2014-07-30|5.5,5.5,2.71,,12.5,0.01292715983322519,0.011569239721849566,0.0046474014659827765,0.0027369239974970004,0.0016533892860548655,0.0017258932182378402,0.6173783049211237,-0.42683548022415996,1.1173732264738057,0.4017032385890057,0.894955966828732,2.7815881942326057
161,E74,LAGO MENOR,2014-07-30,2014-07-30,2014,7,-16.2682,-68.9598,LS,E74|2014-07-30|6.5,6.5,0.89,,12.4,0.014243268321555504,0.01371071085650758,0.0052273980047498935,0.0028315126684540434,0.00156874465579342,0.0017135949901837073,0.6576623459340197,-0.44794928923252114,1.0388423643222549,0.3812637928255191,0.9626098156943532,2.7247333346112113
162,E75,LAGO MENOR,2014-07-30,2014-07-30,2014,7,-16.313,-69.0149,LS,E75|2014-07-30|6.0,6.0,1.7,,11.7,0.014310364048411559,0.013983382646945403,0.0051122516330828925,0.0024657698074201546,0.001614914454117846,0.0019718577793204897,0.7001948684762563,-0.4645632828534712,1.0233834964213102,0.36559474889324356,0.9771506596540351,2.799228652317567
163,E76,LAGO MENOR,2014-07-30,2014-07-30,2014,7,-16.3439,-68.876,LS,E76|2014-07-30|5.0,5.0,0.88,,12.9,0.016250978917479,0.016410826634989422,0.0058287179456775655,0.0032287850864736074,0.001761118815478517,0.001787384358508502,0.6711966134703818,-0.4758239619118373,0.9902595578318298,0.35517513652085364,1.0098361279333377,2.7880875830409226
164,E77,LAGO MENOR,2014-07-31,2014-07-31,2014,7,-16.4171,-68.9611,LS,E77|2014-07-31|6.0,6.0,1.7,,10.8,0.014568424536319464,0.014216151248538663,0.0055515137175903406,0.002995466364779577,0.001614914454117846,0.001602910937696515,0.6519250243598003,-0.4383237528292306,1.024779721096263,0.3905074749154437,0.9758193301738358,2.6242251488874646
166,E79,LAGO MENOR,2014-07-31,2014-07-31,2014,7,-16.5092,-68.9671,LS,E79|2014-07-31|6.0,6.0,0.82,,10.5,0.015262607248791724,0.01577902614495057,0.005628277965368342,0.003077443212942347,0.001591829554955633,0.0016828494200483756,0.6735928140810091,-0.47417216353352615,0.9672717531052537,0.35669359800610023,1.033835494414903,2.7117716344027847
167,E80,LAGO MENOR,2014-07-31,2014-07-31,2014,7,-16.4877,-69.0406,LS,E80|2014-07-31|6.0,6.0,1.29,,10.7,0.014676809941240782,0.01501421502542985,0.005197545241725115,0.002276592465506079,0.0015533547230186136,0.0018673228408603634,0.7366701543540316,-0.48569096250198,0.9775275589736023,0.34617493400400917,1.0229889235161425,2.8237959334382774
169,E02,BAHIA PUNO,2015-07-14,2015-07-14,2015,7,-15.8482,-69.9182,LS,E02|2015-07-14|6.5,6.5,1.19,0.67,11.77,0.015370992653713045,0.01337818428280292,0.0051804865199966705,0.0029261013394110795,0.0018611533785147655,0.001928813981131026,0.6410634936429085,-0.4417179122468031,1.1489594686262714,0.3872338744370631,0.8703525994606901,2.96709384867371
171,E05,BAHIA PUNO,2015-07-15,2015-07-15,2015,7,-15.8398,-69.8918,LS,E05|2015-07-15|7.0,7.0,0.59,0.67,11.62,0.01519809212681475,0.013231872590372869,0.005090928230922336,0.002642335326539961,0.0016841691516044782,0.0018980684109956942,0.6670907079061128,-0.4443067407949001,1.1485971372846582,0.38474734482245576,0.8706271556546276,2.985327714732596
174,E08,BAHIA PUNO,2015-07-15,2015-07-15,2015,7,-15.801,-69.8724,LS,E08|2015-07-15|8.0,8.0,0.59,1.33,11.95,0.015032933414553692,0.01277963645013453,0.005035487385304891,0.002446852073228749,0.0015379647902438072,0.0018611737268332974,0.6786058179103808,-0.4346951894170449,1.1763192401358336,0.3940242753327782,0.8501092400005619,2.9853972969979297
178,E12,BAHIA PUNO,2015-07-15,2015-07-15,2015,7,-15.7591,-69.8253,LS,E12|2015-07-15|8.0,8.0,1.18,0.67,12.41,0.01466132631196631,0.012220991806310701,0.005026958024440669,0.002434240250434476,0.0016841691516044782,0.001793533472535568,0.667799107525745,-0.41709498435279574,1.1996837363651391,0.41133794153326386,0.8335528936957946,2.916539848581244
179,E13,BAHIA PUNO,2015-07-15,2015-07-15,2015,7,-15.7895,-69.7698,LS,E13|2015-07-15|9.0,9.0,2.29,1.67,12.62,0.014772292321766706,0.011994873736191533,0.005044016746169114,0.002572970301171467,0.0017918986810281333,0.001928813981131026,0.6467602731121289,-0.40794068071964834,1.2315503618553858,0.42051433275497707,0.811984535841656,2.9286757234322045
180,E14,BAHIA PUNO,2015-07-15,2015-07-15,2015,7,-15.7489,-69.783,LS,E14|2015-07-15|9.0,9.0,0.52,3.0,12.44,0.014679390546119862,0.012087981176828837,0.004975781859255336,0.0026675589721285066,0.0018842382776769785,0.0020149015775099543,0.6384328510625987,-0.41680131666926307,1.2143789038883952,0.41163047615947784,0.8234660911421768,2.9501670312672656
181,E15,BAHIA PUNO,2015-07-15,2015-07-15,2015,7,-15.715,-69.8226,LS,E15|2015-07-15|7.0,7.0,0.59,2.67,11.96,0.01495551526818132,0.013604302352922088,0.005380926500305894,0.0027999831114683613,0.0017918986810281333,0.001916515753076894,0.6586278083418726,-0.43314597274775724,1.0993223894091573,0.39553120514253437,0.9096511353383357,2.779356396705053
182,E16,BAHIA PUNO,2015-07-16,2015-07-16,2015,7,-15.6737,-69.8541,LS,E16|2015-07-16|7.0,7.0,2.29,7.0,11.43,0.014702615990031573,0.013963431052523123,0.005760483058763787,0.0032287850864736074,0.0023228513617589985,0.0023592519630256633,0.6243898549710818,-0.41588842516693064,1.0529371242491121,0.4125406302043699,0.9497241927740061,2.5523230062000706
184,E18,LAGO MAYOR,2015-07-16,2015-07-16,2015,7,-15.7328,-69.7479,LS,E18|2015-07-16|10.0,10.0,1.19,1.67,12.82,0.01471551901442697,0.012127884365673396,0.005334015015552672,0.0030206900103681225,0.0022074268659479437,0.0024330413313504587,0.6011914737348113,-0.3890681541984436,1.2133623109662282,0.43981410235373736,0.8241560171698535,2.758806679905001
185,E19,LAGO MAYOR,2015-07-16,2015-07-16,2015,7,-15.7088,-69.7343,LS,E19|2015-07-16|9.5,9.5,0.59,0.67,12.81,0.014707777199789732,0.01178205672902055,0.004971517178823224,0.0027180062633055946,0.0019381030423888078,0.002051796261672351,0.6251041699203476,-0.4065126152274959,1.2483199062556622,0.42195661345113017,0.8010765847141339,2.9584076072454617
186,E20,LAGO MAYOR,2015-07-16,2015-07-16,2015,7,-15.6856,-69.7837,LS,E20|2015-07-16|8.5,8.5,1.19,1.0,12.78,0.014751647482734075,0.012400556156111218,0.005176221839564559,0.0030333018331623954,0.0021227822356864982,0.0021440329720783446,0.6069288523018758,-0.4110158248177316,1.189595539702359,0.4174184897017812,0.8406217224214182,2.8498864789938274
187,E21,LAGO MAYOR,2015-07-16,2015-07-16,2015,7,-15.6466,-69.7621,LS,E21|2015-07-16|9.0,9.0,0.59,0.67,12.88,0.015030352809674612,0.012081330645354743,0.005014163983144335,0.002673864883525643,0.0016303043868926524,0.0018181299286438336,0.6375696686530635,-0.4133934935720187,1.244097360364556,0.4150340484256365,0.8037954926635416,2.9975784323413346
188,E22,LAGO MAYOR,2015-07-16,2015-07-16,2015,7,-15.6181,-69.807,LS,E22|2015-07-16|10.0,10.0,0.59,3.0,12.82,0.01525486543415449,0.013158716744157846,0.005453426067651784,0.003014384098970986,0.0020612225045872692,0.0021440329720783446,0.6272348213460793,-0.41399264665132024,1.1592972606261187,0.4144344588645785,0.8625914098268652,2.7972988810361317
189,E23,LAGO MAYOR,2015-07-17,2015-07-17,2015,7,-15.5598,-69.8466,LS,E23|2015-07-17|8.0,8.0,0.59,6.33,12.53,0.015342606000043175,0.013198619933002403,0.005487543511108673,0.0032350909978707473,0.002176647000398324,0.0023162081648361995,0.6062859673482348,-0.41266234410796204,1.1624400820300749,0.4157664303690533,0.8602592722974173,2.795896410313297
190,E24,LAGO MAYOR,2015-07-17,2015-07-17,2015,7,-15.516,-69.8312,LS,E24|2015-07-17|12.0,12.0,1.19,6.33,12.51,0.015229059385363699,0.013265125247743334,0.005231662685182005,0.002610805769554282,0.0017226439835415011,0.0018673228408603634,0.671098834801046,-0.43431660444918135,1.1480523517787455,0.39439222721849454,0.8710402948097928,2.910940056888212
193,E27,LAGO MAYOR,2015-07-17,2015-07-17,2015,7,-15.4508,-69.8379,LS,E27|2015-07-17|9.0,9.0,2.21,1.0,12.98,0.015280671482945278,0.013072259834994632,0.004988575900551669,0.002522523009994379,0.0017534238490911173,0.0018304281566979656,0.6764913787753554,-0.4475808099484737,1.1689386920767906,0.3816153887625298,0.8554767370077822,3.063132389771408
194,E28,LAGO MAYOR,2015-07-17,2015-07-17,2015,7,-15.3928,-69.7822,LS,E28|2015-07-17|5.5,5.5,0.59,6.67,10.94,0.015533570761095026,0.01472824217204384,0.005197545241725115,0.0023585693136688457,0.0014071503616579425,0.0017197441042107733,0.7239309771040107,-0.4783096524167094,1.0546791344795152,0.3528964847342245,0.9481555432686646,2.9886354134560396
195,E29,LAGO MAYOR,2015-07-17,2015-07-17,2015,7,-15.368,-69.8301,LS,E29|2015-07-17|7.0,7.0,1.1,0.67,12.16,0.015850985161221746,0.014794747486784773,0.005193280561293004,0.0026297235037456915,0.001984272840713227,0.0020210506915370203,0.6981573955096205,-0.4803608651156694,1.0713926752712588,0.35102188901229636,0.9333644819512251,3.0522098550102923
197,E31,LAGO MAYOR,2015-07-18,2015-07-18,2015,7,-15.3399,-69.7389,LS,E31|2015-07-18|8.0,8.0,0.52,5.0,12.99,0.016281946176027948,0.01787394355928993,0.00573489497617112,0.0025162170985972426,0.0015225748574690008,0.001781235244481436,0.7531929720994696,-0.5141738781732861,0.9109318943011634,0.32085223030360277,1.0977767809986445,2.839100524870988
198,E32,LAGO MAYOR,2015-07-18,2015-07-18,2015,7,-15.3384,-69.7205,LS,E32|2015-07-18|7.0,7.0,0.52,0.67,13.23,0.016158077141832154,0.016350971851722584,0.005423573304627006,0.002434240250434476,0.0015995245213430397,0.0017443405603190382,0.7408343746545033,-0.5018427694718718,0.9882027992071366,0.3316972851591292,1.0119379116870986,2.979230344101165
201,E35,LAGO MAYOR,2015-07-19,2015-07-19,2015,7,-15.2409,-69.6964,LS,E35|2015-07-19|8.0,8.0,1.1,2.67,12.59,0.01530389692685699,0.014847951738577517,0.005133575035243448,0.0027306180860998674,0.0022689865970471727,0.0021809276562407423,0.6893241648215754,-0.4861678653051482,1.0307075457678991,0.3457429536333008,0.970207185747147,2.9811376751393994
202,E36,LAGO MAYOR,2015-07-19,2015-07-19,2015,7,-15.2971,-69.6814,LS,E36|2015-07-19|10.0,10.0,1.19,1.0,13.01,0.015716793707509637,0.015213730969652645,0.0054107792633306725,0.0025288289213915155,0.001699559084379288,0.0019780068933475557,0.7149420044918113,-0.4753058918867763,1.0330662942439415,0.3556510180489403,0.9679919635511544,2.9047185327453993
203,E37,LAGO MAYOR,2015-07-19,2015-07-19,2015,7,-15.3413,-69.6373,LS,E37|2015-07-19|10.0,10.0,0.51,1.0,13.07,0.015298735717098833,0.014242753374435037,0.005201809922157226,0.002711700351908458,0.0021689520340109243,0.002199374998321942,0.6801193673666107,-0.4649599401855599,1.0741416523028176,0.36522499689345134,0.9309757817138221,2.9410403311534328
204,E38,LAGO MAYOR,2015-07-19,2015-07-19,2015,7,-15.3782,-69.6351,LS,E38|2015-07-19|9.0,9.0,0.52,2.0,13.51,0.015001966156004742,0.013371533751328825,0.00503122270487278,0.0025036052758029732,0.0018996282104517884,0.0020394980336182183,0.6845878812376931,-0.45320985544182224,1.1219330043257667,0.37626366744272133,0.8913186925607077,2.9817728322187738
205,E39,LAGO MAYOR,2015-07-19,2015-07-19,2015,7,-15.3748,-69.5276,LS,E39|2015-07-19|6.0,6.0,0.6,1.0,13.25,0.016498716985870587,0.02090658591147643,0.0062466566280244586,0.0028315126684540434,0.0022535966642723664,0.002291611708727934,0.7614372491007693,-0.5398960629556318,0.7891635806327529,0.2987889249677301,1.2671642687256501,2.6412071812375606
206,E40,LAGO MAYOR,2015-07-20,2015-07-20,2015,7,-15.3951,-69.5361,LS,E40|2015-07-20|10.0,10.0,1.86,2.0,12.66,0.01425359074107182,0.01107710039276667,0.004562107857340554,0.0024594638960230217,0.0015456597566312104,0.0017135949901837073,0.636619135866049,-0.41658068712019114,1.286761783220599,0.41185032939389754,0.7771444976109376,3.1243425325411547
207,E41,LAGO MAYOR,2015-07-20,2015-07-20,2015,7,-15.4392,-69.6009,LS,E41|2015-07-20|11.0,11.0,0.6,0.67,12.92,0.014547779697286831,0.011323170057308117,0.004852106126724111,0.0025981939467600093,0.0018842382776769785,0.0021501820861054106,0.626732802997298,-0.40005892059593606,1.284779645530261,0.42851124496547294,0.7783434664656372,2.9982395930958616
208,E42,LAGO MAYOR,2015-07-20,2015-07-20,2015,7,-15.4967,-69.6685,LS,E42|2015-07-20|10.0,10.0,1.19,1.67,13.58,0.014465200341156302,0.011090401455714856,0.004690048270303888,0.0025414407441857884,0.001591829554955633,0.0020026033494558206,0.6271316788320582,-0.40558747633602704,1.304298955688702,0.4228925225240242,0.7666952705428658,3.0842320639883254
209,E43,LAGO MAYOR,2015-07-21,2015-07-21,2015,7,-15.5603,-69.7411,LS,E43|2015-07-21|9.0,9.0,1.78,4.0,12.95,0.014705196594910652,0.011708900882805524,0.0049032822919094455,0.0025540525669800578,0.0016687792188296718,0.0018980684109956942,0.6418619892572884,-0.4096763266840466,1.2558988658454109,0.4187653411896718,0.7962423358974706,2.999050986748948
210,E44,LAGO MAYOR,2015-07-21,2015-07-21,2015,7,-15.4333,-69.4798,LS,E44|2015-07-21|8.0,8.0,1.62,6.67,12.73,0.014106496262964315,0.011063799329818484,0.004745489115921333,0.002547746655582925,0.0020150527062628466,0.0020026033494558206,0.6256491406428054,-0.3996580767012124,1.2750136338727427,0.42892035055365,0.7843052122418629,2.972611030341499
211,E45,LAGO MAYOR,2015-07-21,2015-07-21,2015,7,-15.4932,-69.4733,LS,E45|2015-07-21|10.0,10.0,0.59,3.33,12.8,0.014152947150787737,0.010245783958505018,0.0044171087226487745,0.0021063328577834023,0.0015379647902438072,0.0016582529639401107,0.6589518673460458,-0.3975119347245787,1.381343372724155,0.4311147208864789,0.7239328406594036,3.2041194444906718
212,E46,LAGO MAYOR,2015-07-21,2015-07-21,2015,7,-15.5016,-69.4082,LS,E46|2015-07-21|9.0,9.0,2.21,7.0,13.26,0.014189075619094844,0.01060491265810605,0.004472549568266219,0.002371181136463115,0.0016226094205052492,0.0017258932182378402,0.6345307777104839,-0.4067237968197198,1.33797181915283,0.42174313836563376,0.7473997739806809,3.172479640536569
213,E48,LAGO MAYOR,2015-07-22,2015-07-22,2015,7,-15.5358,-69.3597,LS,E48|2015-07-22|10.0,10.0,1.1,4.67,14.04,0.014026497511712864,0.010425348308305535,0.004357403196599218,0.002345957490874573,0.001676474185217075,0.001799682586562634,0.6326205254069727,-0.41047464670013517,1.345422306429427,0.41796232123635585,0.7432609285631636,3.219003075881735
214,E49,LAGO MAYOR,2015-07-22,2015-07-22,2015,7,-15.6067,-69.4456,LS,E49|2015-07-22|9.0,9.0,1.11,5.33,13.12,0.014529715463133277,0.011276616336989466,0.004852106126724111,0.002686476706319916,0.0020304426390376565,0.002057945375699417,0.6152031637132488,-0.39832725911131317,1.2884817342762025,0.43028028545477676,0.7761071157583833,2.9945166262112144
215,E50,LAGO MAYOR,2015-07-22,2015-07-22,2015,7,-15.6688,-69.5213,LS,E50|2015-07-22|10.0,10.0,1.62,6.0,12.47,0.014594230585110253,0.011349772183204493,0.004869164848452556,0.0026171116809514186,0.0017457288827037107,0.002076392717780616,0.6252403873296218,-0.39957038630412905,1.2858609903065676,0.42900988150653047,0.7776889188728568,2.9972753114885924
216,E51,LAGO MAYOR,2015-07-23,2015-07-23,2015,7,-15.7371,-69.6038,LS,E51|2015-07-23|10.0,10.0,1.1,2.33,12.63,0.014594230585110253,0.011130304644559415,0.004596225300797442,0.002276592465506079,0.0016226094205052492,0.0018242790426708996,0.6603848337152824,-0.41548128868758,1.3112156171779554,0.4129469079803855,0.7626509542246195,3.175263712010473
217,E52,LAGO MAYOR,2015-07-23,2015-07-23,2015,7,-15.8028,-69.6843,LS,E52|2015-07-23|9.0,9.0,1.19,6.0,12.96,0.014746486272975916,0.011609142910694125,0.00495445845709478,0.002705394440511325,0.001714949017154098,0.0019472613232122248,0.6220073782144012,-0.40176552816437167,1.2702475209555917,0.4267720768394322,0.787248020209449,2.976406689908213
218,E53,LAGO MAYOR,2015-07-23,2015-07-23,2015,7,-15.8686,-69.7634,LS,E53|2015-07-23|8.0,8.0,1.77,4.0,12.78,0.01508970672189343,0.013225222058898777,0.0052487214069104485,0.002806289022865501,0.0017918986810281333,0.001934963095158092,0.6499033268287109,-0.43177030583538295,1.1409793736325764,0.3968720514985018,0.8764399087538655,2.87492946893636
219,E54,LAGO MAYOR,2015-07-23,2015-07-23,2015,7,-15.8983,-69.7317,LS,E54|2015-07-23|8.0,8.0,1.11,6.0,12.92,0.014880677726688028,0.012832840701927277,0.005193280561293004,0.002875654048233995,0.001822678546577753,0.002107138287915947,0.6338727025209309,-0.4238049664303953,1.1595777515476717,0.4046867156876922,0.8623827540145721,2.865370874092005
220,E55,LAGO MAYOR,2015-07-24,2015-07-24,2015,7,-15.8738,-69.6776,LS,E55|2015-07-24|11.0,11.0,0.59,7.0,12.51,0.01466132631196631,0.011462831218264077,0.0047668125180818895,0.0024153225162430667,0.001614914454117846,0.001756638788373171,0.6519244723165508,-0.41257949936430754,1.2790317465003087,0.4158494538973347,0.7818413008833328,3.0757079664122995
221,E56,LAGO MAYOR,2015-07-25,2015-07-25,2015,7,-15.9247,-69.6805,LS,E56|2015-07-25|9.0,9.0,0.59,3.33,12.63,0.01498390192185119,0.013019055583201886,0.005261515448206783,0.0030333018331623954,0.001822678546577753,0.0021255856299971466,0.6220739339996109,-0.4243598133398958,1.150920715805513,0.4041395330438586,0.8688694561826115,2.847829531533246
222,E57,LAGO MAYOR,2015-07-24,2015-07-24,2015,7,-15.9121,-69.6099,LS,E57|2015-07-24|8.0,8.0,1.7,6.67,12.93,0.014534876672891436,0.011283266868463558,0.00484357676585989,0.002421628427640203,0.0016303043868926524,0.0017504896743461042,0.6466038304385184,-0.3993149465145712,1.288179704881069,0.4292707416259754,0.7762890835681157,3.0008554369336173
223,E58,LAGO MAYOR,2015-07-24,2015-07-24,2015,7,-15.9519,-69.5453,LS,E58|2015-07-24|8.3,8.3,1.19,7.0,13.02,0.014749066877854995,0.011994873736191533,0.004958723137526891,0.0026360294151428244,0.0016610842524422686,0.0018119808146167676,0.639662745668057,-0.4150240350794286,1.229614081200313,0.4134034949581578,0.8132631726647113,2.9743672906174066
224,E59,LAGO MAYOR,2015-07-24,2015-07-24,2015,7,-15.8876,-69.4615,LS,E59|2015-07-24|8.0,8.0,1.1,9.0,14.03,0.014271654975225373,0.010458600965676001,0.004677254229007555,0.002383792959257388,0.001676474185217075,0.0018980684109956942,0.6287618511669852,-0.38196364066270233,1.3645853453514531,0.4472160088277379,0.732823225547997,3.0512884750686586
225,E60,LAGO MAYOR,2015-07-27,2015-07-27,2015,7,-15.8271,-69.3776,LS,E60|2015-07-27|11.0,11.0,1.11,4.0,12.8,0.014186495014215764,0.010897536042966154,0.0047199010333286665,0.00258558212396574,0.0017688137818659237,0.00192266486710396,0.6164711455926273,-0.3955600771047276,1.301807459638091,0.4331163101092774,0.7681626267716944,3.0056757352251378
226,E61,LAGO MAYOR,2015-07-27,2015-07-27,2015,7,-15.7585,-69.3045,LS,E61|2015-07-27|8.0,8.0,1.19,5.0,12.63,0.014380040380146692,0.01138967537204905,0.0049501937766626685,0.002572970301171467,0.001699559084379288,0.002051796261672351,0.6314494148009541,-0.39409625271067955,1.2625503930415596,0.4346211090607229,0.7920474684985129,2.9049443565211495
227,E62,LAGO MAYOR,2015-07-25,2015-07-25,2015,7,-15.643,-69.2659,LS,E62|2015-07-25|9.0,9.0,1.1,7.33,13.47,0.014217462272764714,0.01066476744137289,0.004655930826846999,0.002680170794922776,0.0022151218323353435,0.002242418796511404,0.5983239417631478,-0.3922038093254772,1.333124329039298,0.4365712066269331,0.750117460250631,3.0536233779850663
228,E63,LAGO MAYOR,2015-07-25,2015-07-25,2015,7,-15.6259,-69.3171,LS,E63|2015-07-25|10.0,10.0,0.59,0.67,13.52,0.014612294819263807,0.011875164169657854,0.005240192046046227,0.0029197954280139465,0.0016379993532800556,0.0017443405603190382,0.6052985868075352,-0.38766191321579624,1.23049192247023,0.44127319251402103,0.8126829840114848,2.7885031507167306
229,E64,LAGO MAYOR,2015-07-23,2015-07-23,2015,7,-15.5625,-69.2915,LS,E64|2015-07-23|9.0,9.0,1.1,4.67,12.58,0.014220042877643793,0.011043847735396203,0.004805194641970889,0.002642335326539961,0.0020612225045872692,0.0020210506915370203,0.6138681440228777,-0.3936296308163493,1.2875984829516631,0.43510145394964983,0.7766394977696881,2.959305705149464
231,E66,LAGO MAYOR,2015-07-28,2015-07-28,2015,7,-15.951,-69.473,LS,E66|2015-07-28|11.0,11.0,0.52,2.67,12.78,0.014648423287570912,0.011675648225435058,0.005082398870058114,0.0027306180860998674,0.001676474185217075,0.001787384358508502,0.6209124088772817,-0.3934377868953664,1.2546131700890564,0.4352990375033072,0.7970583044445105,2.8821863021579635
232,E67,LAGO MAYOR,2015-07-27,2015-07-27,2015,7,-15.9889,-69.4127,LS,E67|2015-07-27|10.0,10.0,1.69,2.33,13.12,0.014372298565509456,0.011210111022248533,0.004668724868143332,0.0024405461618316124,0.0016533892860548655,0.0018796210689144954,0.6424279871460177,-0.4119562534245397,1.2820834026444143,0.41647441692619913,0.7799803344727436,3.0784198882992153
233,E68,LAGO MAYOR,2015-07-28,2015-07-28,2015,7,-15.9935,-69.4278,LS,E68|2015-07-28|7.0,7.0,1.69,4.33,13.18,0.014813581999831972,0.012187739148940235,0.005206074602589338,0.0028693481368368585,0.001761118815478517,0.0018980684109956942,0.6188707162529901,-0.40138777180761603,1.2154494449998643,0.42715667867615503,0.8227408014035821,2.845441198061773
235,E72,LAGO MAYOR,2015-07-26,2015-07-26,2015,7,-15.6921,-69.1709,LS,E72|2015-07-26|6.0,6.0,1.1,4.67,12.08,0.01584066274170543,0.019337060483590438,0.005739159656603232,0.0023144279338888907,0.0022920714962093858,0.002402295761215127,0.7862106953233025,-0.5422627576525746,0.819186656418708,0.29679585295177974,1.2207228686181668,2.76010094324156
236,E73,LAGO MAYOR,2015-07-26,2015-07-26,2015,7,-15.7202,-69.1628,LS,E73|2015-07-26|5.2,5.2,1.19,7.67,12.84,0.016444524283409926,0.020594010932194054,0.006131510256357458,0.00291348951661681,0.002399801025633034,0.0024822342435669885,0.7521225279546508,-0.5411494141742884,0.7985099910378635,0.2977326747476647,1.2523323463140854,2.6819691909330543
237,E74,LAGO MAYOR,2015-07-26,2015-07-26,2015,7,-15.7656,-69.1477,LS,E74|2015-07-26|8.0,8.0,0.59,3.0,12.98,0.01516454426338672,0.01393682892662675,0.005090928230922336,0.0025162170985972426,0.00178420371464073,0.0020333489195911523,0.6941335431984537,-0.46489453053064406,1.0880913624707715,0.36528595510776507,0.9190403460548092,2.9787379819144184
238,E75,LAGO MAYOR,2015-07-26,2015-07-26,2015,7,-15.7544,-69.087,LS,E75|2015-07-26|5.0,5.0,1.7,3.67,13.67,0.015311638741494228,0.014575279948139699,0.005257250767774672,0.002484687541611564,0.0018303735129651527,0.0019780068933475557,0.7087112976669054,-0.4698355869960813,1.0505210016859754,0.3606963588887579,0.9519084953808697,2.912479641045506
239,E76,LAGO MAYOR,2015-07-26,2015-07-26,2015,7,-15.8125,-69.0449,LS,E76|2015-07-26|8.0,8.0,0.6,1.33,13.97,0.015146480029233168,0.01387697414335991,0.005120780993947114,0.002781065377276952,0.00222281679872275,0.00224856791053847,0.6660992781435944,-0.46090670319837074,1.0914828248057153,0.36901276690672696,0.9161846977246351,2.957845119580694
240,E77,LAGO MAYOR,2015-07-26,2015-07-26,2015,7,-15.8852,-69.0349,LS,E77|2015-07-26|7.5,7.5,0.59,2.0,13.71,0.014578746955835779,0.012147835960095677,0.004894752931045224,0.0026612530607313736,0.002130477202073905,0.0021440329720783446,0.6405918855258942,-0.4255857281891621,1.2001105220398807,0.4029320567212052,0.8332564632364727,2.9784432805435506
241,E78,LAGO MAYOR,2015-07-30,2015-07-30,2015,7,-15.8903,-69.1327,LS,E78|2015-07-30|11.0,11.0,1.11,5.67,12.75,0.015105190351167905,0.012999103988779608,0.005257250767774672,0.00291348951661681,0.0019381030423888078,0.0020333489195911523,0.6338133274710467,-0.42406345079167873,1.1620177207743303,0.4044317491329253,0.8605719508329527,2.873210380327998
242,E79,LAGO MAYOR,2015-07-29,2015-07-29,2015,7,-15.96,-69.2272,LS,E79|2015-07-29|9.0,9.0,1.7,4.67,14.09,0.014666487521724466,0.012274196058103447,0.004796665281106667,0.0025036052758029732,0.002068917470974669,0.002230120568457272,0.6611666986425091,-0.43802888386145655,1.1949040293468016,0.3907925918412643,0.836887168999077,3.0576418416877384
243,E80,LAGO MAYOR,2015-07-29,2015-07-29,2015,7,-16.0316,-69.3198,LS,E80|2015-07-29|10.0,10.0,0.52,4.67,12.88,0.014625197843659201,0.011489433344160449,0.00492034101363789,0.002705394440511325,0.0017534238490911173,0.0018980684109956942,0.6188196445972305,-0.4003157988022524,1.2729258382587405,0.42824919541305995,0.7855915989232329,2.9723945618255825
244,E81,LAGO MAYOR,2015-07-30,2015-07-30,2015,7,-16.0352,-69.3885,LS,E81|2015-07-30|10.0,10.0,1.7,5.0,13.1,0.01459939179486841,0.01176210513459827,0.005090928230922336,0.0028378185798511764,0.0016687792188296718,0.0018980684109956942,0.6112556557168263,-0.3958442591990677,1.2412225861424815,0.4328245445726217,0.8056571461473776,2.867726329054353
245,E82,LAGO MAYOR,2015-07-30,2015-07-30,2015,7,-16.1109,-69.4173,LS,E82|2015-07-30|9.0,9.0,1.7,7.0,13.09,0.01463293965829644,0.011881814701131947,0.005001369941848002,0.0028315126684540434,0.0017765087482533234,0.001934963095158092,0.6151090905702776,-0.40753237598526576,1.2315407027313512,0.42092640280319576,0.8119909031678684,2.9257857152442246
246,E83,LAGO MAYOR,2015-07-31,2015-07-31,2015,7,-16.1837,-69.5067,LS,E83|2015-07-31|9.0,9.0,1.1,1.33,13.06,0.014591649980231176,0.012380604561688938,0.00488195888974889,0.0025603584783771977,0.0018919332440643852,0.002107138287915947,0.6572699095572063,-0.43438770021886725,1.1785893595854622,0.39432311007918924,0.8484718129882787,2.9888918200394547
248,E85,LAGO MAYOR,2015-07-31,2015-07-31,2015,7,-16.1599,-69.4444,LS,E85|2015-07-31|9.0,9.0,1.11,1.33,13.06,0.014614875424142887,0.011828610449339201,0.005035487385304891,0.0028189008456597706,0.0016226094205052492,0.0018673228408603634,0.6151016925075784,-0.4028156577260522,1.2355529207073024,0.4257040149531834,0.8093541201483617,2.9023749646198373
249,E86,LAGO MAYOR,2015-07-31,2015-07-31,2015,7,-16.1485,-69.3872,LS,E86|2015-07-31|9.0,9.0,0.52,1.0,13.47,0.014558102116803147,0.011649046099538686,0.005061075467897558,0.002686476706319916,0.0016456943196674588,0.0018119808146167676,0.6251999937076573,-0.39425028781532684,1.2497247193188585,0.43446261523811525,0.8001760947889708,2.8764833349476704
250,E88,LAGO MAYOR,2015-08-03,2015-08-03,2015,8,-16.2064,-69.3781,LS,E88|2015-08-03|9.5,9.5,0.59,6.33,13.33,0.0151671248682658,0.013052308240572354,0.005440632026355451,0.003172031883899383,0.001699559084379288,0.0016521038499130447,0.6089785884599165,-0.4115990044173982,1.16202616630624,0.41683290872725864,0.8605656967535107,2.7877500273944946
251,E90,LAGO MAYOR,2015-08-02,2015-08-02,2015,8,-16.2446,-69.3569,LS,E90|2015-08-02|9.0,9.0,0.08,5.33,13.56,0.01463293965829644,0.0123207497784221,0.0047668125180818895,0.0024405461618316124,0.0016918641179918849,0.0018119808146167676,0.6693316757044161,-0.4420722328435032,1.1876662324769838,0.38689302330749425,0.8419872714673112,3.0697529078470356
252,E91,LAGO MAYOR,2015-08-02,2015-08-02,2015,8,-16.232,-69.3428,LS,E91|2015-08-02|10.0,10.0,0.59,1.0,13.38,0.015094867931651587,0.012613373163282201,0.005240192046046227,0.0029702427191910345,0.0015456597566312104,0.0016951476481025076,0.6187992503163188,-0.41298085944216073,1.1967351270362745,0.4154472846211553,0.8356066700807135,2.8805938634342487
253,E92,LAGO MAYOR,2015-08-02,2015-08-02,2015,8,-16.2428,-69.3065,LS,E92|2015-08-02|9.0,9.0,0.59,1.0,13.44,0.015138738214595932,0.012733082729815878,0.005197545241725115,0.0030333018331623954,0.001530269823856404,0.001762787902400237,0.6152190594291919,-0.4202606333582031,1.188929448343056,0.40819218282170777,0.841092679470913,2.912670231399661
255,E94,LAGO MAYOR,2015-08-02,2015-08-02,2015,8,-16.251,-69.2884,LS,E94|2015-08-02|9.0,9.0,0.08,2.0,13.31,0.01508970672189343,0.012600072100334016,0.005299897572095783,0.002989160453382444,0.0016687792188296718,0.0016889985340754416,0.6165095682116033,-0.40783164742734657,1.1975888236309848,0.42062435113612856,0.8350110109855051,2.8471689630706236
256,E95,LAGO MAYOR,2015-08-03,2015-08-03,2015,8,-16.2657,-69.2815,LS,E95|2015-08-03|9.0,9.0,0.59,1.33,12.69,0.014341331306960508,0.011649046099538686,0.004374461918327663,0.002282898376903212,0.0015379647902438072,0.0018304281566979656,0.6722785226566584,-0.4539944510968103,1.2311162607908452,0.37552100879572337,0.8122708441728854,3.2784210484159577
257,E96,LAGO MAYOR,2015-08-03,2015-08-03,2015,8,-16.2501,-69.2737,LS,E96|2015-08-03|7.5,7.5,0.59,3.0,12.83,0.01519551152193567,0.012566819442963548,0.005415043943762784,0.0030333018331623954,0.001591829554955633,0.0017135949901837073,0.6111181336309794,-0.397721579108337,1.2091771017898156,0.4309000807594726,0.8270085938083734,2.806165355919775
258,E97,LAGO MAYOR,2015-08-02,2015-08-02,2015,8,-16.1757,-69.1958,LS,E97|2015-08-02|10.0,10.0,0.51,3.33,12.71,0.014460039131398143,0.01155593865890138,0.0048563708071562225,0.0025351348327886485,0.00134559063055871,0.0015414197974258515,0.6401785634894342,-0.40820382149122597,1.251307947100587,0.4202488893592853,0.7991636644084497,2.9775395512530993
259,E98,LAGO MAYOR,2015-08-05,2015-08-05,2015,8,-16.1117,-69.1016,LS,E98|2015-08-05|9.0,9.0,0.6,7.0,12.94,0.014875516516929869,0.011941669484398787,0.004805194641970889,0.002711700351908458,0.001591829554955633,0.0016582529639401107,0.6298870912091342,-0.42613795409331734,1.245681375680564,0.40238881555546546,0.8027733805434292,3.0957150603817154
260,E99,LAGO MAYOR,2015-08-05,2015-08-05,2015,8,-16.0745,-69.0742,LS,E99|2015-08-05|9.5,9.5,1.62,2.33,13.44,0.014738744458338681,0.012420507750533497,0.005129310354811337,0.0029576308963967617,0.0016303043868926524,0.0017258932182378402,0.6153460087758852,-0.4154571253387797,1.186645793209204,0.412971035070606,0.8427113274764099,2.873435328606756
261,E100,LAGO MAYOR,2015-08-01,2015-08-01,2015,8,-16.0055,-68.9959,LS,E100|2015-08-01|10.0,10.0,1.1,1.33,13.48,0.014723260829064205,0.011815309386391016,0.0050184286635764465,0.0030333018331623954,0.0014379302272075553,0.0015783144815882492,0.5914362516426973,-0.40376536090047727,1.2461171435684495,0.4247394693377433,0.8024926489500585,2.9338382354793207
262,E101,LAGO MAYOR,2015-08-01,2015-08-01,2015,8,-15.8962,-68.9707,LS,E101|2015-08-01|10.5,10.5,1.7,1.0,12.59,0.014465200341156302,0.01194832001587288,0.0049501937766626685,0.003108972769928022,0.002284376529821979,0.0023100590508091335,0.5870475380031704,-0.41412670433625565,1.2106471128403604,0.4143003665608355,0.8260044042302814,2.922147712116588
263,E102,LAGO MAYOR,2015-08-01,2015-08-01,2015,8,-15.9356,-68.9684,LS,E102|2015-08-01|9.0,9.0,2.21,1.0,12.77,0.014341331306960508,0.011269965805515371,0.004822253363699334,0.002863042225439722,0.0017688137818659237,0.001910366639049828,0.5948431478153183,-0.4006726464102736,1.2725264904899323,0.4278853209522665,0.7858381330474812,2.97398897389534
265,E104,LAGO MAYOR,2015-08-01,2015-08-01,2015,8,-15.994,-68.8804,LS,E104|2015-08-01|11.0,11.0,1.18,1.33,13.07,0.014560682721682226,0.012094631708302932,0.00521460396345356,0.003172031883899383,0.0017688137818659237,0.001799682586562634,0.5844498495736197,-0.3974772472824018,1.2038962300762022,0.43115025393650436,0.8306362489209823,2.79228873974739
266,E105,LAGO MAYOR,2015-08-01,2015-08-01,2015,8,-15.9864,-68.8016,LS,E105|2015-08-01|2.2,2.2,1.18,1.0,12.93,0.014612294819263807,0.016331020257300308,0.005965187719505122,0.0031657259725022466,0.0021227822356864982,0.00192266486710396,0.6752559352399927,-0.4649145757728894,0.8947569529818478,0.3652672803201796,1.1176217932688344,2.449594724720806
268,E107,LAGO MAYOR,2015-08-01,2015-08-01,2015,8,-16.0696,-68.9361,LS,E107|2015-08-01|10.5,10.5,1.18,7.67,13.41,0.014519393043616963,0.012327400309896193,0.005316956293824227,0.003077443212942347,0.001761118815478517,0.0017074458761566413,0.600457673119665,-0.397319311562455,1.1778145838378022,0.4313120146056964,0.849029943871217,2.730771048411764
269,E109,LAGO MAYOR,2015-08-04,2015-08-04,2015,8,-16.2611,-69.2611,LS,E109|2015-08-04|10.0,10.0,1.19,3.33,13.3,0.015074223092618955,0.012274196058103447,0.0053681324590095615,0.003216173263679338,0.0016918641179918849,0.0016828494200483756,0.5847518559118361,-0.39144850981243856,1.228122949408485,0.43735100826538476,0.8142506030617833,2.8080939506672022
270,E110,LAGO MAYOR,2015-08-04,2015-08-04,2015,8,-16.2345,-69.2054,LS,E110|2015-08-04|9.0,9.0,1.1,4.33,13.28,0.014921967404753291,0.012127884365673396,0.0052487214069104485,0.002705394440511325,0.0014764050591445747,0.0016828494200483756,0.635226332158406,-0.39588643794464135,1.2303849314892297,0.4327812515252131,0.812753655329423,2.8429713457711316
271,E111,LAGO MAYOR,2015-08-04,2015-08-04,2015,8,-16.2565,-69.1846,LS,E111|2015-08-04|8.0,8.0,1.18,8.0,13.37,0.015004546760883822,0.01250696465969671,0.005184751200428782,0.002989160453382444,0.0019150181432265947,0.001953410437239291,0.6142053915191733,-0.4138780604030077,1.1996952073863516,0.41454908740466717,0.8335449264456875,2.8939756773029455
272,E112,LAGO MAYOR,2015-08-04,2015-08-04,2015,8,-16.2462,-69.1419,LS,E112|2015-08-04|9.5,9.5,0.75,8.33,13.5,0.015125835190200537,0.012693179540971319,0.00532548565468845,0.0031468082383108407,0.0017688137818659237,0.0018857701829415622,0.6026753828984154,-0.4088923012546598,1.1916505198501703,0.41955486550425514,0.8391720881649344,2.8402728559809756
273,E113,LAGO MAYOR,2015-08-04,2015-08-04,2015,8,-16.2174,-69.1367,LS,E113|2015-08-04|9.5,9.5,0.67,10.33,13.34,0.014937451034027768,0.012260894995155262,0.004907546972341557,0.0027180062633055946,0.0015533547230186136,0.0016336565078318458,0.6370886575789859,-0.42830605179136017,1.2183001177018478,0.40026006046219725,0.8208156897993538,3.0437707625506114
274,E115,LAGO MAYOR,2015-08-04,2015-08-04,2015,8,-16.1709,-69.1375,LS,E115|2015-08-04|10.0,10.0,0.52,8.33,13.14,0.014565843931440385,0.011895115764080134,0.004826518044131445,0.0028189008456597706,0.001422540294432749,0.0014922268852093227,0.616841379366869,-0.4227216896566522,1.2245229887465323,0.4057562561055437,0.8166444047749348,3.017877646033732
275,E116,LAGO MAYOR,2015-08-05,2015-08-05,2015,8,-16.1501,-69.1207,LS,E116|2015-08-05|9.0,9.0,2.21,2.33,12.88,0.014612294819263807,0.0123207497784221,0.004984311220119558,0.0028315126684540434,0.0013532855969461133,0.0015844635956153152,0.6262587199092291,-0.42394754545928837,1.1859906171347119,0.4045460629598005,0.8431768649372198,2.9316572024280823
276,E117,LAGO MAYOR,2015-08-04,2015-08-04,2015,8,-16.1653,-69.1027,LS,E117|2015-08-04|9.0,9.0,0.59,6.0,13.71,0.014994224341367504,0.012826190170453184,0.005125045674379225,0.0029197954280139465,0.0017688137818659237,0.0018058317005897016,0.6291377603105304,-0.42900355906623083,1.169031721272693,0.39957658561845244,0.8554086575627927,2.9256756658091683
277,E118,LAGO MAYOR,2015-08-05,2015-08-05,2015,8,-16.0851,-69.1499,LS,E118|2015-08-05|9.0,9.0,1.11,10.33,13.06,0.01524970422439633,0.012992453457305514,0.005444896706787562,0.0031972555294879287,0.0015456597566312104,0.0015537180254799844,0.6050261515374826,-0.409362314756845,1.1737354380966554,0.4190814541378636,0.8519806295350754,2.8007329146672824
278,E119,LAGO MAYOR,2015-08-05,2015-08-05,2015,8,-16.0439,-69.1309,LS,E119|2015-08-05|9.0,9.0,1.03,9.33,13.11,0.014645842682691833,0.012274196058103447,0.004988575900551669,0.0028378185798511764,0.0015456597566312104,0.0017197441042107733,0.6244287793451134,-0.4220422857324873,1.193222058710767,0.4064278809389167,0.8380668484539985,2.9358758970062584
279,E120,LAGO MAYOR,2015-08-05,2015-08-05,2015,8,-16.1421,-68.9605,LS,E120|2015-08-05|10.0,10.0,0.59,6.0,13.66,0.014692293570515257,0.013112163023839192,0.005611219243639897,0.0034368801625790923,0.0019073231768391916,0.0019411122091851588,0.5846430012677443,-0.40061903733113186,1.1205086775762747,0.4279399825565142,0.8924516834935301,2.6183776313482627
280,E121,LAGO MAYOR,2015-08-05,2015-08-05,2015,8,-16.2068,-68.8643,LS,E121|2015-08-05|9.0,9.0,0.59,5.33,13.58,0.014491006389947093,0.013012405051727793,0.0054107792633306725,0.0035314688335361354,0.002284376529821979,0.002076392717780616,0.5730783316450598,-0.41261191582238593,1.113630049073282,0.41581697049887456,0.8979641443530657,2.678173144112671
281,E125,LAGO MENOR,2015-08-06,2015-08-06,2015,8,-16.2135,-68.733,LS,E125|2015-08-06|8.0,8.0,1.19,2.0,13.53,0.014444555502123669,0.0144755219760283,0.005645336687096786,0.003783705289421572,0.002107392302911692,0.0020026033494558206,0.5855568773866414,-0.4388572574319148,0.9978607008564794,0.389991898492756,1.0021437469471686,2.5586698799504473
286,E130,LAGO MENOR,2015-08-07,2015-08-07,2015,8,-16.217,-68.9353,LS,E130|2015-08-07|4.5,4.5,1.19,5.0,12.67,0.01438778219478393,0.013657506604714834,0.00566239540882523,0.0032918442004449683,0.001714949017154098,0.0017320423322649062,0.6115668919630485,-0.41382770867360713,1.0534705607498247,0.41459946958919963,0.9492432864616804,2.540935172316723
287,E131,LAGO MENOR,2015-08-07,2015-08-07,2015,8,-16.2875,-68.9046,LS,E131|2015-08-07|5.0,5.0,1.7,8.67,12.56,0.014312944653290638,0.013857022548937632,0.005717836254442676,0.003216173263679338,0.0018688483449021721,0.0016767003060213096,0.6232487917783963,-0.41579793552796895,1.0329018062748374,0.4126309112667303,0.9681461024587775,2.503209520727385
288,E132,LAGO MENOR,2015-08-07,2015-08-07,2015,8,-16.3144,-68.8451,LS,E132|2015-08-07|5.0,5.0,2.29,6.33,12.62,0.015076803697498035,0.018339480762476455,0.005965187719505122,0.003077443212942347,0.0018303735129651527,0.00192266486710396,0.7126157264430377,-0.5091323316346719,0.8220954055717086,0.3252647919261389,1.2164036830376834,2.527464663137903
290,E135,LAGO MENOR,2015-08-07,2015-08-07,2015,8,-16.2659,-69.0601,LS,E135|2015-08-07|8.0,8.0,1.86,5.0,12.78,0.014005852672680232,0.012593421568859921,0.004928870374502113,0.0025162170985972426,0.0018765433112895719,0.002100989173888881,0.6669387683656519,-0.43741713593832876,1.1121561748680509,0.39138449834041594,0.8991541581949128,2.841594273515613
291,E136,LAGO MENOR,2015-08-07,2015-08-07,2015,8,-16.3028,-68.9852,LS,E136|2015-08-07|5.0,5.0,1.7,9.0,12.38,0.014689712965636178,0.0143757640039169,0.005641072006664675,0.003115278681325162,0.0015610496894060168,0.0015721653675611832,0.643785786899194,-0.4363672438674887,1.021838696002177,0.3924015177715883,0.9786279050460953,2.604063614897545
292,E137,LAGO MENOR,2015-08-08,2015-08-08,2015,8,-16.3653,-68.9031,LS,E137|2015-08-08|6.0,6.0,1.7,6.33,11.82,0.01460455300462657,0.014947709710688917,0.005683718810985786,0.003008078187573846,0.0016533892860548655,0.0016644020779671767,0.6649460845616335,-0.44902321916039245,0.9770427918559489,0.38024008632448525,1.0234964865037057,2.569541337417467
294,E139,LAGO MENOR,2015-08-08,2015-08-08,2015,8,-16.4224,-68.903,LS,E139|2015-08-08|4.0,4.0,1.7,10.33,12.77,0.01522389817560554,0.018239722790365055,0.0059907758020977895,0.0027684535544826826,0.0017072540507666913,0.0018550246128062305,0.7364403385368749,-0.5055177232943818,0.8346561795879501,0.32844662950775355,1.198097976081713,2.541222729291899
295,E141,LAGO MENOR,2015-08-08,2015-08-08,2015,8,-16.4109,-69.0216,LS,E141|2015-08-08|4.0,4.0,1.1,6.67,12.61,0.015959370566143067,0.018938028595144846,0.00643856724746946,0.0032350909978707473,0.0018149835801903463,0.0017135949901837073,0.7081970050810275,-0.49255861316618077,0.8427154729040334,0.33998084199425477,1.1866399949808073,2.478714203645438
296,E142,LAGO MENOR,2015-08-08,2015-08-08,2015,8,-16.4626,-69.0104,LS,E142|2015-08-08|5.0,5.0,2.22,4.33,12.01,0.015043255834070006,0.015566209137779587,0.0059566583586409,0.0032477028206650167,0.001699559084379288,0.0017320423322649062,0.6547551455310323,-0.44648095028489676,0.9664045198490314,0.38266593511955355,1.034763237075445,2.525451755478988
297,E143,LAGO MENOR,2015-08-09,2015-08-09,2015,8,-16.4818,-68.9406,LS,E143|2015-08-09|6.0,6.0,1.7,4.67,11.61,0.015187769707298434,0.01726874519514745,0.005747689017467454,0.0031341964155165714,0.0018688483449021721,0.0017504896743461042,0.6927701091627422,-0.5005578001655749,0.8794946393714574,0.33283765668422216,1.1370164540901984,2.642412806038984
299,E145,LAGO MENOR,2015-08-09,2015-08-09,2015,8,-16.5139,-68.977,LS,E145|2015-08-09|6.0,6.0,1.7,9.33,11.55,0.014723260829064205,0.015586160732201863,0.005888423471727121,0.0030648313901480706,0.0016610842524422686,0.0017381914462919722,0.6713492016170004,-0.45159136571822805,0.9446367285311266,0.3777981759012109,1.0586078623851047,2.500373554888402
301,E147,LAGO MENOR,2015-08-09,2015-08-09,2015,8,-16.56,-68.9168,LS,E147|2015-08-09|6.0,6.0,1.03,9.0,11.74,0.01484454925838092,0.015745773487580102,0.005645336687096786,0.0030459136559566648,0.0018688483449021721,0.0020210506915370203,0.6758232541226713,-0.47217915507074554,0.9427639948793851,0.35853026420197337,1.0607107129224325,2.629523702773392
304,E01,BAHIA PUNO,2016-08-03,2016-08-03,2016,8,-15.853,-69.9605,LS,E01|2016-08-03|8.5,8.5,0.18,30.0,12.9,0.014589069375352096,0.013870323611885817,0.005359603098145338,0.003102666858530889,0.0031000429668867867,0.003041803620030017,0.6343994676555723,-0.44257683346884985,1.0518188855400235,0.3864079066723907,0.9507338887966031,2.722042357643648
305,E02,BAHIA PUNO,2016-08-03,2016-08-03,2016,8,-15.8482,-69.9182,LS,E02|2016-08-03|9.5,9.5,0.03,38.75,13.0,0.015257446039033567,0.013890275206308096,0.00525298608734256,0.002680170794922776,0.001761118815478517,0.0018488754987791645,0.6765118895436327,-0.45119212109580253,1.0984263964531238,0.3781772233554997,0.9103931457715176,2.904527611689252
307,E04,BAHIA PUNO,2016-08-03,2016-08-03,2016,8,-15.8789,-69.8907,LS,E04|2016-08-03|7.0,7.0,1.27,1.5,13.2,0.015572279834281211,0.014621833668458348,0.005427837985059117,0.0029576308963967617,0.0018611533785147655,0.002057945375699417,0.6635129338277881,-0.45856088736622136,1.0650017721697487,0.37121456425491106,0.9389654491890151,2.868964955877667
308,E05,BAHIA PUNO,2016-08-03,2016-08-03,2016,8,-15.8398,-69.8918,LS,E05|2016-08-03|7.0,7.0,0.37,37.25,13.0,0.015267768458549883,0.012925948142564581,0.00488195888974889,0.002547746655582925,0.0016226094205052492,0.0017443405603190382,0.6706995938374415,-0.4517088272367205,1.1811719425905673,0.37768668558913127,0.8466166703431658,3.1273850673392567
310,E07,BAHIA PUNO,2016-08-03,2016-08-03,2016,8,-15.7748,-69.8851,LS,E07|2016-08-03|5.0,5.0,0.25,39.5,12.6,0.01557486043916029,0.015399945850927254,0.0052273980047498935,0.0025036052758029732,0.0016072194877304428,0.0017074458761566413,0.7203230109777983,-0.4931583738649538,1.0113580644093265,0.3394426003772308,0.9887693647281355,2.9794665425402083
311,E08,BAHIA PUNO,2016-08-03,2016-08-03,2016,8,-15.801,-69.8724,LS,E08|2016-08-03|8.5,8.5,0.76,21.5,12.7,0.015629053141620948,0.013384834814277012,0.005351073737281117,0.0027684535544826826,0.0015841345885682298,0.001781235244481436,0.6572272072539175,-0.42878948870287364,1.1676686481988916,0.3997862813956495,0.8564072203597102,2.920731611676587
312,E09,BAHIA PUNO,2016-08-03,2016-08-03,2016,8,-15.8342,-69.8592,LS,E09|2016-08-03|6.0,6.0,0.49,44.0,12.8,0.016101303834492414,0.018538996706699253,0.005338279695984783,0.0024405461618316124,0.001591829554955633,0.0018119808146167676,0.7673403504742149,-0.5528568767740071,0.8685099426207947,0.28794866801540964,1.1513971629792876,3.0161965530593204
314,E13,BAHIA PUNO,2016-08-04,2016-08-04,2016,8,-15.7895,-69.7698,LS,E13|2016-08-04|9.0,9.0,0.88,20.0,12.5,0.014989063131609347,0.011895115764080134,0.005073869509193891,0.0027180062633055946,0.0014994899583067878,0.0016828494200483756,0.6280046697462394,-0.40198313234713584,1.2601022275688836,0.42655062659960874,0.7935862879521204,2.954167455485719
315,E14,BAHIA PUNO,2016-08-04,2016-08-04,2016,8,-15.7489,-69.783,LS,E14|2016-08-04|9.5,9.5,0.21,17.0,12.7,0.015260026643912647,0.012959200799935048,0.005406514582898561,0.0029387131622053524,0.0016610842524422686,0.0017381914462919722,0.6303020025954772,-0.41123831271270006,1.1775437160017936,0.4171950299381602,0.8492252505915074,2.8225252308865785
316,E15,BAHIA PUNO,2016-08-04,2016-08-04,2016,8,-15.715,-69.8226,LS,E15|2016-08-04|8.5,8.5,0.51,33.5,12.5,0.015022610995037374,0.01410309221347908,0.005444896706787562,0.0027684535544826826,0.0015995245213430397,0.001928813981131026,0.6718197693954367,-0.44291999034207685,1.0651997237513444,0.3860781903918485,0.9387909518090428,2.7590253856028033
317,E16,BAHIA PUNO,2016-08-04,2016-08-04,2016,8,-15.6737,-69.8541,LS,E16|2016-08-04|6.5,6.5,0.01,26.5,12.4,0.014857452282776316,0.015938638900328806,0.006293568112777681,0.002774759465879819,0.0019150181432265947,0.002076392717780616,0.703446721615925,-0.43383323788015554,0.932165628666334,0.3948623064536296,1.0727705884026482,2.360735540762012
318,E17,BAHIA PUNO,2016-08-04,2016-08-04,2016,8,-15.6048,-69.9059,LS,E17|2016-08-04|3.5,3.5,1.98,25.75,12.5,0.015069061882860797,0.017102481908295115,0.006907682095001686,0.002875654048233995,0.0024305808911826536,0.002396146647188061,0.7121198483631184,-0.42460348822649063,0.8811037533943062,0.4038993713393097,1.1349399787658383,2.1814929370116274
320,E27,LAGO MAYOR,2016-08-05,2016-08-05,2016,8,-15.4508,-69.8379,LS,E27|2016-08-05|9.8,9.8,0.04,24.75,12.9,0.015672923424565294,0.013830420423041258,0.0054107792633306725,0.0027684535544826826,0.001507184924694191,0.0017381914462919722,0.6664287117974722,-0.43758397913670793,1.1332209587232431,0.3912230219041917,0.8824403186276999,2.8966105925206493
321,E28,LAGO MAYOR,2016-08-05,2016-08-05,2016,8,-15.3928,-69.7822,LS,E28|2016-08-05|8.8,8.8,0.28,25.25,12.9,0.015577441044039369,0.014109742744953172,0.0052487214069104485,0.0024279343390373395,0.001676474185217075,0.0018058317005897016,0.7063753657911954,-0.4577336719894697,1.1040201243634329,0.3719926812127847,0.905780468003872,2.9678538578321776
322,E32,LAGO MAYOR,2016-08-05,2016-08-05,2016,8,-15.3384,-69.7205,LS,E32|2016-08-05|9.8,9.8,0.62,19.0,13.1,0.016483233356596114,0.01657043939036766,0.00554724903715823,0.0025414407441857884,0.00156874465579342,0.001756638788373171,0.7340459344327992,-0.4983879708289446,0.994737192753052,0.3347677494668655,1.0052905292665848,2.9714242635870467
323,E33,LAGO MAYOR,2016-08-05,2016-08-05,2016,8,-15.333,-69.756,LS,E33|2016-08-05|4.6,4.6,0.32,23.75,13.2,0.020596717533848105,0.03977414370347887,0.01950554809145803,0.0029387131622053524,0.0014610151263697684,0.0018734719548874294,0.8623967672008042,-0.34191465333895904,0.5178418715826365,0.4904077318789451,1.9310912870958103,1.0559414368328615
324,E36,LAGO MAYOR,2016-08-05,2016-08-05,2016,8,-15.2971,-69.6814,LS,E36|2016-08-05|9.0,9.0,0.02,14.75,12.8,0.015835501531947273,0.01472824217204384,0.0054107792633306725,0.002743229908894137,0.0018149835801903463,0.0018857701829415622,0.6859760598106519,-0.4626571591849908,1.0751792557312712,0.3673743840406607,0.9300773462875842,2.926657665118253
325,E39,LAGO MAYOR,2016-08-06,2016-08-06,2016,8,-15.3748,-69.5276,LS,E39|2016-08-06|5.0,5.0,1.76,17.0,12.5,0.016021305083240962,0.01841263660869148,0.0057135715740105645,0.0025981939467600093,0.0024921406222818826,0.002543725383837652,0.7526804743636261,-0.5263597334547634,0.8701254770624652,0.3103070671044727,1.1492593995162455,2.804078337276641
326,E41,LAGO MAYOR,2016-08-06,2016-08-06,2016,8,-15.4392,-69.6009,LS,E41|2016-08-06|11.0,11.0,0.27,16.5,12.4,0.014921967404753291,0.011482782812686354,0.004707106992032332,0.0023648752250659787,0.0015379647902438072,0.0016767003060213096,0.6584439696819931,-0.4185127560390458,1.2995078239013151,0.4099273372047507,0.7695219894064775,3.170092428304499
327,E42,LAGO MAYOR,2016-08-06,2016-08-06,2016,8,-15.4967,-69.6685,LS,E42|2016-08-06|11.0,11.0,0.37,23.25,12.5,0.015030352809674612,0.012034776925036092,0.004958723137526891,0.0025981939467600093,0.0016841691516044782,0.0017135949901837073,0.6448849256974485,-0.41639764292585274,1.2489098596831432,0.41203279100075463,0.8006981789936074,3.0310927554785967
328,E43,LAGO MAYOR,2016-08-04,2016-08-04,2016,8,-15.5603,-69.7411,LS,E43|2016-08-04|11.0,11.0,0.43,0.75,13.1,0.014885838936446185,0.01186186310670967,0.004822253363699334,0.002434240250434476,0.0014764050591445747,0.0016889985340754416,0.65945397576536,-0.4219347984989801,1.254932513349736,0.4065341939781307,0.7968554785858827,3.086904549976226
329,E22,LAGO MAYOR,2016-08-05,2016-08-05,2016,8,-15.6181,-69.807,LS,E22|2016-08-05|10.2,10.2,0.09,20.0,12.6,0.015285832692703437,0.012706480603919507,0.005415043943762784,0.0031657259725022466,0.0019457980087762144,0.0020087524634828866,0.6010981513113589,-0.4023632911573101,1.2029949099354373,0.42616391480804816,0.8312585927180954,2.8228450274101844
330,E48,LAGO MAYOR,2016-08-08,2016-08-08,2016,8,-15.5361,-69.3597,LS,E48|2016-08-08|14.5,14.5,0.24,17.25,13.4,0.014194236828853003,0.010298988210297764,0.004596225300797442,0.002522523009994379,0.0018303735129651527,0.001953410437239291,0.6065170056926558,-0.38285872991304865,1.3782164966888648,0.4462792616776182,0.7255752886824778,3.0882371536819915
331,E49,LAGO MAYOR,2016-08-08,2016-08-08,2016,8,-15.6063,-69.4449,LS,E49|2016-08-08|12.8,12.8,0.15,26.75,12.8,0.015241962409759093,0.012294147652525726,0.005231662685182005,0.003077443212942347,0.0017303389499289043,0.0017012967621295753,0.5995933615885609,-0.4029762064223756,1.2397737200475256,0.42554086769621136,0.8065986856164512,2.913406389812467
332,E50,LAGO MAYOR,2016-08-08,2016-08-08,2016,8,-15.6687,-69.5211,LS,E50|2016-08-08|11.9,11.9,0.6,17.5,12.4,0.014932289824269609,0.012187739148940235,0.004997105261415891,0.002680170794922776,0.0015379647902438072,0.001793533472535568,0.639469014168522,-0.4184287793005716,1.2251893822636202,0.4100108141746365,0.816200226232627,2.9881873714725975
333,E51,LAGO MAYOR,2016-08-06,2016-08-06,2016,8,-15.7371,-69.6038,LS,E51|2016-08-06|9.4,9.4,0.26,16.25,12.7,0.015130996399958694,0.012121233834199302,0.005099457591786559,0.0027558417316884097,0.0015456597566312104,0.0017504896743461042,0.6295183103369383,-0.4077522592423142,1.2483048638961716,0.42070446299734743,0.8010862412964523,2.9671770301908964
334,E52,LAGO MAYOR,2016-08-06,2016-08-06,2016,8,-15.8028,-69.6843,LS,E52|2016-08-06|10.3,10.3,0.4,26.5,13.0,0.014733583248580522,0.012021475862087905,0.005014163983144335,0.0026612530607313736,0.0016841691516044782,0.0018796210689144954,0.6374988064589588,-0.4113324495746636,1.2256050914214858,0.41710049777307223,0.8159233801677341,2.938392194534698
336,E58,LAGO MAYOR,2016-08-09,2016-08-09,2016,8,-15.9519,-69.5453,LS,E58|2016-08-09|5.0,5.0,0.33,27.25,12.9,0.015719374312388717,0.015872133585587873,0.00558563116104723,0.0024405461618316124,0.0015379647902438072,0.0017443405603190382,0.7334582854915418,-0.4793836667805789,0.9903755684293488,0.3519143018179208,1.0097178335756616,2.8142516118429013
337,E59,LAGO MAYOR,2016-08-09,2016-08-09,2016,8,-15.8876,-69.4615,LS,E59|2016-08-09|13.0,13.0,0.19,14.75,13.0,0.014841968653501842,0.011449530155315888,0.005009899302712224,0.0027369239974970004,0.0017457288827037107,0.0018119808146167676,0.6141496282171205,-0.39124262950804134,1.2962948833595587,0.4375637076096504,0.7714292929183065,2.9625277464038158
338,E60,LAGO MAYOR,2016-08-09,2016-08-09,2016,8,-15.8271,-69.3776,LS,E60|2016-08-09|12.0,12.0,0.21,16.25,12.6,0.014976160107213952,0.011954970547346972,0.005078134189626003,0.002894571782425401,0.0015533547230186136,0.0017135949901837073,0.6101466263111309,-0.40373355651716164,1.2527139899833084,0.424771750356272,0.7982666894247228,2.9491456111307115
339,E61,LAGO MAYOR,2016-08-08,2016-08-08,2016,8,-15.7585,-69.3045,LS,E61|2016-08-08|10.2,10.2,0.27,19.25,13.2,0.014408427033816562,0.010751224350536102,0.004711371672464443,0.0024972993644058333,0.001953492975163614,0.002100989173888881,0.623007101826314,-0.39061049506026735,1.3401660335487338,0.43821718165636947,0.7461760800902772,3.0582227379350453
341,E68,LAGO MAYOR,2016-08-08,2016-08-08,2016,8,-15.9935,-69.4278,LS,E68|2016-08-08|5.5,5.5,0.28,17.0,13.3,0.014429071872849196,0.011143605707507602,0.004728430394192888,0.0024657698074201546,0.0014302352608201521,0.001768937016427303,0.6376365508419114,-0.4041809675852766,1.2948296051338684,0.4243177741554069,0.7723022681849664,3.0515557211150237
343,E72,LAGO MAYOR,2016-08-09,2016-08-09,2016,8,-15.6921,-69.1709,LS,E72|2016-08-09|5.8,5.8,0.72,23.25,11.9,0.015507764712304235,0.01941021632980546,0.0060590106890115675,0.0024972993644058333,0.002522920487831499,0.002574470953972982,0.7720143365162238,-0.5242092783860521,0.7989485356504075,0.31215573664430957,1.2516449300239898,2.559454496585413
344,E76,LAGO MAYOR,2016-08-11,2016-08-11,2016,8,-15.8125,-69.0449,LS,E76|2016-08-11|12.5,12.5,0.17,18.25,13.4,0.013951659970219573,0.010824380196751127,0.004527990413883664,0.0024657698074201546,0.0018534584121273658,0.0019657086652934237,0.6289326875749958,-0.41012489422193704,1.2889106283883536,0.4183140201347227,0.7758488555489012,3.0812028325498115
345,E78,LAGO MAYOR,2016-08-11,2016-08-11,2016,8,-15.8903,-69.1327,LS,E78|2016-08-11|13.5,13.5,0.22,13.75,12.9,0.014439394292365512,0.01122341208519672,0.004847841446292001,0.002774759465879819,0.0021612570676235177,0.0023223572788632655,0.6035539702407191,-0.3967064690819836,1.2865421759634381,0.4319400354858301,0.7772771544754948,2.9785197131168855
346,E79,LAGO MAYOR,2016-08-11,2016-08-11,2016,8,-15.96,-69.2272,LS,E79|2016-08-11|11.5,11.5,0.61,18.75,12.4,0.014367137355751299,0.011269965805515371,0.0049928405809837794,0.0029702427191910345,0.0022689865970471727,0.0023715501910797953,0.5828371465970726,-0.3859804199453691,1.2748162974819246,0.4430217645841113,0.7844266218125407,2.8775472088822864
347,E80,LAGO MAYOR,2016-08-11,2016-08-11,2016,8,-16.0316,-69.3198,LS,E80|2016-08-11|10.5,10.5,0.34,41.5,12.3,0.01511551277068422,0.012234292869258888,0.0053425443764168945,0.0030396077445595283,0.0016687792188296718,0.0016213582797777138,0.6019866670072601,-0.39209261623247216,1.2355034897980481,0.436685961078727,0.8093865054713975,2.8292717619970498
348,E82,LAGO MAYOR,2016-08-10,2016-08-10,2016,8,-16.1109,-69.4173,LS,E82|2016-08-10|8.2,8.2,1.08,10.25,12.3,0.014346492516718667,0.011010595078025738,0.0046260780638222206,0.002446852073228749,0.0015148798910815942,0.0018919192969686282,0.6363571242144216,-0.4083040265651394,1.302971466308759,0.42014783132901035,0.7674763917186145,3.101220778718191
349,E83,LAGO MAYOR,2016-08-10,2016-08-10,2016,8,-16.1837,-69.5067,LS,E83|2016-08-10|5.5,5.5,0.65,11.5,12.3,0.015285832692703437,0.014349161878020529,0.005496072871972896,0.0028567363140425857,0.0020304426390376565,0.002094840059861815,0.6679351910465261,-0.4461065173312726,1.0652769658164283,0.3830239379602806,0.9387228833236606,2.781227663378615
350,E84,LAGO MAYOR,2016-08-10,2016-08-10,2016,8,-16.2007,-69.4624,LS,E84|2016-08-10|4.7,4.7,1.77,21.75,12.7,0.015634214351379107,0.01727539572662154,0.006046216647715234,0.0029008776938225372,0.0025383104206063087,0.0027896899449203006,0.7124465960987173,-0.481492377849937,0.9049988604479713,0.34999003168465365,1.1049736324053936,2.585784247658868
351,E85,LAGO MAYOR,2016-08-10,2016-08-10,2016,8,-16.1599,-69.4444,LS,E85|2016-08-10|9.8,9.8,0.26,27.5,12.4,0.014749066877854995,0.012001524267665625,0.00510798695265078,0.0027495358202912733,0.0017226439835415011,0.0018058317005897016,0.6272083338416845,-0.40290671214046825,1.2289327022117569,0.4256114817682934,0.8137140846497376,2.8874513829268125
352,E88,LAGO MAYOR,2016-08-10,2016-08-10,2016,8,-16.2064,-69.3781,LS,E88|2016-08-10|6.5,6.5,0.21,18.0,12.8,0.014540037882649594,0.011675648225435058,0.004937399735366335,0.0026612530607313736,0.0018996282104517884,0.0021501820861054106,0.6287547327013316,-0.4055997490868575,1.2453301398413503,0.42288010199984044,0.8029997938566333,2.9448770035010705
353,E94,LAGO MAYOR,2016-08-10,2016-08-10,2016,8,-16.251,-69.2884,LS,E94|2016-08-10|7.4,7.4,0.21,6.5,13.3,0.014506490019221566,0.01298580292583142,0.004775341878946111,0.0025036052758029732,0.0024459708239574635,0.0024699360155128565,0.6767332125825948,-0.46227091073577,1.1171037312803709,0.36773556001773444,0.8951718860629228,3.0377902460530875
354,E97,LAGO MAYOR,2016-08-10,2016-08-10,2016,8,-16.1757,-69.1958,LS,E97|2016-08-10|9.5,9.5,0.13,10.25,13.6,0.014849710468139078,0.011708900882805524,0.005287103530799449,0.00308374912433948,0.001714949017154098,0.0016398056218589118,0.5830700497361837,-0.37784156898806065,1.2682410884274142,0.4515456345708678,0.7884934941616647,2.808665949695852
355,E98,LAGO MAYOR,2016-08-10,2016-08-10,2016,8,-16.1117,-69.1016,LS,E98|2016-08-10|9.0,9.0,0.22,25.5,12.9,0.01425101013619274,0.010877584448543873,0.004609019342093777,0.0024279343390373395,0.0015610496894060168,0.0017135949901837073,0.6350484794583573,-0.4047733632513,1.3101262411227899,0.42371713501094704,0.7632850991827866,3.091982477499507
356,E99,LAGO MAYOR,2016-08-12,2016-08-12,2016,8,-16.0745,-69.0742,LS,E99|2016-08-12|9.2,9.2,0.44,25.0,12.9,0.014439394292365512,0.011050498266870296,0.004596225300797442,0.002604499858157149,0.0016379993532800556,0.0018427263847520985,0.6185279348156802,-0.4124999413238161,1.306673476342849,0.4159291982921581,0.765302011830993,3.1415760120123513
357,E100,LAGO MAYOR,2016-08-12,2016-08-12,2016,8,-16.0055,-68.9959,LS,E100|2016-08-12|10.2,10.2,0.22,21.75,12.1,0.014137463521513263,0.011063799329818484,0.00466019550727911,0.0026171116809514186,0.0022689865970471727,0.0023162081648361995,0.6174067666115867,-0.4072504145181318,1.2778126050784582,0.421211100015899,0.7825872392452324,3.033662528915014
359,E104,LAGO MAYOR,2016-08-11,2016-08-11,2016,8,-15.994,-68.8804,LS,E104|2016-08-11|11.5,11.5,0.4,7.5,13.0,0.014049722955624577,0.011396325903523142,0.005265780128638893,0.0034305742511819594,0.0018765433112895719,0.0018673228408603634,0.5372499330255107,-0.3679334050039867,1.2328290575168692,0.462059413810865,0.8111423355731349,2.6681175332587683
361,E113,LAGO MAYOR,2016-08-10,2016-08-10,2016,8,-16.2174,-69.1367,LS,E113|2016-08-10|9.3,9.3,0.23,19.5,13.1,0.014328428282565111,0.011070449861292577,0.004702842311600222,0.0025603584783771977,0.0014841000255319814,0.0016889985340754416,0.6243276661605442,-0.4036955047938506,1.294294917351915,0.4248103686583838,0.7726213141005723,3.046758595427161
362,E117,LAGO MAYOR,2016-08-10,2016-08-10,2016,8,-16.1653,-69.1027,LS,E117|2016-08-10|10.0,10.0,0.3,17.5,13.4,0.01447036155091446,0.011688949288383245,0.004839312085427779,0.0027369239974970004,0.0015379647902438072,0.0016767003060213096,0.6205533968674818,-0.41441967994219975,1.2379521850901742,0.4140074143558641,0.8077855165864216,2.990168500254273
363,E119,LAGO MAYOR,2016-08-10,2016-08-10,2016,8,-16.0439,-69.1309,LS,E119|2016-08-10|10.5,10.5,0.97,14.2,12.9,0.01387682242872628,0.01041869777683144,0.004344609155302884,0.0024657698074201546,0.0025998701517055377,0.002697453234514307,0.6172492033650481,-0.4114314115407351,1.3319151197253956,0.4170011292546628,0.7507984684206469,3.1940316697434175
364,E120,LAGO MAYOR,2016-08-12,2016-08-12,2016,8,-16.1264,-68.9337,LS,E120|2016-08-12|14.2,14.2,0.56,15.5,12.8,0.013972304809252205,0.011236713148144907,0.004916076333205779,0.002989160453382444,0.001822678546577753,0.00192266486710396,0.5797571626195109,-0.39130308922391227,1.2434511214792203,0.43750123642838995,0.8042132273331837,2.842165381507709
365,E121,LAGO MAYOR,2016-08-12,2016-08-12,2016,8,-16.2068,-68.8643,LS,E121|2016-08-12|10.5,10.5,0.32,14.0,13.3,0.014431652477728273,0.012167787554517955,0.00554724903715823,0.003676504795670263,0.002261291630659766,0.00207024360375355,0.5359205722321988,-0.37372421498391495,1.1860538513688863,0.45589623885258196,0.8431319095414783,2.601586800857706
366,E01,BAHIA PUNO,2017-07-10,2017-07-10,2017,7,-15.853,-69.9605,LS,E01|2017-07-10|5.3,5.3,1.62,31.5,13.9,0.01567808463432345,0.01659039098478994,0.007091063353582466,0.004729591998991971,0.0034770963198695777,0.0030664000761382827,0.5563230720445412,-0.4011293856511924,0.9450098978189971,0.42741988013806714,1.058189843565417,2.2109635243125028
367,E02,BAHIA PUNO,2017-07-11,2017-07-11,2017,7,-15.8461,-69.9271,LS,E02|2017-07-11|6.0,6.0,1.62,35.0,12.7,0.014413588243574721,0.013298377905113802,0.004997105261415891,0.0023585693136688457,0.0015148798910815942,0.0018611737268332974,0.6987190887123942,-0.45373342230999864,1.0838605476966876,0.3757680012782827,0.9226277841268401,2.8843869810946834
368,E05,BAHIA PUNO,2017-07-11,2017-07-11,2017,7,-15.84,-69.8923,LS,E05|2017-07-11|6.6,6.6,1.1,24.25,13.3,0.014609714214384728,0.012992453457305514,0.004967252498391113,0.002421628427640203,0.0014764050591445747,0.001781235244481436,0.6857900731797277,-0.4468447608143681,1.1244768463413661,0.3823182536228235,0.889302307858345,2.9412056821977766
371,E14,BAHIA PUNO,2017-07-12,2017-07-12,2017,7,-15.7489,-69.783,LS,E14|2017-07-12|10.6,10.6,1.7,35.5,11.5,0.014021336301954707,0.010917487637388432,0.004515196372587331,0.002371181136463115,0.0015148798910815942,0.0018488754987791645,0.643127314198303,-0.4148527142660289,1.2843005170563424,0.4135746344744911,0.7786338351525451,3.105365091475525
372,E15,BAHIA PUNO,2017-07-12,2017-07-12,2017,7,-15.715,-69.8226,LS,E15|2017-07-12|6.6,6.6,1.62,44.0,11.5,0.014478103365551696,0.013245173653321056,0.005086663550490225,0.0025288289213915155,0.001507184924694191,0.0019903051214016886,0.6793674593245939,-0.44504593658996167,1.093085123035467,0.3840389940962244,0.9148417029535857,2.84628624943557
373,E16,BAHIA PUNO,2017-07-12,2017-07-12,2017,7,-15.6737,-69.8541,LS,E16|2017-07-12|6.0,6.0,0.59,23.5,11.2,0.014540037882649594,0.015153876186385806,0.00580739454351701,0.0028252067570569035,0.002068917470974669,0.0021501820861054106,0.6857228915617465,-0.44589287154439894,0.9594929207762299,0.3832282967644976,1.0422170331654819,2.503710617555769
374,E17,BAHIA PUNO,2017-07-11,2017-07-11,2017,7,-15.6048,-69.9059,LS,E17|2017-07-11|4.2,4.2,2.72,30.75,11.4,0.015280671482945278,0.019955559910681105,0.007381061622966024,0.0023018161110946213,0.0022151218323353435,0.002396146647188061,0.7931637129709744,-0.4599872669799581,0.7657350024557006,0.36987492639284075,1.305934665699658,2.0702536021574702
377,E28,LAGO MAYOR,2017-07-12,2017-07-12,2017,7,-15.3928,-69.7822,LS,E28|2017-07-12|10.3,10.3,1.1,38.0,13.3,0.015900016653924248,0.015552908074831399,0.005675189450121565,0.0030648313901480706,0.0017226439835415011,0.0018181299286438336,0.6707622070558872,-0.46531339644475855,1.0223178556129129,0.3648956875408909,0.9781692331009972,2.8016710264910425
378,E32,LAGO MAYOR,2017-07-12,2017-07-12,2017,7,-15.3384,-69.7205,LS,E32|2017-07-12|7.0,7.0,0.51,0.75,13.0,0.01576066399045398,0.014096441682004987,0.005564307758886674,0.0031405023269137043,0.0016226094205052492,0.0016889985340754416,0.6356079542762649,-0.43396786652520875,1.1180596655476405,0.39473134353178835,0.8944065298350679,2.8324567656823247
379,E36,LAGO MAYOR,2017-07-13,2017-07-13,2017,7,-15.2971,-69.6814,LS,E36|2017-07-13|10.8,10.8,0.59,4.0,12.6,0.01548970047815068,0.014016635304315869,0.005415043943762784,0.00291348951661681,0.0018380684793525594,0.0018242790426708996,0.6558218116708235,-0.44265813613331695,1.1050939855934794,0.3863297745761895,0.9049002864314283,2.8604934287742516
380,E39,LAGO MAYOR,2017-07-13,2017-07-13,2017,7,-15.3748,-69.5276,LS,E39|2017-07-13|8.4,8.4,0.52,0.25,13.1,0.016186463795502024,0.01941021632980546,0.005854306028270232,0.002781065377276952,0.0023305463281464017,0.002383848419133929,0.7493551036245988,-0.5365591153019772,0.8339146090160884,0.301609504355246,1.1991634106045979,2.7648812604699735
381,E41,LAGO MAYOR,2017-07-13,2017-07-13,2017,7,-15.4392,-69.6009,LS,E41|2017-07-13|13.0,13.0,1.7,36.75,13.5,0.014328428282565111,0.010990643483603457,0.004758283157217666,0.002705394440511325,0.0018534584121273658,0.0019964542354287546,0.6049376092604551,-0.3957323614994301,1.3036931823189415,0.4329394117257069,0.7670515216191154,3.0112594811789126
382,E42,LAGO MAYOR,2017-07-13,2017-07-13,2017,7,-15.4967,-69.6685,LS,E42|2017-07-13|14.0,14.0,0.59,25.0,13.6,0.014336170097202349,0.011649046099538686,0.004515196372587331,0.0021000269463862693,0.0018765433112895719,0.0020394980336182183,0.6945208907346471,-0.4413352062688938,1.230673202254464,0.3876022076317416,0.8125632723378946,3.1750926735207887
383,E43,LAGO MAYOR,2017-07-13,2017-07-13,2017,7,-15.5603,-69.7411,LS,E43|2017-07-13|12.0,12.0,1.1,47.0,13.4,0.014230365297160107,0.010904186574440247,0.004387255959623996,0.0023144279338888907,0.0015610496894060168,0.0019780068933475557,0.6498228679954337,-0.42618151780756997,1.3050367301564516,0.4023459730193802,0.7662618337952656,3.2435677755195127
384,E22,LAGO MAYOR,2017-07-13,2017-07-13,2017,7,-15.6181,-69.807,LS,E22|2017-07-13|9.0,9.0,2.05,3.25,13.1,0.0145761663509567,0.011841911512287388,0.004835047404995667,0.002673864883525643,0.0019304080760014011,0.002064094489726483,0.6315918451192425,-0.42015236242369364,1.2308963046156776,0.40829953776290207,0.8124159957253887,3.014688815916779
385,E48,LAGO MAYOR,2017-07-15,2017-07-15,2017,7,-15.5361,-69.3597,LS,E48|2017-07-15|12.0,12.0,1.7,1.75,13.4,0.014607133609505649,0.01159584184774594,0.005334015015552672,0.003651281150081717,0.002484445655894483,0.0023285063928903333,0.5210530654040807,-0.3698688366290403,1.259687096599887,0.45999373099382124,0.7938478118904924,2.738487017458301
386,E49,LAGO MAYOR,2017-07-15,2017-07-15,2017,7,-15.6063,-69.4449,LS,E49|2017-07-15|9.0,9.0,1.1,1.5,13.2,0.014013594487317468,0.010777826476432474,0.004924605694070001,0.0027180062633055946,0.0023459362609212116,0.002285462594700868,0.5972080249769961,-0.3727588405444028,1.3002244207341918,0.45692007084344943,0.7690978725757128,2.8456271450453157
387,E50,LAGO MAYOR,2017-07-15,2017-07-15,2017,7,-15.6687,-69.5211,LS,E50|2017-07-15|12.0,12.0,1.62,3.0,12.4,0.014816162604711051,0.013830420423041258,0.0063404795975309045,0.005416936341279793,0.005708636572216694,0.004757406433581502,0.43712410735969137,-0.37132405824962483,1.0712734016931376,0.45844442505329364,0.9334683924955878,2.3367570291880915
388,E51,LAGO MAYOR,2017-07-15,2017-07-15,2017,7,-15.7371,-69.6038,LS,E51|2017-07-15|9.8,9.8,2.13,1.5,12.1,0.014217462272764714,0.010531756811891026,0.0044426968052414416,0.0024153225162430667,0.00178420371464073,0.002088690945834748,0.6268930206612601,-0.4066298347642666,1.3499609967020219,0.4218381095153322,0.740762019907299,3.200186664956397
389,E52,LAGO MAYOR,2017-07-15,2017-07-15,2017,7,-15.8028,-69.6843,LS,E52|2017-07-15|9.0,9.0,3.83,2.25,12.1,0.014411007638695641,0.01151603547005682,0.005073869509193891,0.002686476706319916,0.0017995936474155365,0.0018734719548874294,0.621689883620263,-0.3883184129506376,1.25138607160251,0.44059164994715033,0.799113771893426,2.840239539535506
392,E59,LAGO MAYOR,2017-07-16,2017-07-16,2017,7,-15.8876,-69.4615,LS,E59|2017-07-16|10.0,10.0,2.13,1.5,13.2,0.014274235580104452,0.010937439231810711,0.004677254229007555,0.002478381630214424,0.00178420371464073,0.0020149015775099543,0.6305284676998075,-0.4009162663100294,1.3050800989603515,0.42763700919746445,0.7662363707110896,3.05184020995434
393,E60,LAGO MAYOR,2017-07-16,2017-07-16,2017,7,-15.8271,-69.3776,LS,E60|2017-07-16|10.0,10.0,2.21,1.75,12.8,0.013967143599494046,0.010285687147349577,0.004344609155302884,0.0023333456680803,0.001714949017154098,0.002045647147645285,0.6301862405302046,-0.40608046912140194,1.3579201896270898,0.42239363016488174,0.7364201805229519,3.2148209160829357
394,E61,LAGO MAYOR,2017-07-16,2017-07-16,2017,7,-15.7585,-69.3045,LS,E61|2017-07-16|12.8,12.8,1.7,1.75,12.7,0.013923273316549703,0.01033224086766823,0.0044384321248093295,0.0023964047820516574,0.002045832571812463,0.002291611708727934,0.6234626747055794,-0.39902097533670516,1.3475558833091752,0.42957106324602434,0.7420841271070094,3.1369794080535645
396,E72,LAGO MAYOR,2017-07-16,2017-07-16,2017,7,-15.6921,-69.1709,LS,E72|2017-07-16|5.8,5.8,1.54,1.0,12.7,0.01524970422439633,0.019257254105901317,0.005995040482529901,0.0025918880353628763,0.0023536312273086148,0.0024330413313504587,0.7627468941362879,-0.5251884359157908,0.7918939714166799,0.31131334396108934,1.2627951703022922,2.5437195503709797
397,E76,LAGO MAYOR,2017-07-19,2017-07-19,2017,7,-15.8125,-69.0449,LS,E76|2017-07-19|9.0,9.0,1.1,0.75,12.8,0.014003272067801152,0.011349772183204493,0.004805194641970889,0.0029639368077938946,0.0022305117651101533,0.00224856791053847,0.5858603660884765,-0.4051123847510698,1.233793120070746,0.42337362733218886,0.8105085238466093,2.914193949875805
398,E78,LAGO MAYOR,2017-07-19,2017-07-19,2017,7,-15.8903,-69.1327,LS,E78|2017-07-19|10.3,10.3,0.51,0.0,12.5,0.013946498760461414,0.01039209565093507,0.0045109316921552196,0.002446852073228749,0.0016379993532800556,0.0018304281566979656,0.6188391081236119,-0.3946287843911014,1.3420293545101434,0.43407330047775594,0.7451400587548752,3.0917106754253294
399,E79,LAGO MAYOR,2017-07-16,2017-07-16,2017,7,-15.96,-69.2272,LS,E79|2017-07-16|10.0,10.0,0.59,0.0,13.4,0.013918112106791544,0.010199230238186365,0.00436593255746344,0.0023648752250659787,0.001953492975163614,0.0021686294281866086,0.6235505116129354,-0.4004965383544236,1.3646236448372235,0.4280648664104408,0.7328026550674821,3.187889124652143
400,E80,LAGO MAYOR,2017-07-17,2017-07-17,2017,7,-16.0316,-69.3198,LS,E80|2017-07-17|10.0,10.0,0.59,0.0,13.3,0.014101335053206158,0.010784477007906568,0.004749753796353445,0.0027495358202912733,0.0023305463281464017,0.0024699360155128565,0.5936850138925276,-0.38847902410585883,1.3075584226578105,0.44042500646495775,0.7647840578520608,2.9688553741831583
401,E82,LAGO MAYOR,2017-07-17,2017-07-17,2017,7,-16.1109,-69.4173,LS,E82|2017-07-17|10.0,10.0,2.72,1.25,13.0,0.014516812438737883,0.011821959917865109,0.005206074602589338,0.0030396077445595283,0.002045832571812463,0.002082541831807682,0.5909438211264003,-0.38852898253169754,1.227953005393578,0.44037318671236875,0.81436328762884,2.788436731790387
402,E83,LAGO MAYOR,2017-07-17,2017-07-17,2017,7,-16.1837,-69.5067,LS,E83|2017-07-17|8.0,8.0,1.61,0.0,13.4,0.014514231833858804,0.012560168911489455,0.0052273980047498935,0.0032413969092678803,0.002484445655894483,0.0024453395594045907,0.5897372145387635,-0.41224134413817365,1.155576073901824,0.41618847846700824,0.8653691211421862,2.776568580410716
403,E88,LAGO MAYOR,2017-07-20,2017-07-20,2017,7,-16.2064,-69.3781,LS,E88|2017-07-20|8.0,8.0,1.53,1.0,13.2,0.014488425785068013,0.012360652967266657,0.00529136821123156,0.002982854541985304,0.0020612225045872692,0.002082541831807682,0.6111899647741355,-0.40048016507967765,1.1721407154860979,0.42808157442511546,0.853139761178607,2.7381241426726763
404,E94,LAGO MAYOR,2017-07-20,2017-07-20,2017,7,-16.251,-69.2884,LS,E94|2017-07-20|9.0,9.0,1.02,0.75,13.2,0.014441974897244591,0.0123207497784221,0.005747689017467454,0.004931381163700323,0.00466212114352977,0.0036936097068990406,0.4283162590868007,-0.36378684796293104,1.172166790560969,0.46650477075907154,0.853120782508216,2.5126572333154478
405,E97,LAGO MAYOR,2017-07-20,2017-07-20,2017,7,-16.1757,-69.1958,LS,E97|2017-07-20|10.0,10.0,2.13,3.0,12.6,0.014155527755666815,0.011030546672448016,0.004869164848452556,0.002692782617717049,0.001822678546577753,0.0019657086652934237,0.6075612754657879,-0.3875152972669266,1.2833023505282826,0.4414254843043473,0.7792394662779524,2.9071771626274567
406,E98,LAGO MAYOR,2017-07-19,2017-07-19,2017,7,-16.1056,-69.1103,LS,E98|2017-07-19|9.5,9.5,1.53,0.75,13.4,0.014098754448327077,0.01051845574894284,0.004664460187711221,0.0027306180860998674,0.0019996627734880368,0.0021378838580512786,0.5878023756228462,-0.3855646175010751,1.3403824139642992,0.4434548051148306,0.7460556208307687,3.0225901515637044
407,E99,LAGO MAYOR,2017-07-19,2017-07-19,2017,7,-16.0745,-69.0742,LS,E99|2017-07-19|11.0,11.0,0.51,0.0,13.6,0.014111657472722472,0.011396325903523142,0.005005634622280114,0.0030206900103681225,0.00223820673149756,0.0021747785422136763,0.5809548496183577,-0.38962969588663615,1.2382636609309525,0.43923227761504774,0.807582321068214,2.81915395717407
408,E100,LAGO MAYOR,2017-07-19,2017-07-19,2017,7,-16.0055,-68.9959,LS,E100|2017-07-19|10.0,10.0,1.02,1.0,13.7,0.013858758194572727,0.010272386084401392,0.004451226166105664,0.002484687541611564,0.0017995936474155365,0.0018734719548874294,0.6104611575219548,-0.3953621858476388,1.3491273333748526,0.43331955168091807,0.7412197542492978,3.1134690900751356
410,E104,LAGO MAYOR,2017-07-19,2017-07-19,2017,7,-16.0297,-68.8837,LS,E104|2017-07-19|10.2,10.2,1.62,0.25,13.2,0.013967143599494046,0.010584961063683772,0.004860635487588335,0.0028693481368368585,0.0018611533785147655,0.001787384358508502,0.5734677446747399,-0.3706121150116319,1.3195270342455256,0.45920197524985173,0.7578471740077215,2.873521530597738
412,E113,LAGO MAYOR,2017-07-20,2017-07-20,2017,7,-16.2174,-69.1367,LS,E113|2017-07-20|10.0,10.0,1.53,0.75,11.9,0.01390520908239615,0.010824380196751127,0.004707106992032332,0.0026360294151428244,0.0019150181432265947,0.002057945375699417,0.6083284542874846,-0.39386265696912237,1.2846193079905313,0.43486153217193996,0.7784406084201978,2.9540875429102833
413,E117,LAGO MAYOR,2017-07-19,2017-07-19,2017,7,-16.1653,-69.1027,LS,E117|2017-07-19|8.5,8.5,2.13,0.25,13.4,0.013874241823847201,0.010711321161691541,0.004566372537772665,0.0025540525669800578,0.0019919678071006336,0.0021501820861054106,0.6149293752765593,-0.40221700621719986,1.2952875111410307,0.42631268753208146,0.7720292413565665,3.038350171986724
414,E120,LAGO MAYOR,2017-07-21,2017-07-21,2017,7,-16.1264,-68.9337,LS,E120|2017-07-21|9.5,9.5,2.13,31.25,12.9,0.01379166246771667,0.010691369567269264,0.00510798695265078,0.0033485974030191927,0.0023536312273086148,0.0023223572788632655,0.5229906634964504,-0.3533930166197504,1.289980772899098,0.4777672722605327,0.7752052239597834,2.7000185974517645
415,E121,LAGO MAYOR,2017-07-21,2017-07-21,2017,7,-16.2068,-68.8643,LS,E121|2017-07-21|9.0,9.0,1.62,26.25,13.3,0.013531021374929689,0.01025243448997911,0.004728430394192888,0.0032666205548564226,0.002399801025633034,0.00226701525261967,0.5167382923744418,-0.36873730387124,1.319786053582597,0.4612006970260412,0.7576984359271216,2.8616300516800335
416,E122,LAGO MENOR,2017-07-21,2017-07-21,2017,7,-16.2276,-68.8361,LS,E122|2017-07-21|9.0,9.0,1.7,39.25,13.2,0.013332314799240602,0.010152676517867712,0.004847841446292001,0.003285538289047832,0.002615260084480344,0.0024822342435669885,0.5110156234643836,-0.35364343622046635,1.3131821409452868,0.47749388649056157,0.7615088534315997,2.7501543102825403
417,E123,LAGO MENOR,2017-07-21,2017-07-21,2017,7,-16.1925,-68.797,LS,E123|2017-07-21|6.5,6.5,1.1,32.25,13.1,0.013102640965002566,0.01116355730192988,0.004775341878946111,0.0029576308963967617,0.0021689520340109243,0.002064094489726483,0.5811073196657913,-0.4007939914604997,1.1736975443338233,0.4277616284872703,0.8520081165117674,2.743811553882438
418,E125,LAGO MENOR,2017-07-21,2017-07-21,2017,7,-16.2626,-68.7843,LS,E125|2017-07-21|8.0,8.0,2.13,37.5,13.3,0.015448410800085417,0.02090658591147643,0.005717836254442676,0.003209867352282198,0.00202274767265025,0.002057945375699417,0.7338026712238643,-0.5704818302496141,0.7389255293318676,0.273494486625358,1.3533161972909626,2.7017926731094395
424,E130,LAGO MENOR,2017-07-22,2017-07-22,2017,7,-16.3144,-68.8451,LS,E130|2017-07-22|5.4,5.4,1.62,24.5,11.1,0.014441974897244591,0.016224611753714813,0.005061075467897558,0.0029261013394110795,0.002092002370136882,0.0021194365159700806,0.6944132918300527,-0.5244620784439746,0.8901275559836048,0.3119381365042914,1.1234343464601915,2.8535381729262803
425,E136,LAGO MENOR,2017-07-22,2017-07-22,2017,7,-16.2659,-69.0601,LS,E136|2017-07-22|7.0,7.0,1.02,20.25,11.4,0.013703921901827985,0.013092211429416911,0.005346809056849005,0.0029576308963967617,0.0024459708239574635,0.0024514886734316567,0.6314442033661635,-0.4200549567305931,1.0467231551358442,0.4083961427967096,0.9553623092604034,2.5630089260930307
426,E135,LAGO MENOR,2017-07-22,2017-07-22,2017,7,-16.3028,-68.9852,LS,E135|2017-07-22|6.0,6.0,3.32,28.5,12.0,0.014560682721682226,0.014355812409494623,0.005611219243639897,0.0030269959217652555,0.0020150527062628466,0.00192266486710396,0.6517252920307026,-0.4379515633476944,1.0142708257863053,0.3908673847717162,0.9859298288388388,2.594922688729996
427,E137,LAGO MENOR,2017-07-22,2017-07-22,2017,7,-16.4011,-68.8334,LS,E137|2017-07-22|6.0,6.0,1.1,15.5,13.2,0.014336170097202349,0.018292927042157802,0.0060376872868510125,0.002680170794922776,0.0018842382776769785,0.0017381914462919722,0.7444181886766094,-0.5036962522150091,0.7837001306823749,0.33005581571941817,1.275998097269333,2.3744468770313834
431,E142,LAGO MENOR,2017-07-22,2017-07-22,2017,7,-16.4515,-68.998,LS,E142|2017-07-22|6.0,6.0,0.59,20.0,11.8,0.01468455175587802,0.014861252801525705,0.005504602232837118,0.002642335326539961,0.0019381030423888078,0.0019718577793204897,0.6980806842291359,-0.4594282976812432,0.9881098830551199,0.3703995844732829,1.0120330560000852,2.667685777655855
432,E-148,LAGO MENOR,2017-07-22,2017-07-22,2017,7,-16.5187,-68.8773,LS,E-148|2017-07-22|6.0,6.0,0.43,13.75,12.4,0.015618730722104634,0.0259343877058909,0.007381061622966024,0.0026612530607313736,0.0018149835801903463,0.0018242790426708996,0.81386998882902,-0.5568985530672685,0.6022401722758515,0.28460518991486555,1.6604669423437812,2.116054492412417
433,E-145,LAGO MENOR,2017-07-23,2017-07-23,2017,7,-16.5139,-68.977,LS,E-145|2017-07-23|6.5,6.5,1.03,26.0,10.7,0.014831646233985526,0.015419897445349533,0.005837247306541788,0.003285538289047832,0.0019457980087762144,0.001793533472535568,0.6487076099104315,-0.4507966521307379,0.9618510969155302,0.3785529020978887,1.03966182596469,2.54086265567352
435,E-147,LAGO MENOR,2017-07-23,2017-07-23,2017,7,-16.493,-69.0596,LS,E-147|2017-07-23|6.5,6.5,2.29,15.5,11.2,0.015314219346373305,0.0223098480525101,0.0070654752709898,0.0028189008456597706,0.001984272840713227,0.0021563312001324766,0.7756433282926605,-0.5189516416445141,0.686433122444201,0.31669758295360845,1.4568059978184584,2.1674716266831284
437,E01,BAHIA PUNO,2018-07-18,2018-07-18,2018,7,-15.853,-69.9605,LS,E01|2018-07-18|5.4,5.4,3.07,15.14,12.9,0.015112932165805141,0.015931988368854712,0.00606754004987579,0.003783705289421572,0.003946489269501214,0.0037551008471697024,0.6161732208777901,-0.4483936056641413,0.9485903998498306,0.3808400764902068,1.0541956477980583,2.4907836702834536
438,E02,BAHIA PUNO,2018-07-18,2018-07-18,2018,7,-15.8461,-69.9271,LS,E02|2018-07-18|6.0,6.0,1.53,15.43,12.8,0.014266493765467216,0.012141185428621583,0.005304162252527894,0.003613445681698902,0.005439312748657558,0.004468398074309388,0.5412846004405498,-0.3919109500792848,1.1750493948297707,0.4368734706209505,0.8510279243931697,2.6896784820240955
439,E03,BAHIA PUNO,2018-07-18,2018-07-18,2018,7,-15.8745,-69.9079,LS,E03|2018-07-18|7.5,7.5,2.13,8.29,13.6,0.015647117375774504,0.015479752228616372,0.007688118614078029,0.008645562976613407,0.008763538228016024,0.0073277360968951955,0.2832787431205349,-0.3363120129221236,1.0108118097676608,0.49665640663221455,0.9893037079966587,2.0352333419894286
446,E16,BAHIA PUNO,2018-07-19,2018-07-19,2018,7,-15.6737,-69.8541,LS,E16|2018-07-19|7.0,7.0,3.4,8.29,11.8,0.014434233082607353,0.015300187878815857,0.005914011554319789,0.004824180669949007,0.008571164068330927,0.0073338852109222615,0.5205632496203995,-0.4424478006644679,0.9434022806471705,0.38653193115204854,1.0599930547926988,2.4406835376201754
447,E17,BAHIA PUNO,2018-07-19,2018-07-19,2018,7,-15.6048,-69.9059,LS,E17|2018-07-19|1.5,1.5,1.02,25.71,10.5,0.012617487247735707,0.011775406197546455,0.005641072006664675,0.0029324072508082194,0.004739070807403805,0.0045114418724988515,0.6012449353226291,-0.35221436657522376,1.0715117563293022,0.47905536615668454,0.9332607224468492,2.2367175948314637
450,E28,LAGO MAYOR,2018-07-20,2018-07-20,2018,7,-15.3928,-69.7822,LS,E28|2018-07-20|8.0,8.0,2.72,11.14,12.2,0.016416137629740056,0.016876363838175947,0.005841511986973899,0.002806289022865501,0.001676474185217075,0.0017320423322649062,0.7148464284666322,-0.4857342935756173,0.9727294821575074,0.34613567809104495,1.02803492458343,2.8102544094906086
451,E32,LAGO MAYOR,2018-07-20,2018-07-20,2018,7,-15.3384,-69.7205,LS,E32|2018-07-20|7.0,7.0,1.1,11.71,12.6,0.01632839706385137,0.01617140750192207,0.005581366480615119,0.0026612530607313736,0.0014456251935949585,0.0016644020779671767,0.7173789215212325,-0.4868363245520851,1.0097077853119993,0.34513793155072053,0.9903854278101626,2.925519081221978
452,E36,LAGO MAYOR,2018-07-20,2018-07-20,2018,7,-15.2971,-69.6814,LS,E36|2018-07-20|7.5,7.5,2.2,12.0,12.5,0.01646258851756348,0.017142385097139678,0.0060376872868510125,0.0030711373015452105,0.0017995936474155365,0.001756638788373171,0.6961303835089907,-0.4790622370487456,0.9603440515384478,0.3522081029232238,1.0412933566041322,2.7266377022835053
453,E39,LAGO MAYOR,2018-07-21,2018-07-21,2018,7,-15.3748,-69.5276,LS,E39|2018-07-21|7.0,7.0,1.7,11.43,11.8,0.01651162001026598,0.019483372176020485,0.006050481328147345,0.002812594934262634,0.0022766815634345794,0.0023285063928903333,0.7477036726684734,-0.5260815927998853,0.8474723478882987,0.31054588307090913,1.1799793711293907,2.728975826183733
454,E41,LAGO MAYOR,2018-07-21,2018-07-21,2018,7,-15.4392,-69.6009,LS,E41|2018-07-21|8.5,8.5,2.89,15.14,11.9,0.0141452053361505,0.010578310532209678,0.004489608289994664,0.002781065377276952,0.0031000429668867867,0.0030602509621112167,0.5836533550749529,-0.4040837961748774,1.3371893324449808,0.42441634246867754,0.7478371315924174,3.150653970641466
455,E42,LAGO MAYOR,2018-07-21,2018-07-21,2018,7,-15.4967,-69.6685,LS,E42|2018-07-21|10.0,10.0,2.72,18.29,12.2,0.015234220595121856,0.012107932771251117,0.005184751200428782,0.0031278905041194315,0.002130477202073905,0.0020333489195911523,0.5894031136633915,-0.4003531887708808,1.2582015133989042,0.428211063785249,0.7947851287083938,2.93827361582719
456,E43,LAGO MAYOR,2018-07-21,2018-07-21,2018,7,-15.5603,-69.7411,LS,E43|2018-07-21|11.0,11.0,2.29,11.71,12.0,0.015321961161010544,0.012081330645354743,0.005278574169935228,0.0030648313901480706,0.0018688483449021721,0.001953410437239291,0.5952992341408101,-0.39186597829510667,1.2682344637813017,0.43691989632325284,0.7884976165845022,2.902669881122211
457,E22,LAGO MAYOR,2018-07-21,2018-07-21,2018,7,-15.6181,-69.807,LS,E22|2018-07-21|8.0,8.0,2.37,20.86,11.8,0.014978740712093031,0.014289307094753689,0.006643271908210796,0.0070312496589465985,0.010217886875235352,0.008920356629905354,0.3404253078016882,-0.3652696029567334,1.048248145590231,0.46491207720896366,0.9539724610657563,2.254723073860169
458,E48,LAGO MAYOR,2018-07-22,2018-07-22,2018,7,-15.5289,-69.3654,LS,E48|2018-07-22|11.0,11.0,1.62,16.0,12.5,0.014302622233774322,0.010764525413484287,0.004860635487588335,0.0052025353537771685,0.002107392302911692,0.002100989173888881,0.34834148829506706,-0.3778450401522347,1.328681047766115,0.45154197229704535,0.7526259510258829,2.9425410170655955
459,E49,LAGO MAYOR,2018-07-22,2018-07-22,2018,7,-15.6063,-69.4449,LS,E49|2018-07-22|13.0,13.0,1.7,10.57,12.5,0.01498132131697211,0.011356422714678585,0.00492034101363789,0.0027306180860998674,0.0015610496894060168,0.0017258932182378402,0.6123219303645464,-0.39541529342400134,1.3191935853545351,0.4332650081801873,0.7580387414676385,3.0447723502650503
460,E50,LAGO MAYOR,2018-07-22,2018-07-22,2018,7,-15.6687,-69.5211,LS,E50|2018-07-22|11.0,11.0,1.7,15.43,12.3,0.014996804946246584,0.01146948174973817,0.0049501937766626685,0.0027999831114683613,0.0016610842524422686,0.0016705511919942427,0.607555932548184,-0.3970411939963178,1.3075397795588417,0.431596950331145,0.7647949697321225,3.0295383561365954
461,E51,LAGO MAYOR,2018-07-23,2018-07-23,2018,7,-15.7371,-69.6038,LS,E51|2018-07-23|10.5,10.5,1.7,16.57,12.4,0.014289719209378927,0.01041869777683144,0.0047412244354892216,0.0030459136559566648,0.0031769926307608255,0.0031217421023818784,0.5475674964784784,-0.374505415484431,1.371545479475389,0.4550687698191745,0.7291043928203174,3.0139295006765368
462,E52,LAGO MAYOR,2018-07-23,2018-07-23,2018,7,-15.8028,-69.6843,LS,E52|2018-07-23|12.0,12.0,2.21,6.57,12.7,0.014996804946246584,0.012127884365673396,0.005129310354811337,0.0029387131622053524,0.001676474185217075,0.0017258932182378402,0.6099035018730139,-0.4055452649560306,1.2365556314288177,0.42293526036527923,0.8086978259999941,2.9237462709647084
463,E53,LAGO MAYOR,2018-07-23,2018-07-23,2018,7,-15.8686,-69.7634,LS,E53|2018-07-23|9.5,9.5,3.31,12.57,13.3,0.015502603502546076,0.01352449597523297,0.005244456726478338,0.0029261013394110795,0.0016379993532800556,0.001787384358508502,0.644255876480029,-0.4411561443619351,1.146261005561653,0.3877746237869227,0.8724015356911008,2.955997418813422
465,E59,LAGO MAYOR,2017-07-16,2017-07-16,2017,7,-15.8876,-69.4615,LS,E59|2017-07-16|10.0,10.0,1.62,34.29,12.0,0.014274235580104452,0.010937439231810711,0.004677254229007555,0.002478381630214424,0.00178420371464073,0.0020149015775099543,0.6305284676998075,-0.4009162663100294,1.3050800989603515,0.42763700919746445,0.7662363707110896,3.05184020995434
466,E60,LAGO MAYOR,2018-07-24,2018-07-24,2018,7,-15.8271,-69.3776,LS,E60|2018-07-24|13.5,13.5,2.21,15.71,12.2,0.014885838936446185,0.01146948174973817,0.005048281426601225,0.003209867352282198,0.0019688829079384206,0.002051796261672351,0.5626689424294863,-0.3887451264339329,1.2978648873059255,0.4401490055614295,0.7704961089670544,2.9486937691931256
467,E61,LAGO MAYOR,2018-07-24,2018-07-24,2018,7,-15.7585,-69.3045,LS,E61|2018-07-24|13.0,13.0,2.21,8.57,12.5,0.014798098370557497,0.011063799329818484,0.004754018476785555,0.0028315126684540434,0.0014841000255319814,0.0017074458761566413,0.5924506099566007,-0.39890334629440544,1.3375239908003906,0.42969127560742515,0.7476500226665036,3.1127550997252698
469,E72,LAGO MAYOR,2018-07-24,2018-07-24,2018,7,-15.6921,-69.1709,LS,E72|2018-07-24|4.0,4.0,1.1,23.71,11.8,0.014785195346162103,0.014016635304315869,0.004736959755057111,0.002522523009994379,0.0025152255214440956,0.0024453395594045907,0.6949635151271799,-0.49482112763225533,1.05483191724177,0.3379526765347084,0.9480182052471874,3.1212408357780124
470,E76,LAGO MAYOR,2018-07-24,2018-07-24,2018,7,-15.8125,-69.0449,LS,E76|2018-07-24|13.0,13.0,0.59,4.57,13.1,0.01433358949232327,0.011196809959300348,0.004852106126724111,0.002863042225439722,0.0017534238490911173,0.0018427263847520985,0.5927350466863851,-0.3953353237833886,1.2801492804000085,0.4333471507522267,0.7811587728348381,2.9540958428921904
471,E78,LAGO MAYOR,2018-07-24,2018-07-24,2018,7,-15.8903,-69.1327,LS,E78|2018-07-24|13.0,13.0,1.1,6.86,13.1,0.014491006389947093,0.010924138168862525,0.004822253363699334,0.0027243121747027275,0.0015148798910815942,0.001596761823669449,0.6007880152663413,-0.38751001491580656,1.3265124295790136,0.4414309712791265,0.7538563658756376,3.0050273786948254
472,E79,LAGO MAYOR,2018-07-25,2018-07-25,2018,7,-15.96,-69.2272,LS,E79|2018-07-25|10.5,10.5,1.62,1.14,12.3,0.01459939179486841,0.010897536042966154,0.004826518044131445,0.0026234175923485516,0.0014841000255319814,0.0016398056218589118,0.6119478005648245,-0.3860974770952242,1.3396964596042946,0.4428998979404007,0.7464376221726541,3.0248283828113722
473,E80,LAGO MAYOR,2018-07-25,2018-07-25,2018,7,-16.0316,-69.3198,LS,E80|2018-07-25|12.3,12.3,2.21,0.29,13.0,0.01471551901442697,0.011097051987188949,0.004839312085427779,0.0027306180860998674,0.0014994899583067878,0.0016275073938047798,0.6050501097940264,-0.3926704661475014,1.3260745020696376,0.436089842142283,0.7541053239239588,3.0408280585809973
474,E82,LAGO MAYOR,2018-07-25,2018-07-25,2018,7,-16.1109,-69.4173,LS,E82|2018-07-25|11.0,11.0,1.19,0.57,13.3,0.014764550507129472,0.011702250351331432,0.0050653401483296695,0.0028315126684540434,0.0018072886138029397,0.0018919192969686282,0.6103537714525465,-0.3958177418107964,1.2616846163921804,0.4328517646951206,0.792590980205574,2.9148185827519595
475,E83,LAGO MAYOR,2018-07-25,2018-07-25,2018,7,-16.1837,-69.5067,LS,E83|2018-07-25|7.0,7.0,1.1,0.57,12.9,0.014349073121597744,0.011496083875634541,0.004809459322403,0.0028189008456597706,0.0020843074037494823,0.002064094489726483,0.6061607883455304,-0.4100828817498965,1.2481704229593842,0.4183562816760725,0.8011725201371023,2.983510032250015
476,E88,LAGO MAYOR,2018-07-25,2018-07-25,2018,7,-16.2064,-69.3781,LS,E88|2018-07-25|9.4,9.4,1.1,0.29,13.5,0.014041981140987338,0.010731272756113823,0.0045322550943157755,0.0023270397566831635,0.001699559084379288,0.0018242790426708996,0.6435925275644987,-0.4061326658168942,1.3085101974019944,0.4223408327211538,0.7642277741395327,3.09823206120201
477,E94,LAGO MAYOR,2018-07-26,2018-07-26,2018,7,-16.251,-69.2884,LS,E94|2018-07-26|9.0,9.0,1.7,0.57,12.6,0.014875516516929869,0.013245173653321056,0.0065238608561116835,0.006394352607835867,0.006524303009281501,0.004738959091500302,0.34882820519996677,-0.3399919431578904,1.1230894953280233,0.49254623112696444,0.8904008642554242,2.280170372245726
478,E97,LAGO MAYOR,2018-07-26,2018-07-26,2018,7,-16.1757,-69.1958,LS,E97|2018-07-26|10.5,10.5,2.21,0.57,12.4,0.014519393043616963,0.011256664742567186,0.004924605694070001,0.002793677200071225,0.001614914454117846,0.0017443405603190382,0.602333165606473,-0.3913202416319592,1.2898484662924425,0.4374835148073696,0.7752847473352965,2.948335561721221
479,E98,LAGO MAYOR,2018-07-26,2018-07-26,2018,7,-16.1056,-69.1103,LS,E98|2018-07-26|12.0,12.0,2.88,6.86,12.7,0.014411007638695641,0.011010595078025738,0.004958723137526891,0.002894571782425401,0.0018149835801903463,0.0018980684109956942,0.5836695663835749,-0.37896868731917444,1.3088308331876994,0.4503591905821704,0.7640405577483799,2.906192649362215
480,E99,LAGO MAYOR,2018-07-28,2018-07-28,2018,7,-16.0745,-69.0742,LS,E99|2018-07-28|11.0,11.0,1.19,10.0,12.4,0.014594230585110253,0.011895115764080134,0.005304162252527894,0.0029197954280139465,0.0016533892860548655,0.001793533472535568,0.6058301405833395,-0.3832110349037225,1.226909401106568,0.4459109025768418,0.8150559825442342,2.751467081665489
481,E100,LAGO MAYOR,2018-07-28,2018-07-28,2018,7,-16.0055,-68.9959,LS,E100|2018-07-28|13.0,13.0,2.29,0.29,12.1,0.014426491267970114,0.010651466378424703,0.004715636352896555,0.0026990885291141853,0.0015456597566312104,0.001775086130454369,0.5956589301888104,-0.3862686248046682,1.3544135052407886,0.44272175704620836,0.7383268351429563,3.059287682312703
483,E104,LAGO MAYOR,2018-07-28,2018-07-28,2018,7,-16.0297,-68.8837,LS,E104|2018-07-28|12.0,12.0,0.59,0.57,13.1,0.014761969902250392,0.01329172737363971,0.006229597906296015,0.005290818113337072,0.004739070807403805,0.004314670223632731,0.4305604329261289,-0.3617648394413777,1.1106132691912725,0.4686823061063012,0.9004033039797856,2.369650137078816
486,E117,LAGO MAYOR,2018-07-26,2018-07-26,2018,7,-16.1653,-69.1027,LS,E117|2018-07-26|9.1,9.1,1.11,0.29,13.3,0.014537457277770515,0.011788707260494642,0.004971517178823224,0.002976548630588171,0.0017918986810281333,0.0018857701829415622,0.5968171563089025,-0.40674811364284813,1.2331679567037261,0.4217185690720134,0.8109194217617095,2.924148470319298
487,E120,LAGO MAYOR,2018-07-28,2018-07-28,2018,7,-16.1264,-68.9337,LS,E120|2018-07-28|9.5,9.5,1.19,10.29,13.1,0.014540037882649594,0.011655696631012779,0.0050184286635764465,0.002888265871028268,0.0016379993532800556,0.0016951476481025076,0.6028226596384213,-0.39805791620938685,1.2474618287936998,0.4305558382214475,0.8016276108395655,2.89732821965815
488,E121,LAGO MAYOR,2018-07-28,2018-07-28,2018,7,-16.2068,-68.8643,LS,E121|2018-07-28|8.0,8.0,1.7,0.29,13.3,0.014297461024016165,0.011888465232606041,0.005052546107033336,0.00309005503573662,0.0018996282104517884,0.001934963095158092,0.5874017894853879,-0.4035130244004191,1.2026329338264903,0.42499562249467565,0.8315087819527962,2.829753136613721
489,E122,LAGO MENOR,2018-07-29,2018-07-29,2018,7,-16.2276,-68.8361,LS,E122|2018-07-29|9.0,9.0,3.39,0.57,11.8,0.01384843577505641,0.011316519525834024,0.004869164848452556,0.0031783377952965194,0.00223820673149756,0.002211673226376074,0.5614530028674857,-0.39833683457260766,1.2237361955419408,0.43027049147632773,0.8171694545493513,2.8441084584246616
490,E123,LAGO MENOR,2018-07-29,2018-07-29,2018,7,-16.1925,-68.797,LS,E123|2018-07-29|9.0,9.0,0.59,12.29,11.4,0.01425101013619274,0.011589191316271848,0.0049459290962305565,0.003373821048607735,0.002107392302911692,0.002051796261672351,0.5490451734105116,-0.40176676386653204,1.2296810465543453,0.42677081898849906,0.8132188800862858,2.881361009742913
491,E125,LAGO MENOR,2018-07-29,2018-07-29,2018,7,-16.2626,-68.7843,LS,E125|2018-07-29|7.5,7.5,1.78,9.43,11.4,0.014320686467927876,0.013418087471647478,0.00532548565468845,0.003323373757430647,0.001976577874325827,0.002076392717780616,0.6029768234153046,-0.431753397853209,1.06726725630015,0.39688854831604675,0.9369722998074059,2.6890850351338758
495,E132,LAGO MENOR,2018-07-29,2018-07-29,2018,7,-16.3339,-68.7808,LS,E132|2018-07-29|7.0,7.0,0.59,6.0,11.5,0.014529715463133277,0.02010187160311116,0.006221068545431791,0.002888265871028268,0.002045832571812463,0.0020271998055640863,0.74873867121095,-0.5273272078279031,0.722804076515962,0.3094770655580097,1.383500610911183,2.3355655095999737
497,E130,LAGO MENOR,2018-07-29,2018-07-29,2018,7,-16.3144,-68.8451,LS,E130|2018-07-29|6.0,6.0,1.1,5.43,11.5,0.01466132631196631,0.017095831376821025,0.006417243845308905,0.0053917126956912476,0.005454702681432364,0.004831195801906297,0.5204711605197113,-0.4541552721826204,0.8575965176076784,0.37536890300875736,1.1660493632706581,2.284676160156791
498,E136,LAGO MENOR,2018-07-29,2018-07-29,2018,7,-16.2659,-69.0601,LS,E136|2018-07-29|8.0,8.0,1.58,3.14,11.8,0.01379166246771667,0.012866093359297741,0.00521886864388567,0.0028315126684540434,0.0022459016978849597,0.002291611708727934,0.6392426994193174,-0.42284989546652463,1.0719385450294063,0.4056295949760567,0.9328891608626116,2.6426531813981446
500,E137,LAGO MENOR,2018-07-29,2018-07-29,2018,7,-16.4011,-68.8334,LS,E137|2018-07-29|5.0,5.0,2.05,6.29,11.7,0.015595505278192923,0.025342490404696605,0.00822120366809192,0.0033612092258134656,0.003361671824058516,0.0028819266553262958,0.7657995553200043,-0.5101132845914103,0.6153895853863319,0.3244039244921406,1.624986707878334,1.896985406375064
502,E141,LAGO MENOR,2018-07-30,2018-07-30,2018,7,-16.3764,-69.0073,LS,E141|2018-07-30|5.5,5.5,3.39,1.71,10.3,0.014914225590116056,0.014342511346546434,0.005760483058763787,0.0031594200611051136,0.0024459708239574635,0.0026052165241083136,0.6389632313145183,-0.4269029622080945,1.0398614433619287,0.4016369600790943,0.96166645047833,2.589057696883321
503,E142,LAGO MENOR,2018-07-30,2018-07-30,2018,7,-16.4515,-68.998,LS,E142|2018-07-30|7.0,7.0,1.35,1.71,10.5,0.014718099619306048,0.01331832949953608,0.005154898437404003,0.0028252067570569035,0.002653734916417367,0.003047952734057083,0.6499890684238865,-0.4419060192453974,1.105100944883349,0.38705289957953554,0.9048945814425363,2.8551671663100473
505,E145,LAGO MENOR,2018-07-30,2018-07-30,2018,7,-16.5139,-68.977,LS,E145|2018-07-30|6.5,6.5,2.21,0.57,10.5,0.015180027892661197,0.015373343725030884,0.005760483058763787,0.0029261013394110795,0.002453665790344863,0.002574470953972982,0.6801977689262574,-0.4548565818085354,0.9874251936824829,0.374705905695627,1.0127348132033627,2.635200052253745
509,E01,BAHIA PUNO,2019-07-11,2019-07-11,2019,7,-15.8522,-69.9607,LS,E01|2019-07-11|8.0,8.0,1.62,10.5,13.1,0.018632877220868954,0.021884214038168134,0.009965457964825382,0.008021277748296949,0.0050930392612243865,0.0038842322417380936,0.46355819610989346,-0.3742191033553946,0.8514300004990565,0.4553719631910344,1.1744945562762097,1.8697460183857622
510,E02,BAHIA PUNO,2019-07-11,2019-07-11,2019,7,-15.8464,-69.9276,LS,E02|2019-07-11|8.0,8.0,1.1,12.0,13.0,0.01543550777569002,0.014947709710688917,0.005705042213146342,0.002995466364779577,0.0024305808911826536,0.0026052165241083136,0.6661163346735388,-0.44752714234409163,1.0326335633892276,0.38166661929486895,0.9683976037272347,2.705589983984943
512,E04,BAHIA PUNO,2019-07-11,2019-07-11,2019,7,-15.8752,-69.8717,LS,E04|2019-07-11|1.5,1.5,1.54,21.5,13.5,0.014731002643701443,0.018938028595144846,0.005602689882775675,0.002572970301171467,0.0023536312273086148,0.0026113656381353796,0.7607762713427302,-0.5433964038571518,0.7778529740748763,0.29584333758840675,1.2855898384929263,2.6292727819392807
513,E05,BAHIA PUNO,2019-07-11,2019-07-11,2019,7,-15.84,-69.892,LS,E05|2019-07-11|8.0,8.0,0.59,10.75,13.6,0.014973579502334872,0.013418087471647478,0.005009899302712224,0.0024027106934487973,0.0021843419667857307,0.0023592519630256633,0.696259187873437,-0.4562727234187893,1.1159249347605777,0.3733690766235578,0.8961174963833907,2.988797899676483
515,E08,BAHIA PUNO,2019-07-11,2019-07-11,2019,7,-15.7798,-69.8691,LS,E08|2019-07-11|10.0,10.0,1.1,6.5,13.0,0.01854255605010119,0.024770544697924588,0.012942204906438966,0.01568296009581716,0.025507785087006796,0.015850408138409024,0.2246426959493162,-0.3136429881653083,0.7485727717195502,0.5224836410254513,1.3358753396845777,1.4327199075758759
517,E14,BAHIA PUNO,2019-07-12,2019-07-12,2019,7,-15.7489,-69.783,LS,E14|2019-07-12|9.0,9.0,0.51,15.0,13.0,0.015329702975647782,0.015619413389572331,0.0066816540320997955,0.0059403269872420755,0.009433000303720157,0.007007982167487751,0.448942602471997,-0.4007771819930762,0.9814518389295079,0.4277787800137072,1.0188985654507596,2.294297281437205
518,E16,BAHIA PUNO,2019-07-11,2019-07-11,2019,7,-15.6728,-69.8539,LS,E16|2019-07-11|3.5,3.5,1.1,11.75,12.8,0.017631602527786287,0.024657485662865002,0.011765153107176289,0.013709209828513601,0.018443805943370063,0.013077157712202143,0.2853588355414335,-0.3539648042285239,0.7150608157618947,0.4771432412410062,1.398482311833202,1.4986291184262255
519,E17,BAHIA PUNO,2019-07-12,2019-07-12,2019,7,-15.6054,-69.9049,LS,E17|2019-07-12|3.0,3.0,3.9,7.75,10.2,0.015017449785279215,0.018133314286779563,0.009347079302169265,0.008740151647570447,0.008632723799430156,0.005882694300534627,0.3495329673002725,-0.31972739533163985,0.8281690108938862,0.5154644451025417,1.2074828508547308,1.6066460648459364
520,E25,LAGO MAYOR,2019-07-12,2019-07-12,2019,7,-15.4911,-69.8931,LS,E25|2019-07-12|6.1,6.1,1.02,20.5,13.2,0.0144161688484538,0.0131055124923651,0.0049459290962305565,0.002686476706319916,0.0027691594122284217,0.0029003739974074938,0.6597671132618084,-0.45201835565704407,1.1000079361142356,0.37739300326629055,0.9090842179395331,2.9147538618551847
521,E28,LAGO MAYOR,2019-07-12,2019-07-12,2019,7,-15.3928,-69.7822,LS,E28|2019-07-12|7.0,7.0,0.59,9.25,13.0,0.0154380883805691,0.013717361387981672,0.004907546972341557,0.0022387569971232604,0.0020150527062628466,0.002230120568457272,0.7193857174053053,-0.4730124719107478,1.1254414619894437,0.3577617061893221,0.8885400939086936,3.145784507370402
522,E32,LAGO MAYOR,2019-07-12,2019-07-12,2019,7,-15.3382,-69.7205,LS,E32|2019-07-12|6.0,6.0,0.52,15.0,12.9,0.015417443541536468,0.01352449597523297,0.0050653401483296695,0.0022639806427118027,0.0018919332440643852,0.002396146647188061,0.7132109634004711,-0.45504195494974575,1.1399642862703137,0.37453076129971297,0.8772203421128797,3.0437127707815836
523,E36,LAGO MAYOR,2019-07-12,2019-07-12,2019,7,-15.2964,-69.6816,LS,E36|2019-07-12|11.0,11.0,1.27,12.75,13.0,0.0135542468188414,0.013717361387981672,0.006536654897408017,0.006961884633578105,0.014442423421920064,0.010869625776485356,0.32667904916269147,-0.3545324559268291,0.9881088240926562,0.47652418245763056,1.0120341291763555,2.073575086645768
524,E39,LAGO MAYOR,2019-07-13,2019-07-13,2019,7,-15.3423,-69.529,LS,E39|2019-07-13|8.0,8.0,1.19,15.0,12.6,0.020457364870377838,0.03618950723894263,0.028567994009694227,0.05413640779555233,0.08475902627001644,0.05460212473698054,-0.1986904904430294,-0.11769313152297868,0.5652844115843546,0.7893998951594738,1.7690208733737738,0.7160938267958904
525,E41,LAGO MAYOR,2019-07-13,2019-07-13,2019,7,-15.4395,-69.6006,LS,E41|2019-07-13|9.5,9.5,0.52,10.25,13.1,0.015017449785279215,0.012620023694756293,0.004886223570181001,0.0023900988706545244,0.002130477202073905,0.0024330413313504587,0.681535017318279,-0.44177370316774695,1.189969920702221,0.3871801908764299,0.8403572533846432,3.073426030585189
526,E42,LAGO MAYOR,2019-07-13,2019-07-13,2019,7,-15.4967,-69.6687,LS,E42|2019-07-13|10.0,10.0,0.59,4.75,13.8,0.015363250839075807,0.01329172737363971,0.00521460396345356,0.002743229908894137,0.002307461428984192,0.002568321839945916,0.657843773515493,-0.43645187296224663,1.1558504964293705,0.39231947997035627,0.8651636719143496,2.9461964898105992
527,E43,LAGO MAYOR,2019-07-13,2019-07-13,2019,7,-15.5603,-69.7413,LS,E43|2019-07-13|12.0,12.0,1.53,11.25,13.8,0.01538389567810844,0.013258474716269241,0.005073869509193891,0.0024594638960230217,0.0020843074037494823,0.002402295761215127,0.6870500260607199,-0.44645707389947886,1.160306509384871,0.3826887507866259,0.8618411182607777,3.0319842909338557
528,E22,LAGO MAYOR,2019-07-13,2019-07-13,2019,7,-15.62,-69.8133,LS,E22|2019-07-13|6.0,6.0,1.03,4.25,13.4,0.014318105863048797,0.012347351904318472,0.004873429528884667,0.0029387131622053524,0.003384756723220729,0.0034230486897081245,0.6155042573522463,-0.4340059694978461,1.1596093489837045,0.39469427711750193,0.8623592505922473,2.937993222266295
530,E49,LAGO MAYOR,2019-07-14,2019-07-14,2019,7,-15.6063,-69.4449,LS,E49|2019-07-14|12.0,12.0,0.52,10.0,13.4,0.01568324584408161,0.013677458199137115,0.005743424337035342,0.003172031883899383,0.002376716126470828,0.0024883833575940545,0.6234862681291451,-0.4085310458365192,1.1466490680572483,0.4199189523005621,0.8721062886476585,2.730643287543289
531,E50,LAGO MAYOR,2019-07-14,2019-07-14,2019,7,-15.6685,-69.521,LS,E50|2019-07-14|12.0,12.0,0.59,16.25,14.0,0.01546389442935989,0.014289307094753689,0.005581366480615119,0.0030585254787509376,0.0035694359165184195,0.0035644783123306495,0.6473881345711975,-0.43823074959582486,1.0822003645535119,0.39059739237229507,0.9240431791606585,2.7706282524969352
533,E52,LAGO MAYOR,2019-07-14,2019-07-14,2019,7,-15.8017,-69.6838,LS,E52|2019-07-14|10.0,10.0,1.53,10.25,13.1,0.0294017413812658,0.05195791736401763,0.03162576987951792,0.042249764811951016,0.06476750359554125,0.04343533366382823,0.1030505392424623,-0.24325496890324433,0.5658760455966874,0.6086804644086683,1.7671713699907858,0.9296766707529495
534,E53,LAGO MAYOR,2019-07-14,2019-07-14,2019,7,-15.8703,-69.7694,LS,E53|2019-07-14|9.0,9.0,0.6,5.5,13.3,0.0202405940605352,0.03845733847160841,0.025382277726907196,0.039821988924053656,0.06849186732704471,0.05200719861755859,-0.017433088408061338,-0.20481107685910807,0.5263129051212203,0.6600112767979169,1.900010269292524,0.797430139283696
536,E59,LAGO MAYOR,2019-07-15,2019-07-15,2019,7,-15.8874,-69.4614,LS,E59|2019-07-15|11.0,11.0,0.24,13.25,13.6,0.015912919678319645,0.015406596382401348,0.00606754004987579,0.0032792323776506954,0.0035617409501310197,0.0032693208390314676,0.6490139405357012,-0.43489785617597376,1.0328639921814702,0.3938273909076524,0.9681815609997899,2.6226307407751945
537,E60,LAGO MAYOR,2019-07-15,2019-07-15,2019,7,-15.8267,-69.3764,LS,E60|2019-07-15|11.0,11.0,0.95,8.75,13.6,0.015610988907467396,0.014522075696346953,0.005722100934874787,0.002894571782425401,0.0031692976643734223,0.003146338558490144,0.6676085773961224,-0.4346916393333921,1.0749832295951418,0.39402773133089075,0.9302469466974949,2.7281913333843817
538,E61,LAGO MAYOR,2019-07-15,2019-07-15,2019,7,-15.7589,-69.3042,LS,E61|2019-07-15|11.0,11.0,1.02,10.75,13.2,0.013946498760461414,0.011176858364878068,0.00399490535986977,0.0011163047684330588,0.0021227822356864982,0.0026236638661895134,0.8183860141575471,-0.4733762443134423,1.2478012208229625,0.35742646744069073,0.8014095691999128,3.491070254001161
540,E72,LAGO MAYOR,2019-07-15,2019-07-15,2019,7,-15.6931,-69.1707,LS,E72|2019-07-15|6.0,6.0,0.68,20.5,11.7,0.017174835464189298,0.024697388851709565,0.009786341386676715,0.007352851140200536,0.0056393818747300616,0.004197837057118473,0.5411671542777795,-0.4324081800183591,0.6954109550568741,0.3962500266399326,1.437998487100899,1.7549800309021883
541,E76,LAGO MAYOR,2019-07-19,2019-07-19,2019,7,-15.8077,-69.0414,LS,E76|2019-07-19|9.9,9.9,1.1,11.5,12.6,0.014083270819052604,0.012034776925036092,0.004425638083512997,0.002282898376903212,0.0028230241769402475,0.003011058049894687,0.6811076282547334,-0.4622689267130987,1.1702144324370962,0.3677374116149073,0.8545441059196771,3.182200480720977
542,E78,LAGO MAYOR,2019-07-19,2019-07-19,2019,7,-15.8894,-69.1325,LS,E78|2019-07-19|12.0,12.0,1.1,11.5,13.5,0.01578647003924477,0.0140831406190568,0.00580739454351701,0.003052219567353801,0.002484445655894483,0.002543725383837652,0.64375188428775,-0.4160645046417351,1.1209480431470695,0.4123649893329662,0.8921018880056516,2.718339042166283
545,E82,LAGO MAYOR,2019-07-16,2019-07-16,2019,7,-16.1121,-69.4175,LS,E82|2019-07-16|9.0,9.0,0.08,6.25,13.8,0.014769711716887629,0.012719781666867692,0.004579166579068998,0.002011744186826366,0.0024921406222818826,0.0028081372870015003,0.726878998109839,-0.4705843674124211,1.1611606977656594,0.36000352356622767,0.8612071142266665,3.2254141089744737
546,E83,LAGO MAYOR,2019-07-16,2019-07-16,2019,7,-16.1849,-69.5079,LS,E83|2019-07-16|10.0,10.0,0.51,3.0,13.0,0.014127141101996947,0.012214341274836608,0.004685783589871777,0.0029576308963967617,0.003861844639239772,0.0037366535050885044,0.610119084312047,-0.44547346837731605,1.1566026875717241,0.3836296285494799,0.8646010061093706,3.014893414548432
547,E88,LAGO MAYOR,2019-07-17,2019-07-17,2019,7,-16.2031,-69.3822,LS,E88|2019-07-17|11.0,11.0,2.21,1.0,13.0,0.0146871323607571,0.013032356646150073,0.004894752931045224,0.0024405461618316124,0.0029384486727513093,0.002832733743109766,0.6845392833667513,-0.4539272338430559,1.1269743172752682,0.375584607478233,0.88733153884008,3.000586458004195
548,E94,LAGO MAYOR,2019-07-17,2019-07-17,2019,7,-16.2545,-69.2917,LS,E94|2019-07-17|8.0,8.0,1.02,0.75,13.1,0.013987788438526678,0.011954970547346972,0.00436593255746344,0.0021567801489604937,0.0030384832357875577,0.00317093501459841,0.6943284298965032,-0.46498882299337474,1.1700394587413991,0.36519807179568914,0.8546718979354453,3.2038482158334607
549,E97,LAGO MAYOR,2019-07-17,2019-07-17,2019,7,-16.1754,-69.1951,LS,E97|2019-07-17|10.0,10.0,0.95,3.75,13.0,0.015014869180400138,0.013664157136188926,0.005257250767774672,0.0026675589721285066,0.002969228538300922,0.0031217421023818784,0.6733277395834918,-0.44430657416072233,1.0988506595685477,0.3847475062405106,0.9100416435185446,2.856030078764088
550,E98,LAGO MAYOR,2019-07-18,2019-07-18,2019,7,-16.1034,-69.1089,LS,E98|2019-07-18|7.0,7.0,0.51,1.75,13.0,0.014921967404753291,0.012666577415074947,0.0050184286635764465,0.002705394440511325,0.002638344983642557,0.0027773917168661686,0.6480094043975406,-0.43246512243305957,1.1780582660739798,0.3961944969766923,0.8488543248114703,2.9734336047501686
551,E99,LAGO MAYOR,2019-07-20,2019-07-20,2019,7,-16.0824,-69.0817,LS,E99|2019-07-20|13.0,13.0,2.64,3.5,13.2,0.015616150117225554,0.015619413389572331,0.006784006362470464,0.00508902894862872,0.005747111404153717,0.005280081125882134,0.5085068089844357,-0.3943775874626751,0.9997910118609212,0.43433167167903114,1.000208903738334,2.3019064223920265
552,E100,LAGO MAYOR,2019-07-20,2019-07-20,2019,7,-16.005,-68.9964,LS,E100|2019-07-20|11.0,11.0,1.1,5.25,12.4,0.01425359074107182,0.011017245609499831,0.0043019623509817735,0.0019108496044721902,0.002838414109715054,0.0029126722254616258,0.7043880130769693,-0.4383570506702549,1.2937525360266866,0.39047527058823617,0.7729452203793353,3.313275725098619
554,E104,LAGO MAYOR,2019-07-20,2019-07-20,2019,7,-16.0384,-68.8577,LS,E104|2019-07-20|10.0,10.0,1.02,5.75,12.4,0.015838082136826352,0.016936218621442786,0.005453426067651784,0.00290718360521967,0.003069263101337174,0.0030909965322465484,0.7069873476830374,-0.51286173587749,0.9351604130578177,0.3219978359720403,1.0693351256670116,2.9042438709363987
556,E113,LAGO MAYOR,2019-07-17,2019-07-17,2019,7,-16.2298,-69.1135,LS,E113|2019-07-17|9.0,9.0,0.67,1.25,13.8,0.014478103365551696,0.013344931625432455,0.005278574169935228,0.0028189008456597706,0.00330780705934669,0.003306215523193867,0.651208811238849,-0.43312774248852054,1.084913934893884,0.3955489561539971,0.9217319677004511,2.742805188796687
557,E117,LAGO MAYOR,2019-07-18,2019-07-18,2019,7,-16.1686,-69.0979,LS,E117|2019-07-18|10.0,10.0,0.59,5.0,13.6,0.014501328809463409,0.012706480603919507,0.004886223570181001,0.0028378185798511764,0.0031308228324364064,0.003177084128625476,0.6348733559824,-0.44451702886780997,1.1412544606360784,0.3845457556617224,0.8762286473635954,2.9677982665717377
558,E120,LAGO MAYOR,2019-07-20,2019-07-20,2019,7,-16.1262,-68.9334,LS,E120|2019-07-20|11.5,11.5,1.19,11.5,13.6,0.014292299814258006,0.011023896140973924,0.00492034101363789,0.0029702427191910345,0.002369021160083421,0.002389997533160995,0.5755018530798045,-0.3828063196340681,1.2964834152103972,0.4463340822865475,0.7713171087174767,2.904737063936515
559,E121,LAGO MAYOR,2019-07-21,2019-07-21,2019,7,-16.2077,-68.8626,LS,E121|2019-07-21|11.0,11.0,0.59,10.75,12.6,0.014338750702081429,0.012107932771251117,0.005602689882775675,0.003979188542732787,0.003161602697986019,0.0028142864010285663,0.5052951093342736,-0.36730738654685213,1.1842442296907114,0.46272881803157956,0.8444202830776069,2.5592614338518977
560,E122,LAGO MENOR,2019-07-21,2019-07-21,2019,7,-16.2281,-68.8351,LS,E122|2019-07-21|11.0,11.0,1.19,3.75,12.7,0.014411007638695641,0.012453760407903964,0.005278574169935228,0.0034684097195647745,0.003007703370237945,0.002740497032703771,0.5643294885103811,-0.40463853204627215,1.1571610509214898,0.42385380585379634,0.864183813925683,2.730094234666829
561,E123,LAGO MENOR,2019-07-21,2019-07-21,2019,7,-16.1922,-68.7968,LS,E123|2019-07-21|9.0,9.0,1.1,5.5,12.4,0.014029078116591943,0.011562589190375472,0.005274309489503116,0.0035882220361103598,0.0029923134374631385,0.0028019881729744343,0.5263326503594807,-0.3734820436322575,1.2133162107803093,0.4561529382830996,0.8241873250754288,2.659888556904734
562,E125,LAGO MENOR,2019-07-21,2019-07-21,2019,7,-16.2132,-68.7325,LS,E125|2019-07-21|8.5,8.5,1.19,1.0,12.4,0.013845855170177331,0.011416277497945423,0.005726365615306897,0.004351237315163809,0.003161602697986019,0.0027896899449203006,0.4480756681345889,-0.3319156511124135,1.2128168713358873,0.5015965243259847,0.8245266567577821,2.4179128058560884
566,E132,LAGO MENOR,2019-07-21,2019-07-21,2019,7,-16.315,-68.8479,LS,E132|2019-07-21|7.0,7.0,1.7,2.75,11.4,0.014800678975436576,0.016683498425427247,0.0054107792633306725,0.002875654048233995,0.0026229550508677507,0.002728198804649639,0.7059530667207647,-0.5102098747325204,0.8871447529095082,0.3243192045839093,1.1272116181902063,2.735405663346202
568,E130,LAGO MENOR,2019-07-22,2019-07-22,2019,7,-16.2142,-68.9393,LS,E130|2019-07-22|10.0,10.0,1.27,3.25,11.6,0.014408427033816562,0.014768145360888402,0.005952393678208789,0.0034368801625790923,0.0026306500172551504,0.002556023611891784,0.6224250859345112,-0.4254595520215854,0.9756422154628348,0.40305624908844095,1.0249657579735683,2.4206101599016256
570,E136,LAGO MENOR,2019-07-22,2019-07-22,2019,7,-16.3034,-68.9854,LS,E136|2019-07-22|6.5,6.5,0.59,7.0,11.7,0.015151641238991327,0.015572859669253678,0.006400185123580459,0.003701728441258805,0.0026229550508677507,0.002291611708727934,0.61589542375875,-0.41745120963906684,0.9729516985216475,0.41098326502186483,1.0278001172162308,2.3673750960409627
571,E137,LAGO MENOR,2019-07-22,2019-07-22,2019,7,-16.3655,-68.9025,LS,E137|2019-07-22|5.0,5.0,1.19,3.0,11.7,0.014769711716887629,0.015792327207898756,0.0060120992042583445,0.0026360294151428244,0.0022459016978849597,0.002291611708727934,0.7139159149107341,-0.4485432164197729,0.9352459955524702,0.3806974579752787,1.069237263487317,2.4566642629186894
574,E141,LAGO MENOR,2019-07-23,2019-07-23,2019,7,-16.376,-69.0078,LS,E141|2019-07-23|10.0,10.0,0.51,1.5,11.4,0.014821323814469208,0.015406596382401348,0.00554724903715823,0.0024090166048459302,0.002176647000398324,0.002396146647188061,0.7295611471408905,-0.47052684971670933,0.9620114971914119,0.36005672761298635,1.0394884786116267,2.671832658558499
575,E142,LAGO MENOR,2019-07-23,2019-07-23,2019,7,-16.4489,-68.9969,LS,E142|2019-07-23|11.0,11.0,1.03,6.75,10.8,0.015004546760883822,0.017162336691561957,0.006063275369443679,0.002743229908894137,0.00202274767265025,0.00192266486710396,0.724375565273378,-0.47788023045785233,0.8742717356191496,0.35328959716395464,1.1438089947837944,2.474659878032333
576,E145,LAGO MENOR,2019-07-23,2019-07-23,2019,7,-16.5179,-68.9781,LS,E145|2019-07-23|6.0,6.0,3.99,3.0,11.1,0.015500022897666998,0.018173217475624125,0.006024893245554679,0.0029197954280139465,0.0018303735129651527,0.0018058317005897016,0.723150428729358,-0.5020360419047459,0.8529046694979922,0.33152593491548643,1.172463835901536,2.572663065265139
578,E147,LAGO MENOR,2019-07-24,2019-07-24,2019,7,-16.559,-68.9174,LS,E147|2019-07-24|5.5,5.5,2.21,6.5,10.4,0.014932289824269609,0.017428357950525684,0.0061528336585180135,0.0032918442004449683,0.002369021160083421,0.0023531028489985973,0.6822574878769218,-0.47815750793212036,0.8567811729525581,0.3530357434101636,1.1671590217221857,2.4268960004633433
580,E01,BAHIA PUNO,2022-08-12,2022-08-12,2022,8,-15.853,-69.9605,LS,E01|2022-08-12|5.5,5.5,1.61,2.5,13.9,0.015038094624311849,0.0156526660469428,0.006894888053705354,0.004969216632083138,0.0038464547064649655,0.0032201279268149396,0.5180637026735614,-0.38841364192899536,0.9607368877912097,0.44049285869477617,1.0408675698030132,2.1810495436805164
581,E02,BAHIA PUNO,2022-08-12,2022-08-12,2022,8,-15.8461,-69.9271,LS,E02|2022-08-12|8.0,8.0,3.07,1.0,13.5,0.014364556750872219,0.01331832949953608,0.005329750335120561,0.003209867352282198,0.002592175185318131,0.0025006815856481865,0.6115888881461957,-0.42838612912751295,1.078555360326325,0.40018156444655084,0.9271659963723832,2.695164529762679
583,E05,BAHIA PUNO,2022-08-12,2022-08-12,2022,8,-15.84,-69.8923,LS,E05|2022-08-12|8.5,8.5,0.95,1.25,13.6,0.014465200341156302,0.012087981176828837,0.004835047404995667,0.0029702427191910345,0.0023844110928582275,0.0024576377874587227,0.6054988898490795,-0.4285836490898114,1.196659635127879,0.3999879660861722,0.8356593794817213,2.9917384748848788
585,E08,BAHIA PUNO,2022-08-12,2022-08-12,2022,8,-15.7802,-69.8681,LS,E08|2022-08-12|11.0,11.0,1.03,2.25,12.6,0.014563263326561306,0.011383024840574957,0.0046260780638222206,0.002642335326539961,0.002068917470974669,0.002273164366646736,0.6232060201436508,-0.4220690187972872,1.2793841927908436,0.40640143742206924,0.7816259174678271,3.148079210416402
589,E28,LAGO MAYOR,2022-08-14,2022-08-14,2022,8,-15.3928,-69.7822,LS,E28|2022-08-14|10.0,10.0,1.02,2.5,13.2,0.015270349063428963,0.012666577415074947,0.004771077198514,0.0025918880353628763,0.0019304080760014011,0.0020026033494558206,0.6602688030567443,-0.45278450220155064,1.2055622728593522,0.37666661367964777,0.8294883458769028,3.200607583456726
590,E32,LAGO MAYOR,2022-08-14,2022-08-14,2022,8,-15.3384,-69.7205,LS,E32|2022-08-14|9.0,9.0,0.51,1.75,13.4,0.01719548030322193,0.018485792454906506,0.0058287179456775655,0.002888265871028268,0.0021843419667857307,0.00226701525261967,0.7297409605742309,-0.5205563994563716,0.9301997420434176,0.31530796662290445,1.075037803765505,2.950130288229744
591,E36,LAGO MAYOR,2022-08-14,2022-08-14,2022,8,-15.2971,-69.6814,LS,E36|2022-08-14|9.0,9.0,0.51,2.25,13.0,0.016836776225029944,0.017508164328214802,0.005653866047961008,0.0030206900103681225,0.0022151218323353435,0.002297760822755,0.7057127189463028,-0.5117987316279602,0.9616528008161483,0.3229273851355331,1.0398762241853958,2.9779222047858203
592,E39,LAGO MAYOR,2022-08-15,2022-08-15,2022,8,-15.3748,-69.5276,LS,E39|2022-08-15|7.0,7.0,1.62,1.25,12.3,0.016134851697920442,0.020993042820639643,0.006711506795124574,0.0036008338589046326,0.00374642014342871,0.00349683805803292,0.7071763626848,-0.5154942313840929,0.7685808611544558,0.3197014617063796,1.3010991307869426,2.4040576559623825
593,341,LAGO MAYOR,2022-08-15,2022-08-15,2022,8,-15.4392,-69.6009,LS,341|2022-08-15|14.0,14.0,0.51,1.5,13.1,0.014746486272975916,0.010897536042966154,0.004412844042216663,0.002383792959257388,0.0020150527062628466,0.0021809276562407423,0.6410309119857279,-0.42354869971364,1.3531944158422546,0.4049395771556423,0.7389919945841432,3.3417185810740477
594,E42,LAGO MAYOR,2022-08-15,2022-08-15,2022,8,-15.4967,-69.6685,LS,E42|2022-08-15|16.0,16.0,0.94,5.5,12.9,0.015017449785279215,0.011429578560893609,0.004715636352896555,0.0026990885291141853,0.002176647000398324,0.002383848419133929,0.6179273216810777,-0.4158471614035495,1.3139109540530722,0.4125817863879386,0.7610864669586531,3.1846065889809836
595,E43,LAGO MAYOR,2022-08-15,2022-08-15,2022,8,-15.5603,-69.7411,LS,E43|2022-08-15|14.0,14.0,0.51,0.75,13.1,0.014519393043616963,0.010764525413484287,0.004446961485673553,0.0032792323776506954,0.0035463510173562134,0.0036936097068990406,0.5329978353486552,-0.4153153175870782,1.3488185625546059,0.4131125991853226,0.7413894396107119,3.2650136110644077
596,E22,LAGO MAYOR,2022-08-15,2022-08-15,2022,8,-15.6181,-69.807,LS,E22|2022-08-15|14.0,14.0,0.51,1.0,13.3,0.014707777199789732,0.01157589025332366,0.004796665281106667,0.0028504304026454493,0.002369021160083421,0.0024268922173233927,0.6048291490206666,-0.41406025735570157,1.270552467877309,0.41436682291995897,0.7870590714707103,3.0662498364168904
597,E48,LAGO MAYOR,2022-08-16,2022-08-16,2022,8,-15.5361,-69.3597,LS,E48|2022-08-16|8.0,8.0,0.94,1.0,13.8,0.014289719209378927,0.011243363679619001,0.004873429528884667,0.0033422914916220563,0.00483910537044006,0.004548336556661251,0.5417015247881483,-0.3952358060992911,1.270946875474216,0.4334493870610458,0.7868148231649437,2.9321684437039197
598,E49,LAGO MAYOR,2022-08-16,2022-08-16,2022,8,-15.6063,-69.4449,LS,E49|2022-08-16|15.0,15.0,0.51,6.5,13.0,0.014449716711881826,0.011083750924240762,0.004771077198514,0.0029008776938225372,0.003469401353482171,0.003619820338574245,0.5851333538250298,-0.39815463647393384,1.3036846016265953,0.4304568733696933,0.7670565712938966,3.028606136948737
599,E50,LAGO MAYOR,2022-08-16,2022-08-16,2022,8,-15.6687,-69.5211,LS,E50|2022-08-16|16.0,16.0,0.59,9.0,12.6,0.014501328809463409,0.010844331791173408,0.0046260780638222206,0.002881959959631128,0.0034155365887703452,0.0034107504616539925,0.5800817435629576,-0.4019449635588198,1.3372264655384387,0.4265894594813202,0.747816368130357,3.134691087074056
600,E51,LAGO MAYOR,2022-08-17,2022-08-17,2022,8,-15.7371,-69.6038,LS,E51|2022-08-17|12.0,12.0,1.02,1.5,13.0,0.01474132506321776,0.010930788700336619,0.004613284022525887,0.0024972993644058333,0.0020766124373620756,0.0023592519630256633,0.6280483615553483,-0.40642529046416137,1.3486056787611416,0.42204489785251464,0.7415064732616483,3.195407392181141
601,E52,LAGO MAYOR,2022-08-17,2022-08-17,2022,8,-15.8028,-69.6843,LS,E52|2022-08-17|9.0,9.0,0.51,11.0,12.9,0.015053578253586324,0.011748804071650085,0.004890488250613112,0.0030333018331623954,0.002068917470974669,0.002242418796511404,0.5895981063193543,-0.41217590724604997,1.2812858977387132,0.41625409739871166,0.7804658197053755,3.0781333895579226
602,E53,LAGO MAYOR,2022-08-17,2022-08-17,2022,8,-15.8686,-69.7634,LS,E53|2022-08-17|11.0,11.0,0.51,4.5,13.0,0.014653584497329071,0.011675648225435058,0.004749753796353445,0.0030963609471337528,0.002876888941652077,0.0029249704535157578,0.5807799465392185,-0.42165750331327195,1.255055219148471,0.40680853840711884,0.7967775687092551,3.0851244170707814
603,E58,LAGO MAYOR,2022-08-18,2022-08-18,2022,8,-15.9519,-69.5453,LS,E58|2022-08-18|11.0,11.0,1.1,3.25,12.3,0.0144161688484538,0.013165367275631938,0.005120780993947114,0.002806289022865501,0.0027691594122284217,0.0029372686815698915,0.6485913176800372,-0.43992784719677674,1.095006880676251,0.38895843144967523,0.9132361378944203,2.815227999452828
604,E59,LAGO MAYOR,2022-08-18,2022-08-18,2022,8,-15.8876,-69.4615,LS,E59|2022-08-18|15.0,15.0,0.51,1.5,12.8,0.014591649980231176,0.010850982322647501,0.004745489115921333,0.002762147643085546,0.0024074959920204406,0.002549874497864718,0.5941935547320567,-0.39146629026367336,1.3447306613932755,0.4373326338099554,0.7436432201776518,3.0748457216833165
605,E60,LAGO MAYOR,2022-08-18,2022-08-18,2022,8,-15.8271,-69.3776,LS,E60|2022-08-18|16.5,16.5,0.43,1.5,12.8,0.014638100868054598,0.011496083875634541,0.004779606559378222,0.002982854541985304,0.0030615681349497707,0.0030971456462736144,0.5879732684901796,-0.4126692462237044,1.2733118297586186,0.4157595051780101,0.7853534549259404,3.0626156407617
606,E61,LAGO MAYOR,2022-08-18,2022-08-18,2022,8,-15.7585,-69.3045,LS,E61|2022-08-18|15.0,15.0,0.51,3.75,13.5,0.014669068126603546,0.011329820588782211,0.004984311220119558,0.003506245187947593,0.0040926936308618815,0.003970319838117023,0.527334873762216,-0.388957809954829,1.2947307256036196,0.4399284826386483,0.7723612514876397,2.9430476019120007
608,E72,LAGO MAYOR,2022-08-19,2022-08-19,2022,8,-15.6921,-69.1709,LS,E72|2022-08-19|5.0,5.0,1.62,18.0,12.5,0.01611162625400873,0.019277205700323596,0.007236062488274245,0.004855710226934689,0.00440049228635804,0.003638267680655445,0.5975860902707428,-0.45415535618775005,0.8357863514395099,0.3753688281068635,1.1964778849713793,2.226573368257062
609,E76,LAGO MAYOR,2022-08-19,2022-08-19,2022,8,-15.8125,-69.0449,LS,E76|2022-08-19|10.0,10.0,0.95,0.75,13.0,0.014315525258169717,0.011383024840574957,0.00521886864388567,0.0036386693272874443,0.0033539768576711163,0.0031217421023818784,0.5155447122809337,-0.37129233669440176,1.2576203778033979,0.458478151326244,0.7951523845711775,2.7430317741201904
610,E78,LAGO MAYOR,2022-08-19,2022-08-19,2022,8,-15.8903,-69.1327,LS,E78|2022-08-19|14.0,14.0,0.51,1.25,13.4,0.014681971150998941,0.01083103072822522,0.004886223570181001,0.003172031883899383,0.0026460399500299603,0.002734347918676705,0.5469516568998705,-0.3782344337593754,1.3555468693474817,0.4511318674699941,0.7377095268150534,3.0047679839764454
611,E79,LAGO MAYOR,2022-08-19,2022-08-19,2022,8,-15.96,-69.2272,LS,E79|2022-08-19|14.0,14.0,0.51,0.75,12.8,0.014400685219179324,0.01064481584695061,0.0045578431769084425,0.002680170794922776,0.002730684580291406,0.0029680142517052232,0.5977225094752936,-0.40038865964832954,1.3528354152288347,0.4281748800792298,0.7391880973542415,3.159538733714942
612,E80,LAGO MAYOR,2022-08-20,2022-08-20,2022,8,-16.0316,-69.3198,LS,E80|2022-08-20|15.0,15.0,0.51,0.0,12.3,0.014444555502123669,0.010797778070854755,0.004809459322403,0.00309005503573662,0.0032693322274096742,0.003146338558490144,0.5549982074929837,-0.38368855511546984,1.3377339365196175,0.44541190284070914,0.7475326825899601,3.0033630665044315
613,E82,LAGO MAYOR,2022-08-20,2022-08-20,2022,8,-16.1109,-69.4173,LS,E82|2022-08-20|15.0,15.0,0.51,1.75,12.8,0.014413588243574721,0.011156906770455787,0.004911811652773669,0.0032918442004449683,0.0028845839080394835,0.003011058049894687,0.5443420017071897,-0.3886492105060973,1.2918981262660283,0.4402484768925368,0.7740547189125224,2.934474350408186
614,E83,LAGO MAYOR,2022-08-20,2022-08-20,2022,8,-16.1837,-69.5067,LS,E83|2022-08-20|16.0,16.0,0.95,1.0,13.7,0.015959370566143067,0.015379994256504978,0.007368267581669691,0.006268234379893146,0.005069954362062173,0.004074854776577148,0.4209009249094359,-0.35219070272876063,1.037670707953765,0.47908126490177416,0.9636967340952695,2.1659593959218277
615,E88,LAGO MAYOR,2022-08-20,2022-08-20,2022,8,-16.2064,-69.3781,LS,E88|2022-08-20|14.0,14.0,0.59,0.75,13.3,0.015229059385363699,0.0133981358772252,0.006323420875802459,0.004912463429508913,0.00443896711829506,0.0038965304697922256,0.46342950561787427,-0.35873002984952496,1.1366550084475393,0.4719627015119778,0.8797742958654129,2.408357323688939
616,E94,LAGO MAYOR,2022-08-20,2022-08-20,2022,8,-16.251,-69.2884,LS,E94|2022-08-20|15.0,15.0,0.95,4.5,13.5,0.014692293570515257,0.012467061470852149,0.005909746873887677,0.005511525012236829,0.005439312748657558,0.004099451232685412,0.3868789172207126,-0.35682552253508776,1.1784888063941024,0.4740288169490286,0.8485442087358673,2.486111740135888
617,E97,LAGO MAYOR,2022-08-21,2022-08-21,2022,8,-16.1757,-69.1958,LS,E97|2022-08-21|16.0,16.0,0.95,6.75,12.9,0.013887144848242595,0.010026316419859942,0.004651666146414888,0.002894571782425401,0.0027768543786158284,0.0028880757693533618,0.5519546314330391,-0.3661708877910335,1.3850693396894853,0.46394562944924866,0.7219853906214115,2.9854124147609387
618,E98,LAGO MAYOR,2022-08-22,2022-08-22,2022,8,-16.1056,-69.1103,LS,E98|2022-08-22|15.0,15.0,0.51,10.0,12.6,0.015125835190200537,0.012274196058103447,0.006110186854196902,0.004597167859652113,0.003800284908140536,0.0033800048915186625,0.45503302405438273,-0.33528505678030485,1.2323278759985716,0.49780745944297394,0.8114722322627981,2.4755106636878703
619,E99,LAGO MAYOR,2022-08-22,2022-08-22,2022,8,-16.0745,-69.0742,LS,E99|2022-08-22|15.0,15.0,0.51,10.0,13.0,0.014643262077812755,0.012147835960095677,0.005858570708702344,0.004647615150829204,0.00528541342090948,0.004818897573852165,0.4465626027648181,-0.34927928807762915,1.2054213540990284,0.4822727476461127,0.8295853113847207,2.4994593914522887
620,E100,LAGO MAYOR,2022-08-22,2022-08-22,2022,8,-16.0055,-68.9959,LS,E100|2022-08-22|13.0,13.0,0.52,8.75,12.7,0.014106496262964315,0.010917487637388432,0.005001369941848002,0.0034368801625790923,0.0037925899417531363,0.003681311478844907,0.5211380297562276,-0.37164207886468975,1.292100842189539,0.45810626490785866,0.7739332758424433,2.820525897195695
621,E103,LAGO MAYOR,2022-08-22,2022-08-22,2022,8,-15.9394,-68.9017,LS,E103|2022-08-22|10.0,10.0,0.51,5.5,13.0,0.014312944653290638,0.012526916254118989,0.005790335821788565,0.0044079905177380335,0.0033924516896081357,0.0029618651376781572,0.4794195425069423,-0.3677724167708837,1.142575173359941,0.4622315055114329,0.875215805157408,2.471867370380285
622,E104,LAGO MAYOR,2022-08-22,2022-08-22,2022,8,-16.0297,-68.8837,LS,E104|2022-08-22|13.0,13.0,0.95,13.18,12.9,0.014325847677686033,0.010870933917069779,0.005201809922157226,0.003777399378024439,0.0025844802189307313,0.0024268922173233927,0.48425536966486293,-0.35271660513620157,1.317811925742585,0.47850621513603503,0.7588335017109572,2.7540116109689365
624,E113,LAGO MAYOR,2022-08-21,2022-08-21,2022,8,-16.2174,-69.1367,LS,E113|2022-08-21|14.0,14.0,0.43,11.39,13.8,0.01427939678986261,0.011343121651730396,0.0052956328916636715,0.003928741251555703,0.004362017454421021,0.003982618066171155,0.4854928283232878,-0.36345799686129193,1.2588594188994584,0.46685847048086193,0.7943697499472444,2.696447126441478
625,E117,LAGO MAYOR,2022-08-21,2022-08-21,2022,8,-16.1653,-69.1027,LS,E117|2022-08-21|14.0,14.0,0.51,6.91,13.6,0.014349073121597744,0.011143605707507602,0.005125045674379225,0.003651281150081717,0.0032077724963104418,0.0029557160236510895,0.5064130684561123,-0.3699482840895485,1.2876507129357477,0.4599090589697868,0.7766079966605386,2.799793647408252
626,E120,LAGO MAYOR,2022-08-22,2022-08-22,2022,8,-16.1264,-68.9337,LS,E120|2022-08-22|14.0,14.0,1.02,12.32,13.1,0.014449716711881826,0.011755454603124178,0.005717836254442676,0.004344931403766676,0.0035463510173562134,0.0032385752688961376,0.46026988023243476,-0.34553410988021105,1.2291924022103926,0.4863985240115305,0.8135421630733873,2.527129764082496
627,E121,LAGO MAYOR,2022-08-23,2022-08-23,2022,8,-16.2068,-68.8643,LS,E121|2022-08-23|11.0,11.0,0.95,7.62,12.5,0.014181333804457606,0.011436229092367703,0.005491808191540784,0.004458437808915125,0.0033924516896081357,0.003035654506002951,0.4390020179590801,-0.3511582855101165,1.240035718931707,0.48021141120673155,0.8064282558770818,2.5822699423537117
628,E122,LAGO MENOR,2022-08-23,2022-08-23,2022,8,-16.2276,-68.8361,LS,E122|2022-08-23|10.0,10.0,1.02,4.14,12.5,0.014328428282565111,0.011742153540175989,0.0055515137175903406,0.004300790023986725,0.003554045983743613,0.003164785900571342,0.4638402561592116,-0.35797146853476414,1.220255467899025,0.4727849304483039,0.8195004008195014,2.5809943792753605
629,E123,LAGO MENOR,2022-08-23,2022-08-23,2022,8,-16.1925,-68.797,LS,E123|2022-08-23|6.0,6.0,1.78,12.25,12.1,0.014645842682691833,0.018259674384787337,0.005794600502220676,0.0036386693272874443,0.0027768543786158284,0.0026667076643789754,0.6676762673042519,-0.5182061576544563,0.8020866950840598,0.3173441137430255,1.2467478678859762,2.527497823116754
630,E125,LAGO MENOR,2022-08-23,2022-08-23,2022,8,-16.2626,-68.7843,LS,E125|2022-08-23|8.0,8.0,1.53,13.0,12.4,0.015698729473356085,0.031434377234965984,0.0083662028027837,0.0033612092258134656,0.0019688829079384206,0.00207024360375355,0.8068025303724433,-0.5795939112120699,0.4994127561872252,0.2661481878295136,2.002351546089441,1.8764459775809696
633,E132,LAGO MENOR,2022-08-23,2022-08-23,2022,8,-16.3339,-68.7808,LS,E132|2022-08-23|4.0,4.0,1.53,12.75,13.5,0.01508970672189343,0.028182267344134402,0.008080469213832254,0.0032981501118421047,0.00223820673149756,0.002064094489726483,0.7904633563588508,-0.5543375785727443,0.5354326535264172,0.28672174699216674,1.8676483245096374,1.867429285991634
635,E130,LAGO MENOR,2022-08-23,2022-08-23,2022,8,-16.3144,-68.8451,LS,E130|2022-08-23|5.5,5.5,1.19,17.0,13.1,0.015102609746288825,0.020447699239764004,0.006336214917098792,0.0034431860739762322,0.0024998355886692893,0.002389997533160995,0.7117573179362566,-0.5268641361809814,0.7385969849518457,0.3098742079941564,1.3539181790001857,2.3835377367007347
636,E136,LAGO MENOR,2022-08-24,2022-08-24,2022,8,-16.2659,-69.0601,LS,E136|2022-08-24|5.5,5.5,1.7,14.25,12.2,0.014501328809463409,0.016045047403914294,0.007270179931731135,0.005606113683193872,0.005754806370541116,0.004935730740366423,0.48214195980437075,-0.37635777552166305,0.9037884115030601,0.45311050167711103,1.1064535194174725,1.9946310752971086
637,E135,LAGO MENOR,2022-08-24,2022-08-24,2022,8,-16.3028,-68.9852,LS,E135|2022-08-24|11.0,11.0,1.19,16.75,12.6,0.014478103365551696,0.015473101697142281,0.00651533149524746,0.004225119087221091,0.0024690557231196765,0.0021747785422136763,0.571015126799412,-0.40738554294125817,0.9356949054713926,0.42107466244961805,1.0687242823002452,2.2221587886900007
638,E137,LAGO MENOR,2022-08-24,2022-08-24,2022,8,-16.4011,-68.8334,LS,E137|2022-08-24|5.0,5.0,1.02,11.25,12.0,0.0151671248682658,0.024664136194339097,0.007773412222720251,0.0031657259725022466,0.002038137605425056,0.0021624803141595426,0.7724942840341279,-0.5207151673034764,0.6149465010171511,0.31517065289859,1.6261575468259222,1.9511538154095676
640,E141,LAGO MENOR,2022-08-24,2022-08-24,2022,8,-16.3764,-69.0073,LS,E141|2022-08-24|5.0,5.0,1.7,11.0,12.8,0.014723260829064205,0.01659704151626403,0.006186951101974902,0.003001772276176713,0.0021612570676235177,0.0025006815856481865,0.6936781322782339,-0.4569036749534416,0.8871014709178674,0.3727743118035692,1.1272666144876216,2.3797276245866645
641,E142,LAGO MENOR,2022-08-24,2022-08-24,2022,8,-16.4515,-68.998,LS,E142|2022-08-24|5.0,5.0,1.18,17.0,13.1,0.015151641238991327,0.017301997852517913,0.006553713619136461,0.003203561440885065,0.002153562101236118,0.0023531028489985973,0.6875421207665601,-0.4505538975686719,0.8757162318726168,0.37878361193988386,1.141922280080825,2.3119165419179875
643,E145,LAGO MENOR,2022-08-24,2022-08-24,2022,8,-16.5139,-68.977,LS,E145|2022-08-24|5.5,5.5,1.62,26.0,13.2,0.015053578253586324,0.01816656694415003,0.006195480462839125,0.0030711373015452105,0.002115087269299095,0.002297760822755,0.7107844029271748,-0.49138259153432096,0.8286418381207692,0.34103747509634497,1.206793855343212,2.429767297970077
645,E147,LAGO MENOR,2022-08-24,2022-08-24,2022,8,-16.493,-69.0596,LS,E147|2022-08-24|5.0,5.0,1.78,14.75,12.4,0.01525228482927541,0.022762084192748437,0.007521796077225692,0.003323373757430647,0.002399801025633034,0.0024637869014857905,0.7451933459343769,-0.5032475190236989,0.6700741474306798,0.3304528567366048,1.4923719924693934,2.0277447892679654
647,E01,BAHIA PUNO,2024-08-21,2024-08-21,2024,8,-15.853,-69.9605,LS,E01|2024-08-21|6.0,6.0,2.64,0.5,13.4,0.015515506526941471,0.017701029740963506,0.006604889784321795,0.004300790023986725,0.0041542533619611174,0.0038104428734133,0.6090513989789378,-0.4565200460150631,0.8765312457785681,0.3731358857558979,1.1408605042553102,2.34909357831791
648,E02,BAHIA PUNO,2024-08-21,2024-08-21,2024,8,-15.8461,-69.9271,LS,E02|2024-08-21|9.0,9.0,2.05,1.5,13.0,0.015533570761095026,0.015313488941764045,0.00521886864388567,0.002793677200071225,0.0020996973365242887,0.00207024360375355,0.6914285179798624,-0.49164445749226354,1.0143716958164293,0.3408020421035703,0.9858317956284727,2.9764243640946013
649,E03,BAHIA PUNO,2024-08-21,2024-08-21,2024,8,-15.8653,-69.8942,LS,E03|2024-08-21|8.0,8.0,1.02,7.75,13.9,0.01516454426338672,0.014182898591168199,0.00510372227221867,0.002705394440511325,0.0017918986810281333,0.0019964542354287546,0.6796129987509133,-0.47074995213055726,1.0692132568455748,0.3598504127743242,0.9352669892061578,2.971270865317596
651,E05,BAHIA PUNO,2024-08-21,2024-08-21,2024,8,-15.84,-69.8923,LS,E05|2024-08-21|10.0,10.0,2.55,2.5,13.4,0.015260026643912647,0.013138765149735564,0.004958723137526891,0.0026297235037456915,0.0017226439835415011,0.0019411122091851588,0.6664583531416252,-0.45199872105828665,1.1614505098882346,0.377411629145001,0.8609922246750797,3.0774098781634214
653,E08,BAHIA PUNO,2024-08-21,2024-08-21,2024,8,-15.7802,-69.8681,LS,E08|2024-08-21|9.0,9.0,1.45,5.75,13.3,0.015280671482945278,0.012859442827823649,0.004907546972341557,0.0025918880353628763,0.001714949017154098,0.002236269682484338,0.6645093693782911,-0.44756571019376856,1.188284010377096,0.3816297997058958,0.8415495353477435,3.113708020597169
655,E15,LAGO MAYOR,2024-08-21,2024-08-21,2024,8,-15.715,-69.8226,LS,E15|2024-08-21|9.0,9.0,1.53,1.25,13.3,0.014932289824269609,0.013830420423041258,0.005231662685182005,0.002875654048233995,0.0022151218323353435,0.0023162081648361995,0.6557354774101852,-0.451092214735838,1.0796699079170977,0.3782721093708786,0.9262088842096841,2.85421439963034
656,E16,LAGO MAYOR,2024-08-21,2024-08-21,2024,8,-15.6737,-69.8541,LS,E16|2024-08-21|6.0,6.0,1.62,2.25,13.5,0.014101335053206158,0.013630904478818462,0.005137839715675559,0.002774759465879819,0.002507530555056689,0.002715900576595505,0.6617314841875372,-0.45251105895104904,1.0345119827232838,0.37692578263853616,0.9666392196730369,2.7446033914953736
657,E22,LAGO MAYOR,2024-08-22,2024-08-22,2024,8,-15.6181,-69.807,LS,E22|2024-08-22|14.0,14.0,1.02,1.5,13.5,0.015102609746288825,0.012812889107504995,0.00514210439610767,0.0029513249849996252,0.0023151563953715953,0.0025006815856481865,0.6255664531749652,-0.4272228938780189,1.1787043843794973,0.4013227580166121,0.848389018478379,2.9370478788164833
659,E27,LAGO MAYOR,2024-08-22,2024-08-22,2024,8,-15.4437,-69.8425,LS,E27|2024-08-22|4.0,4.0,1.61,15.25,13.6,0.017481927444799702,0.025960989831787275,0.006417243845308905,0.0024594638960230217,0.002115087269299095,0.0021255856299971466,0.8269229384555653,-0.6036075215769342,0.6733921504796497,0.24718794004778408,1.4850186530485323,2.724210758076222
660,E28,LAGO MAYOR,2024-08-22,2024-08-22,2024,8,-15.3928,-69.7822,LS,E28|2024-08-22|9.0,9.0,3.58,8.5,13.6,0.01548970047815068,0.013404786408699293,0.0047199010333286665,0.0024531579846258818,0.00178420371464073,0.001953410437239291,0.6906082819961721,-0.47917432639735247,1.1555349597038997,0.35210562386581357,0.865399919269438,3.2817843185670346
661,E32,LAGO MAYOR,2024-08-22,2024-08-22,2024,8,-15.3384,-69.7205,LS,E32|2024-08-22|12.5,12.5,1.62,6.0,13.7,0.015801953668519247,0.01389692573778219,0.005265780128638893,0.00291348951661681,0.0017995936474155365,0.0019964542354287546,0.6533708657149523,-0.45041369516890656,1.1370826058654953,0.37891688054471667,0.8794434631221751,3.0008755173240096
662,E36,LAGO MAYOR,2024-08-22,2024-08-22,2024,8,-15.2971,-69.6814,LS,E36|2024-08-22|11.5,11.5,2.13,2.75,14.0,0.015025191599916454,0.012274196058103447,0.004643136785550665,0.002320733845286027,0.0018072886138029397,0.002082541831807682,0.6819807698100074,-0.45107930972322097,1.224128269147903,0.37828436056314235,0.816907735224086,3.235999510217959
663,E36B,LAGO MAYOR,2024-08-22,2024-08-22,2024,8,-15.2621,-69.7034,LS,E36B|2024-08-22|13.0,13.0,1.53,6.25,13.9,0.014839388048622762,0.011881814701131947,0.0047668125180818895,0.0026171116809514186,0.0019227131096140014,0.0021378838580512786,0.6389923044672339,-0.4273626685253732,1.2489158578018558,0.4011855290456802,0.8006943319701355,3.1130624246853187
664,E39,LAGO MAYOR,2024-08-23,2024-08-23,2024,8,-15.3748,-69.5276,LS,E39|2024-08-23|8.0,8.0,2.12,4.5,12.7,0.015298735717098833,0.01718893881745833,0.005125045674379225,0.0027999831114683613,0.003469401353482171,0.0035644783123306495,0.7198464748276753,-0.5406426900964004,0.8900337007149406,0.29815949842199446,1.1235528223874125,2.985091978494401
665,E41,LAGO MAYOR,2024-08-23,2024-08-23,2024,8,-15.4392,-69.6009,LS,E41|2024-08-23|10.5,10.5,2.98,3.75,13.0,0.015112932165805141,0.011961621078821065,0.005090928230922336,0.002989160453382444,0.002130477202073905,0.00221782234040314,0.6001331773846772,-0.4029129205367591,1.2634517347412024,0.4256051727245421,0.7914824308153294,2.9685999314249147
666,E42,LAGO MAYOR,2024-08-23,2024-08-23,2024,8,-15.4967,-69.6685,LS,E42|2024-08-23|10.0,10.0,1.45,6.25,14.4,0.015138738214595932,0.012068029582406556,0.004980046539687446,0.002793677200071225,0.0023228513617589985,0.0024822342435669885,0.6240435162686996,-0.415764369902645,1.2544497721663073,0.4126643950461672,0.797162128981734,3.0398782529586166
667,E43,LAGO MAYOR,2024-08-23,2024-08-23,2024,8,-15.5603,-69.7411,LS,E43|2024-08-23|12.5,12.5,0.94,7.0,13.9,0.01536067023419673,0.012307448715473911,0.005176221839564559,0.0029513249849996252,0.0022920714962093858,0.002291611708727934,0.6131635019281024,-0.4078792519900813,1.2480790569376907,0.4205763142835838,0.8012311784965768,2.9675442325989425
668,E48,LAGO MAYOR,2024-08-24,2024-08-24,2024,8,-15.5361,-69.3597,LS,E48|2024-08-24|9.0,9.0,0.43,6.11,13.5,0.014382620985025771,0.01159584184774594,0.004809459322403,0.0030459136559566648,0.0031846875971482287,0.003047952734057083,0.5839414273572416,-0.4136700717217772,1.2403256213343337,0.41475720096861163,0.8062397704548419,2.990485422663729
669,E49,LAGO MAYOR,2024-08-24,2024-08-24,2024,8,-15.6063,-69.4449,LS,E49|2024-08-24|11.0,11.0,1.45,1.0,13.8,0.01484712986326,0.011629094505116405,0.004830782724563556,0.002781065377276952,0.003292417126571884,0.0033861540055457285,0.6140132091550875,-0.4130232123038636,1.276722670024317,0.4154048543533052,0.7832553381672688,3.073441228131442
670,E50,LAGO MAYOR,2024-08-24,2024-08-24,2024,8,-15.6687,-69.5211,LS,E50|2024-08-24|12.0,12.0,1.61,3.75,13.7,0.01498132131697211,0.01184856204376148,0.004886223570181001,0.002673864883525643,0.002307461428984192,0.002519128927729386,0.6317605572685894,-0.41603987156787836,1.2643998484575811,0.4123895490224615,0.7908889344392802,3.0660320871042477
671,E51,LAGO MAYOR,2024-08-24,2024-08-24,2024,8,-15.7371,-69.6038,LS,E51|2024-08-24|11.5,11.5,0.51,7.5,13.1,0.015004546760883822,0.01211458330272521,0.005095192911354448,0.0027495358202912733,0.00289997384081429,0.0028942248833804278,0.6300438508924954,-0.40787224053243765,1.2385523420319513,0.42058338809101936,0.8073940978286184,2.944843125096133
672,E52,LAGO MAYOR,2024-08-24,2024-08-24,2024,8,-15.8028,-69.6843,LS,E52|2024-08-24|11.0,11.0,1.1,6.25,12.9,0.01484712986326,0.011954970547346972,0.0047625478376497775,0.002472075718817291,0.002438275857570057,0.0026667076643789754,0.6572997685236607,-0.4302326525879242,1.241920970238934,0.39837383291026524,0.8052040934676592,3.1174756142945426
673,E53,LAGO MAYOR,2024-08-24,2024-08-24,2024,8,-15.8686,-69.7634,LS,E53|2024-08-24|9.0,9.0,2.15,3.25,12.6,0.015964531775901226,0.015260284689971298,0.0053638677785774495,0.0027684535544826826,0.0025844802189307313,0.0028142864010285663,0.6928843423885764,-0.47984596926538603,1.0461489450615424,0.3514919633583569,0.9558867086299573,2.976309159474847
674,E58,LAGO MAYOR,2024-08-26,2024-08-26,2024,8,-15.9519,-69.5453,LS,E58|2024-08-26|9.0,9.0,1.1,1.0,14.2,0.015559376809885814,0.01694286915291688,0.005513131593701341,0.0022198392629318546,0.0020612225045872692,0.002279313480673802,0.768316711926351,-0.5089836422432951,0.9183436259297022,0.32539537539642904,1.0889168808634526,2.8222388171222534
675,E59,LAGO MAYOR,2024-08-26,2024-08-26,2024,8,-15.8876,-69.4615,LS,E59|2024-08-26|10.5,10.5,1.62,4.75,13.4,0.015110351560926064,0.012639975289178573,0.005044016746169114,0.0026234175923485516,0.0023459362609212116,0.0024699360155128565,0.6562470820433188,-0.4295386527141388,1.1954414482456306,0.3990527063320074,0.8365109442822896,2.9956975413899443
676,E60,LAGO MAYOR,2024-08-25,2024-08-25,2024,8,-15.8271,-69.3776,LS,E60|2024-08-25|12.0,12.0,0.51,1.75,14.3,0.014328428282565111,0.011888465232606041,0.004702842311600222,0.0028252067570569035,0.004108083563636695,0.0040441092064418165,0.6159752552551976,-0.43309561158845794,1.2052377491107373,0.3955802388286149,0.8297116870355059,3.046758595427161
677,E61,LAGO MAYOR,2024-08-25,2024-08-25,2024,8,-15.7585,-69.3045,LS,E61|2024-08-25|12.0,12.0,1.53,2.0,13.8,0.014803259580315656,0.012686529009497226,0.005129310354811337,0.003008078187573846,0.0034770963198695777,0.0034230486897081245,0.616673618123807,-0.4241853597782384,1.1668485842254606,0.4043115297068229,0.8570090988175192,2.886013064196244
679,E72,LAGO MAYOR,2024-08-25,2024-08-25,2024,8,-15.6921,-69.1709,LS,E72|2024-08-25|4.8,4.8,1.1,2.25,13.3,0.019848342118915185,0.03254501599113955,0.013347349547489524,0.010783266940242505,0.010848874119002462,0.008354638139415258,0.5022527336960909,-0.4183193827559695,0.6098734600236632,0.41011960605592457,1.6396842696720926,1.487062323589637
680,E76,LAGO MAYOR,2024-08-25,2024-08-25,2024,8,-15.8125,-69.0449,LS,E76|2024-08-25|12.0,12.0,1.53,2.0,14.1,0.016645811463978095,0.018093411097935008,0.009040022311057263,0.008645562976613407,0.009317575807909102,0.007419972807301189,0.35333621034392476,-0.3336617344643024,0.9199929440549179,0.4996305982600704,1.0869647328473482,1.8413460774617525
681,B03,LAGO MAYOR,2024-08-27,2024-08-27,2024,8,-15.9948,-69.427,LS,B03|2024-08-27|11.0,11.0,1.02,3.25,13.1,0.015329702975647782,0.013484592786388411,0.005171957159132448,0.002642335326539961,0.002045832571812463,0.002199374998321942,0.6723076280627169,-0.4455612214460088,1.1368309063282172,0.3835456403850381,0.8796381722575695,2.964003672106119
682,E78,LAGO MAYOR,2024-08-27,2024-08-27,2024,8,-15.8903,-69.1327,LS,E78|2024-08-27|10.5,10.5,0.51,1.5,13.7,0.014186495014215764,0.011668997693960964,0.0047881359202424445,0.0031468082383108407,0.004315847656096598,0.004308521109605665,0.5752092676833607,-0.418108129697132,1.2157422745755964,0.41032963031527636,0.8225426266125118,2.962842385362998
683,E79,LAGO MAYOR,2024-08-27,2024-08-27,2024,8,-15.96,-69.2272,LS,E79|2024-08-27|9.5,9.5,1.53,4.0,13.6,0.014364556750872219,0.012300798183999819,0.0050184286635764465,0.003115278681325162,0.00422350805944775,0.0040564074344959485,0.5958402378944536,-0.4204788795732889,1.167774267021351,0.4079758224249473,0.8563297525294792,2.8623608805618166
684,E80,LAGO MAYOR,2024-08-27,2024-08-27,2024,8,-16.0316,-69.3198,LS,E80|2024-08-27|15.0,15.0,1.53,11.5,13.3,0.014916806194995134,0.012234292869258888,0.00492034101363789,0.0026675589721285066,0.002722989613903999,0.002734347918676705,0.6419828459559327,-0.42635427134115395,1.2192617207337644,0.40217613425170634,0.8201683315558118,3.0316604320694944
685,E82,LAGO MAYOR,2024-08-28,2024-08-28,2024,8,-16.1109,-69.4173,LS,E82|2024-08-28|9.0,9.0,1.97,1.5,13.9,0.014811001394952894,0.012839491233401371,0.005078134189626003,0.00308374912433948,0.0031769926307608255,0.003213978812787872,0.6126731291628185,-0.4331688171487172,1.153550399479407,0.3955089576218179,0.8668887419650038,2.9166221145923648
686,E83,LAGO MAYOR,2024-08-28,2024-08-28,2024,8,-16.1837,-69.5067,LS,E83|2024-08-28|8.5,8.5,2.56,1.0,14.6,0.014976160107213952,0.014096441682004987,0.004852106126724111,0.002446852073228749,0.0023536312273086148,0.00251297981370232,0.7041879976835148,-0.4878650945038205,1.0624070515557789,0.3442078427998105,0.9412586831223919,3.086527093503203
687,E88,LAGO MAYOR,2024-08-29,2024-08-29,2024,8,-16.2064,-69.3781,LS,E88|2024-08-29|9.5,9.5,1.53,8.0,13.3,0.015260026643912647,0.013870323611885817,0.005270044809071004,0.003184643706693656,0.002522920487831499,0.0026667076643789754,0.6265435212536462,-0.4493266881985231,1.100192466356264,0.37995107948338686,0.9089317487192631,2.8956155594789146
688,E94,LAGO MAYOR,2024-08-29,2024-08-29,2024,8,-16.251,-69.2884,LS,E94|2024-08-29|9.5,9.5,1.53,1.5,13.9,0.015120673980442378,0.0144755219760283,0.005444896706787562,0.004527802834283619,0.005231548656197654,0.004167091486983142,0.5234725353362449,-0.45333509097857566,1.0445684073371622,0.3761450771626282,0.9573330552208456,2.7770354549715557
689,E97,LAGO MAYOR,2024-08-29,2024-08-29,2024,8,-16.1757,-69.1958,LS,E97|2024-08-29|13.5,13.5,1.02,9.0,14.0,0.015007127365762901,0.012600072100334016,0.00503122270487278,0.003115278681325162,0.002369021160083421,0.0024453395594045907,0.6035368186971299,-0.4292849192188153,1.191034944500844,0.39930107268499954,0.8396058055370329,2.9827986680911005
690,E98,LAGO MAYOR,2024-08-29,2024-08-29,2024,8,-16.1056,-69.1103,LS,E98|2024-08-29|13.0,13.0,1.1,1.75,14.1,0.014620036633901044,0.011715551414279617,0.004685783589871777,0.002806289022865501,0.003361671824058516,0.003318513751247999,0.613507758639018,-0.4286094634381317,1.2479169668586236,0.39996266707496125,0.801335243290586,3.1200829559049597
691,E99,LAGO MAYOR,2024-08-30,2024-08-30,2024,8,-16.0745,-69.0742,LS,E99|2024-08-30|9.5,9.5,1.1,10.25,13.0,0.0151671248682658,0.013451340129017946,0.005184751200428782,0.0027999831114683613,0.0027075996811291927,0.002734347918676705,0.6554147132831344,-0.4435795220614571,1.1275548454827655,0.38544492706708344,0.886874695037786,2.9253326450223542
692,E100,LAGO MAYOR,2024-08-30,2024-08-30,2024,8,-16.0055,-68.9959,LS,E100|2024-08-30|11.0,11.0,1.18,1.0,12.8,0.01490132256572066,0.012925948142564581,0.005265780128638893,0.0034368801625790923,0.00418503322751073,0.0040379600924147505,0.5799160892671898,-0.4210797060426422,1.1528223112569167,0.4073805389887317,0.8674362438716333,2.8298408539384874
693,E103,LAGO MAYOR,2024-08-30,2024-08-30,2024,8,-15.9394,-68.9017,LS,E103|2024-08-30|11.0,11.0,1.45,0.25,13.7,0.014692293570515257,0.014874553864473894,0.006724300836420907,0.005801596936505084,0.00486219026960227,0.004074854776577148,0.4388126482771916,-0.37734651969156574,0.9877467732231809,0.4520673658934897,1.0124050939139486,2.1849545020327956
694,E105,LAGO MAYOR,2024-08-30,2024-08-30,2024,8,-15.9864,-68.8016,LS,E105|2024-08-30|8.5,8.5,2.72,1.75,12.9,0.015218736965847381,0.02075362368757229,0.007969587522597363,0.0031972555294879287,0.0030230933030127513,0.0029188213394886918,0.7330155718276673,-0.44507682746042765,0.733305010327217,0.3840094269108433,1.363688877103071,1.9096013455017693
695,E113,LAGO MAYOR,2024-08-29,2024-08-29,2024,8,-16.2174,-69.1367,LS,E113|2024-08-29|13.5,13.5,0.94,0.5,14.7,0.014731002643701443,0.012161137023043863,0.004617548702957998,0.0027684535544826826,0.002722989613903999,0.002685155006460175,0.6291319772404189,-0.449593489840632,1.2113177743553278,0.37969708872708385,0.8255470786095161,3.1902206995768285
696,E117,LAGO MAYOR,2024-08-29,2024-08-29,2024,8,-16.1653,-69.1027,LS,E117|2024-08-29|12.0,12.0,1.02,6.0,14.2,0.014818743209590129,0.012460410939378056,0.005082398870058114,0.002888265871028268,0.0025767852525433246,0.002691304120487241,0.6236462310688367,-0.42057183135962195,1.1892659152591216,0.40788369556197795,0.8408547150246477,2.9156980144147306
697,E120,LAGO MAYOR,2024-08-30,2024-08-30,2024,8,-16.1264,-68.9337,LS,E120|2024-08-30|10.5,10.5,2.05,1.25,14.0,0.014529715463133277,0.012234292869258888,0.005069604828761781,0.003405350605593417,0.0030000084038505383,0.0029618651376781572,0.5645232075359468,-0.41405050766487966,1.1876219108682762,0.4143765780794409,0.8420186932278657,2.8660444132955534
698,E121,LAGO MAYOR,2024-08-30,2024-08-30,2024,8,-16.2068,-68.8643,LS,E121|2024-08-30|12.7,12.7,0.51,1.0,13.9,0.0146871323607571,0.012979152394357327,0.005850041347838121,0.004597167859652113,0.0037079453114916908,0.00320168058473374,0.47689072210108535,-0.37862007080648874,1.1315940196178216,0.4507259580105911,0.8837090312692764,2.5106027422493304
699,E122,LAGO MENOR,2024-08-31,2024-08-31,2024,8,-16.2276,-68.8361,LS,E122|2024-08-31|11.0,11.0,1.02,1.75,12.9,0.014945192848665002,0.014222801780012756,0.00606754004987579,0.004723286087594831,0.004277372824159579,0.0037059079349531726,0.501397188559555,-0.4019282374137077,1.0507909783905194,0.4266064954793916,0.9516639211262706,2.46313831679325
700,E125,LAGO MENOR,2024-09-01,2024-09-01,2024,9,-16.2626,-68.7843,LS,E125|2024-09-01|2.5,2.5,2.72,11.5,11.3,0.018101272615778673,0.04239445310427159,0.010541189823160388,0.0027684535544826826,0.0021458671348487113,0.0025068306996752525,0.877401425284625,-0.6017356344012358,0.42697265475473645,0.2486454902151524,2.342070177167911,1.7171942828326177
701,P02,LAGO MENOR,2024-09-01,2024-09-01,2024,9,-16.2135,-68.733,LS,P02|2024-09-01|9.5,9.5,1.02,1.75,12.5,0.014852291073018158,0.01644407929235989,0.0069375348580264645,0.005625031417385278,0.004877580202377076,0.0038534866716027636,0.4902348593485614,-0.4065820249451989,0.903199863352571,0.42188646216047265,1.107174516331624,2.140859719785754
702,P03,LAGO MENOR,2024-09-01,2024-09-01,2024,9,-16.2158,-68.6912,LS,P03|2024-09-01|3.5,3.5,3.24,5.5,11.2,0.016534845454177695,0.030629662926600708,0.01018295666686305,0.007226732912257814,0.005331583219233903,0.003970319838117023,0.6182027865451908,-0.5009897909621674,0.5398311092737066,0.3324540775656222,1.8524310468490512,1.623776312847169
703,P04,LAGO MENOR,2024-09-01,2024-09-01,2024,9,-16.2544,-68.6012,LS,P04|2024-09-01|1.5,1.5,1.7,16.25,11.5,0.015001966156004742,0.026832209454893483,0.009965457964825382,0.004319707758178134,0.0028691939752646736,0.002580620068000048,0.7226682332283765,-0.4583646794596821,0.5591028805183206,0.37139906835398073,1.7885794026787698,1.5053964106376323
704,E127,LAGO MENOR,2024-09-01,2024-09-01,2024,9,-16.218,-68.6226,LS,E127|2024-09-01|2.0,2.0,2.13,12.5,12.2,0.01788966301569419,0.03848394059750479,0.010140309862541939,0.004193589530235409,0.002838414109715054,0.0026052165241083136,0.8034755095048319,-0.5829114049858858,0.4648604657703283,0.26349457570113904,2.151182971560769,1.7642124840351956
705,E129,LAGO MENOR,2024-08-31,2024-08-31,2024,8,-16.3339,-68.7808,LS,E129|2024-08-31|4.5,4.5,2.05,1.0,12.4,0.01584324334658451,0.029139943876403826,0.010780011927358613,0.003518857010741866,0.002507530555056689,0.0023715501910797953,0.7845078626643149,-0.45991863266031385,0.5436950349008256,0.36993933835776627,1.8392662032436444,1.4696868596860324
706,E135,LAGO MENOR,2024-08-31,2024-08-31,2024,8,-16.2659,-69.0601,LS,E135|2024-08-31|4.0,4.0,2.2,4.5,13.3,0.01466132631196631,0.016058348466862483,0.006506802134383238,0.004565638302666434,0.004685206042691979,0.003958021610062889,0.5572496596015272,-0.4232874877717173,0.9130033159523009,0.4051974424775395,1.0952861310009736,2.253230351244677
707,E138,LAGO MENOR,2024-08-31,2024-08-31,2024,8,-16.4011,-68.8334,LS,E138|2024-08-31|4.5,4.5,1.1,2.25,12.5,0.01554647378549042,0.02848819179194269,0.009261785693527043,0.0028693481368368585,0.0019919678071006336,0.0021686294281866086,0.8169914762542233,-0.5093090610850558,0.5457163920165349,0.3251096256322216,1.832453478040618,1.6785609839574123
708,P15,LAGO MENOR,2024-08-31,2024-08-31,2024,8,-16.3119,-68.8495,LS,P15|2024-08-31|4.0,4.0,1.62,3.5,13.7,0.015623891931862793,0.023719760725017858,0.007935470079140475,0.005234064910762851,0.004777545639340828,0.0037612499611967684,0.6384543240792449,-0.49863133979021784,0.6586867150264778,0.3345510031313142,1.5181722524893044,1.9688676042097155
710,E142,LAGO MENOR,2024-08-31,2024-08-31,2024,8,-16.4515,-68.998,LS,E142|2024-08-31|4.0,4.0,1.62,9.25,13.1,0.015123254585321457,0.019390264735383182,0.006285038751913458,0.002787371288674092,0.0026075651180929443,0.0026482603222977774,0.7486322112991136,-0.5104214436854602,0.7799405532501125,0.32413370903136085,1.2821488485722121,2.4062305382741984
711,E145,LAGO MENOR,2024-09-02,2024-09-02,2024,9,-16.5139,-68.977,LS,E145|2024-09-02|3.5,3.5,1.62,0.5,12.5,0.0160909814149761,0.021538386401515286,0.0071465041991999115,0.003121584592722295,0.0024074959920204406,0.0023285063928903333,0.7468297941739973,-0.5017234299730295,0.7470838514978171,0.3318031227675446,1.3385376881320319,2.2515874495939032
713,P10,LAGO MENOR,2024-09-02,2024-09-02,2024,9,-16.5821,-68.8723,LS,P10|2024-09-02|3.0,3.0,2.16,3.5,12.3,0.015334864185405939,0.022708879940955697,0.007965322842165251,0.004029635833909879,0.002807634244165441,0.002715900576595505,0.6985893893936728,-0.48065003424484526,0.6752804871925395,0.35075805200949867,1.4808659656537146,1.9252028529247334
