lake,country,clarity,sensor,lon,lat,B2,B3,B4,B8,B11,B12
Lake Titicaca,Peru/Bolivia,clear,S2,-69.573261,-15.520193,0.018472,0.014240,0.007593,0.005499,0.004174,0.004075
Lake Titicaca,Peru/Bolivia,clear,S2,-69.732263,-15.436650,0.017343,0.012455,0.005010,0.002739,0.001936,0.001599
Lake Titicaca,Peru/Bolivia,clear,S2,-69.284902,-15.932520,0.018991,0.014802,0.007772,0.006504,0.005850,0.005131
Lake Titicaca,Peru/Bolivia,clear,S2,-69.231003,-15.754653,0.021075,0.017362,0.010443,0.008898,0.007375,0.006037
Lake Titicaca,Peru/Bolivia,clear,S2,-69.621770,-15.892096,0.017919,0.013604,0.006781,0.004508,0.002533,0.002187
Lake Titicaca,Peru/Bolivia,clear,S2,-69.010017,-16.064572,0.020328,0.015361,0.008060,0.006557,0.004690,0.003800
Lake Titicaca,Peru/Bolivia,clear,S2,-68.807896,-16.396051,0.020032,0.033213,0.014573,0.008473,0.002236,0.002584
Lake Titicaca,Peru/Bolivia,clear,S2,-69.659499,-15.900181,0.020033,0.015441,0.007583,0.005386,0.003503,0.003193
Lake Titicaca,Peru/Bolivia,clear,S2,-69.457378,-15.830112,0.017587,0.013018,0.006326,0.004293,0.003598,0.003087
Lake Titicaca,Peru/Bolivia,clear,S2,-68.926474,-16.398746,0.020307,0.021151,0.008773,0.004789,0.002593,0.002194
Lake Titicaca,Peru/Bolivia,clear,S2,-68.732438,-16.212794,0.011981,0.014939,0.004255,0.003084,0.002550,0.002196
Lake Titicaca,Peru/Bolivia,clear,S2,-69.314546,-16.131946,0.018113,0.013280,0.006251,0.004502,0.004021,0.003632
Lake Titicaca,Peru/Bolivia,clear,S2,-68.670454,-16.280168,0.022443,0.038314,0.011315,0.003236,0.001800,0.002264
Lake Titicaca,Peru/Bolivia,clear,S2,-69.408869,-15.816637,0.018634,0.013872,0.007642,0.005467,0.004246,0.003623
Lake Titicaca,Peru/Bolivia,clear,S2,-69.042357,-16.080742,0.020233,0.015398,0.008644,0.007015,0.005392,0.004643
Lake Titicaca,Peru/Bolivia,clear,S2,-69.190579,-15.757348,0.023295,0.020354,0.014032,0.011355,0.011824,0.010795
Lake Titicaca,Peru/Bolivia,clear,S2,-69.632550,-15.843587,0.017708,0.012925,0.006302,0.004421,0.002377,0.002391
Lake Titicaca,Peru/Bolivia,clear,S2,-68.972288,-16.379881,0.020796,0.021711,0.009938,0.005323,0.002828,0.002578
Lake Titicaca,Peru/Bolivia,clear,S2,-69.344191,-15.959469,0.017993,0.013203,0.006349,0.004520,0.003715,0.003479
Lake Titicaca,Peru/Bolivia,clear,S2,-68.985763,-15.905570,0.016100,0.011882,0.005813,0.004367,0.003427,0.003687
Lake Titicaca,Peru/Bolivia,clear,S2,-68.985763,-16.520018,0.022609,0.025359,0.009663,0.005275,0.002380,0.001869
Lake Titicaca,Peru/Bolivia,clear,S2,-69.734958,-15.431260,0.017903,0.012826,0.005155,0.002726,0.001876,0.001664
Lake Titicaca,Peru/Bolivia,clear,S2,-69.322631,-15.719619,0.019573,0.015214,0.008678,0.006871,0.005502,0.004736
Lake Titicaca,Peru/Bolivia,clear,S2,-69.769992,-15.342327,0.026391,0.024059,0.007589,0.003417,0.002380,0.002312
Lake Titicaca,Peru/Bolivia,clear,S2,-69.001933,-16.317897,0.022005,0.022798,0.010580,0.006384,0.003920,0.003390
Lake Titicaca,Peru/Bolivia,clear,S2,-69.363055,-15.611821,0.019760,0.014424,0.007731,0.005675,0.004687,0.004066
Lake Titicaca,Peru/Bolivia,clear,S2,-69.751128,-15.566007,0.018513,0.012817,0.005524,0.003519,0.002196,0.002015
Lake Titicaca,Peru/Bolivia,clear,S2,-69.848146,-15.506718,0.020032,0.015354,0.007966,0.006032,0.003393,0.002934
Lake Titicaca,Peru/Bolivia,clear,S2,-69.274122,-15.989114,0.018394,0.014148,0.007168,0.005206,0.005553,0.004719
Lake Titicaca,Peru/Bolivia,clear,S2,-69.654109,-15.568702,0.018576,0.013124,0.006370,0.004220,0.002451,0.002309
Lake Titicaca,Peru/Bolivia,clear,S2,-69.689144,-15.816637,0.018621,0.013519,0.006378,0.004094,0.002287,0.002032
Lake Titicaca,Peru/Bolivia,clear,S2,-69.292987,-15.951385,0.019282,0.014455,0.008514,0.007233,0.005954,0.005323
Lake Titicaca,Peru/Bolivia,clear,S2,-68.772862,-16.263998,0.021106,0.035755,0.010290,0.002677,0.001839,0.002385
Lake Titicaca,Peru/Bolivia,clear,S2,-69.503193,-15.886706,0.018334,0.013781,0.006977,0.004713,0.004046,0.004029
Lake Titicaca,Peru/Bolivia,clear,S2,-69.252563,-16.104996,0.017383,0.012687,0.006254,0.004220,0.003747,0.003581
Lake Titicaca,Peru/Bolivia,clear,S2,-69.729568,-15.396226,0.018954,0.013963,0.005285,0.003087,0.002325,0.001486
Lake Titicaca,Peru/Bolivia,clear,S2,-69.026187,-16.053792,0.019067,0.014500,0.007294,0.005639,0.003751,0.003151
Lake Titicaca,Peru/Bolivia,clear,S2,-69.298377,-15.797773,0.021155,0.016288,0.010681,0.009067,0.007130,0.005965
Lake Titicaca,Peru/Bolivia,clear,S2,-69.274122,-15.730399,0.022846,0.017463,0.011319,0.009681,0.008441,0.006995
Lake Titicaca,Peru/Bolivia,clear,S2,-69.010017,-16.342152,0.023131,0.024285,0.011672,0.007161,0.005019,0.004543
Lake Titicaca,Peru/Bolivia,clear,S2,-69.794247,-15.735789,0.019953,0.014659,0.007401,0.005460,0.003302,0.003174
Lake Titicaca,Peru/Bolivia,clear,S2,-69.575956,-15.482464,0.018681,0.014087,0.007597,0.005492,0.004016,0.003752
Lake Titicaca,Peru/Bolivia,clear,S2,-69.241783,-15.991809,0.019571,0.015907,0.009311,0.007539,0.007168,0.006747
Lake Titicaca,Peru/Bolivia,clear,S2,-69.460073,-15.913655,0.018357,0.013944,0.007266,0.005094,0.004330,0.003573
Lake Titicaca,Peru/Bolivia,clear,S2,-69.136680,-16.021453,0.018742,0.014565,0.008568,0.006077,0.005557,0.004934
Lake Titicaca,Peru/Bolivia,clear,S2,-69.726873,-15.649551,0.018473,0.013080,0.006024,0.003833,0.003182,0.002664
Lake Titicaca,Peru/Bolivia,clear,S2,-69.586736,-15.514803,0.018545,0.014094,0.007187,0.005214,0.003489,0.003410
Lake Titicaca,Peru/Bolivia,clear,S2,-69.220223,-16.185845,0.017611,0.013033,0.006496,0.004662,0.003339,0.003152
Lake Titicaca,Peru/Bolivia,clear,S2,-69.408869,-16.156200,0.021175,0.016294,0.009141,0.007296,0.005688,0.005031
Lake Titicaca,Peru/Bolivia,clear,S2,-69.516667,-15.730399,0.018077,0.013412,0.007573,0.005642,0.004807,0.004751
Lake Titicaca,Peru/Bolivia,clear,S2,-69.058526,-15.843587,0.018727,0.015577,0.010139,0.007473,0.008084,0.007611
Lake Titicaca,Peru/Bolivia,clear,S2,-69.239088,-15.762738,0.020370,0.016932,0.010544,0.009550,0.008790,0.007458
Lake Titicaca,Peru/Bolivia,clear,S2,-69.398090,-15.776213,0.018734,0.014028,0.007682,0.005583,0.004364,0.003978
Lake Titicaca,Peru/Bolivia,clear,S2,-69.549007,-15.916350,0.019538,0.014448,0.007915,0.005587,0.005145,0.004525
Lake Titicaca,Peru/Bolivia,clear,S2,-69.888570,-15.832807,0.018620,0.015150,0.006926,0.004956,0.002487,0.002237
Lake Titicaca,Peru/Bolivia,clear,S2,-69.818501,-15.380056,0.023698,0.021348,0.008239,0.004736,0.002687,0.002212
Lake Titicaca,Peru/Bolivia,clear,S2,-69.390005,-15.679195,0.018653,0.014080,0.007309,0.005420,0.004331,0.003749
Lake Titicaca,Peru/Bolivia,clear,S2,-69.667584,-15.498634,0.018091,0.013107,0.005349,0.003391,0.002365,0.001805
Lake Titicaca,Peru/Bolivia,clear,S2,-69.309156,-15.566007,0.022702,0.019594,0.013228,0.011590,0.009696,0.008227
Lake Titicaca,Peru/Bolivia,clear,S2,-68.931864,-16.064572,0.016884,0.013041,0.006192,0.004349,0.003114,0.002719
Lake Titicaca,Peru/Bolivia,clear,S2,-69.678364,-15.743874,0.018509,0.013824,0.006630,0.004471,0.003025,0.002724
Lake Titicaca,Peru/Bolivia,clear,S2,-68.902220,-16.145421,0.012561,0.008315,0.002485,0.001565,0.001716,0.001872
Lake Titicaca,Peru/Bolivia,clear,S2,-69.487023,-15.539058,0.017228,0.012963,0.006207,0.004276,0.002592,0.002431
Lake Titicaca,Peru/Bolivia,clear,S2,-69.185189,-16.045708,0.017740,0.012962,0.007487,0.006083,0.005197,0.005085
Lake Titicaca,Peru/Bolivia,clear,S2,-69.454683,-16.180455,0.023690,0.019124,0.012075,0.010428,0.008156,0.007042
Lake Titicaca,Peru/Bolivia,clear,S2,-69.584041,-15.442040,0.017346,0.013259,0.006304,0.004544,0.003497,0.003286
Lake Titicaca,Peru/Bolivia,clear,S2,-68.985763,-16.005283,0.015156,0.011011,0.005227,0.003391,0.002627,0.002088
Lake Titicaca,Peru/Bolivia,clear,S2,-69.600211,-15.830112,0.017376,0.012765,0.006410,0.004499,0.002797,0.002492
Lake Titicaca,Peru/Bolivia,clear,S2,-69.640635,-15.760043,0.017907,0.013112,0.006468,0.004268,0.002670,0.002619
Lake Titicaca,Peru/Bolivia,clear,S2,-69.209443,-15.768128,0.022453,0.019444,0.013095,0.010483,0.011581,0.010508
Lake Titicaca,Peru/Bolivia,clear,S2,-68.915694,-16.263998,0.017130,0.018698,0.007707,0.004364,0.002713,0.002195
Lake Titicaca,Peru/Bolivia,clear,S2,-69.883180,-15.827417,0.018925,0.015387,0.006997,0.004846,0.002629,0.002323
Lake Titicaca,Peru/Bolivia,clear,S2,-68.710878,-16.282863,0.026858,0.037734,0.010711,0.004503,0.002234,0.002168
Lake Titicaca,Peru/Bolivia,clear,S2,-69.244478,-16.088827,0.017320,0.013086,0.006593,0.004288,0.004578,0.004609
Lake Titicaca,Peru/Bolivia,clear,S2,-69.557091,-15.808552,0.018981,0.013853,0.006797,0.004740,0.003870,0.003540
Lake Titicaca,Peru/Bolivia,clear,S2,-69.610990,-15.757348,0.017911,0.012584,0.006225,0.003905,0.002643,0.002568
Lake Titicaca,Peru/Bolivia,clear,S2,-69.457378,-15.463599,0.017945,0.014300,0.008078,0.006183,0.005714,0.005053
Lake Titicaca,Peru/Bolivia,clear,S2,-69.268732,-16.069962,0.017311,0.013438,0.006531,0.004457,0.003901,0.003796
Lake Titicaca,Peru/Bolivia,clear,S2,-68.996543,-16.056487,0.016569,0.012128,0.005910,0.004000,0.002891,0.002582
Lake Titicaca,Peru/Bolivia,clear,S2,-69.298377,-15.908265,0.020307,0.015865,0.009072,0.007739,0.006487,0.005508
Lake Titicaca,Peru/Bolivia,clear,S2,-69.292987,-16.016063,0.018043,0.013808,0.006661,0.004471,0.003891,0.003208
Lake Titicaca,Peru/Bolivia,clear,S2,-69.039662,-16.002588,0.019793,0.015481,0.008256,0.006236,0.004277,0.003362
Lake Titicaca,Peru/Bolivia,clear,S2,-69.174409,-16.226269,0.018797,0.013870,0.008187,0.006651,0.004684,0.004703
Lake Titicaca,Peru/Bolivia,clear,S2,-69.257952,-16.215489,0.019489,0.015113,0.008699,0.007055,0.006084,0.005599
Lake Titicaca,Peru/Bolivia,clear,S2,-69.443904,-15.539058,0.020455,0.014904,0.008279,0.006458,0.005270,0.004926
Lake Titicaca,Peru/Bolivia,clear,S2,-68.966898,-16.331372,0.019044,0.019224,0.008488,0.005087,0.002427,0.002163
Lake Titicaca,Peru/Bolivia,clear,S2,-69.549007,-15.797773,0.019401,0.013985,0.007336,0.005196,0.004789,0.004458
Lake Titicaca,Peru/Bolivia,clear,S2,-69.613685,-15.630686,0.018589,0.013399,0.007414,0.005406,0.004240,0.003830
Lake Titicaca,Peru/Bolivia,clear,S2,-68.826761,-15.991809,0.024764,0.026003,0.005517,0.002831,0.002173,0.002009
Lake Titicaca,Peru/Bolivia,clear,S2,-69.354970,-15.601042,0.019451,0.014347,0.007837,0.006145,0.004856,0.004392
Lake Titicaca,Peru/Bolivia,clear,S2,-69.702619,-15.590262,0.018026,0.013226,0.006017,0.003876,0.002381,0.002245
Lake Titicaca,Peru/Bolivia,clear,S2,-69.236393,-15.687280,0.024744,0.024406,0.015040,0.012767,0.010984,0.009183
Lake Titicaca,Peru/Bolivia,clear,S2,-69.659499,-15.943300,0.024527,0.020968,0.012927,0.010256,0.007979,0.007198
Lake Titicaca,Peru/Bolivia,clear,S2,-69.678364,-15.296513,0.018378,0.015770,0.005426,0.003572,0.003013,0.002840
Lake Titicaca,Peru/Bolivia,clear,S2,-69.683754,-15.840892,0.018207,0.014170,0.006973,0.004866,0.002700,0.002437
Lake Titicaca,Peru/Bolivia,clear,S2,-69.317241,-16.002588,0.017593,0.012912,0.006661,0.004765,0.003804,0.003421
Lake Titicaca,Peru/Bolivia,clear,S2,-68.921084,-16.148116,0.015922,0.011800,0.005685,0.004041,0.002659,0.002288
Lake Titicaca,Peru/Bolivia,clear,S2,-68.977678,-16.503848,0.022380,0.024883,0.009909,0.005056,0.002218,0.002054
Lake Titicaca,Peru/Bolivia,clear,S2,-69.204054,-15.733094,0.023832,0.021466,0.015952,0.013406,0.013184,0.011656
Lake Titicaca,Peru/Bolivia,clear,S2,-69.602906,-15.520193,0.019020,0.014079,0.007459,0.005430,0.003621,0.003276
Lake Titicaca,Peru/Bolivia,clear,S2,-68.837541,-16.352931,0.021114,0.036045,0.008929,0.003373,0.001536,0.001436
Lake Titicaca,Peru/Bolivia,clear,S2,-69.034272,-15.840892,0.019757,0.016930,0.010899,0.008180,0.007690,0.007402
Lake Titicaca,Peru/Bolivia,clear,S2,-69.263342,-16.228964,0.019626,0.015309,0.009302,0.007177,0.006258,0.005923
Lake Titicaca,Peru/Bolivia,clear,S2,-69.328021,-16.169675,0.019802,0.015133,0.008344,0.006487,0.004890,0.004181
Lake Titicaca,Peru/Bolivia,clear,S2,-68.964203,-15.932520,0.016974,0.012607,0.006349,0.004536,0.003427,0.003053
Lake Titicaca,Peru/Bolivia,clear,S2,-69.112425,-15.881316,0.017957,0.013856,0.007494,0.005636,0.004932,0.004279
Lake Titicaca,Peru/Bolivia,clear,S2,-68.942644,-16.078047,0.016489,0.012664,0.006094,0.004359,0.002894,0.002657
Lake Titicaca,Peru/Bolivia,clear,S2,-69.740348,-15.374666,0.018026,0.013493,0.004404,0.002438,0.001974,0.001909
Lake Titicaca,Peru/Bolivia,clear,S2,-69.098951,-15.991809,0.019657,0.015965,0.010139,0.007415,0.006358,0.005978
Lake Titicaca,Peru/Bolivia,clear,S2,-69.430429,-15.676500,0.018524,0.014546,0.007624,0.005199,0.004510,0.003820
Lake Titicaca,Peru/Bolivia,clear,S2,-69.796942,-15.587567,0.019362,0.014034,0.006942,0.004903,0.003195,0.002851
Lake Titicaca,Peru/Bolivia,clear,S2,-69.001933,-16.436475,0.023962,0.027195,0.011080,0.006360,0.003168,0.002652
Lake Titicaca,Peru/Bolivia,clear,S2,-69.813111,-15.417785,0.020249,0.016364,0.006498,0.003897,0.002412,0.002065
Lake Titicaca,Peru/Bolivia,clear,S2,-68.700099,-16.239744,0.014188,0.022131,0.004737,0.002296,0.001968,0.001977
Lake Titicaca,Peru/Bolivia,clear,S2,-69.656804,-15.897486,0.019624,0.014862,0.007562,0.005512,0.003321,0.002968
Lake Titicaca,Peru/Bolivia,clear,S2,-69.489718,-15.452820,0.018436,0.014547,0.007733,0.006103,0.005599,0.005006
Lake Titicaca,Peru/Bolivia,clear,S2,-68.988458,-15.910960,0.016181,0.011802,0.006283,0.004697,0.003755,0.003748
Lake Titicaca,Peru/Bolivia,clear,S2,-69.446599,-15.563312,0.018476,0.014166,0.007297,0.004859,0.004241,0.003864
Lake Titicaca,Peru/Bolivia,clear,S2,-69.788857,-15.428565,0.018652,0.013635,0.005483,0.003474,0.002274,0.001654
Lake Titicaca,Peru/Bolivia,clear,S2,-69.877790,-15.765433,0.019123,0.017178,0.007356,0.005334,0.003247,0.002845
Lake Titicaca,Peru/Bolivia,clear,S2,-69.600211,-15.741179,0.018303,0.013354,0.006482,0.004342,0.003378,0.003198
Lake Titicaca,Peru/Bolivia,clear,S2,-69.829281,-15.409700,0.026566,0.027837,0.010231,0.004958,0.002378,0.002051
Lake Titicaca,Peru/Bolivia,clear,S2,-69.244478,-15.695365,0.026139,0.023786,0.012830,0.011035,0.009608,0.007672
Lake Titicaca,Peru/Bolivia,clear,S2,-68.681234,-16.299033,0.019724,0.033986,0.011247,0.004510,0.002713,0.002001
Lake Titicaca,Peru/Bolivia,clear,S2,-69.460073,-15.840892,0.018298,0.013841,0.006816,0.004736,0.004052,0.003364
Lake Titicaca,Peru/Bolivia,clear,S2,-68.977678,-16.441865,0.022201,0.024102,0.010091,0.005589,0.003164,0.002387
Lake Titicaca,Peru/Bolivia,clear,S2,-69.702619,-15.468989,0.018252,0.012949,0.005550,0.003345,0.002209,0.001767
Lake Titicaca,Peru/Bolivia,clear,S2,-69.481633,-15.673805,0.018431,0.014124,0.007879,0.005665,0.005057,0.004521
Lake Titicaca,Peru/Bolivia,clear,S2,-68.638115,-16.253218,0.021870,0.038505,0.009264,0.003361,0.001662,0.001517
Lake Titicaca,Peru/Bolivia,clear,S2,-69.656804,-15.692670,0.018841,0.013557,0.006439,0.004351,0.003377,0.003057
Lake Titicaca,Peru/Bolivia,clear,S2,-69.217528,-16.118471,0.017576,0.013057,0.006670,0.004730,0.003809,0.003742
Lake Titicaca,Peru/Bolivia,clear,S2,-69.710703,-15.374666,0.016067,0.012153,0.003693,0.002178,0.002007,0.001841
Lake Titicaca,Peru/Bolivia,clear,S2,-68.888745,-16.134641,0.012064,0.008654,0.002668,0.002082,0.002427,0.002551
Lake Titicaca,Peru/Bolivia,clear,S2,-69.441209,-15.894791,0.018160,0.013164,0.006880,0.004805,0.004439,0.003608
Lake Titicaca,Peru/Bolivia,clear,S2,-68.934559,-16.113081,0.016857,0.012571,0.006099,0.004287,0.003049,0.002676
Lake Titicaca,Peru/Bolivia,clear,S2,-68.759387,-16.269388,0.023065,0.045002,0.010639,0.002506,0.001724,0.001715
Lake Titicaca,Peru/Bolivia,clear,S2,-69.759212,-15.786993,0.020303,0.014355,0.007133,0.004949,0.002848,0.002321
Lake Titicaca,Peru/Bolivia,clear,S2,-69.823891,-15.514803,0.019909,0.014596,0.007368,0.005187,0.003349,0.002673
Lake Titicaca,Peru/Bolivia,clear,S2,-69.635245,-15.695365,0.018295,0.013387,0.006918,0.004532,0.003303,0.003136
Lake Titicaca,Peru/Bolivia,clear,S2,-69.767297,-15.816637,0.020604,0.015443,0.008091,0.005891,0.003365,0.002861
Lake Titicaca,Peru/Bolivia,clear,S2,-69.511277,-15.881316,0.017898,0.013254,0.006894,0.004678,0.003984,0.003656
Lake Titicaca,Peru/Bolivia,clear,S2,-69.241783,-15.714229,0.026263,0.023117,0.012798,0.011157,0.010281,0.009025
Lake Titicaca,Peru/Bolivia,clear,S2,-69.605600,-15.773518,0.017826,0.012716,0.006133,0.003975,0.003427,0.002948
Lake Titicaca,Peru/Bolivia,clear,S2,-68.937254,-16.059182,0.017097,0.013151,0.006387,0.004579,0.003030,0.002762
Lake Titicaca,Peru/Bolivia,clear,S2,-69.473548,-15.951385,0.020046,0.015056,0.008600,0.006546,0.005430,0.004498
Lake Titicaca,Peru/Bolivia,clear,S2,-69.643330,-15.466294,0.018142,0.013278,0.006201,0.004213,0.002661,0.002423
Lake Titicaca,Peru/Bolivia,clear,S2,-69.721483,-15.358496,0.018874,0.014261,0.004471,0.002342,0.002076,0.001695
Lake Titicaca,Peru/Bolivia,clear,S2,-68.891440,-15.989114,0.012535,0.008873,0.002899,0.002004,0.002140,0.001934
Lake Titicaca,Peru/Bolivia,clear,S2,-69.473548,-15.668415,0.018820,0.014418,0.007991,0.005268,0.005269,0.004719
Lake Titicaca,Peru/Bolivia,clear,S2,-69.476243,-15.533668,0.017882,0.013404,0.006527,0.004545,0.003243,0.003315
Lake Titicaca,Peru/Bolivia,clear,S2,-69.883180,-15.792383,0.019090,0.015497,0.007080,0.005041,0.002685,0.002195
Lake Titicaca,Peru/Bolivia,clear,S2,-69.365750,-15.598347,0.019938,0.014867,0.007979,0.006176,0.005051,0.004163
Lake Titicaca,Peru/Bolivia,clear,S2,-69.864315,-15.827417,0.019060,0.015883,0.007343,0.005305,0.003124,0.002556
Lake Titicaca,Peru/Bolivia,clear,S2,-69.826586,-15.490549,0.020673,0.015405,0.007842,0.005485,0.003309,0.002981
Lake Titicaca,Peru/Bolivia,clear,S2,-69.198664,-15.687280,0.024566,0.025778,0.017276,0.015031,0.013610,0.012335
Lake Titicaca,Peru/Bolivia,clear,S2,-69.309156,-15.832807,0.019845,0.015584,0.009877,0.007887,0.006081,0.004756
Lake Titicaca,Peru/Bolivia,clear,S2,-68.910304,-16.339457,0.018029,0.019003,0.007339,0.003554,0.001746,0.001624
Lake Titicaca,Peru/Bolivia,clear,S2,-68.867185,-16.414915,0.021978,0.029581,0.013211,0.005840,0.003200,0.002493
Lake Titicaca,Peru/Bolivia,clear,S2,-69.158239,-15.746569,0.021804,0.018036,0.011544,0.008894,0.009868,0.009325
Lake Titicaca,Peru/Bolivia,clear,S2,-68.894135,-15.989114,0.011868,0.008530,0.002800,0.001620,0.002110,0.001990
Lake Titicaca,Peru/Bolivia,clear,S2,-68.918389,-16.420305,0.026090,0.029212,0.011001,0.005692,0.003181,0.003143
Lake Titicaca,Peru/Bolivia,clear,S2,-69.322631,-15.924435,0.019023,0.014846,0.008345,0.006534,0.005295,0.004472
Lake Titicaca,Peru/Bolivia,clear,S2,-69.667584,-15.859756,0.018927,0.014031,0.006862,0.004738,0.002974,0.002501
Lake Titicaca,Peru/Bolivia,clear,S2,-69.225613,-16.193930,0.018021,0.013371,0.007245,0.005281,0.003972,0.003680
Lake Titicaca,Peru/Bolivia,clear,S2,-69.672974,-15.520193,0.017706,0.012677,0.005481,0.003388,0.002324,0.001588
Lake Titicaca,Peru/Bolivia,clear,S2,-69.341496,-15.552533,0.020837,0.016264,0.009776,0.008400,0.006412,0.005571
Lake Titicaca,Peru/Bolivia,clear,S2,-69.449294,-16.177760,0.024033,0.019538,0.012412,0.010684,0.008072,0.006565
Lake Titicaca,Peru/Bolivia,clear,S2,-68.832151,-15.997199,0.018537,0.018608,0.004780,0.002332,0.002123,0.001899
Lake Titicaca,Peru/Bolivia,clear,S2,-69.538227,-15.404310,0.019080,0.015135,0.008627,0.007341,0.005606,0.005526
Lake Titicaca,Peru/Bolivia,clear,S2,-68.875270,-15.994504,0.013186,0.009603,0.003211,0.001916,0.002236,0.002057
Lake Titicaca,Peru/Bolivia,clear,S2,-69.344191,-15.927130,0.018698,0.014140,0.007498,0.005639,0.004355,0.003841
Lake Titicaca,Peru/Bolivia,clear,S2,-69.319936,-15.878621,0.019360,0.014980,0.008651,0.006492,0.005503,0.004768
Lake Titicaca,Peru/Bolivia,clear,S2,-69.026187,-15.919045,0.019016,0.014599,0.008218,0.005970,0.004827,0.004385
Lake Titicaca,Peru/Bolivia,clear,S2,-69.241783,-15.765433,0.020674,0.017677,0.011145,0.010431,0.009230,0.007787
Lake Titicaca,Peru/Bolivia,clear,S2,-69.449294,-15.805857,0.017704,0.012943,0.006268,0.003827,0.002683,0.002586
Lake Titicaca,Peru/Bolivia,clear,S2,-69.244478,-16.016063,0.017624,0.013006,0.006737,0.004666,0.004758,0.004453
Lake Titicaca,Peru/Bolivia,clear,S2,-69.236393,-16.029538,0.017173,0.012805,0.006582,0.004322,0.003803,0.004012
Lake Titicaca,Peru/Bolivia,clear,S2,-69.063916,-15.935215,0.018501,0.013679,0.007685,0.005386,0.005699,0.006198
Lake Titicaca,Peru/Bolivia,clear,S2,-68.902220,-16.393356,0.020899,0.022159,0.008608,0.004896,0.002567,0.002215
Lake Titicaca,Peru/Bolivia,clear,S2,-69.581346,-15.816637,0.018150,0.012876,0.006530,0.004494,0.002991,0.002911
Lake Titicaca,Peru/Bolivia,clear,S2,-69.319936,-16.053792,0.017365,0.013045,0.005967,0.003936,0.003322,0.003078
Lake Titicaca,Peru/Bolivia,clear,S2,-69.497803,-15.622601,0.018874,0.014482,0.007652,0.005274,0.004470,0.004302
Lake Titicaca,Peru/Bolivia,clear,S2,-69.848146,-15.784298,0.019337,0.015489,0.007399,0.005383,0.003019,0.002571
Lake Titicaca,Peru/Bolivia,clear,S2,-69.039662,-16.493069,0.024826,0.026534,0.011581,0.007076,0.003464,0.002668
Lake Titicaca,Peru/Bolivia,clear,S2,-69.551702,-15.579482,0.019010,0.013675,0.007342,0.005250,0.003886,0.003717
Lake Titicaca,Peru/Bolivia,clear,S2,-69.376530,-15.846282,0.019281,0.014508,0.008225,0.006220,0.005091,0.004010
Lake Titicaca,Peru/Bolivia,clear,S2,-69.853535,-15.778908,0.019178,0.015142,0.007140,0.005002,0.002568,0.002404
Lake Titicaca,Peru/Bolivia,clear,S2,-68.632725,-16.234354,0.022162,0.034120,0.009182,0.003683,0.001789,0.001963
Lake Titicaca,Peru/Bolivia,clear,S2,-68.996543,-15.935215,0.015530,0.010995,0.005362,0.003667,0.002526,0.002631
Lake Titicaca,Peru/Bolivia,clear,S2,-69.373835,-16.118471,0.019341,0.014616,0.008290,0.006377,0.005499,0.004717
Lake Titicaca,Peru/Bolivia,clear,S2,-68.872575,-16.180455,0.012447,0.008982,0.003034,0.002156,0.002012,0.002252
Lake Titicaca,Peru/Bolivia,clear,S2,-69.001933,-15.981029,0.019028,0.013813,0.007084,0.005055,0.003611,0.003318
Lake Titicaca,Peru/Bolivia,clear,S2,-69.387310,-15.776213,0.018833,0.014245,0.007737,0.005976,0.004570,0.004033
Lake Titicaca,Peru/Bolivia,clear,S2,-69.708008,-15.326157,0.019114,0.015232,0.004973,0.002559,0.001995,0.001945
Lake Titicaca,Peru/Bolivia,clear,S2,-69.368445,-16.207404,0.023212,0.018974,0.011447,0.009775,0.007345,0.006156
Lake Titicaca,Peru/Bolivia,clear,S2,-69.492413,-15.948690,0.020187,0.015733,0.009069,0.006986,0.006177,0.005214
Lake Titicaca,Peru/Bolivia,clear,S2,-68.867185,-15.999894,0.013437,0.009691,0.003504,0.002372,0.002303,0.001853
Lake Titicaca,Peru/Bolivia,clear,S2,-69.672974,-15.927130,0.024074,0.020422,0.012245,0.009559,0.007375,0.006965
Lake Titicaca,Peru/Bolivia,clear,S2,-68.616555,-16.280168,0.016937,0.032385,0.008993,0.002345,0.001762,0.001700
Lake Titicaca,Peru/Bolivia,clear,S2,-69.330716,-15.644161,0.020255,0.015349,0.009119,0.007108,0.005152,0.004631
Lake Titicaca,Peru/Bolivia,clear,S2,-68.958813,-16.056487,0.016224,0.011895,0.005913,0.004135,0.002695,0.002305
Lake Titicaca,Peru/Bolivia,clear,S2,-69.020797,-16.493069,0.024649,0.026639,0.011595,0.006766,0.003155,0.002632
Lake Titicaca,Peru/Bolivia,clear,S2,-69.322631,-15.725009,0.019185,0.014782,0.008958,0.006727,0.005558,0.004935
Lake Titicaca,Peru/Bolivia,clear,S2,-69.570566,-15.927130,0.019795,0.014900,0.008221,0.006064,0.004808,0.004447
Lake Titicaca,Peru/Bolivia,clear,S2,-69.268732,-15.741179,0.020979,0.016876,0.010931,0.008521,0.007183,0.006011
Lake Titicaca,Peru/Bolivia,clear,S2,-69.565176,-15.504023,0.018870,0.014187,0.007245,0.005231,0.004078,0.003766
Lake Titicaca,Peru/Bolivia,clear,S2,-68.732438,-16.218184,0.011711,0.013216,0.003872,0.002783,0.002242,0.001943
Lake Titicaca,Peru/Bolivia,clear,S2,-69.295682,-15.835502,0.019247,0.014943,0.009077,0.007645,0.006003,0.004801
Lake Titicaca,Peru/Bolivia,clear,S2,-69.756517,-15.388141,0.020907,0.016105,0.006018,0.003355,0.002372,0.001588
Lake Titicaca,Peru/Bolivia,clear,S2,-69.656804,-15.654940,0.018603,0.013585,0.006584,0.004397,0.003283,0.002753
Lake Titicaca,Peru/Bolivia,clear,S2,-69.185189,-16.218184,0.018638,0.013657,0.007766,0.006151,0.004516,0.004116
Lake Titicaca,Peru/Bolivia,clear,S2,-69.487023,-15.679195,0.018469,0.014277,0.007983,0.005665,0.004818,0.004521
Lake Titicaca,Peru/Bolivia,clear,S2,-69.023492,-15.886706,0.019104,0.014977,0.008293,0.006160,0.005708,0.005364
Lake Titicaca,Peru/Bolivia,clear,S2,-69.301072,-15.954079,0.018139,0.013510,0.006977,0.005269,0.005494,0.004528
Lake Titicaca,Peru/Bolivia,clear,S2,-69.864315,-15.830112,0.018695,0.015822,0.007255,0.005229,0.003209,0.002439
Lake Titicaca,Peru/Bolivia,clear,S2,-69.646025,-15.654940,0.018606,0.013728,0.006812,0.004432,0.003475,0.003276
Lake Titicaca,Peru/Bolivia,clear,S2,-69.640635,-15.614516,0.018458,0.013694,0.006998,0.004826,0.003145,0.002745
Lake Titicaca,Peru/Bolivia,clear,S2,-69.802332,-15.439345,0.018951,0.014056,0.006276,0.003450,0.002387,0.001999
Lake Titicaca,Peru/Bolivia,clear,S2,-68.886050,-15.989114,0.012337,0.008559,0.002828,0.001341,0.002202,0.001912
Lake Titicaca,Peru/Bolivia,clear,S2,-69.346886,-15.929825,0.018828,0.014101,0.007536,0.005371,0.004561,0.003741
Lake Titicaca,Peru/Bolivia,clear,S2,-69.107035,-15.884011,0.017574,0.013115,0.006769,0.004967,0.004343,0.003940
Lake Titicaca,Peru/Bolivia,clear,S2,-69.290292,-15.935215,0.018855,0.014588,0.008239,0.006191,0.005817,0.005087
Lake Titicaca,Peru/Bolivia,clear,S2,-69.756517,-15.566007,0.018516,0.012890,0.005681,0.003699,0.002213,0.002033
Lake Titicaca,Peru/Bolivia,clear,S2,-69.508582,-15.477074,0.019563,0.014610,0.008078,0.006151,0.005712,0.005099
Lake Titicaca,Peru/Bolivia,clear,S2,-69.796942,-15.733094,0.019210,0.014213,0.006428,0.004662,0.003229,0.002896
Lake Titicaca,Peru/Bolivia,clear,S2,-69.610990,-15.889401,0.018226,0.013623,0.007139,0.005184,0.003172,0.002536
Lake Titicaca,Peru/Bolivia,clear,S2,-69.573261,-15.452820,0.017237,0.012870,0.006682,0.004671,0.003822,0.003556
Lake Titicaca,Peru/Bolivia,clear,S2,-68.915694,-16.538883,0.021707,0.024479,0.009713,0.005603,0.002686,0.002202
Lake Titicaca,Peru/Bolivia,clear,S2,-69.292987,-16.032233,0.017950,0.013351,0.006150,0.004197,0.003412,0.003226
Lake Titicaca,Peru/Bolivia,clear,S2,-69.338801,-15.630686,0.019905,0.014901,0.008119,0.006017,0.004713,0.003942
Lake Titicaca,Peru/Bolivia,clear,S2,-69.875095,-15.477074,0.021924,0.022819,0.008853,0.006003,0.003133,0.002616
Lake Titicaca,Peru/Bolivia,clear,S2,-68.912999,-16.396051,0.020082,0.021079,0.009108,0.004850,0.002635,0.002218
Lake Titicaca,Peru/Bolivia,clear,S2,-69.360360,-15.646856,0.019375,0.014604,0.007715,0.005928,0.004445,0.003960
Lake Titicaca,Peru/Bolivia,clear,S2,-69.570566,-15.447430,0.017382,0.013330,0.006586,0.004480,0.003802,0.003674
Lake Titicaca,Peru/Bolivia,clear,S2,-69.724178,-15.371971,0.018079,0.013159,0.004212,0.002499,0.002102,0.001932
Lake Titicaca,Peru/Bolivia,clear,S2,-69.152850,-16.199320,0.018748,0.014937,0.009091,0.007105,0.005627,0.004984
Lake Titicaca,Peru/Bolivia,clear,S2,-68.904915,-16.315202,0.016907,0.017984,0.006558,0.003255,0.001689,0.001668
Lake Titicaca,Peru/Bolivia,clear,S2,-69.489718,-15.614516,0.018499,0.014466,0.007564,0.005231,0.004419,0.004065
Lake Titicaca,Peru/Bolivia,clear,S2,-69.861620,-15.832807,0.019352,0.017619,0.007264,0.005308,0.003412,0.002394
Lake Titicaca,Peru/Bolivia,clear,S2,-69.815806,-15.428565,0.020015,0.015134,0.006322,0.003803,0.002392,0.002068
Lake Titicaca,Peru/Bolivia,clear,S2,-69.314546,-16.166980,0.019113,0.015004,0.007703,0.005802,0.004578,0.004194
Lake Titicaca,Peru/Bolivia,clear,S2,-69.656804,-15.471684,0.018075,0.013116,0.005934,0.003584,0.002464,0.002347
Lake Titicaca,Peru/Bolivia,clear,S2,-69.799637,-15.328852,0.018601,0.026981,0.009624,0.004967,0.002471,0.002249
Lake Titicaca,Peru/Bolivia,clear,S2,-69.689144,-15.528278,0.017986,0.012920,0.005428,0.003376,0.002295,0.001759
Lake Titicaca,Peru/Bolivia,clear,S2,-69.584041,-15.485159,0.018346,0.013647,0.006979,0.004829,0.003362,0.003349
Lake Titicaca,Peru/Bolivia,clear,S2,-69.001933,-16.344847,0.023991,0.024416,0.012180,0.007250,0.004059,0.003361
Lake Titicaca,Peru/Bolivia,clear,S2,-69.292987,-16.043013,0.017908,0.013148,0.006110,0.003749,0.002951,0.002523
Lake Titicaca,Peru/Bolivia,clear,S2,-69.737653,-15.450125,0.017128,0.012259,0.005112,0.002917,0.001755,0.001644
Lake Titicaca,Peru/Bolivia,clear,S2,-69.109730,-16.032233,0.019237,0.015637,0.008644,0.006454,0.005448,0.005008
Lake Titicaca,Peru/Bolivia,clear,S2,-68.931864,-16.263998,0.016937,0.018210,0.007444,0.004172,0.002421,0.002069
Lake Titicaca,Peru/Bolivia,clear,S2,-69.446599,-15.504023,0.020546,0.016846,0.008950,0.007574,0.006341,0.005555
Lake Titicaca,Peru/Bolivia,clear,S2,-68.826761,-16.369101,0.021456,0.036224,0.010404,0.003864,0.002254,0.001751
Lake Titicaca,Peru/Bolivia,clear,S2,-69.565176,-15.857061,0.017705,0.013234,0.006709,0.004744,0.003309,0.003189
Lake Titicaca,Peru/Bolivia,clear,S2,-69.344191,-15.838197,0.018738,0.014093,0.007664,0.005613,0.004867,0.004149
Lake Titicaca,Peru/Bolivia,clear,S2,-69.390005,-16.078047,0.020590,0.016722,0.010161,0.008159,0.006675,0.006011
Lake Titicaca,Peru/Bolivia,clear,S2,-69.055832,-15.937910,0.018914,0.014002,0.008241,0.005865,0.005206,0.004900
Lake Titicaca,Peru/Bolivia,clear,S2,-69.266037,-16.239744,0.020153,0.016066,0.009924,0.007939,0.006834,0.006066
Lake Titicaca,Peru/Bolivia,clear,S2,-69.761907,-15.622601,0.019127,0.013647,0.006604,0.004857,0.002950,0.002649
Lake Titicaca,Peru/Bolivia,clear,S2,-68.977678,-15.913655,0.016178,0.012087,0.006317,0.004618,0.003476,0.002865
Lake Titicaca,Peru/Bolivia,clear,S2,-69.481633,-15.468989,0.019244,0.015066,0.008118,0.006576,0.006003,0.005417
Lake Titicaca,Peru/Bolivia,clear,S2,-69.077391,-15.975639,0.019095,0.014803,0.009159,0.006330,0.005608,0.005189
Lake Titicaca,Peru/Bolivia,clear,S2,-69.379225,-16.088827,0.020646,0.016053,0.009821,0.007815,0.006335,0.005617
Lake Titicaca,Peru/Bolivia,clear,S2,-69.398090,-15.606431,0.019342,0.014591,0.007368,0.005601,0.004294,0.003724
Lake Titicaca,Peru/Bolivia,clear,S2,-69.522057,-15.862451,0.018042,0.013448,0.006656,0.004648,0.004164,0.003872
Lake Titicaca,Peru/Bolivia,clear,S2,-69.850841,-15.770823,0.018796,0.015000,0.006715,0.004596,0.002590,0.002296
Lake Titicaca,Peru/Bolivia,clear,S2,-68.923779,-16.323287,0.018010,0.018960,0.007602,0.004258,0.002197,0.001710
Lake Titicaca,Peru/Bolivia,clear,S2,-69.487023,-15.725009,0.018194,0.013677,0.007401,0.005132,0.004515,0.004156
Lake Titicaca,Peru/Bolivia,clear,S2,-69.317241,-15.803162,0.019430,0.014967,0.008877,0.007245,0.005893,0.004877
Lake Titicaca,Peru/Bolivia,clear,S2,-69.567871,-15.495939,0.018760,0.013716,0.007323,0.005233,0.003591,0.003495
Lake Titicaca,Peru/Bolivia,clear,S2,-69.131290,-15.902875,0.018590,0.014221,0.008052,0.006154,0.005321,0.004866
Lake Titicaca,Peru/Bolivia,clear,S2,-69.724178,-15.603736,0.018832,0.013303,0.006033,0.004045,0.002402,0.002185
Lake Titicaca,Peru/Bolivia,clear,S2,-69.222918,-15.881316,0.019561,0.015039,0.009309,0.007059,0.007004,0.006337
Lake Titicaca,Peru/Bolivia,clear,S2,-69.586736,-15.754653,0.017709,0.012181,0.006341,0.004124,0.002964,0.002564
Lake Titicaca,Peru/Bolivia,clear,S2,-69.815806,-15.587567,0.020356,0.015136,0.007927,0.005890,0.004345,0.003699
Lake Titicaca,Peru/Bolivia,clear,S2,-69.602906,-15.495939,0.018415,0.013806,0.007200,0.005095,0.003314,0.003092
Lake Titicaca,Peru/Bolivia,clear,S2,-69.403480,-15.563312,0.021643,0.016698,0.009293,0.007172,0.006567,0.005572
Lake Titicaca,Peru/Bolivia,clear,S2,-69.799637,-15.431260,0.019054,0.014003,0.005761,0.003438,0.002351,0.002064
Lake Titicaca,Peru/Bolivia,clear,S2,-68.980373,-16.390661,0.021019,0.021718,0.009998,0.005633,0.003132,0.002648
Lake Titicaca,Peru/Bolivia,clear,S2,-68.926474,-16.374491,0.019537,0.019801,0.008341,0.004610,0.002166,0.001992
Lake Titicaca,Peru/Bolivia,clear,S2,-69.107035,-15.897486,0.017810,0.013600,0.007156,0.005214,0.004254,0.004279
Lake Titicaca,Peru/Bolivia,clear,S2,-69.371140,-16.131946,0.018661,0.013755,0.007000,0.005452,0.005286,0.004394
Lake Titicaca,Peru/Bolivia,clear,S2,-69.244478,-16.150810,0.017370,0.012586,0.006068,0.004170,0.003978,0.003820
Lake Titicaca,Peru/Bolivia,clear,S2,-69.322631,-16.161590,0.019198,0.014633,0.008127,0.005844,0.004620,0.003797
Lake Titicaca,Peru/Bolivia,clear,S2,-69.349581,-16.048403,0.018236,0.013626,0.006821,0.004908,0.004442,0.003984
Lake Titicaca,Peru/Bolivia,clear,S2,-69.457378,-15.746569,0.018927,0.014774,0.008126,0.006061,0.005533,0.005348
Lake Titicaca,Peru/Bolivia,clear,S2,-68.993848,-16.487679,0.022183,0.023728,0.010126,0.005549,0.002639,0.002139
Lake Titicaca,Peru/Bolivia,clear,S2,-69.055832,-15.840892,0.018497,0.016310,0.009881,0.007463,0.007600,0.007616
Lake Titicaca,Peru/Bolivia,clear,S2,-68.869880,-16.352931,0.019113,0.021919,0.007239,0.003378,0.002022,0.001677
Lake Titicaca,Peru/Bolivia,clear,S2,-69.379225,-16.032233,0.018969,0.014741,0.007859,0.006288,0.004536,0.004106
Lake Titicaca,Peru/Bolivia,clear,S2,-69.147460,-16.002588,0.019716,0.016248,0.010218,0.007612,0.005786,0.007109
Lake Titicaca,Peru/Bolivia,clear,S2,-69.133985,-15.735789,0.021013,0.018366,0.011702,0.010048,0.009455,0.008932
Lake Titicaca,Peru/Bolivia,clear,S2,-69.659499,-15.571397,0.018301,0.013449,0.006383,0.004132,0.002597,0.002245
Lake Titicaca,Peru/Bolivia,clear,S2,-69.759212,-15.530973,0.018004,0.012433,0.005449,0.003368,0.002034,0.001699
Lake Titicaca,Peru/Bolivia,clear,S2,-68.675844,-16.263998,0.020757,0.036580,0.008760,0.002851,0.001790,0.001770
Lake Titicaca,Peru/Bolivia,clear,S2,-69.174409,-16.231659,0.018557,0.013666,0.008135,0.006256,0.003963,0.003882
Lake Titicaca,Peru/Bolivia,clear,S2,-69.646025,-15.881316,0.018754,0.013905,0.006786,0.004882,0.002688,0.002397
Lake Titicaca,Peru/Bolivia,clear,S2,-69.573261,-15.638771,0.018481,0.013551,0.007259,0.005007,0.003708,0.003553
Lake Titicaca,Peru/Bolivia,clear,S2,-69.861620,-15.805857,0.019316,0.015006,0.007189,0.005260,0.003039,0.002659
Lake Titicaca,Peru/Bolivia,clear,S2,-69.171714,-16.231659,0.018811,0.014225,0.008929,0.007014,0.004560,0.004154
Lake Titicaca,Peru/Bolivia,clear,S2,-68.877965,-16.323287,0.017603,0.019142,0.007106,0.003463,0.002072,0.001754
Lake Titicaca,Peru/Bolivia,clear,LS,-69.573261,-15.520193,0.007358,0.007464,0.000228,-0.000646,0.002124,0.002657
Lake Titicaca,Peru/Bolivia,clear,LS,-69.732263,-15.436650,0.009660,0.008354,0.000675,-0.000831,0.001286,0.001472
Lake Titicaca,Peru/Bolivia,clear,LS,-69.284902,-15.932520,0.006725,0.007573,0.000751,-0.000422,0.002473,0.002689
Lake Titicaca,Peru/Bolivia,clear,LS,-69.231003,-15.754653,0.006171,0.007838,0.000816,0.000310,0.005344,0.005725
Lake Titicaca,Peru/Bolivia,clear,LS,-69.621770,-15.892096,0.007625,0.007608,0.000571,-0.000676,0.001468,0.001582
Lake Titicaca,Peru/Bolivia,clear,LS,-69.010017,-16.064572,0.006497,0.007584,0.000949,-0.000165,0.002567,0.002772
Lake Titicaca,Peru/Bolivia,clear,LS,-68.807896,-16.396051,0.007313,0.025027,0.009891,0.001620,0.001320,0.001331
Lake Titicaca,Peru/Bolivia,clear,LS,-69.659499,-15.900181,0.008319,0.008669,0.000640,-0.000721,0.001526,0.001692
Lake Titicaca,Peru/Bolivia,clear,LS,-69.457378,-15.830112,0.006724,0.007281,0.000490,-0.000604,0.002593,0.003197
Lake Titicaca,Peru/Bolivia,clear,LS,-68.926474,-16.398746,0.008089,0.014963,0.003455,-0.000513,0.001804,0.001812
Lake Titicaca,Peru/Bolivia,clear,LS,-68.732438,-16.212794,0.007207,0.014670,0.004586,0.003198,0.003204,0.002111
Lake Titicaca,Peru/Bolivia,clear,LS,-69.314546,-16.131946,0.007159,0.007536,0.000805,-0.000446,0.002448,0.002600
Lake Titicaca,Peru/Bolivia,clear,LS,-68.670454,-16.280168,0.010197,0.033771,0.011111,0.000943,0.001493,0.001362
Lake Titicaca,Peru/Bolivia,clear,LS,-69.408869,-15.816637,0.006559,0.007525,0.000340,-0.000684,0.002266,0.002634
Lake Titicaca,Peru/Bolivia,clear,LS,-69.042357,-16.080742,0.006879,0.007677,0.000684,-0.000185,0.002978,0.003379
Lake Titicaca,Peru/Bolivia,clear,LS,-69.190579,-15.757348,0.005831,0.007859,0.001218,0.000929,0.006368,0.006141
Lake Titicaca,Peru/Bolivia,clear,LS,-69.632550,-15.843587,0.008478,0.007842,0.000788,-0.000439,0.001431,0.001699
Lake Titicaca,Peru/Bolivia,clear,LS,-68.972288,-16.379881,0.008271,0.015169,0.003260,-0.000423,0.001425,0.001589
Lake Titicaca,Peru/Bolivia,clear,LS,-69.344191,-15.959469,0.007044,0.007396,0.000857,-0.000618,0.002332,0.002862
Lake Titicaca,Peru/Bolivia,clear,LS,-68.985763,-15.905570,0.006958,0.007632,0.001245,0.000475,0.004381,0.004415
Lake Titicaca,Peru/Bolivia,clear,LS,-68.985763,-16.520018,0.010141,0.019231,0.004135,-0.000737,0.001268,0.001360
Lake Titicaca,Peru/Bolivia,clear,LS,-69.734958,-15.431260,0.009519,0.008340,0.000733,-0.000866,0.001139,0.001399
Lake Titicaca,Peru/Bolivia,clear,LS,-69.322631,-15.719619,0.007054,0.007543,0.000791,-0.000309,0.003308,0.003501
Lake Titicaca,Peru/Bolivia,clear,LS,-69.769992,-15.342327,0.016699,0.019038,0.003272,-0.000776,0.001142,0.001472
Lake Titicaca,Peru/Bolivia,clear,LS,-69.001933,-16.317897,0.008332,0.015541,0.003979,-0.000245,0.001781,0.001877
Lake Titicaca,Peru/Bolivia,clear,LS,-69.363055,-15.611821,0.006597,0.007567,0.000832,-0.000374,0.003119,0.003294
Lake Titicaca,Peru/Bolivia,clear,LS,-69.751128,-15.566007,0.008189,0.007817,0.000942,-0.000543,0.001472,0.001650
Lake Titicaca,Peru/Bolivia,clear,LS,-69.848146,-15.506718,0.007283,0.007962,0.000441,-0.000687,0.002352,0.002627
Lake Titicaca,Peru/Bolivia,clear,LS,-69.274122,-15.989114,0.007019,0.008030,0.000929,-0.000006,0.004172,0.004090
Lake Titicaca,Peru/Bolivia,clear,LS,-69.654109,-15.568702,0.007882,0.007721,0.000550,-0.000745,0.002149,0.002516
Lake Titicaca,Peru/Bolivia,clear,LS,-69.689144,-15.816637,0.008059,0.007447,0.000414,-0.000666,0.001472,0.001754
Lake Titicaca,Peru/Bolivia,clear,LS,-69.292987,-15.951385,0.006824,0.008238,0.000839,-0.000154,0.003157,0.003545
Lake Titicaca,Peru/Bolivia,clear,LS,-68.772862,-16.263998,0.011152,0.035883,0.009976,-0.000192,0.001430,0.001520
Lake Titicaca,Peru/Bolivia,clear,LS,-69.503193,-15.886706,0.006608,0.007024,0.000441,-0.000746,0.002091,0.002204
Lake Titicaca,Peru/Bolivia,clear,LS,-69.252563,-16.104996,0.006706,0.007796,0.000622,-0.000330,0.002802,0.002988
Lake Titicaca,Peru/Bolivia,clear,LS,-69.729568,-15.396226,0.010636,0.009618,0.001052,-0.000790,0.001218,0.001327
Lake Titicaca,Peru/Bolivia,clear,LS,-69.026187,-16.053792,0.007178,0.007649,0.000788,-0.000346,0.002293,0.002486
Lake Titicaca,Peru/Bolivia,clear,LS,-69.298377,-15.797773,0.006746,0.007330,0.000929,-0.000330,0.003658,0.003803
Lake Titicaca,Peru/Bolivia,clear,LS,-69.274122,-15.730399,0.007357,0.008322,0.001180,0.000304,0.005412,0.005796
Lake Titicaca,Peru/Bolivia,clear,LS,-69.010017,-16.342152,0.008568,0.016507,0.004038,-0.000220,0.002042,0.002295
Lake Titicaca,Peru/Bolivia,clear,LS,-69.794247,-15.735789,0.007941,0.008147,0.000523,-0.000756,0.001437,0.001623
Lake Titicaca,Peru/Bolivia,clear,LS,-69.575956,-15.482464,0.007109,0.007282,0.000331,-0.000570,0.001912,0.002346
Lake Titicaca,Peru/Bolivia,clear,LS,-69.241783,-15.991809,0.007142,0.008070,0.001082,0.000059,0.004814,0.004787
Lake Titicaca,Peru/Bolivia,clear,LS,-69.460073,-15.913655,0.007122,0.007124,0.000688,-0.000398,0.001671,0.001871
Lake Titicaca,Peru/Bolivia,clear,LS,-69.136680,-16.021453,0.006443,0.007333,0.000620,-0.000356,0.003208,0.003500
Lake Titicaca,Peru/Bolivia,clear,LS,-69.726873,-15.649551,0.007051,0.007402,0.000235,-0.000790,0.001771,0.002098
Lake Titicaca,Peru/Bolivia,clear,LS,-69.586736,-15.514803,0.007370,0.007536,0.000424,-0.000725,0.002008,0.002358
Lake Titicaca,Peru/Bolivia,clear,LS,-69.220223,-16.185845,0.006251,0.007377,0.000709,-0.000432,0.002633,0.002757
Lake Titicaca,Peru/Bolivia,clear,LS,-69.408869,-16.156200,0.007871,0.008187,0.001024,-0.000013,0.003263,0.003630
Lake Titicaca,Peru/Bolivia,clear,LS,-69.516667,-15.730399,0.007130,0.007040,0.000654,-0.000577,0.002647,0.002977
Lake Titicaca,Peru/Bolivia,clear,LS,-69.058526,-15.843587,0.006085,0.006979,0.000998,0.000757,0.004155,0.004381
Lake Titicaca,Peru/Bolivia,clear,LS,-69.239088,-15.762738,0.005687,0.007721,0.000806,0.000227,0.006152,0.005837
Lake Titicaca,Peru/Bolivia,clear,LS,-69.398090,-15.776213,0.007308,0.007680,0.000887,-0.000515,0.002579,0.002957
Lake Titicaca,Peru/Bolivia,clear,LS,-69.549007,-15.916350,0.007188,0.007635,0.000572,-0.000443,0.001980,0.002091
Lake Titicaca,Peru/Bolivia,clear,LS,-69.888570,-15.832807,0.008253,0.009082,0.000657,-0.000869,0.001114,0.001310
Lake Titicaca,Peru/Bolivia,clear,LS,-69.818501,-15.380056,0.011420,0.013104,0.001616,-0.000804,0.001576,0.001740
Lake Titicaca,Peru/Bolivia,clear,LS,-69.390005,-15.679195,0.007572,0.007886,0.000753,-0.000475,0.003032,0.003163
Lake Titicaca,Peru/Bolivia,clear,LS,-69.667584,-15.498634,0.007351,0.007680,0.000485,-0.000821,0.001873,0.002132
Lake Titicaca,Peru/Bolivia,clear,LS,-69.309156,-15.566007,0.005881,0.008513,0.001369,0.000826,0.004890,0.005124
Lake Titicaca,Peru/Bolivia,clear,LS,-68.931864,-16.064572,0.006853,0.007547,0.000917,0.000225,0.001857,0.001802
Lake Titicaca,Peru/Bolivia,clear,LS,-69.678364,-15.743874,0.007344,0.007687,0.000544,-0.000611,0.002111,0.002187
Lake Titicaca,Peru/Bolivia,clear,LS,-68.902220,-16.145421,0.006123,0.007061,0.001109,0.000908,0.002212,0.001747
Lake Titicaca,Peru/Bolivia,clear,LS,-69.487023,-15.539058,0.007611,0.007178,0.000448,-0.000625,0.001603,0.001781
Lake Titicaca,Peru/Bolivia,clear,LS,-69.185189,-16.045708,0.007501,0.007126,0.000812,-0.000203,0.002626,0.002973
Lake Titicaca,Peru/Bolivia,clear,LS,-69.454683,-16.180455,0.006869,0.008533,0.001156,0.000767,0.004727,0.004671
Lake Titicaca,Peru/Bolivia,clear,LS,-69.584041,-15.442040,0.007711,0.007591,0.000478,-0.000680,0.002022,0.002314
Lake Titicaca,Peru/Bolivia,clear,LS,-68.985763,-16.005283,0.007532,0.007636,0.000774,-0.000309,0.002524,0.003021
Lake Titicaca,Peru/Bolivia,clear,LS,-69.600211,-15.830112,0.008318,0.007707,0.000812,-0.000446,0.001613,0.001761
Lake Titicaca,Peru/Bolivia,clear,LS,-69.640635,-15.760043,0.007375,0.007683,0.000492,-0.000701,0.001565,0.001754
Lake Titicaca,Peru/Bolivia,clear,LS,-69.209443,-15.768128,0.005793,0.007347,0.000585,-0.000050,0.005226,0.005432
Lake Titicaca,Peru/Bolivia,clear,LS,-68.915694,-16.263998,0.006988,0.014089,0.004065,0.000578,0.001694,0.001628
Lake Titicaca,Peru/Bolivia,clear,LS,-69.883180,-15.827417,0.008347,0.009048,0.000719,-0.000910,0.001145,0.001331
Lake Titicaca,Peru/Bolivia,clear,LS,-68.710878,-16.282863,0.010045,0.028188,0.006760,-0.000144,0.001534,0.001376
Lake Titicaca,Peru/Bolivia,clear,LS,-69.244478,-16.088827,0.006969,0.007261,0.000561,-0.000576,0.002077,0.002549
Lake Titicaca,Peru/Bolivia,clear,LS,-69.557091,-15.808552,0.008202,0.007748,0.000715,-0.000436,0.002390,0.002661
Lake Titicaca,Peru/Bolivia,clear,LS,-69.610990,-15.757348,0.007536,0.007488,0.000708,-0.000790,0.001561,0.001850
Lake Titicaca,Peru/Bolivia,clear,LS,-69.457378,-15.463599,0.006594,0.007700,0.000955,0.000309,0.003794,0.003932
Lake Titicaca,Peru/Bolivia,clear,LS,-69.268732,-16.069962,0.007130,0.007536,0.000585,-0.000515,0.002083,0.002214
Lake Titicaca,Peru/Bolivia,clear,LS,-68.996543,-16.056487,0.006754,0.007392,0.001079,-0.000164,0.003176,0.003514
Lake Titicaca,Peru/Bolivia,clear,LS,-69.298377,-15.908265,0.006635,0.008072,0.000901,-0.000370,0.003445,0.003902
Lake Titicaca,Peru/Bolivia,clear,LS,-69.292987,-16.016063,0.006491,0.007261,0.000671,-0.000298,0.003353,0.003600
Lake Titicaca,Peru/Bolivia,clear,LS,-69.039662,-16.002588,0.006601,0.006970,0.000619,-0.000542,0.002799,0.003122
Lake Titicaca,Peru/Bolivia,clear,LS,-69.174409,-16.226269,0.006795,0.006746,0.000483,-0.000445,0.001961,0.002112
Lake Titicaca,Peru/Bolivia,clear,LS,-69.257952,-16.215489,0.006299,0.007543,0.000709,-0.000261,0.002944,0.003213
Lake Titicaca,Peru/Bolivia,clear,LS,-69.443904,-15.539058,0.007191,0.007037,0.000476,-0.000460,0.002407,0.002836
Lake Titicaca,Peru/Bolivia,clear,LS,-68.966898,-16.331372,0.008203,0.014378,0.003168,-0.000272,0.001534,0.001566
Lake Titicaca,Peru/Bolivia,clear,LS,-69.549007,-15.797773,0.007667,0.007659,0.000754,-0.000504,0.002420,0.002750
Lake Titicaca,Peru/Bolivia,clear,LS,-69.613685,-15.630686,0.007542,0.007267,0.000303,-0.000691,0.002097,0.002455
Lake Titicaca,Peru/Bolivia,clear,LS,-68.826761,-15.991809,0.008944,0.017034,0.002686,0.000635,0.002159,0.002128
Lake Titicaca,Peru/Bolivia,clear,LS,-69.354970,-15.601042,0.006874,0.007371,0.000805,-0.000212,0.002730,0.002984
Lake Titicaca,Peru/Bolivia,clear,LS,-69.702619,-15.590262,0.007306,0.007275,0.000317,-0.000872,0.001781,0.002135
Lake Titicaca,Peru/Bolivia,clear,LS,-69.236393,-15.687280,0.006652,0.012039,0.001158,-0.000240,0.004845,0.005045
Lake Titicaca,Peru/Bolivia,clear,LS,-69.659499,-15.943300,0.008848,0.010767,0.001059,-0.000604,0.002249,0.002826
Lake Titicaca,Peru/Bolivia,clear,LS,-69.678364,-15.296513,0.009155,0.009915,0.001090,-0.000731,0.001448,0.001640
Lake Titicaca,Peru/Bolivia,clear,LS,-69.683754,-15.840892,0.007906,0.007825,0.000591,-0.000577,0.001582,0.001891
Lake Titicaca,Peru/Bolivia,clear,LS,-69.317241,-16.002588,0.007055,0.007680,0.000998,-0.000322,0.002442,0.002765
Lake Titicaca,Peru/Bolivia,clear,LS,-68.921084,-16.148116,0.006285,0.007387,0.001514,0.001013,0.002193,0.001679
Lake Titicaca,Peru/Bolivia,clear,LS,-68.977678,-16.503848,0.010547,0.019023,0.004166,-0.000624,0.001295,0.001335
Lake Titicaca,Peru/Bolivia,clear,LS,-69.204054,-15.733094,0.007498,0.009899,0.002734,0.002270,0.008893,0.009149
Lake Titicaca,Peru/Bolivia,clear,LS,-69.602906,-15.520193,0.007797,0.007471,0.000595,-0.000681,0.001816,0.002194
Lake Titicaca,Peru/Bolivia,clear,LS,-68.837541,-16.352931,0.011919,0.031240,0.006135,-0.000683,0.001217,0.001463
Lake Titicaca,Peru/Bolivia,clear,LS,-69.034272,-15.840892,0.006572,0.007412,0.001512,0.001744,0.005197,0.005095
Lake Titicaca,Peru/Bolivia,clear,LS,-69.263342,-16.228964,0.006683,0.007543,0.001203,-0.000116,0.002977,0.003479
Lake Titicaca,Peru/Bolivia,clear,LS,-69.328021,-16.169675,0.007046,0.007708,0.000915,-0.000370,0.002571,0.002729
Lake Titicaca,Peru/Bolivia,clear,LS,-68.964203,-15.932520,0.007428,0.008050,0.001217,0.000228,0.003642,0.003755
Lake Titicaca,Peru/Bolivia,clear,LS,-69.112425,-15.881316,0.006909,0.007461,0.000915,-0.000062,0.003538,0.003789
Lake Titicaca,Peru/Bolivia,clear,LS,-68.942644,-16.078047,0.007038,0.007502,0.001140,0.000227,0.002164,0.002065
Lake Titicaca,Peru/Bolivia,clear,LS,-69.740348,-15.374666,0.011685,0.010650,0.001420,-0.000886,0.001241,0.001430
Lake Titicaca,Peru/Bolivia,clear,LS,-69.098951,-15.991809,0.007109,0.007488,0.000860,-0.000261,0.002634,0.003253
Lake Titicaca,Peru/Bolivia,clear,LS,-69.430429,-15.676500,0.006265,0.007179,0.000559,-0.000521,0.003513,0.003734
Lake Titicaca,Peru/Bolivia,clear,LS,-69.796942,-15.587567,0.007509,0.007563,0.000290,-0.000844,0.001589,0.001788
Lake Titicaca,Peru/Bolivia,clear,LS,-69.001933,-16.436475,0.009909,0.018981,0.004134,-0.000525,0.001604,0.001686
Lake Titicaca,Peru/Bolivia,clear,LS,-69.813111,-15.417785,0.009530,0.010080,0.000977,-0.000982,0.001204,0.001472
Lake Titicaca,Peru/Bolivia,clear,LS,-68.700099,-16.239744,0.008745,0.022606,0.005219,0.001348,0.002001,0.001561
Lake Titicaca,Peru/Bolivia,clear,LS,-69.656804,-15.897486,0.008587,0.008780,0.000873,-0.000844,0.001438,0.001822
Lake Titicaca,Peru/Bolivia,clear,LS,-69.489718,-15.452820,0.006723,0.006937,0.000554,-0.000350,0.002966,0.003115
Lake Titicaca,Peru/Bolivia,clear,LS,-68.988458,-15.910960,0.006899,0.007206,0.001042,0.000173,0.004009,0.004150
Lake Titicaca,Peru/Bolivia,clear,LS,-69.446599,-15.563312,0.007075,0.006793,0.000489,-0.000590,0.002166,0.002447
Lake Titicaca,Peru/Bolivia,clear,LS,-69.788857,-15.428565,0.009265,0.009238,0.000791,-0.000890,0.001152,0.001389
Lake Titicaca,Peru/Bolivia,clear,LS,-69.877790,-15.765433,0.008430,0.011474,0.000640,-0.000701,0.001169,0.001362
Lake Titicaca,Peru/Bolivia,clear,LS,-69.600211,-15.741179,0.007657,0.007515,0.000650,-0.000787,0.001610,0.001895
Lake Titicaca,Peru/Bolivia,clear,LS,-69.829281,-15.409700,0.011120,0.019209,0.002552,-0.001020,0.001283,0.001486
Lake Titicaca,Peru/Bolivia,clear,LS,-69.244478,-15.695365,0.007543,0.011365,0.000761,-0.000281,0.004453,0.004724
Lake Titicaca,Peru/Bolivia,clear,LS,-68.681234,-16.299033,0.007941,0.027842,0.009721,0.001170,0.001761,0.001452
Lake Titicaca,Peru/Bolivia,clear,LS,-69.460073,-15.840892,0.006573,0.007058,0.000729,-0.000501,0.002651,0.003009
Lake Titicaca,Peru/Bolivia,clear,LS,-68.977678,-16.441865,0.009599,0.017437,0.003897,-0.000446,0.001554,0.001575
Lake Titicaca,Peru/Bolivia,clear,LS,-69.702619,-15.468989,0.008567,0.007523,0.000551,-0.000911,0.001509,0.001699
Lake Titicaca,Peru/Bolivia,clear,LS,-69.481633,-15.673805,0.006801,0.007185,0.000516,-0.000611,0.002757,0.002991
Lake Titicaca,Peru/Bolivia,clear,LS,-68.638115,-16.253218,0.011110,0.035414,0.009158,0.001637,0.001726,0.001403
Lake Titicaca,Peru/Bolivia,clear,LS,-69.656804,-15.692670,0.007676,0.007494,0.000475,-0.000872,0.001679,0.001929
Lake Titicaca,Peru/Bolivia,clear,LS,-69.217528,-16.118471,0.006897,0.007597,0.000663,-0.000402,0.002586,0.002841
Lake Titicaca,Peru/Bolivia,clear,LS,-69.710703,-15.374666,0.010311,0.009584,0.000998,-0.000694,0.001297,0.001383
Lake Titicaca,Peru/Bolivia,clear,LS,-68.888745,-16.134641,0.006287,0.007090,0.001629,0.001299,0.002458,0.002149
Lake Titicaca,Peru/Bolivia,clear,LS,-69.441209,-15.894791,0.007185,0.007522,0.000723,-0.000488,0.001854,0.002153
Lake Titicaca,Peru/Bolivia,clear,LS,-68.934559,-16.113081,0.006616,0.007215,0.001126,0.000323,0.001999,0.001682
Lake Titicaca,Peru/Bolivia,clear,LS,-68.759387,-16.269388,0.013344,0.042568,0.011928,0.000365,0.001389,0.001362
Lake Titicaca,Peru/Bolivia,clear,LS,-69.759212,-15.786993,0.007708,0.008044,0.000268,-0.000934,0.001389,0.001554
Lake Titicaca,Peru/Bolivia,clear,LS,-69.823891,-15.514803,0.007745,0.007933,0.000478,-0.000827,0.001465,0.001596
Lake Titicaca,Peru/Bolivia,clear,LS,-69.635245,-15.695365,0.007759,0.007305,0.000320,-0.000862,0.001548,0.001891
Lake Titicaca,Peru/Bolivia,clear,LS,-69.767297,-15.816637,0.008065,0.007783,0.000234,-0.000845,0.001946,0.002228
Lake Titicaca,Peru/Bolivia,clear,LS,-69.511277,-15.881316,0.007147,0.007085,0.000569,-0.000701,0.002020,0.002418
Lake Titicaca,Peru/Bolivia,clear,LS,-69.241783,-15.714229,0.007330,0.011111,0.001053,0.000076,0.005034,0.005131
Lake Titicaca,Peru/Bolivia,clear,LS,-69.605600,-15.773518,0.007371,0.007625,0.000482,-0.000660,0.001555,0.001774
Lake Titicaca,Peru/Bolivia,clear,LS,-68.937254,-16.059182,0.006949,0.007614,0.001310,0.000538,0.002079,0.001877
Lake Titicaca,Peru/Bolivia,clear,LS,-69.473548,-15.951385,0.007509,0.008120,0.001060,-0.000257,0.001782,0.002204
Lake Titicaca,Peru/Bolivia,clear,LS,-69.643330,-15.466294,0.008165,0.007608,0.000496,-0.000820,0.001815,0.001878
Lake Titicaca,Peru/Bolivia,clear,LS,-69.721483,-15.358496,0.011072,0.010540,0.001252,-0.000862,0.001307,0.001369
Lake Titicaca,Peru/Bolivia,clear,LS,-68.891440,-15.989114,0.006471,0.007414,0.001288,0.000577,0.002168,0.002087
Lake Titicaca,Peru/Bolivia,clear,LS,-69.473548,-15.668415,0.007082,0.007419,0.000740,-0.000491,0.002991,0.003362
Lake Titicaca,Peru/Bolivia,clear,LS,-69.476243,-15.533668,0.007151,0.006979,0.000547,-0.000735,0.001547,0.001908
Lake Titicaca,Peru/Bolivia,clear,LS,-69.883180,-15.792383,0.008659,0.009041,0.000644,-0.000883,0.001094,0.001341
Lake Titicaca,Peru/Bolivia,clear,LS,-69.365750,-15.598347,0.007250,0.007519,0.000959,-0.000123,0.003220,0.003330
Lake Titicaca,Peru/Bolivia,clear,LS,-69.864315,-15.827417,0.008175,0.009484,0.000510,-0.000882,0.001269,0.001496
Lake Titicaca,Peru/Bolivia,clear,LS,-69.826586,-15.490549,0.007797,0.008175,0.000778,-0.000790,0.001444,0.001712
Lake Titicaca,Peru/Bolivia,clear,LS,-69.198664,-15.687280,0.006364,0.017417,0.006510,0.004711,0.009177,0.008074
Lake Titicaca,Peru/Bolivia,clear,LS,-69.309156,-15.832807,0.006732,0.007742,0.000829,-0.000274,0.004064,0.004414
Lake Titicaca,Peru/Bolivia,clear,LS,-68.910304,-16.339457,0.009019,0.014956,0.003138,-0.000771,0.001197,0.001413
Lake Titicaca,Peru/Bolivia,clear,LS,-68.867185,-16.414915,0.008859,0.022209,0.007311,-0.000564,0.001575,0.001631
Lake Titicaca,Peru/Bolivia,clear,LS,-69.158239,-15.746569,0.007435,0.008478,0.001497,0.000877,0.004914,0.005363
Lake Titicaca,Peru/Bolivia,clear,LS,-68.894135,-15.989114,0.006265,0.007449,0.001595,0.000621,0.002086,0.001638
Lake Titicaca,Peru/Bolivia,clear,LS,-68.918389,-16.420305,0.012138,0.021267,0.004454,-0.000616,0.001914,0.002059
Lake Titicaca,Peru/Bolivia,clear,LS,-69.322631,-15.924435,0.006786,0.007807,0.000984,-0.000278,0.002884,0.003161
Lake Titicaca,Peru/Bolivia,clear,LS,-69.667584,-15.859756,0.007948,0.008007,0.000568,-0.000745,0.001503,0.001627
Lake Titicaca,Peru/Bolivia,clear,LS,-69.225613,-16.193930,0.007111,0.007402,0.000702,-0.000412,0.002142,0.002413
Lake Titicaca,Peru/Bolivia,clear,LS,-69.672974,-15.520193,0.007732,0.007501,0.000290,-0.000845,0.001750,0.001980
Lake Titicaca,Peru/Bolivia,clear,LS,-69.341496,-15.552533,0.006968,0.007566,0.001035,0.000293,0.004204,0.004085
Lake Titicaca,Peru/Bolivia,clear,LS,-69.449294,-16.177760,0.006698,0.008388,0.000943,0.000557,0.004181,0.004127
Lake Titicaca,Peru/Bolivia,clear,LS,-68.832151,-15.997199,0.008138,0.013906,0.002125,0.000455,0.002421,0.002251
Lake Titicaca,Peru/Bolivia,clear,LS,-69.538227,-15.404310,0.007102,0.007996,0.000503,-0.000350,0.002502,0.002737
Lake Titicaca,Peru/Bolivia,clear,LS,-68.875270,-15.994504,0.006367,0.007189,0.001417,0.000573,0.002179,0.002037
Lake Titicaca,Peru/Bolivia,clear,LS,-69.344191,-15.927130,0.007202,0.007608,0.000984,-0.000248,0.003100,0.003459
Lake Titicaca,Peru/Bolivia,clear,LS,-69.319936,-15.878621,0.006553,0.007971,0.000907,-0.000384,0.004082,0.004635
Lake Titicaca,Peru/Bolivia,clear,LS,-69.026187,-15.919045,0.006787,0.007721,0.001005,0.000146,0.004429,0.004579
Lake Titicaca,Peru/Bolivia,clear,LS,-69.241783,-15.765433,0.005989,0.007989,0.001019,0.000372,0.005598,0.005755
Lake Titicaca,Peru/Bolivia,clear,LS,-69.449294,-15.805857,0.006250,0.007159,0.000640,-0.000659,0.002579,0.002881
Lake Titicaca,Peru/Bolivia,clear,LS,-69.244478,-16.016063,0.007037,0.007092,0.000613,-0.000515,0.002134,0.002435
Lake Titicaca,Peru/Bolivia,clear,LS,-69.236393,-16.029538,0.006862,0.006986,0.000420,-0.000494,0.002296,0.002421
Lake Titicaca,Peru/Bolivia,clear,LS,-69.063916,-15.935215,0.006856,0.007989,0.000856,-0.000147,0.003497,0.003659
Lake Titicaca,Peru/Bolivia,clear,LS,-68.902220,-16.393356,0.008813,0.015869,0.003561,-0.000387,0.001613,0.001714
Lake Titicaca,Peru/Bolivia,clear,LS,-69.581346,-15.816637,0.007865,0.007543,0.000554,-0.000690,0.001878,0.002125
Lake Titicaca,Peru/Bolivia,clear,LS,-69.319936,-16.053792,0.006793,0.007480,0.000674,-0.000343,0.002517,0.002668
Lake Titicaca,Peru/Bolivia,clear,LS,-69.497803,-15.622601,0.007378,0.007309,0.000667,-0.000817,0.002853,0.002896
Lake Titicaca,Peru/Bolivia,clear,LS,-69.848146,-15.784298,0.008515,0.008453,0.000369,-0.000801,0.001098,0.001379
Lake Titicaca,Peru/Bolivia,clear,LS,-69.039662,-16.493069,0.009460,0.019549,0.004256,-0.000296,0.001666,0.001907
Lake Titicaca,Peru/Bolivia,clear,LS,-69.551702,-15.579482,0.007157,0.007226,0.000406,-0.000721,0.002166,0.002496
Lake Titicaca,Peru/Bolivia,clear,LS,-69.376530,-15.846282,0.007281,0.007736,0.000791,-0.000508,0.002338,0.002744
Lake Titicaca,Peru/Bolivia,clear,LS,-69.853535,-15.778908,0.008340,0.008749,0.000396,-0.001013,0.001118,0.001362
Lake Titicaca,Peru/Bolivia,clear,LS,-68.632725,-16.234354,0.010266,0.031276,0.008560,0.001947,0.002084,0.001561
Lake Titicaca,Peru/Bolivia,clear,LS,-68.996543,-15.935215,0.006841,0.007763,0.000956,0.000035,0.004298,0.004778
Lake Titicaca,Peru/Bolivia,clear,LS,-69.373835,-16.118471,0.006793,0.007858,0.000674,-0.000336,0.002477,0.002999
Lake Titicaca,Peru/Bolivia,clear,LS,-68.872575,-16.180455,0.006535,0.007398,0.001508,0.001235,0.002658,0.002030
Lake Titicaca,Peru/Bolivia,clear,LS,-69.001933,-15.981029,0.007385,0.007749,0.001032,-0.000151,0.002694,0.002544
Lake Titicaca,Peru/Bolivia,clear,LS,-69.387310,-15.776213,0.007290,0.007646,0.000613,-0.000632,0.002119,0.002387
Lake Titicaca,Peru/Bolivia,clear,LS,-69.708008,-15.326157,0.011510,0.010966,0.001472,-0.000694,0.001409,0.001452
Lake Titicaca,Peru/Bolivia,clear,LS,-69.368445,-16.207404,0.008662,0.008491,0.001245,0.000247,0.003494,0.003727
Lake Titicaca,Peru/Bolivia,clear,LS,-69.492413,-15.948690,0.007367,0.007893,0.000949,-0.000470,0.001661,0.001901
Lake Titicaca,Peru/Bolivia,clear,LS,-68.867185,-15.999894,0.006272,0.007309,0.001385,0.000547,0.002166,0.001912
Lake Titicaca,Peru/Bolivia,clear,LS,-69.672974,-15.927130,0.009532,0.011526,0.001238,-0.000550,0.001785,0.002266
Lake Titicaca,Peru/Bolivia,clear,LS,-68.616555,-16.280168,0.008133,0.028635,0.009866,0.001726,0.001953,0.001630
Lake Titicaca,Peru/Bolivia,clear,LS,-69.330716,-15.644161,0.006670,0.007694,0.000654,-0.000467,0.002751,0.003115
Lake Titicaca,Peru/Bolivia,clear,LS,-68.958813,-16.056487,0.007129,0.007298,0.000990,-0.000034,0.002025,0.001857
Lake Titicaca,Peru/Bolivia,clear,LS,-69.020797,-16.493069,0.009209,0.018164,0.004177,-0.000440,0.001547,0.001644
Lake Titicaca,Peru/Bolivia,clear,LS,-69.322631,-15.725009,0.007013,0.007419,0.000777,-0.000261,0.003267,0.003452
Lake Titicaca,Peru/Bolivia,clear,LS,-69.570566,-15.927130,0.007051,0.007883,0.000599,-0.000549,0.001836,0.001908
Lake Titicaca,Peru/Bolivia,clear,LS,-69.268732,-15.741179,0.006759,0.008031,0.001094,0.000743,0.006319,0.006126
Lake Titicaca,Peru/Bolivia,clear,LS,-69.565176,-15.504023,0.007315,0.007357,0.000310,-0.000728,0.001761,0.002167
Lake Titicaca,Peru/Bolivia,clear,LS,-68.732438,-16.218184,0.007545,0.015997,0.004648,0.002876,0.002964,0.002080
Lake Titicaca,Peru/Bolivia,clear,LS,-69.295682,-15.835502,0.006886,0.007721,0.000706,-0.000407,0.003957,0.004088
Lake Titicaca,Peru/Bolivia,clear,LS,-69.756517,-15.388141,0.010381,0.010141,0.000936,-0.001065,0.001094,0.001348
Lake Titicaca,Peru/Bolivia,clear,LS,-69.656804,-15.654940,0.007515,0.007549,0.000530,-0.000530,0.001926,0.002173
Lake Titicaca,Peru/Bolivia,clear,LS,-69.185189,-16.218184,0.007336,0.007491,0.000595,-0.000305,0.002114,0.002385
Lake Titicaca,Peru/Bolivia,clear,LS,-69.487023,-15.679195,0.007307,0.007294,0.000565,-0.000563,0.002792,0.002957
Lake Titicaca,Peru/Bolivia,clear,LS,-69.023492,-15.886706,0.006751,0.007123,0.000880,0.000069,0.004559,0.005006
Lake Titicaca,Peru/Bolivia,clear,LS,-69.301072,-15.954079,0.006835,0.007796,0.001107,0.000150,0.003906,0.004010
Lake Titicaca,Peru/Bolivia,clear,LS,-69.864315,-15.830112,0.008255,0.009832,0.000637,-0.000694,0.001269,0.001485
Lake Titicaca,Peru/Bolivia,clear,LS,-69.646025,-15.654940,0.007484,0.007477,0.000407,-0.000745,0.001987,0.002255
Lake Titicaca,Peru/Bolivia,clear,LS,-69.640635,-15.614516,0.007906,0.007638,0.000750,-0.000659,0.002070,0.002317
Lake Titicaca,Peru/Bolivia,clear,LS,-69.802332,-15.439345,0.009309,0.009165,0.000840,-0.000811,0.001238,0.001376
Lake Titicaca,Peru/Bolivia,clear,LS,-68.886050,-15.989114,0.006381,0.007305,0.001411,0.000418,0.002155,0.001972
Lake Titicaca,Peru/Bolivia,clear,LS,-69.346886,-15.929825,0.007405,0.007650,0.001063,-0.000387,0.002263,0.002755
Lake Titicaca,Peru/Bolivia,clear,LS,-69.107035,-15.884011,0.005718,0.007189,0.000750,-0.000257,0.003583,0.003881
Lake Titicaca,Peru/Bolivia,clear,LS,-69.290292,-15.935215,0.006934,0.007460,0.000743,-0.000347,0.002767,0.003234
Lake Titicaca,Peru/Bolivia,clear,LS,-69.756517,-15.566007,0.008505,0.007948,0.001059,-0.000505,0.001424,0.001630
Lake Titicaca,Peru/Bolivia,clear,LS,-69.508582,-15.477074,0.007611,0.007289,0.000606,-0.000522,0.002407,0.002730
Lake Titicaca,Peru/Bolivia,clear,LS,-69.796942,-15.733094,0.007821,0.007911,0.000540,-0.000793,0.001444,0.001633
Lake Titicaca,Peru/Bolivia,clear,LS,-69.610990,-15.889401,0.007323,0.007591,0.000558,-0.000556,0.001335,0.001541
Lake Titicaca,Peru/Bolivia,clear,LS,-69.573261,-15.452820,0.007566,0.007535,0.000289,-0.000824,0.002139,0.002486
Lake Titicaca,Peru/Bolivia,clear,LS,-68.915694,-16.538883,0.009072,0.017124,0.003170,-0.000612,0.001394,0.001690
Lake Titicaca,Peru/Bolivia,clear,LS,-69.292987,-16.032233,0.006529,0.007356,0.000544,-0.000563,0.002765,0.002893
Lake Titicaca,Peru/Bolivia,clear,LS,-69.338801,-15.630686,0.006506,0.007789,0.000888,-0.000274,0.002724,0.003115
Lake Titicaca,Peru/Bolivia,clear,LS,-69.875095,-15.477074,0.008168,0.015216,0.001438,-0.000886,0.001720,0.001796
Lake Titicaca,Peru/Bolivia,clear,LS,-68.912999,-16.396051,0.008345,0.014843,0.003323,-0.000490,0.001703,0.001738
Lake Titicaca,Peru/Bolivia,clear,LS,-69.360360,-15.646856,0.006745,0.007515,0.000870,-0.000072,0.003399,0.003860
Lake Titicaca,Peru/Bolivia,clear,LS,-69.570566,-15.447430,0.007728,0.007921,0.000674,-0.000467,0.002304,0.002599
Lake Titicaca,Peru/Bolivia,clear,LS,-69.724178,-15.371971,0.010890,0.010038,0.001046,-0.000893,0.001266,0.001431
Lake Titicaca,Peru/Bolivia,clear,LS,-69.152850,-16.199320,0.006272,0.006979,0.000486,-0.000203,0.002390,0.002682
Lake Titicaca,Peru/Bolivia,clear,LS,-68.904915,-16.315202,0.007244,0.013891,0.003414,-0.000039,0.001733,0.001566
Lake Titicaca,Peru/Bolivia,clear,LS,-69.489718,-15.614516,0.007336,0.007270,0.000605,-0.000478,0.002778,0.003187
Lake Titicaca,Peru/Bolivia,clear,LS,-69.861620,-15.832807,0.008546,0.011804,0.000626,-0.000707,0.001265,0.001431
Lake Titicaca,Peru/Bolivia,clear,LS,-69.815806,-15.428565,0.009255,0.009502,0.000936,-0.000900,0.001197,0.001472
Lake Titicaca,Peru/Bolivia,clear,LS,-69.314546,-16.166980,0.007268,0.007962,0.000936,-0.000268,0.002462,0.002902
Lake Titicaca,Peru/Bolivia,clear,LS,-69.656804,-15.471684,0.007631,0.007337,0.000379,-0.000776,0.001520,0.001781
Lake Titicaca,Peru/Bolivia,clear,LS,-69.799637,-15.328852,0.008822,0.019840,0.004628,-0.000674,0.001327,0.001431
Lake Titicaca,Peru/Bolivia,clear,LS,-69.689144,-15.528278,0.007560,0.007288,0.000293,-0.000914,0.001795,0.002190
Lake Titicaca,Peru/Bolivia,clear,LS,-69.584041,-15.485159,0.007440,0.007264,0.000193,-0.000687,0.001822,0.002159
Lake Titicaca,Peru/Bolivia,clear,LS,-69.001933,-16.344847,0.008196,0.014999,0.003703,-0.000276,0.001789,0.001829
Lake Titicaca,Peru/Bolivia,clear,LS,-69.292987,-16.043013,0.006772,0.007357,0.000558,-0.000659,0.002153,0.002606
Lake Titicaca,Peru/Bolivia,clear,LS,-69.737653,-15.450125,0.009022,0.007872,0.000770,-0.000866,0.001293,0.001376
Lake Titicaca,Peru/Bolivia,clear,LS,-69.109730,-16.032233,0.007480,0.007501,0.000593,-0.000336,0.002792,0.002943
Lake Titicaca,Peru/Bolivia,clear,LS,-68.931864,-16.263998,0.007200,0.013194,0.003555,0.000527,0.001514,0.001417
Lake Titicaca,Peru/Bolivia,clear,LS,-69.446599,-15.504023,0.007006,0.007041,0.000716,0.000124,0.004119,0.004298
Lake Titicaca,Peru/Bolivia,clear,LS,-68.826761,-16.369101,0.011400,0.030584,0.006630,-0.000718,0.001206,0.001362
Lake Titicaca,Peru/Bolivia,clear,LS,-69.565176,-15.857061,0.007340,0.007601,0.000760,-0.000477,0.001864,0.002166
Lake Titicaca,Peru/Bolivia,clear,LS,-69.344191,-15.838197,0.007206,0.007608,0.000757,-0.000409,0.002792,0.003366
Lake Titicaca,Peru/Bolivia,clear,LS,-69.390005,-16.078047,0.007323,0.008093,0.000786,-0.000288,0.002826,0.003272
Lake Titicaca,Peru/Bolivia,clear,LS,-69.055832,-15.937910,0.006797,0.007384,0.000650,-0.000168,0.004272,0.004393
Lake Titicaca,Peru/Bolivia,clear,LS,-69.266037,-16.239744,0.007102,0.008215,0.000943,-0.000102,0.002951,0.003281
Lake Titicaca,Peru/Bolivia,clear,LS,-69.761907,-15.622601,0.007460,0.007618,0.000392,-0.000804,0.001671,0.001864
Lake Titicaca,Peru/Bolivia,clear,LS,-68.977678,-15.913655,0.006780,0.007412,0.001145,0.000210,0.004066,0.004159
Lake Titicaca,Peru/Bolivia,clear,LS,-69.481633,-15.468989,0.007370,0.007617,0.000756,-0.000056,0.003271,0.003299
Lake Titicaca,Peru/Bolivia,clear,LS,-69.077391,-15.975639,0.007281,0.007171,0.000764,-0.000281,0.003672,0.003714
Lake Titicaca,Peru/Bolivia,clear,LS,-69.379225,-16.088827,0.007564,0.007970,0.000963,-0.000353,0.002590,0.002888
Lake Titicaca,Peru/Bolivia,clear,LS,-69.398090,-15.606431,0.007238,0.007433,0.000695,0.000048,0.003809,0.004427
Lake Titicaca,Peru/Bolivia,clear,LS,-69.522057,-15.862451,0.007019,0.007384,0.000722,-0.000783,0.002414,0.002970
Lake Titicaca,Peru/Bolivia,clear,LS,-69.850841,-15.770823,0.008220,0.008901,0.000575,-0.000735,0.001306,0.001427
Lake Titicaca,Peru/Bolivia,clear,LS,-68.923779,-16.323287,0.007815,0.014421,0.003162,-0.000320,0.001395,0.001436
Lake Titicaca,Peru/Bolivia,clear,LS,-69.487023,-15.725009,0.007683,0.007151,0.000822,-0.000426,0.003146,0.003483
Lake Titicaca,Peru/Bolivia,clear,LS,-69.317241,-15.803162,0.006662,0.007501,0.000901,-0.000391,0.003350,0.003652
Lake Titicaca,Peru/Bolivia,clear,LS,-69.567871,-15.495939,0.007761,0.007422,0.000393,-0.000621,0.001892,0.002280
Lake Titicaca,Peru/Bolivia,clear,LS,-69.131290,-15.902875,0.006731,0.007515,0.000695,-0.000151,0.003073,0.003267
Lake Titicaca,Peru/Bolivia,clear,LS,-69.724178,-15.603736,0.007452,0.007518,0.000509,-0.000646,0.001726,0.001960
Lake Titicaca,Peru/Bolivia,clear,LS,-69.222918,-15.881316,0.006790,0.008140,0.001059,-0.000041,0.003873,0.004059
Lake Titicaca,Peru/Bolivia,clear,LS,-69.586736,-15.754653,0.007679,0.007480,0.000599,-0.000601,0.001575,0.001840
Lake Titicaca,Peru/Bolivia,clear,LS,-69.815806,-15.587567,0.007028,0.007858,0.000691,-0.000505,0.002015,0.002204
Lake Titicaca,Peru/Bolivia,clear,LS,-69.602906,-15.495939,0.007549,0.007384,0.000502,-0.000797,0.002049,0.002194
Lake Titicaca,Peru/Bolivia,clear,LS,-69.403480,-15.563312,0.006814,0.007027,0.000723,-0.000185,0.003020,0.003349
Lake Titicaca,Peru/Bolivia,clear,LS,-69.799637,-15.431260,0.009330,0.009357,0.000812,-0.000859,0.001183,0.001431
Lake Titicaca,Peru/Bolivia,clear,LS,-68.980373,-16.390661,0.008898,0.015429,0.003548,-0.000371,0.001585,0.001740
Lake Titicaca,Peru/Bolivia,clear,LS,-68.926474,-16.374491,0.008661,0.014490,0.003169,-0.000566,0.001572,0.001581
Lake Titicaca,Peru/Bolivia,clear,LS,-69.107035,-15.897486,0.005934,0.007003,0.000565,-0.000268,0.003056,0.003386
Lake Titicaca,Peru/Bolivia,clear,LS,-69.371140,-16.131946,0.007353,0.007903,0.000699,-0.000210,0.002568,0.002840
Lake Titicaca,Peru/Bolivia,clear,LS,-69.244478,-16.150810,0.006653,0.007350,0.000722,-0.000419,0.001850,0.002018
Lake Titicaca,Peru/Bolivia,clear,LS,-69.322631,-16.161590,0.006955,0.007635,0.000860,-0.000498,0.002455,0.002623
Lake Titicaca,Peru/Bolivia,clear,LS,-69.349581,-16.048403,0.007171,0.007796,0.000593,-0.000598,0.001884,0.002083
Lake Titicaca,Peru/Bolivia,clear,LS,-69.457378,-15.746569,0.006389,0.006982,0.000516,-0.000605,0.002782,0.003208
Lake Titicaca,Peru/Bolivia,clear,LS,-68.993848,-16.487679,0.009044,0.017389,0.003970,-0.000753,0.001228,0.001523
Lake Titicaca,Peru/Bolivia,clear,LS,-69.055832,-15.840892,0.005903,0.007357,0.001280,0.000232,0.003876,0.004130
Lake Titicaca,Peru/Bolivia,clear,LS,-68.869880,-16.352931,0.010590,0.018061,0.003564,-0.000646,0.001290,0.001519
Lake Titicaca,Peru/Bolivia,clear,LS,-69.379225,-16.032233,0.007817,0.008117,0.001173,-0.000319,0.002444,0.002771
Lake Titicaca,Peru/Bolivia,clear,LS,-69.147460,-16.002588,0.006964,0.007363,0.000907,-0.000166,0.002916,0.003533
Lake Titicaca,Peru/Bolivia,clear,LS,-69.133985,-15.735789,0.007743,0.010892,0.004191,0.004196,0.008496,0.007370
Lake Titicaca,Peru/Bolivia,clear,LS,-69.659499,-15.571397,0.007989,0.007804,0.000496,-0.000872,0.001967,0.002311
Lake Titicaca,Peru/Bolivia,clear,LS,-69.759212,-15.530973,0.008319,0.007700,0.000557,-0.000735,0.001506,0.001582
Lake Titicaca,Peru/Bolivia,clear,LS,-68.675844,-16.263998,0.011764,0.035447,0.010196,0.001541,0.001733,0.001376
Lake Titicaca,Peru/Bolivia,clear,LS,-69.174409,-16.231659,0.006392,0.006976,0.000561,-0.000186,0.002541,0.002741
Lake Titicaca,Peru/Bolivia,clear,LS,-69.646025,-15.881316,0.008113,0.008297,0.000660,-0.000605,0.001417,0.001569
Lake Titicaca,Peru/Bolivia,clear,LS,-69.573261,-15.638771,0.007583,0.007495,0.000722,-0.000536,0.002227,0.002468
Lake Titicaca,Peru/Bolivia,clear,LS,-69.861620,-15.805857,0.008316,0.008690,0.000379,-0.000927,0.001176,0.001390
Lake Titicaca,Peru/Bolivia,clear,LS,-69.171714,-16.231659,0.006759,0.007000,0.000671,-0.000085,0.002191,0.002679
Lake Titicaca,Peru/Bolivia,clear,LS,-68.877965,-16.323287,0.007629,0.014759,0.003891,0.000233,0.001751,0.001579
Lake Tahoe,United States,clear,S2,-120.041512,39.006646,0.021470,0.010039,0.003330,0.004564,0.004686,0.003857
Lake Tahoe,United States,clear,S2,-120.079241,39.028206,0.019273,0.008726,0.002757,0.002967,0.002396,0.002444
Lake Tahoe,United States,clear,S2,-119.987613,38.974307,0.023307,0.014644,0.009108,0.009926,0.008824,0.008702
Lake Tahoe,United States,clear,S2,-119.990308,39.168343,0.017244,0.006781,0.001302,0.001390,0.000710,0.001184
Lake Tahoe,United States,clear,S2,-120.060377,39.119834,0.017733,0.007356,0.001447,0.001423,0.001440,0.001351
Lake Tahoe,United States,clear,S2,-120.049597,39.100969,0.018506,0.008722,0.002817,0.002483,0.001521,0.002638
Lake Tahoe,United States,clear,S2,-120.063072,39.197987,0.018537,0.008724,0.002451,0.002375,0.002245,0.002162
Lake Tahoe,United States,clear,S2,-119.966054,39.095579,0.020502,0.011052,0.004992,0.006231,0.005988,0.004733
Lake Tahoe,United States,clear,S2,-119.993003,39.127919,0.018434,0.006756,0.000329,0.002116,0.001535,0.001395
Lake Tahoe,United States,clear,S2,-119.966054,39.171038,0.016557,0.006574,0.000404,0.001316,0.000602,0.001213
Lake Tahoe,United States,clear,S2,-119.955274,39.149478,0.016323,0.006925,0.001188,0.001289,0.000396,0.000667
Lake Tahoe,United States,clear,S2,-120.060377,39.189903,0.017789,0.008096,0.001451,0.002035,0.001667,0.001726
Lake Tahoe,United States,clear,S2,-120.011868,39.017426,0.021520,0.010072,0.004611,0.005297,0.004938,0.004804
Lake Tahoe,United States,clear,S2,-120.046902,39.047070,0.021170,0.009379,0.001278,0.001497,0.000885,0.001166
Lake Tahoe,United States,clear,S2,-119.974138,39.173733,0.016587,0.006577,0.000592,0.001213,0.000961,0.001192
Lake Tahoe,United States,clear,S2,-120.036122,39.119834,0.018307,0.007787,0.000267,0.000286,0.000418,0.000658
Lake Tahoe,United States,clear,S2,-119.993003,39.122529,0.018381,0.006812,0.000459,0.001213,0.000459,0.000615
Lake Tahoe,United States,clear,S2,-120.054987,39.157563,0.018057,0.006817,0.001283,0.001284,0.000767,0.000903
Lake Tahoe,United States,clear,S2,-120.009173,39.144089,0.018115,0.007093,0.000698,0.001281,0.000834,0.001315
Lake Tahoe,United States,clear,S2,-119.990308,38.963527,0.022877,0.014564,0.008975,0.010137,0.009303,0.008737
Lake Tahoe,United States,clear,S2,-119.966054,39.055155,0.018512,0.008765,0.002796,0.003195,0.002877,0.002780
Lake Tahoe,United States,clear,S2,-120.111581,39.149478,0.022536,0.010240,0.001558,0.002395,0.001558,0.001696
Lake Tahoe,United States,clear,S2,-120.006478,39.014731,0.021294,0.009977,0.005574,0.005685,0.005614,0.005049
Lake Tahoe,United States,clear,S2,-120.003783,39.141394,0.018508,0.006816,0.000250,0.000311,0.000369,0.000600
Lake Tahoe,United States,clear,S2,-120.038817,39.063240,0.020934,0.009289,0.001660,0.001486,0.000913,0.001063
Lake Tahoe,United States,clear,S2,-119.995698,39.025511,0.020571,0.009485,0.002387,0.004403,0.004977,0.003939
Lake Tahoe,United States,clear,S2,-120.041512,39.154868,0.016782,0.006822,0.001363,0.001422,0.001111,0.001260
Lake Tahoe,United States,clear,S2,-120.030732,39.197987,0.018449,0.007706,0.001597,0.001813,0.001187,0.001504
Lake Tahoe,United States,clear,S2,-119.974138,39.133309,0.017627,0.007243,0.000598,0.000606,0.000449,0.000700
Lake Tahoe,United States,clear,S2,-120.122360,39.160258,0.025279,0.014485,0.002760,0.003330,0.002604,0.002578
Lake Tahoe,United States,clear,S2,-119.966054,39.114444,0.017429,0.006873,0.001525,0.001194,0.002378,0.002520
Lake Tahoe,United States,clear,S2,-120.054987,39.206072,0.018446,0.008710,0.002374,0.002374,0.001467,0.001917
Lake Tahoe,United States,clear,S2,-120.022647,39.022816,0.021283,0.009320,0.000680,0.005539,0.005609,0.005191
Lake Tahoe,United States,clear,S2,-119.944494,39.214157,0.017101,0.007424,0.001409,0.002409,0.001355,0.001409
Lake Tahoe,United States,clear,S2,-120.025342,39.065935,0.020247,0.008899,0.002894,0.004098,0.002804,0.002747
Lake Tahoe,United States,clear,S2,-120.068462,39.006646,0.017552,0.009460,0.000870,0.001077,0.001376,0.001631
Lake Tahoe,United States,clear,S2,-120.068462,39.136004,0.017313,0.006809,0.000302,0.001441,0.001320,0.001450
Lake Tahoe,United States,clear,S2,-120.017258,39.138699,0.017406,0.006956,0.000678,0.001443,0.000489,0.001352
Lake Tahoe,United States,clear,S2,-120.022647,39.020121,0.021235,0.009390,0.000832,0.003234,0.004772,0.004054
Lake Tahoe,United States,clear,S2,-119.993003,38.971612,0.023487,0.014691,0.009022,0.010293,0.009192,0.008296
Lake Tahoe,United States,clear,S2,-120.036122,38.985087,0.022246,0.011202,0.005349,0.006741,0.005955,0.005035
Lake Tahoe,United States,clear,S2,-119.971443,39.100969,0.018853,0.010643,0.004731,0.004819,0.003906,0.003916
Lake Tahoe,United States,clear,S2,-120.009173,39.149478,0.017324,0.007131,0.001193,0.001171,0.000736,0.001178
Lake Tahoe,United States,clear,S2,-120.028037,39.109054,0.018544,0.008690,0.001365,0.000872,0.000421,0.000655
Lake Tahoe,United States,clear,S2,-120.046902,39.200682,0.018203,0.007527,0.001604,0.002139,0.001636,0.002399
Lake Tahoe,United States,clear,S2,-119.968749,39.136004,0.017337,0.007438,0.001414,0.001432,0.001305,0.001302
Lake Tahoe,United States,clear,S2,-120.135835,39.122529,0.017350,0.007621,0.001473,0.002442,0.001652,0.001705
Lake Tahoe,United States,clear,S2,-120.063072,39.165648,0.016805,0.006831,0.001447,0.001422,0.001161,0.001477
Lake Tahoe,United States,clear,S2,-119.987613,39.203377,0.016722,0.006845,0.001216,0.001400,0.000464,0.001300
Lake Tahoe,United States,clear,S2,-120.133140,39.130614,0.018253,0.008301,0.002279,0.002553,0.001800,0.001989
Lake Tahoe,United States,clear,S2,-120.065767,39.114444,0.018392,0.007590,0.001620,0.001423,0.001194,0.001529
Lake Tahoe,United States,clear,S2,-120.092716,39.133309,0.018212,0.007956,0.001491,0.001477,0.001380,0.001381
Lake Tahoe,United States,clear,S2,-119.990308,39.173733,0.016801,0.006691,0.001317,0.001289,0.000284,0.001248
Lake Tahoe,United States,clear,S2,-120.019953,39.087495,0.018857,0.008686,0.001886,0.002624,0.002894,0.002953
Lake Tahoe,United States,clear,S2,-120.022647,38.974307,0.022263,0.011772,0.005202,0.006768,0.006601,0.005366
Lake Tahoe,United States,clear,S2,-119.955274,39.055155,0.019831,0.008710,0.001759,0.001390,0.002529,0.002064
Lake Tahoe,United States,clear,S2,-119.990308,39.138699,0.018232,0.006798,0.001438,0.001275,0.001371,0.001195
Lake Tahoe,United States,clear,S2,-119.971443,39.052460,0.018480,0.008900,0.002572,0.002826,0.002700,0.002996
Lake Tahoe,United States,clear,S2,-120.052292,39.025511,0.019221,0.008703,0.002872,0.003342,0.003136,0.002971
Lake Tahoe,United States,clear,S2,-120.009173,39.071325,0.020186,0.009121,0.001279,0.001199,0.000811,0.001031
Lake Tahoe,United States,clear,S2,-119.974138,39.138699,0.018056,0.006704,0.000235,0.000336,0.000637,0.001020
Lake Tahoe,United States,clear,S2,-119.960664,39.057850,0.018526,0.008736,0.002830,0.003125,0.003065,0.002750
Lake Tahoe,United States,clear,S2,-120.052292,39.074020,0.018655,0.008712,0.002401,0.002468,0.001867,0.002139
Lake Tahoe,United States,clear,S2,-120.057682,38.995866,0.020373,0.009959,0.003067,0.004911,0.004877,0.001777
Lake Tahoe,United States,clear,S2,-120.017258,39.036291,0.021180,0.009795,0.004043,0.005111,0.004411,0.003842
Lake Tahoe,United States,clear,S2,-120.033427,38.958137,0.022464,0.012519,0.006461,0.007306,0.007105,0.005883
Lake Tahoe,United States,clear,S2,-119.995698,39.068630,0.019286,0.008840,0.002866,0.002821,0.002878,0.002906
Lake Tahoe,United States,clear,S2,-119.974138,38.958137,0.022887,0.014521,0.011161,0.012853,0.011427,0.009849
Lake Tahoe,United States,clear,S2,-120.060377,39.044376,0.019249,0.008998,0.002714,0.002831,0.002433,0.003013
Lake Tahoe,United States,clear,S2,-120.087326,39.162953,0.017817,0.006822,0.000628,0.001611,0.001388,0.001647
Lake Tahoe,United States,clear,S2,-120.046902,39.203377,0.018422,0.008508,0.002436,0.002402,0.001720,0.001870
Lake Tahoe,United States,clear,S2,-119.993003,39.057850,0.020296,0.008598,0.002742,0.002945,0.003186,0.002971
Lake Tahoe,United States,clear,S2,-120.028037,39.028206,0.020406,0.008724,0.002780,0.003372,0.003338,0.003289
Lake Tahoe,United States,clear,S2,-120.057682,39.149478,0.018283,0.007674,0.001523,0.001391,0.001157,0.001282
Lake Tahoe,United States,clear,S2,-120.076546,39.125224,0.018504,0.007928,0.000963,0.001625,0.001528,0.001453
Lake Tahoe,United States,clear,S2,-120.084631,39.084800,0.018602,0.008703,0.002731,0.002769,0.000665,0.002837
Lake Tahoe,United States,clear,S2,-120.073851,39.017426,0.019419,0.008860,0.002781,0.003335,0.003277,0.003438
Lake Tahoe,United States,clear,S2,-119.966054,39.090190,0.020184,0.010634,0.004935,0.005537,0.004903,0.004984
Lake Tahoe,United States,clear,S2,-119.982223,39.055155,0.018810,0.008757,0.002842,0.002903,0.002943,0.002788
Lake Tahoe,United States,clear,S2,-120.036122,39.176428,0.016562,0.006862,0.000414,0.001414,0.001022,0.001196
Lake Tahoe,United States,clear,S2,-120.087326,39.095579,0.018565,0.008758,0.002584,0.002699,0.000474,0.001088
Lake Tahoe,United States,clear,S2,-120.095411,39.017426,0.019190,0.009243,0.003153,0.003507,0.003081,0.003168
Lake Tahoe,United States,clear,S2,-119.971443,38.963527,0.023817,0.015691,0.010963,0.012140,0.011193,0.009399
Lake Tahoe,United States,clear,S2,-120.046902,39.111749,0.017635,0.007561,0.001415,0.001415,0.001381,0.001383
Lake Tahoe,United States,clear,S2,-120.049597,39.133309,0.017966,0.006801,0.001438,0.001390,0.001196,0.001403
Lake Tahoe,United States,clear,S2,-120.001088,39.173733,0.017279,0.006772,0.001404,0.001321,0.000289,0.001314
Lake Tahoe,United States,clear,S2,-120.041512,39.047070,0.020641,0.008932,0.002815,0.003500,0.002959,0.003214
Lake Tahoe,United States,clear,S2,-120.106191,39.111749,0.018145,0.007173,0.000662,0.001403,0.001327,0.001686
Lake Tahoe,United States,clear,S2,-120.063072,39.012036,0.019134,0.009256,0.002454,0.003064,0.003389,0.003279
Lake Tahoe,United States,clear,S2,-119.968749,39.060545,0.019238,0.009059,0.002668,0.003242,0.003385,0.003324
Lake Tahoe,United States,clear,S2,-120.014563,39.144089,0.017544,0.006964,0.001373,0.000857,0.000205,0.001341
Lake Tahoe,United States,clear,S2,-119.982223,39.127919,0.018419,0.007112,0.001295,0.001150,0.000614,0.000830
Lake Tahoe,United States,clear,S2,-120.087326,39.179123,0.018102,0.008095,0.002050,0.001530,0.001705,0.002047
Lake Tahoe,United States,clear,S2,-120.019953,39.079410,0.020457,0.008683,0.002727,0.002768,0.002884,0.002901
Lake Tahoe,United States,clear,S2,-120.033427,39.214157,0.018519,0.008693,0.002399,0.002610,0.002135,0.001958
Lake Tahoe,United States,clear,S2,-120.143920,39.109054,0.018276,0.008602,0.002362,0.002840,0.001870,0.002056
Lake Tahoe,United States,clear,S2,-120.025342,39.211462,0.018737,0.008656,0.002191,0.002462,0.001490,0.001777
Lake Tahoe,United States,clear,S2,-120.036122,39.181818,0.016599,0.006815,0.001437,0.001458,0.001182,0.001322
Lake Tahoe,United States,clear,S2,-120.025342,38.960832,0.022523,0.012617,0.006788,0.008747,0.007781,0.006794
Lake Tahoe,United States,clear,S2,-119.984918,38.960832,0.023263,0.014929,0.010157,0.011655,0.010470,0.008561
Lake Tahoe,United States,clear,S2,-120.146615,39.122529,0.017528,0.009549,0.000678,0.000791,0.001413,0.001723
Lake Tahoe,United States,clear,S2,-119.955274,39.049765,0.018950,0.007464,0.000486,0.000092,0.003009,0.002795
Lake Tahoe,United States,clear,S2,-119.974138,39.052460,0.019778,0.009327,0.001551,0.003731,0.003320,0.003022
Lake Tahoe,United States,clear,S2,-120.138530,39.141394,0.018517,0.008613,0.002852,0.002292,0.002254,0.002958
Lake Tahoe,United States,clear,S2,-120.041512,39.219547,0.018611,0.008802,0.002508,0.003223,0.002317,0.002475
Lake Tahoe,United States,clear,S2,-119.993003,39.055155,0.019523,0.009254,0.002797,0.003262,0.003183,0.003010
Lake Tahoe,United States,clear,S2,-120.065767,38.974307,0.021285,0.011432,0.005309,0.006664,0.006474,0.005172
Lake Tahoe,United States,clear,S2,-119.974138,39.160258,0.016743,0.007147,0.001410,0.001387,0.000420,0.001144
Lake Tahoe,United States,clear,S2,-119.966054,39.136004,0.017096,0.007343,0.001419,0.001411,0.001343,0.001317
Lake Tahoe,United States,clear,S2,-120.068462,39.098274,0.018585,0.007353,0.001677,0.001517,0.001638,0.001769
Lake Tahoe,United States,clear,S2,-119.984918,39.233022,0.018470,0.008658,0.001734,0.002464,0.001505,0.001647
Lake Tahoe,United States,clear,S2,-120.063072,39.082105,0.018757,0.008651,0.002465,0.002660,0.002781,0.002848
Lake Tahoe,United States,clear,S2,-120.001088,39.047070,0.019180,0.009057,0.001310,0.001303,0.002118,0.002555
Lake Tahoe,United States,clear,S2,-120.036122,38.952747,0.022351,0.012692,0.006832,0.008014,0.006951,0.006784
Lake Tahoe,United States,clear,S2,-120.071156,39.162953,0.017295,0.007037,0.000680,0.001424,0.001191,0.001030
Lake Tahoe,United States,clear,S2,-120.049597,39.117139,0.017370,0.007212,0.001401,0.001418,0.001366,0.001423
Lake Tahoe,United States,clear,S2,-120.065767,39.152173,0.017336,0.006827,0.001450,0.001403,0.001288,0.001269
Lake Tahoe,United States,clear,S2,-120.030732,38.950052,0.022284,0.012594,0.006576,0.007890,0.006821,0.006467
Lake Tahoe,United States,clear,S2,-119.974138,39.028206,0.020967,0.010992,0.005483,0.006760,0.004698,0.004757
Lake Tahoe,United States,clear,S2,-120.044207,39.208767,0.018488,0.008557,0.002143,0.002447,0.001501,0.001661
Lake Tahoe,United States,clear,S2,-120.108886,39.114444,0.017714,0.006769,0.000263,0.000714,0.000550,0.000705
Lake Tahoe,United States,clear,S2,-120.068462,39.144089,0.016619,0.006839,0.000276,0.001386,0.001214,0.001469
Lake Tahoe,United States,clear,S2,-120.049597,39.138699,0.017078,0.007001,0.001432,0.001409,0.001355,0.001365
Lake Tahoe,United States,clear,S2,-120.095411,39.152173,0.018148,0.007513,0.001424,0.001701,0.001616,0.001605
Lake Tahoe,United States,clear,S2,-120.079241,38.974307,0.020352,0.011182,0.004916,0.004919,0.004903,0.004816
Lake Tahoe,United States,clear,S2,-119.984918,39.090190,0.019831,0.009333,0.002910,0.002984,0.002769,0.002856
Lake Tahoe,United States,clear,S2,-120.054987,39.222242,0.018492,0.008704,0.002489,0.003490,0.002369,0.002140
Lake Tahoe,United States,clear,S2,-120.019953,39.117139,0.018510,0.007723,0.001460,0.001413,0.001336,0.001311
Lake Tahoe,United States,clear,S2,-120.009173,39.030901,0.021189,0.009223,0.000585,0.002337,0.000891,0.001341
Lake Tahoe,United States,clear,S2,-120.108886,39.020121,0.015140,0.005929,0.001274,0.001228,0.002695,0.002734
Lake Tahoe,United States,clear,S2,-120.076546,38.977002,0.020402,0.011293,0.005019,0.006010,0.005426,0.004938
Lake Tahoe,United States,clear,S2,-120.009173,39.047070,0.020759,0.009197,0.001692,0.002158,0.002000,0.002118
Lake Tahoe,United States,clear,S2,-120.049597,39.092885,0.018604,0.008699,0.002773,0.002806,0.001621,0.002543
Lake Tahoe,United States,clear,S2,-120.141225,39.109054,0.017968,0.008214,0.001890,0.002408,0.001727,0.002031
Lake Tahoe,United States,clear,S2,-120.087326,39.160258,0.017477,0.007590,0.001627,0.001708,0.001536,0.001634
Lake Tahoe,United States,clear,S2,-120.011868,38.958137,0.022647,0.014500,0.008719,0.009583,0.008738,0.008050
Lake Tahoe,United States,clear,S2,-120.052292,39.090190,0.019227,0.008762,0.002869,0.002775,0.002116,0.002664
Lake Tahoe,United States,clear,S2,-120.076546,39.197987,0.018480,0.008728,0.002687,0.003228,0.002373,0.001964
Lake Tahoe,United States,clear,S2,-119.993003,39.098274,0.018586,0.008431,0.002376,0.002538,0.002410,0.002439
Lake Tahoe,United States,clear,S2,-120.073851,39.197987,0.018501,0.008772,0.002862,0.003201,0.001949,0.002080
Lake Tahoe,United States,clear,S2,-119.957969,39.136004,0.016337,0.006660,0.000847,0.001413,0.000916,0.001155
Lake Tahoe,United States,clear,S2,-120.063072,39.184513,0.017795,0.007879,0.000696,0.001862,0.001549,0.001641
Lake Tahoe,United States,clear,S2,-119.998393,38.987782,0.022270,0.012273,0.006688,0.007070,0.006833,0.006049
Lake Tahoe,United States,clear,S2,-120.006478,39.122529,0.018557,0.006807,0.000383,0.000886,0.000317,0.000607
Lake Tahoe,United States,clear,S2,-120.036122,39.111749,0.018491,0.008736,0.000656,0.000329,0.000507,0.000764
Lake Tahoe,United States,clear,S2,-120.041512,39.020121,0.020427,0.009639,0.003148,0.004550,0.004780,0.004817
Lake Tahoe,United States,clear,S2,-119.995698,38.990477,0.022332,0.012119,0.006581,0.007354,0.006893,0.006944
Lake Tahoe,United States,clear,S2,-120.014563,39.206072,0.018284,0.007332,0.000331,0.000593,0.000423,0.000590
Lake Tahoe,United States,clear,S2,-120.114276,39.079410,0.019777,0.008891,0.002371,0.002833,0.002367,0.002444
Lake Tahoe,United States,clear,S2,-119.974138,39.076715,0.020177,0.008668,0.002820,0.003019,0.003051,0.003400
Lake Tahoe,United States,clear,S2,-120.011868,39.214157,0.019195,0.008738,0.001419,0.001792,0.001452,0.001562
Lake Tahoe,United States,clear,S2,-119.955274,39.074020,0.018521,0.008610,0.002931,0.002806,0.004493,0.004214
Lake Tahoe,United States,clear,S2,-120.079241,39.103664,0.018503,0.008658,0.002196,0.001510,0.001626,0.001523
Lake Tahoe,United States,clear,S2,-119.993003,39.235717,0.016572,0.006733,0.001224,0.000075,0.000861,0.001079
Lake Tahoe,United States,clear,S2,-120.087326,39.136004,0.017550,0.007511,0.001479,0.001460,0.001332,0.001653
Lake Tahoe,United States,clear,S2,-119.976833,39.060545,0.018594,0.009310,0.000716,0.001363,0.003185,0.001281
Lake Tahoe,United States,clear,S2,-120.098106,39.100969,0.018545,0.007767,0.001445,0.001431,0.001378,0.001382
Lake Tahoe,United States,clear,S2,-120.011868,39.117139,0.018521,0.007265,0.001495,0.001401,0.001328,0.001717
Lake Tahoe,United States,clear,S2,-119.987613,39.206072,0.017726,0.006853,0.001392,0.001409,0.001044,0.001341
Lake Tahoe,United States,clear,S2,-120.092716,39.079410,0.019548,0.008741,0.002902,0.002786,0.002718,0.002869
Lake Tahoe,United States,clear,S2,-119.984918,39.119834,0.018545,0.007170,0.000339,0.000762,0.000390,0.000883
Lake Tahoe,United States,clear,S2,-120.001088,38.998561,0.022000,0.011757,0.005807,0.006594,0.006501,0.005282
Lake Tahoe,United States,clear,S2,-120.138530,39.090190,0.017742,0.008871,0.002486,0.001935,0.000904,0.001239
Lake Tahoe,United States,clear,S2,-120.057682,39.203377,0.018489,0.008786,0.002604,0.002681,0.001455,0.001006
Lake Tahoe,United States,clear,S2,-120.014563,39.090190,0.019680,0.008692,0.002757,0.002642,0.002928,0.002969
Lake Tahoe,United States,clear,S2,-119.971443,39.184513,0.016565,0.006696,0.000747,0.001410,0.000654,0.000899
Lake Tahoe,United States,clear,S2,-120.022647,39.181818,0.016549,0.006751,0.000246,0.001384,0.000744,0.001182
Lake Tahoe,United States,clear,S2,-120.006478,39.154868,0.017439,0.006788,0.000309,0.001325,0.000681,0.001181
Lake Tahoe,United States,clear,S2,-120.001088,39.192598,0.017640,0.006830,0.001090,0.001078,0.000348,0.000602
Lake Tahoe,United States,clear,S2,-120.098106,39.033596,0.017693,0.009477,0.001205,0.001343,0.001143,0.001524
Lake Tahoe,United States,clear,S2,-120.009173,38.952747,0.021983,0.012912,0.007876,0.009415,0.008787,0.007214
Lake Tahoe,United States,clear,S2,-120.036122,38.987782,0.021953,0.010655,0.005161,0.006138,0.005342,0.005302
Lake Tahoe,United States,clear,S2,-120.046902,39.052460,0.019581,0.009256,0.003006,0.003131,0.002439,0.002328
Lake Tahoe,United States,clear,S2,-119.966054,38.990477,0.021065,0.011956,0.007545,0.008675,0.008674,0.008792
Lake Tahoe,United States,clear,S2,-120.006478,39.057850,0.020439,0.008712,0.002802,0.002798,0.002592,0.002710
Lake Tahoe,United States,clear,S2,-120.001088,39.176428,0.017161,0.006778,0.001469,0.000976,0.000673,0.001181
Lake Tahoe,United States,clear,S2,-120.014563,39.041681,0.020530,0.009114,0.003146,0.003386,0.003281,0.003235
Lake Tahoe,United States,clear,S2,-120.087326,39.122529,0.018031,0.007300,0.001315,0.001474,0.001347,0.001363
Lake Tahoe,United States,clear,S2,-120.017258,39.114444,0.018538,0.008628,0.001151,0.001782,0.001460,0.001639
Lake Tahoe,United States,clear,S2,-120.057682,38.966222,0.022634,0.013217,0.006843,0.008080,0.006819,0.004845
Lake Tahoe,United States,clear,S2,-119.941799,39.208767,0.016385,0.007279,0.001434,0.001589,0.001238,0.001637
Lake Tahoe,United States,clear,S2,-119.979528,38.995866,0.022192,0.012634,0.006799,0.008343,0.008072,0.006580
Lake Tahoe,United States,clear,S2,-119.952579,39.136004,0.014628,0.004802,0.000051,0.000045,0.000864,0.001253
Lake Tahoe,United States,clear,S2,-120.006478,38.958137,0.023799,0.014584,0.009104,0.010614,0.009494,0.008777
Lake Tahoe,United States,clear,S2,-119.966054,39.012036,0.021513,0.011552,0.006592,0.007635,0.006691,0.006763
Lake Tahoe,United States,clear,S2,-119.944494,39.219547,0.017077,0.007624,0.001436,0.002391,0.001426,0.001391
Lake Tahoe,United States,clear,S2,-120.028037,39.168343,0.017044,0.006795,0.001452,0.001432,0.001153,0.001172
Lake Tahoe,United States,clear,S2,-120.079241,39.047070,0.019017,0.008282,0.002439,0.002518,0.003069,0.003507
Lake Tahoe,United States,clear,S2,-120.003783,39.152173,0.018413,0.006805,0.000255,0.001407,0.000993,0.001199
Lake Tahoe,United States,clear,S2,-120.060377,38.966222,0.022629,0.013012,0.006992,0.008294,0.006661,0.004917
Lake Tahoe,United States,clear,S2,-120.052292,39.038986,0.019933,0.009118,0.003295,0.003509,0.002746,0.002794
Lake Tahoe,United States,clear,S2,-120.046902,39.189903,0.017518,0.007115,0.000947,0.001846,0.001743,0.001824
Lake Tahoe,United States,clear,S2,-120.079241,39.200682,0.018278,0.008717,0.002827,0.002836,0.002437,0.001937
Lake Tahoe,United States,clear,S2,-119.960664,39.022816,0.021977,0.011176,0.004753,0.004955,0.006518,0.005624
Lake Tahoe,United States,clear,S2,-119.963359,39.087495,0.020359,0.010925,0.004907,0.006524,0.005147,0.004779
Lake Tahoe,United States,clear,S2,-119.976833,39.033596,0.020497,0.009453,0.004050,0.004614,0.004784,0.004826
Lake Tahoe,United States,clear,S2,-120.003783,38.993172,0.021618,0.011108,0.005359,0.006741,0.006931,0.005375
Lake Tahoe,United States,clear,S2,-120.006478,39.038986,0.020736,0.009192,0.003110,0.003303,0.002933,0.003073
Lake Tahoe,United States,clear,S2,-119.949884,39.227632,0.017615,0.008165,0.002384,0.002512,0.001761,0.001592
Lake Tahoe,United States,clear,S2,-119.968749,39.168343,0.017349,0.007013,0.001052,0.001425,0.001161,0.001245
Lake Tahoe,United States,clear,S2,-120.011868,38.993172,0.021410,0.009590,0.005473,0.005568,0.005516,0.005920
Lake Tahoe,United States,clear,S2,-119.984918,39.052460,0.019934,0.008888,0.003012,0.003392,0.003405,0.003485
Lake Tahoe,United States,clear,S2,-120.038817,38.950052,0.022333,0.012265,0.006812,0.007706,0.007055,0.006266
Lake Tahoe,United States,clear,S2,-119.960664,38.968917,0.024354,0.016285,0.011596,0.012238,0.011928,0.011079
Lake Tahoe,United States,clear,S2,-120.011868,39.047070,0.020464,0.008819,0.003118,0.003571,0.003207,0.003315
Lake Tahoe,United States,clear,S2,-120.127750,39.133309,0.017976,0.008055,0.001854,0.002378,0.001694,0.001951
Lake Tahoe,United States,clear,S2,-120.033427,38.947357,0.020438,0.010657,0.006270,0.006987,0.006647,0.006361
Lake Tahoe,United States,clear,S2,-119.963359,39.165648,0.017080,0.006753,0.000687,0.001430,0.000957,0.001331
Lake Tahoe,United States,clear,S2,-120.108886,39.157563,0.025668,0.013676,0.001419,0.002072,0.001426,0.001597
Lake Tahoe,United States,clear,S2,-120.073851,39.068630,0.018594,0.008761,0.002885,0.002870,0.002747,0.002763
Lake Tahoe,United States,clear,S2,-120.114276,39.098274,0.018501,0.008652,0.002488,0.002351,0.001700,0.002131
Lake Tahoe,United States,clear,S2,-120.011868,39.122529,0.018540,0.007228,0.000323,0.000326,0.000353,0.000574
Lake Tahoe,United States,clear,S2,-120.009173,39.100969,0.020291,0.008722,0.002530,0.002590,0.001717,0.002871
Lake Tahoe,United States,clear,S2,-120.095411,39.074020,0.019662,0.008812,0.002776,0.002681,0.002229,0.002382
Lake Tahoe,United States,clear,S2,-119.984918,39.003951,0.020436,0.010590,0.004876,0.005646,0.004923,0.004729
Lake Tahoe,United States,clear,S2,-120.106191,39.146783,0.018567,0.007312,0.001208,0.001593,0.001464,0.001714
Lake Tahoe,United States,clear,S2,-120.011868,39.038986,0.021325,0.009315,0.000701,0.003312,0.002842,0.003156
Lake Tahoe,United States,clear,S2,-119.949884,39.184513,0.016728,0.007318,0.001200,0.001394,0.001352,0.001333
Lake Tahoe,United States,clear,S2,-120.017258,39.162953,0.017899,0.007351,0.001448,0.001388,0.000711,0.001178
Lake Tahoe,United States,clear,S2,-119.955274,39.176428,0.016718,0.006732,0.000220,0.001328,0.000631,0.001358
Lake Tahoe,United States,clear,S2,-120.022647,39.219547,0.020458,0.008726,0.002361,0.002433,0.001456,0.002302
Lake Tahoe,United States,clear,S2,-120.052292,39.009341,0.021196,0.009648,0.001483,0.005389,0.004308,0.001458
Lake Tahoe,United States,clear,S2,-120.030732,39.036291,0.021429,0.009332,0.002516,0.005917,0.001705,0.001115
Lake Tahoe,United States,clear,S2,-120.046902,39.025511,0.019962,0.008821,0.002897,0.002868,0.002234,0.002338
Lake Tahoe,United States,clear,S2,-119.976833,38.960832,0.023165,0.015149,0.010840,0.012115,0.010895,0.009569
Lake Tahoe,United States,clear,S2,-120.152005,39.095579,0.016910,0.007143,0.001178,0.001283,0.001309,0.002191
Lake Tahoe,United States,clear,S2,-120.030732,39.065935,0.020586,0.008809,0.002874,0.003417,0.000780,0.001002
Lake Tahoe,United States,clear,S2,-119.966054,39.025511,0.020286,0.010613,0.005567,0.006157,0.006551,0.005060
Lake Tahoe,United States,clear,S2,-120.079241,39.138699,0.016927,0.007186,0.001053,0.001411,0.001415,0.001264
Lake Tahoe,United States,clear,S2,-120.052292,39.216852,0.018532,0.008778,0.002799,0.003444,0.002498,0.002514
Lake Tahoe,United States,clear,S2,-120.006478,39.127919,0.017767,0.006788,0.001286,0.001403,0.001307,0.001330
Lake Tahoe,United States,clear,S2,-120.127750,39.160258,0.027584,0.016061,0.002933,0.004618,0.002948,0.002929
Lake Tahoe,United States,clear,S2,-120.009173,38.987782,0.021206,0.010904,0.006417,0.006861,0.006479,0.004951
Lake Tahoe,United States,clear,S2,-120.103496,39.025511,0.018566,0.008696,0.002838,0.002974,0.002802,0.002726
Lake Tahoe,United States,clear,S2,-119.982223,39.017426,0.020455,0.010618,0.005039,0.005606,0.004800,0.004803
Lake Tahoe,United States,clear,S2,-119.979528,38.977002,0.022740,0.014671,0.009066,0.010156,0.009344,0.008522
Lake Tahoe,United States,clear,S2,-120.081936,39.068630,0.018479,0.008724,0.002850,0.002797,0.002724,0.002840
Lake Tahoe,United States,clear,S2,-120.019953,39.001256,0.021335,0.010611,0.004907,0.006662,0.005882,0.004961
Lake Tahoe,United States,clear,S2,-119.963359,39.125224,0.016599,0.006718,0.000223,0.000232,0.000803,0.002318
Lake Tahoe,United States,clear,S2,-120.071156,39.211462,0.018516,0.008716,0.002693,0.003437,0.002468,0.002196
Lake Tahoe,United States,clear,S2,-120.025342,38.944663,0.019295,0.009094,0.004835,0.005503,0.006605,0.006800
Lake Tahoe,United States,clear,S2,-119.936409,39.189903,0.016684,0.005453,0.000026,0.000010,0.000686,0.001159
Lake Tahoe,United States,clear,S2,-120.063072,39.033596,0.019916,0.009488,0.003086,0.003354,0.003013,0.003245
Lake Tahoe,United States,clear,S2,-120.009173,39.057850,0.020409,0.009211,0.003084,0.003175,0.002803,0.002872
Lake Tahoe,United States,clear,S2,-119.968749,39.162953,0.017070,0.006864,0.000939,0.001303,0.000370,0.000637
Lake Tahoe,United States,clear,S2,-119.947189,39.171038,0.016605,0.006526,0.000749,0.001444,0.001515,0.001681
Lake Tahoe,United States,clear,S2,-119.990308,39.038986,0.020029,0.009369,0.001334,0.002704,0.003568,0.002560
Lake Tahoe,United States,clear,S2,-120.044207,39.041681,0.019786,0.008733,0.002766,0.002822,0.002567,0.002845
Lake Tahoe,United States,clear,S2,-119.993003,39.138699,0.018524,0.006831,0.001408,0.001439,0.001340,0.001315
Lake Tahoe,United States,clear,S2,-120.116971,39.130614,0.018236,0.008457,0.001159,0.002488,0.001152,0.001714
Lake Tahoe,United States,clear,S2,-120.028037,39.044376,0.020025,0.008766,0.002877,0.002756,0.002880,0.002872
Lake Tahoe,United States,clear,S2,-120.054987,39.049765,0.019045,0.008821,0.002420,0.002740,0.002826,0.003099
Lake Tahoe,United States,clear,S2,-120.038817,39.014731,0.020406,0.010121,0.004139,0.004816,0.004082,0.003857
Lake Tahoe,United States,clear,S2,-120.084631,39.098274,0.018539,0.008562,0.002249,0.001828,0.001374,0.001357
Lake Tahoe,United States,clear,S2,-120.122360,39.114444,0.018165,0.008006,0.001668,0.002362,0.001609,0.001850
Lake Tahoe,United States,clear,S2,-120.001088,39.092885,0.019404,0.008299,0.002705,0.002741,0.002714,0.002963
Lake Tahoe,United States,clear,S2,-120.065767,39.149478,0.017559,0.006956,0.000539,0.001382,0.001194,0.001331
Lake Tahoe,United States,clear,S2,-120.065767,39.025511,0.019036,0.009000,0.002697,0.002996,0.003092,0.003179
Lake Tahoe,United States,clear,S2,-120.006478,39.098274,0.019517,0.008650,0.002522,0.002382,0.002271,0.002446
Lake Tahoe,United States,clear,S2,-119.995698,39.033596,0.020985,0.009658,0.004880,0.005593,0.005450,0.005335
Lake Tahoe,United States,clear,S2,-119.987613,39.044376,0.020063,0.009233,0.000666,0.001570,0.001552,0.001389
Lake Tahoe,United States,clear,S2,-120.060377,39.168343,0.016956,0.007090,0.001063,0.001462,0.001159,0.001555
Lake Tahoe,United States,clear,S2,-120.081936,39.060545,0.018571,0.008714,0.002917,0.003236,0.002932,0.002848
Lake Tahoe,United States,clear,S2,-119.995698,39.122529,0.017685,0.006770,0.001430,0.001453,0.001396,0.001340
Lake Tahoe,United States,clear,S2,-119.990308,39.122529,0.018388,0.006737,0.000280,0.000451,0.000370,0.000660
Lake Tahoe,United States,clear,S2,-120.081936,39.065935,0.019799,0.008843,0.002878,0.003049,0.002649,0.002712
Lake Tahoe,United States,clear,S2,-120.103496,39.092885,0.018526,0.008564,0.002893,0.002897,0.000501,0.002284
Lake Tahoe,United States,clear,S2,-120.044207,39.106359,0.018303,0.008517,0.000925,0.000451,0.000961,0.001194
Lake Tahoe,United States,clear,S2,-119.995698,39.162953,0.018188,0.006781,0.001437,0.001019,0.000627,0.001170
Lake Tahoe,United States,clear,S2,-120.130445,39.154868,0.020469,0.008837,0.002850,0.002889,0.002927,0.002821
Lake Tahoe,United States,clear,S2,-119.979528,38.974307,0.024788,0.016935,0.010764,0.011753,0.009880,0.008758
Lake Tahoe,United States,clear,S2,-120.049597,39.203377,0.018082,0.008502,0.002416,0.002430,0.002129,0.001999
Lake Tahoe,United States,clear,S2,-120.049597,39.184513,0.016987,0.007327,0.001434,0.001423,0.001187,0.001584
Lake Tahoe,United States,clear,S2,-120.125055,39.082105,0.018405,0.008160,0.001668,0.002787,0.002755,0.002828
Lake Tahoe,United States,clear,S2,-120.044207,38.968917,0.022383,0.011713,0.006042,0.007301,0.006732,0.005194
Lake Tahoe,United States,clear,S2,-120.044207,39.168343,0.016527,0.006820,0.001456,0.001424,0.000839,0.001190
Lake Tahoe,United States,clear,S2,-119.987613,38.985087,0.022346,0.013028,0.007007,0.008279,0.007974,0.006508
Lake Tahoe,United States,clear,S2,-120.057682,39.197987,0.018194,0.008740,0.002385,0.002368,0.001647,0.002080
Lake Tahoe,United States,clear,S2,-120.009173,39.111749,0.018523,0.008636,0.002430,0.002694,0.001112,0.002867
Lake Tahoe,United States,clear,S2,-120.014563,39.033596,0.021240,0.009337,0.000801,0.005238,0.002439,0.001524
Lake Tahoe,United States,clear,S2,-119.944494,39.176428,0.016304,0.006822,0.000819,0.001421,0.001388,0.001375
Lake Tahoe,United States,clear,S2,-120.100801,39.138699,0.018210,0.008007,0.001542,0.001482,0.001417,0.001651
Lake Tahoe,United States,clear,S2,-119.976833,39.065935,0.018492,0.009320,0.001029,0.001266,0.002676,0.002025
Lake Tahoe,United States,clear,S2,-120.041512,39.162953,0.016555,0.006943,0.001444,0.001411,0.001081,0.001265
Lake Tahoe,United States,clear,S2,-120.001088,39.033596,0.020950,0.009306,0.000646,0.001525,0.000931,0.001243
Lake Tahoe,United States,clear,S2,-120.003783,38.955442,0.020770,0.012581,0.007743,0.009372,0.009254,0.008329
Lake Tahoe,United States,clear,S2,-119.984918,39.111749,0.018387,0.008254,0.001758,0.002454,0.001310,0.002366
Lake Tahoe,United States,clear,S2,-120.135835,39.138699,0.018049,0.008250,0.001916,0.002456,0.001830,0.002004
Lake Tahoe,United States,clear,S2,-120.116971,39.162953,0.028235,0.016525,0.002262,0.002560,0.002258,0.002213
Lake Tahoe,United States,clear,S2,-120.052292,39.117139,0.017172,0.007303,0.001436,0.001421,0.001329,0.001337
Lake Tahoe,United States,clear,S2,-120.009173,39.176428,0.016568,0.006798,0.000154,0.000855,0.000187,0.001370
Lake Tahoe,United States,clear,S2,-119.979528,38.993172,0.022042,0.013029,0.007230,0.008874,0.008497,0.007045
Lake Tahoe,United States,clear,S2,-120.041512,39.106359,0.018588,0.008293,0.001982,0.001605,0.001514,0.001615
Lake Tahoe,United States,clear,S2,-119.966054,39.098274,0.019054,0.010049,0.003422,0.004601,0.004819,0.004735
Lake Tahoe,United States,clear,S2,-119.947189,39.222242,0.017566,0.007984,0.002106,0.002346,0.001616,0.001822
Lake Tahoe,United States,clear,S2,-120.073851,39.033596,0.018783,0.008904,0.002626,0.002955,0.002946,0.003101
Lake Tahoe,United States,clear,S2,-119.974138,39.144089,0.016648,0.007135,0.001409,0.001390,0.001355,0.001362
Lake Tahoe,United States,clear,S2,-120.146615,39.111749,0.018225,0.008248,0.002246,0.003427,0.002475,0.002335
Lake Tahoe,United States,clear,S2,-120.038817,39.065935,0.020472,0.009174,0.002875,0.002940,0.002849,0.002988
Lake Tahoe,United States,clear,S2,-119.963359,39.149478,0.016424,0.006505,0.000571,0.001395,0.000788,0.001184
Lake Tahoe,United States,clear,LS,-120.041512,39.006646,0.014562,0.006544,-0.000522,-0.000793,0.001053,0.001784
Lake Tahoe,United States,clear,LS,-120.079241,39.028206,0.015865,0.007531,0.000085,-0.000761,0.000636,0.001129
Lake Tahoe,United States,clear,LS,-119.987613,38.974307,0.012152,0.006510,-0.000360,0.000416,0.004601,0.006264
Lake Tahoe,United States,clear,LS,-119.990308,39.168343,0.017416,0.007290,0.000133,-0.000946,0.000427,0.000666
Lake Tahoe,United States,clear,LS,-120.060377,39.119834,0.016859,0.007227,0.000015,-0.000859,0.000656,0.001004
Lake Tahoe,United States,clear,LS,-120.049597,39.100969,0.016713,0.007449,0.000197,-0.000960,0.000543,0.000928
Lake Tahoe,United States,clear,LS,-120.063072,39.197987,0.015790,0.007313,-0.000270,-0.000494,0.000633,0.001313
Lake Tahoe,United States,clear,LS,-119.966054,39.095579,0.014580,0.006822,-0.000223,-0.000388,0.001271,0.002334
Lake Tahoe,United States,clear,LS,-119.993003,39.127919,0.016827,0.007467,0.000217,-0.000786,0.000591,0.000906
Lake Tahoe,United States,clear,LS,-119.966054,39.171038,0.016324,0.006785,-0.000210,-0.000855,0.000474,0.000723
Lake Tahoe,United States,clear,LS,-119.955274,39.149478,0.015979,0.006937,-0.000188,-0.000650,0.000672,0.000954
Lake Tahoe,United States,clear,LS,-120.060377,39.189903,0.015959,0.007491,0.000127,-0.000501,0.000860,0.001241
Lake Tahoe,United States,clear,LS,-120.011868,39.017426,0.014917,0.006790,-0.000091,-0.000551,0.001608,0.002272
Lake Tahoe,United States,clear,LS,-120.046902,39.047070,0.016046,0.006819,0.000085,-0.000755,0.000713,0.001331
Lake Tahoe,United States,clear,LS,-119.974138,39.173733,0.016481,0.007255,0.000119,-0.000690,0.000466,0.000827
Lake Tahoe,United States,clear,LS,-120.036122,39.119834,0.017580,0.007687,0.000153,-0.000876,0.000574,0.000927
Lake Tahoe,United States,clear,LS,-119.993003,39.122529,0.016565,0.007328,0.000064,-0.000901,0.000642,0.000936
Lake Tahoe,United States,clear,LS,-120.054987,39.157563,0.016228,0.007033,-0.000314,-0.000877,0.000796,0.001141
Lake Tahoe,United States,clear,LS,-120.009173,39.144089,0.017720,0.007553,0.000298,-0.000826,0.000490,0.000851
Lake Tahoe,United States,clear,LS,-119.990308,38.963527,0.011774,0.006125,-0.000503,0.000146,0.004565,0.005917
Lake Tahoe,United States,clear,LS,-119.966054,39.055155,0.014415,0.006921,-0.000233,-0.000421,0.001475,0.002375
Lake Tahoe,United States,clear,LS,-120.111581,39.149478,0.019313,0.009221,-0.000086,-0.000553,0.000973,0.001485
Lake Tahoe,United States,clear,LS,-120.006478,39.014731,0.015122,0.006802,-0.000083,-0.000445,0.001787,0.002166
Lake Tahoe,United States,clear,LS,-120.003783,39.141394,0.017360,0.007410,0.000180,-0.000819,0.000471,0.000855
Lake Tahoe,United States,clear,LS,-120.038817,39.063240,0.015698,0.006972,-0.000109,-0.000890,0.000658,0.001199
Lake Tahoe,United States,clear,LS,-119.995698,39.025511,0.015189,0.007121,0.000079,-0.000635,0.001243,0.001739
Lake Tahoe,United States,clear,LS,-120.041512,39.154868,0.017367,0.007304,0.000145,-0.000920,0.000494,0.000864
Lake Tahoe,United States,clear,LS,-120.030732,39.197987,0.016977,0.007653,0.000277,-0.000533,0.000651,0.000964
Lake Tahoe,United States,clear,LS,-119.974138,39.133309,0.016427,0.007196,0.000047,-0.000823,0.000612,0.001019
Lake Tahoe,United States,clear,LS,-120.122360,39.160258,0.021140,0.012377,-0.000335,-0.000408,0.001306,0.001740
Lake Tahoe,United States,clear,LS,-119.966054,39.114444,0.015454,0.006770,-0.000222,-0.000706,0.000874,0.001254
Lake Tahoe,United States,clear,LS,-120.054987,39.206072,0.015611,0.007322,-0.000138,-0.000518,0.000714,0.001111
Lake Tahoe,United States,clear,LS,-120.022647,39.022816,0.015365,0.006783,-0.000292,-0.000788,0.001246,0.001988
Lake Tahoe,United States,clear,LS,-119.944494,39.214157,0.015280,0.006849,-0.000257,-0.000701,0.000564,0.000799
Lake Tahoe,United States,clear,LS,-120.025342,39.065935,0.015735,0.007168,-0.000160,-0.000871,0.000740,0.001023
Lake Tahoe,United States,clear,LS,-120.068462,39.006646,0.014841,0.007064,-0.000502,-0.000363,0.001538,0.002540
Lake Tahoe,United States,clear,LS,-120.068462,39.136004,0.017271,0.007532,-0.000066,-0.000775,0.000776,0.001207
Lake Tahoe,United States,clear,LS,-120.017258,39.138699,0.017486,0.007507,0.000092,-0.000860,0.000532,0.000883
Lake Tahoe,United States,clear,LS,-120.022647,39.020121,0.015246,0.006821,-0.000179,-0.000530,0.001363,0.002052
Lake Tahoe,United States,clear,LS,-119.993003,38.971612,0.012141,0.006533,-0.000250,0.000335,0.005152,0.005997
Lake Tahoe,United States,clear,LS,-120.036122,38.985087,0.013722,0.006880,-0.000165,-0.000483,0.003684,0.004912
Lake Tahoe,United States,clear,LS,-119.971443,39.100969,0.015154,0.006895,-0.000168,-0.000566,0.000977,0.001532
Lake Tahoe,United States,clear,LS,-120.009173,39.149478,0.017976,0.007725,0.000465,-0.000802,0.000438,0.000757
Lake Tahoe,United States,clear,LS,-120.028037,39.109054,0.016974,0.007575,0.000250,-0.000889,0.000844,0.001214
Lake Tahoe,United States,clear,LS,-120.046902,39.200682,0.016046,0.007339,-0.000219,-0.000688,0.000807,0.001224
Lake Tahoe,United States,clear,LS,-119.968749,39.136004,0.015963,0.007174,-0.000005,-0.000658,0.000550,0.000925
Lake Tahoe,United States,clear,LS,-120.135835,39.122529,0.015526,0.007518,-0.000011,-0.000457,0.000557,0.000977
Lake Tahoe,United States,clear,LS,-120.063072,39.165648,0.016829,0.007409,-0.000025,-0.000760,0.000685,0.001147
Lake Tahoe,United States,clear,LS,-119.987613,39.203377,0.017006,0.007287,0.000068,-0.000782,0.000417,0.000784
Lake Tahoe,United States,clear,LS,-120.133140,39.130614,0.015744,0.007471,-0.000153,-0.000240,0.000828,0.001076
Lake Tahoe,United States,clear,LS,-120.065767,39.114444,0.016562,0.007220,-0.000250,-0.000953,0.000769,0.000968
Lake Tahoe,United States,clear,LS,-120.092716,39.133309,0.016621,0.007383,-0.000021,-0.000716,0.000825,0.001132
Lake Tahoe,United States,clear,LS,-119.990308,39.173733,0.017541,0.007696,0.000274,-0.000760,0.000457,0.000731
Lake Tahoe,United States,clear,LS,-120.019953,39.087495,0.016448,0.007373,0.000266,-0.000831,0.000637,0.000882
Lake Tahoe,United States,clear,LS,-120.022647,38.974307,0.012692,0.007003,-0.000376,-0.000476,0.003336,0.004706
Lake Tahoe,United States,clear,LS,-119.955274,39.055155,0.015501,0.007910,-0.000033,-0.000253,0.001471,0.002120
Lake Tahoe,United States,clear,LS,-119.990308,39.138699,0.017192,0.007555,0.000232,-0.000645,0.000484,0.000871
Lake Tahoe,United States,clear,LS,-119.971443,39.052460,0.014605,0.006935,-0.000074,-0.000458,0.001242,0.001924
Lake Tahoe,United States,clear,LS,-120.052292,39.025511,0.016090,0.007382,0.000191,-0.000371,0.001364,0.001876
Lake Tahoe,United States,clear,LS,-120.009173,39.071325,0.015580,0.007200,-0.000135,-0.000786,0.000768,0.001090
Lake Tahoe,United States,clear,LS,-119.974138,39.138699,0.016698,0.007183,0.000082,-0.000570,0.000607,0.001092
Lake Tahoe,United States,clear,LS,-119.960664,39.057850,0.014156,0.007064,-0.000241,-0.000302,0.001213,0.001951
Lake Tahoe,United States,clear,LS,-120.052292,39.074020,0.016267,0.007278,0.000063,-0.000828,0.000665,0.001019
Lake Tahoe,United States,clear,LS,-120.057682,38.995866,0.014857,0.006919,-0.000375,-0.000529,0.002193,0.002894
Lake Tahoe,United States,clear,LS,-120.017258,39.036291,0.015534,0.006943,0.000012,-0.000699,0.001029,0.001823
Lake Tahoe,United States,clear,LS,-120.033427,38.958137,0.010597,0.006967,-0.000166,-0.000052,0.004550,0.005495
Lake Tahoe,United States,clear,LS,-119.995698,39.068630,0.015467,0.007101,0.000152,-0.000650,0.000778,0.001168
Lake Tahoe,United States,clear,LS,-119.974138,38.958137,0.011576,0.007508,-0.000145,0.000211,0.007613,0.007246
Lake Tahoe,United States,clear,LS,-120.060377,39.044376,0.015511,0.007107,-0.000118,-0.000799,0.000871,0.001295
Lake Tahoe,United States,clear,LS,-120.087326,39.162953,0.017060,0.007697,0.000046,-0.000471,0.000811,0.001220
Lake Tahoe,United States,clear,LS,-120.046902,39.203377,0.015790,0.007201,-0.000128,-0.000655,0.000752,0.001334
Lake Tahoe,United States,clear,LS,-119.993003,39.057850,0.015777,0.007230,0.000043,-0.000549,0.000779,0.001294
Lake Tahoe,United States,clear,LS,-120.028037,39.028206,0.015657,0.007257,-0.000077,-0.000674,0.001440,0.002359
Lake Tahoe,United States,clear,LS,-120.057682,39.149478,0.016889,0.007242,-0.000100,-0.000901,0.000632,0.000978
Lake Tahoe,United States,clear,LS,-120.076546,39.125224,0.017233,0.007527,0.000076,-0.000825,0.000582,0.000918
Lake Tahoe,United States,clear,LS,-120.084631,39.084800,0.016680,0.007612,0.000022,-0.000746,0.000617,0.001051
Lake Tahoe,United States,clear,LS,-120.073851,39.017426,0.014992,0.007513,0.000271,-0.000508,0.001439,0.002159
Lake Tahoe,United States,clear,LS,-119.966054,39.090190,0.014166,0.006890,-0.000198,-0.000615,0.001235,0.001684
Lake Tahoe,United States,clear,LS,-119.982223,39.055155,0.014761,0.006735,-0.000136,-0.000724,0.001127,0.001662
Lake Tahoe,United States,clear,LS,-120.036122,39.176428,0.017146,0.007372,0.000212,-0.000700,0.000491,0.000904
Lake Tahoe,United States,clear,LS,-120.087326,39.095579,0.016523,0.007446,-0.000052,-0.000817,0.000677,0.001145
Lake Tahoe,United States,clear,LS,-120.095411,39.017426,0.015520,0.007547,0.000075,-0.000486,0.000871,0.001358
Lake Tahoe,United States,clear,LS,-119.971443,38.963527,0.011383,0.006896,-0.000324,0.000369,0.006525,0.006490
Lake Tahoe,United States,clear,LS,-120.046902,39.111749,0.017013,0.007323,-0.000079,-0.000937,0.000652,0.001012
Lake Tahoe,United States,clear,LS,-120.049597,39.133309,0.017579,0.007583,0.000233,-0.000883,0.000595,0.000895
Lake Tahoe,United States,clear,LS,-120.001088,39.173733,0.017366,0.007014,0.000010,-0.000980,0.000429,0.000706
Lake Tahoe,United States,clear,LS,-120.041512,39.047070,0.015528,0.007175,0.000079,-0.000740,0.000754,0.001502
Lake Tahoe,United States,clear,LS,-120.106191,39.111749,0.016268,0.007675,-0.000164,-0.000591,0.000782,0.001245
Lake Tahoe,United States,clear,LS,-120.063072,39.012036,0.014536,0.006730,-0.000344,-0.000757,0.000974,0.001917
Lake Tahoe,United States,clear,LS,-119.968749,39.060545,0.014601,0.007124,0.000075,-0.000338,0.001226,0.001966
Lake Tahoe,United States,clear,LS,-120.014563,39.144089,0.018098,0.007593,0.000338,-0.000862,0.000473,0.000755
Lake Tahoe,United States,clear,LS,-119.982223,39.127919,0.016331,0.007164,0.000016,-0.000806,0.000603,0.000948
Lake Tahoe,United States,clear,LS,-120.087326,39.179123,0.016093,0.007645,-0.000392,-0.000570,0.000683,0.001000
Lake Tahoe,United States,clear,LS,-120.019953,39.079410,0.015913,0.007376,0.000036,-0.000792,0.000653,0.001126
Lake Tahoe,United States,clear,LS,-120.033427,39.214157,0.016399,0.007313,-0.000152,-0.000600,0.000756,0.000917
Lake Tahoe,United States,clear,LS,-120.143920,39.109054,0.015860,0.007590,-0.000250,-0.000259,0.000584,0.000998
Lake Tahoe,United States,clear,LS,-120.025342,39.211462,0.017284,0.007503,-0.000315,-0.000728,0.000556,0.000877
Lake Tahoe,United States,clear,LS,-120.036122,39.181818,0.017376,0.007496,0.000234,-0.000685,0.000626,0.001011
Lake Tahoe,United States,clear,LS,-120.025342,38.960832,0.011180,0.006887,-0.000222,-0.000237,0.004109,0.004852
Lake Tahoe,United States,clear,LS,-119.984918,38.960832,0.012439,0.006840,-0.000097,0.000710,0.005202,0.006081
Lake Tahoe,United States,clear,LS,-120.146615,39.122529,0.015450,0.007368,-0.000612,-0.000108,0.000813,0.001180
Lake Tahoe,United States,clear,LS,-119.955274,39.049765,0.015178,0.008067,-0.000202,-0.000233,0.001490,0.002284
Lake Tahoe,United States,clear,LS,-119.974138,39.052460,0.014872,0.006963,-0.000156,-0.000540,0.001339,0.002102
Lake Tahoe,United States,clear,LS,-120.138530,39.141394,0.016148,0.007681,-0.000518,-0.000195,0.000639,0.001103
Lake Tahoe,United States,clear,LS,-120.041512,39.219547,0.015436,0.007056,-0.000485,-0.000690,0.000815,0.001088
Lake Tahoe,United States,clear,LS,-119.993003,39.055155,0.015160,0.006902,-0.000238,-0.000599,0.000785,0.001232
Lake Tahoe,United States,clear,LS,-120.065767,38.974307,0.012651,0.006893,-0.000530,-0.000287,0.003111,0.004198
Lake Tahoe,United States,clear,LS,-119.974138,39.160258,0.017189,0.007041,0.000035,-0.000812,0.000550,0.000849
Lake Tahoe,United States,clear,LS,-119.966054,39.136004,0.015799,0.006851,-0.000278,-0.000776,0.000604,0.001006
Lake Tahoe,United States,clear,LS,-120.068462,39.098274,0.016543,0.007458,0.000108,-0.000898,0.000665,0.001014
Lake Tahoe,United States,clear,LS,-119.984918,39.233022,0.014744,0.006748,-0.000547,-0.000567,0.000833,0.001041
Lake Tahoe,United States,clear,LS,-120.063072,39.082105,0.016565,0.007340,0.000040,-0.000994,0.000729,0.001224
Lake Tahoe,United States,clear,LS,-120.001088,39.047070,0.015587,0.006888,-0.000132,-0.000695,0.001277,0.001758
Lake Tahoe,United States,clear,LS,-120.036122,38.952747,0.011069,0.006503,-0.000740,-0.000088,0.004021,0.005021
Lake Tahoe,United States,clear,LS,-120.071156,39.162953,0.016342,0.007277,-0.000251,-0.000831,0.000998,0.001294
Lake Tahoe,United States,clear,LS,-120.049597,39.117139,0.017034,0.007601,0.000167,-0.000879,0.000546,0.000997
Lake Tahoe,United States,clear,LS,-120.065767,39.152173,0.016636,0.007147,-0.000075,-0.000802,0.000645,0.001068
Lake Tahoe,United States,clear,LS,-120.030732,38.950052,0.011236,0.006544,-0.000363,0.000098,0.003507,0.005416
Lake Tahoe,United States,clear,LS,-119.974138,39.028206,0.014467,0.006728,-0.000034,-0.000259,0.003084,0.003706
Lake Tahoe,United States,clear,LS,-120.044207,39.208767,0.016126,0.007472,-0.000224,-0.000476,0.000855,0.001484
Lake Tahoe,United States,clear,LS,-120.108886,39.114444,0.016624,0.007559,-0.000058,-0.000488,0.000693,0.001115
Lake Tahoe,United States,clear,LS,-120.068462,39.144089,0.017597,0.007634,0.000168,-0.000716,0.000680,0.001027
Lake Tahoe,United States,clear,LS,-120.049597,39.138699,0.017314,0.007505,0.000053,-0.000845,0.000592,0.000952
Lake Tahoe,United States,clear,LS,-120.095411,39.152173,0.017060,0.007930,0.000122,-0.000422,0.001007,0.001192
Lake Tahoe,United States,clear,LS,-120.079241,38.974307,0.013087,0.006960,-0.000572,-0.000040,0.002578,0.003399
Lake Tahoe,United States,clear,LS,-119.984918,39.090190,0.015541,0.007341,0.000255,-0.000692,0.000718,0.001159
Lake Tahoe,United States,clear,LS,-120.054987,39.222242,0.015703,0.007522,-0.000228,-0.000199,0.000946,0.001217
Lake Tahoe,United States,clear,LS,-120.019953,39.117139,0.016706,0.007546,0.000148,-0.000923,0.000650,0.001011
Lake Tahoe,United States,clear,LS,-120.009173,39.030901,0.014828,0.006746,-0.000147,-0.000743,0.001535,0.001954
Lake Tahoe,United States,clear,LS,-120.108886,39.020121,0.014985,0.007517,0.000136,-0.000053,0.000904,0.001699
Lake Tahoe,United States,clear,LS,-120.076546,38.977002,0.013412,0.007314,-0.000238,-0.000333,0.001477,0.002339
Lake Tahoe,United States,clear,LS,-120.009173,39.047070,0.015884,0.007019,-0.000034,-0.000664,0.001138,0.001577
Lake Tahoe,United States,clear,LS,-120.049597,39.092885,0.016692,0.007199,0.000061,-0.000891,0.000638,0.000991
Lake Tahoe,United States,clear,LS,-120.141225,39.109054,0.015325,0.007400,-0.000641,-0.000520,0.000769,0.000980
Lake Tahoe,United States,clear,LS,-120.087326,39.160258,0.016912,0.007638,-0.000097,-0.000571,0.000907,0.001217
Lake Tahoe,United States,clear,LS,-120.011868,38.958137,0.011595,0.006576,-0.000264,-0.000054,0.004646,0.005725
Lake Tahoe,United States,clear,LS,-120.052292,39.090190,0.016414,0.007287,0.000106,-0.000891,0.000589,0.000984
Lake Tahoe,United States,clear,LS,-120.076546,39.197987,0.015457,0.007184,-0.000131,-0.000343,0.000905,0.001373
Lake Tahoe,United States,clear,LS,-119.993003,39.098274,0.016095,0.007248,0.000095,-0.000790,0.000585,0.001063
Lake Tahoe,United States,clear,LS,-120.073851,39.197987,0.015869,0.007649,0.000187,-0.000234,0.001215,0.001331
Lake Tahoe,United States,clear,LS,-119.957969,39.136004,0.015503,0.006669,-0.000123,-0.000675,0.000759,0.001126
Lake Tahoe,United States,clear,LS,-120.063072,39.184513,0.016283,0.007302,-0.000101,-0.000577,0.000814,0.001275
Lake Tahoe,United States,clear,LS,-119.998393,38.987782,0.011589,0.006516,-0.000454,-0.000243,0.004140,0.004760
Lake Tahoe,United States,clear,LS,-120.006478,39.122529,0.017292,0.007498,0.000235,-0.000852,0.000594,0.000985
Lake Tahoe,United States,clear,LS,-120.036122,39.111749,0.017035,0.007464,0.000198,-0.000972,0.000654,0.000997
Lake Tahoe,United States,clear,LS,-120.041512,39.020121,0.015474,0.006835,-0.000181,-0.000565,0.001106,0.002275
Lake Tahoe,United States,clear,LS,-119.995698,38.990477,0.012981,0.006899,-0.000213,-0.000180,0.003282,0.004600
Lake Tahoe,United States,clear,LS,-120.014563,39.206072,0.016984,0.007325,-0.000027,-0.000798,0.000462,0.000679
Lake Tahoe,United States,clear,LS,-120.114276,39.079410,0.016274,0.007982,0.000141,-0.000349,0.000963,0.001328
Lake Tahoe,United States,clear,LS,-119.974138,39.076715,0.015233,0.007068,-0.000127,-0.000598,0.000772,0.001322
Lake Tahoe,United States,clear,LS,-120.011868,39.214157,0.017845,0.008314,-0.000026,-0.000607,0.000728,0.001004
Lake Tahoe,United States,clear,LS,-119.955274,39.074020,0.013961,0.006597,-0.000265,-0.000361,0.001283,0.001933
Lake Tahoe,United States,clear,LS,-120.079241,39.103664,0.016527,0.007385,-0.000033,-0.000904,0.000674,0.001054
Lake Tahoe,United States,clear,LS,-119.993003,39.235717,0.014762,0.007175,-0.000361,-0.000257,0.001292,0.001588
Lake Tahoe,United States,clear,LS,-120.087326,39.136004,0.017259,0.007438,-0.000064,-0.000810,0.000736,0.001098
Lake Tahoe,United States,clear,LS,-119.976833,39.060545,0.014552,0.006796,-0.000422,-0.000649,0.001048,0.001725
Lake Tahoe,United States,clear,LS,-120.098106,39.100969,0.016488,0.007617,-0.000052,-0.000732,0.000746,0.001248
Lake Tahoe,United States,clear,LS,-120.011868,39.117139,0.017007,0.007398,0.000294,-0.000901,0.000644,0.001069
Lake Tahoe,United States,clear,LS,-119.987613,39.206072,0.016675,0.007140,-0.000214,-0.000892,0.000410,0.000736
Lake Tahoe,United States,clear,LS,-120.092716,39.079410,0.015957,0.007156,-0.000090,-0.000794,0.001104,0.001478
Lake Tahoe,United States,clear,LS,-119.984918,39.119834,0.017018,0.007449,0.000216,-0.000668,0.000618,0.001072
Lake Tahoe,United States,clear,LS,-120.001088,38.998561,0.013554,0.006813,-0.000354,-0.000437,0.002576,0.003604
Lake Tahoe,United States,clear,LS,-120.138530,39.090190,0.015760,0.007512,-0.000129,-0.000225,0.000696,0.001066
Lake Tahoe,United States,clear,LS,-120.057682,39.203377,0.016560,0.007690,0.000172,-0.000358,0.000817,0.001223
Lake Tahoe,United States,clear,LS,-120.014563,39.090190,0.015953,0.007275,0.000003,-0.001132,0.000518,0.000932
Lake Tahoe,United States,clear,LS,-119.971443,39.184513,0.016678,0.007224,0.000105,-0.000711,0.000411,0.000672
Lake Tahoe,United States,clear,LS,-120.022647,39.181818,0.017149,0.007418,0.000026,-0.000938,0.000470,0.000768
Lake Tahoe,United States,clear,LS,-120.006478,39.154868,0.017708,0.007704,0.000298,-0.000808,0.000440,0.000768
Lake Tahoe,United States,clear,LS,-120.001088,39.192598,0.017103,0.007259,-0.000081,-0.000886,0.000316,0.000673
Lake Tahoe,United States,clear,LS,-120.098106,39.033596,0.014953,0.007131,-0.000337,-0.000462,0.001156,0.001507
Lake Tahoe,United States,clear,LS,-120.009173,38.952747,0.011476,0.006620,-0.000497,0.000139,0.004442,0.005639
Lake Tahoe,United States,clear,LS,-120.036122,38.987782,0.013228,0.006737,-0.000362,-0.000517,0.002774,0.003513
Lake Tahoe,United States,clear,LS,-120.046902,39.052460,0.016285,0.007169,0.000042,-0.000717,0.000789,0.001222
Lake Tahoe,United States,clear,LS,-119.966054,38.990477,0.011847,0.006715,-0.000236,0.000538,0.007359,0.007772
Lake Tahoe,United States,clear,LS,-120.006478,39.057850,0.016019,0.007277,0.000096,-0.000607,0.000769,0.001021
Lake Tahoe,United States,clear,LS,-120.001088,39.176428,0.017284,0.007132,-0.000162,-0.001033,0.000389,0.000693
Lake Tahoe,United States,clear,LS,-120.014563,39.041681,0.015865,0.007164,0.000100,-0.000531,0.001338,0.001831
Lake Tahoe,United States,clear,LS,-120.087326,39.122529,0.016982,0.007640,0.000180,-0.000586,0.000670,0.001051
Lake Tahoe,United States,clear,LS,-120.017258,39.114444,0.016732,0.007527,0.000333,-0.000782,0.000628,0.001044
Lake Tahoe,United States,clear,LS,-120.057682,38.966222,0.013081,0.006758,-0.000242,-0.000239,0.002327,0.003506
Lake Tahoe,United States,clear,LS,-119.941799,39.208767,0.015736,0.006954,-0.000168,-0.000544,0.000614,0.000787
Lake Tahoe,United States,clear,LS,-119.979528,38.995866,0.011397,0.006575,-0.000451,-0.000168,0.005074,0.005756
Lake Tahoe,United States,clear,LS,-119.952579,39.136004,0.014574,0.006409,-0.000365,-0.000514,0.000883,0.001335
Lake Tahoe,United States,clear,LS,-120.006478,38.958137,0.011160,0.006496,-0.000457,0.000343,0.004199,0.005690
Lake Tahoe,United States,clear,LS,-119.966054,39.012036,0.011308,0.006157,-0.000696,-0.000038,0.005838,0.006563
Lake Tahoe,United States,clear,LS,-119.944494,39.219547,0.015495,0.006840,-0.000456,-0.000635,0.000655,0.000885
Lake Tahoe,United States,clear,LS,-120.028037,39.168343,0.017183,0.007428,0.000334,-0.000689,0.000453,0.000775
Lake Tahoe,United States,clear,LS,-120.079241,39.047070,0.016267,0.007601,0.000222,-0.000488,0.001145,0.001730
Lake Tahoe,United States,clear,LS,-120.003783,39.152173,0.017225,0.007456,0.000120,-0.000924,0.000491,0.000773
Lake Tahoe,United States,clear,LS,-120.060377,38.966222,0.013142,0.006917,-0.000209,-0.000277,0.002022,0.002699
Lake Tahoe,United States,clear,LS,-120.052292,39.038986,0.016114,0.007179,0.000051,-0.000710,0.001057,0.001752
Lake Tahoe,United States,clear,LS,-120.046902,39.189903,0.016209,0.007256,-0.000184,-0.000750,0.000772,0.001118
Lake Tahoe,United States,clear,LS,-120.079241,39.200682,0.014748,0.006927,-0.000586,-0.000375,0.000910,0.001237
Lake Tahoe,United States,clear,LS,-119.960664,39.022816,0.013552,0.008024,-0.000314,-0.000018,0.004828,0.005416
Lake Tahoe,United States,clear,LS,-119.963359,39.087495,0.014448,0.006819,-0.000362,-0.000382,0.001280,0.001847
Lake Tahoe,United States,clear,LS,-119.976833,39.033596,0.014823,0.006972,0.000049,-0.000406,0.002029,0.002480
Lake Tahoe,United States,clear,LS,-120.003783,38.993172,0.012567,0.006736,-0.000317,-0.000476,0.003172,0.004234
Lake Tahoe,United States,clear,LS,-120.006478,39.038986,0.015199,0.007042,-0.000232,-0.000765,0.000903,0.001333
Lake Tahoe,United States,clear,LS,-119.949884,39.227632,0.015320,0.006982,-0.000286,-0.000398,0.000678,0.000865
Lake Tahoe,United States,clear,LS,-119.968749,39.168343,0.016912,0.007173,0.000057,-0.000718,0.000577,0.000760
Lake Tahoe,United States,clear,LS,-120.011868,38.993172,0.012830,0.006668,-0.000350,-0.000558,0.003122,0.003791
Lake Tahoe,United States,clear,LS,-119.984918,39.052460,0.014928,0.006913,-0.000142,-0.000667,0.000886,0.001623
Lake Tahoe,United States,clear,LS,-120.038817,38.950052,0.011661,0.006919,-0.000396,-0.000193,0.003352,0.004676
Lake Tahoe,United States,clear,LS,-119.960664,38.968917,0.012599,0.007417,0.000019,0.000721,0.009019,0.006439
Lake Tahoe,United States,clear,LS,-120.011868,39.047070,0.015543,0.006771,0.000076,-0.000776,0.001222,0.001766
Lake Tahoe,United States,clear,LS,-120.127750,39.133309,0.016493,0.007767,0.000167,-0.000358,0.000775,0.001087
Lake Tahoe,United States,clear,LS,-120.033427,38.947357,0.011183,0.006596,-0.000517,0.000002,0.005729,0.006792
Lake Tahoe,United States,clear,LS,-119.963359,39.165648,0.016699,0.007203,0.000020,-0.000684,0.000463,0.000851
Lake Tahoe,United States,clear,LS,-120.108886,39.157563,0.022470,0.012297,-0.000265,-0.000643,0.001312,0.001622
Lake Tahoe,United States,clear,LS,-120.073851,39.068630,0.016529,0.007290,-0.000025,-0.000771,0.000816,0.001351
Lake Tahoe,United States,clear,LS,-120.114276,39.098274,0.016182,0.007400,-0.000164,-0.000512,0.000753,0.001171
Lake Tahoe,United States,clear,LS,-120.011868,39.122529,0.017257,0.007406,0.000174,-0.000922,0.000551,0.000886
Lake Tahoe,United States,clear,LS,-120.009173,39.100969,0.016397,0.007281,0.000241,-0.000767,0.000642,0.001036
Lake Tahoe,United States,clear,LS,-120.095411,39.074020,0.016385,0.007451,-0.000003,-0.000707,0.000894,0.001208
Lake Tahoe,United States,clear,LS,-119.984918,39.003951,0.012754,0.006214,-0.000512,-0.000301,0.002933,0.003406
Lake Tahoe,United States,clear,LS,-120.106191,39.146783,0.017298,0.007783,-0.000190,-0.000655,0.000960,0.001559
Lake Tahoe,United States,clear,LS,-120.011868,39.038986,0.015386,0.007121,-0.000004,-0.000523,0.001249,0.001899
Lake Tahoe,United States,clear,LS,-119.949884,39.184513,0.015842,0.007193,-0.000133,-0.000744,0.000495,0.000667
Lake Tahoe,United States,clear,LS,-120.017258,39.162953,0.017500,0.007547,0.000061,-0.000903,0.000456,0.000660
Lake Tahoe,United States,clear,LS,-119.955274,39.176428,0.016399,0.006999,-0.000100,-0.000758,0.000497,0.000719
Lake Tahoe,United States,clear,LS,-120.022647,39.219547,0.016767,0.008036,-0.000486,-0.000694,0.000759,0.001060
Lake Tahoe,United States,clear,LS,-120.052292,39.009341,0.014317,0.006375,-0.000416,-0.000696,0.001037,0.001869
Lake Tahoe,United States,clear,LS,-120.030732,39.036291,0.015674,0.007465,-0.000011,-0.000707,0.001333,0.002174
Lake Tahoe,United States,clear,LS,-120.046902,39.025511,0.015772,0.007115,0.000085,-0.000615,0.001267,0.002154
Lake Tahoe,United States,clear,LS,-119.976833,38.960832,0.011549,0.007001,0.000085,0.000357,0.004138,0.005605
Lake Tahoe,United States,clear,LS,-120.152005,39.095579,0.015582,0.007233,-0.000394,-0.000157,0.000806,0.001111
Lake Tahoe,United States,clear,LS,-120.030732,39.065935,0.016084,0.007190,-0.000057,-0.000784,0.000660,0.001130
Lake Tahoe,United States,clear,LS,-119.966054,39.025511,0.012211,0.006477,-0.000416,-0.000221,0.004498,0.005422
Lake Tahoe,United States,clear,LS,-120.079241,39.138699,0.016852,0.007376,0.000037,-0.000781,0.000761,0.001093
Lake Tahoe,United States,clear,LS,-120.052292,39.216852,0.015440,0.007246,-0.000273,-0.000220,0.000939,0.001313
Lake Tahoe,United States,clear,LS,-120.006478,39.127919,0.016933,0.007421,0.000203,-0.000867,0.000593,0.000904
Lake Tahoe,United States,clear,LS,-120.127750,39.160258,0.022264,0.013367,-0.000226,-0.000293,0.001575,0.002124
Lake Tahoe,United States,clear,LS,-120.009173,38.987782,0.012714,0.006648,-0.000289,-0.000571,0.004053,0.004885
Lake Tahoe,United States,clear,LS,-120.103496,39.025511,0.014262,0.006981,-0.000456,-0.000552,0.000912,0.001398
Lake Tahoe,United States,clear,LS,-119.982223,39.017426,0.014601,0.006932,-0.000055,-0.000055,0.003568,0.004102
Lake Tahoe,United States,clear,LS,-119.979528,38.977002,0.011169,0.006439,-0.000443,-0.000058,0.003416,0.004984
Lake Tahoe,United States,clear,LS,-120.081936,39.068630,0.016281,0.007348,0.000062,-0.000618,0.000746,0.001145
Lake Tahoe,United States,clear,LS,-120.019953,39.001256,0.014470,0.006627,-0.000438,-0.000576,0.001453,0.002773
Lake Tahoe,United States,clear,LS,-119.963359,39.125224,0.015303,0.006669,-0.000237,-0.000646,0.000762,0.001297
Lake Tahoe,United States,clear,LS,-120.071156,39.211462,0.014740,0.007603,-0.000533,-0.000217,0.001387,0.001588
Lake Tahoe,United States,clear,LS,-120.025342,38.944663,0.011491,0.006787,-0.000660,-0.000094,0.003484,0.004305
Lake Tahoe,United States,clear,LS,-119.936409,39.189903,0.016205,0.007656,-0.000095,-0.000392,0.000766,0.001048
Lake Tahoe,United States,clear,LS,-120.063072,39.033596,0.016006,0.007318,-0.000015,-0.000807,0.000679,0.001148
Lake Tahoe,United States,clear,LS,-120.009173,39.057850,0.016476,0.007383,0.000267,-0.000564,0.000743,0.001094
Lake Tahoe,United States,clear,LS,-119.968749,39.162953,0.017006,0.007117,0.000051,-0.000668,0.000432,0.000789
Lake Tahoe,United States,clear,LS,-119.947189,39.171038,0.015919,0.007045,-0.000173,-0.000748,0.000528,0.000799
Lake Tahoe,United States,clear,LS,-119.990308,39.038986,0.014578,0.006720,-0.000361,-0.000721,0.001175,0.002001
Lake Tahoe,United States,clear,LS,-120.044207,39.041681,0.016024,0.006997,-0.000042,-0.000730,0.000863,0.001412
Lake Tahoe,United States,clear,LS,-119.993003,39.138699,0.017437,0.007511,0.000252,-0.000763,0.000518,0.000860
Lake Tahoe,United States,clear,LS,-120.116971,39.130614,0.016215,0.007637,0.000168,-0.000526,0.000723,0.001243
Lake Tahoe,United States,clear,LS,-120.028037,39.044376,0.015916,0.007071,-0.000006,-0.000852,0.000819,0.001564
Lake Tahoe,United States,clear,LS,-120.054987,39.049765,0.016168,0.007116,-0.000007,-0.000719,0.000600,0.001093
Lake Tahoe,United States,clear,LS,-120.038817,39.014731,0.015155,0.006751,-0.000180,-0.000778,0.001396,0.002209
Lake Tahoe,United States,clear,LS,-120.084631,39.098274,0.016170,0.007378,-0.000173,-0.000916,0.000682,0.001045
Lake Tahoe,United States,clear,LS,-120.122360,39.114444,0.016703,0.007234,-0.000191,-0.000524,0.000681,0.001077
Lake Tahoe,United States,clear,LS,-120.001088,39.092885,0.015952,0.007224,0.000279,-0.000731,0.000668,0.001102
Lake Tahoe,United States,clear,LS,-120.065767,39.149478,0.016867,0.007384,0.000005,-0.000845,0.000700,0.001127
Lake Tahoe,United States,clear,LS,-120.065767,39.025511,0.016218,0.007085,0.000098,-0.000655,0.000775,0.001130
Lake Tahoe,United States,clear,LS,-120.006478,39.098274,0.016023,0.007343,0.000060,-0.000702,0.000590,0.001224
Lake Tahoe,United States,clear,LS,-119.995698,39.033596,0.015226,0.007063,-0.000129,-0.000583,0.001343,0.002044
Lake Tahoe,United States,clear,LS,-119.987613,39.044376,0.015025,0.006762,-0.000329,-0.000646,0.001431,0.001977
Lake Tahoe,United States,clear,LS,-120.060377,39.168343,0.016208,0.007186,-0.000208,-0.000673,0.000666,0.001130
Lake Tahoe,United States,clear,LS,-120.081936,39.060545,0.016136,0.007288,-0.000348,-0.000698,0.000820,0.001390
Lake Tahoe,United States,clear,LS,-119.995698,39.122529,0.016436,0.007155,0.000083,-0.000790,0.000628,0.001071
Lake Tahoe,United States,clear,LS,-119.990308,39.122529,0.016672,0.007383,0.000149,-0.000745,0.000539,0.000937
Lake Tahoe,United States,clear,LS,-120.081936,39.065935,0.016849,0.007669,0.000232,-0.000315,0.001026,0.001474
Lake Tahoe,United States,clear,LS,-120.103496,39.092885,0.016262,0.007553,0.000148,-0.000489,0.000781,0.001051
Lake Tahoe,United States,clear,LS,-120.044207,39.106359,0.017238,0.007667,0.000354,-0.000848,0.000734,0.001051
Lake Tahoe,United States,clear,LS,-119.995698,39.162953,0.017266,0.007430,0.000213,-0.000862,0.000450,0.000700
Lake Tahoe,United States,clear,LS,-120.130445,39.154868,0.017717,0.008342,-0.000580,-0.000366,0.000902,0.001129
Lake Tahoe,United States,clear,LS,-119.979528,38.974307,0.011285,0.006491,-0.000246,0.000535,0.004234,0.005745
Lake Tahoe,United States,clear,LS,-120.049597,39.203377,0.015696,0.007195,-0.000175,-0.000571,0.000891,0.001085
Lake Tahoe,United States,clear,LS,-120.049597,39.184513,0.015884,0.007244,-0.000188,-0.000663,0.000672,0.001051
Lake Tahoe,United States,clear,LS,-120.125055,39.082105,0.015845,0.007500,0.000105,-0.000292,0.000791,0.001310
Lake Tahoe,United States,clear,LS,-120.044207,38.968917,0.012945,0.007109,-0.000229,-0.000042,0.003062,0.003813
Lake Tahoe,United States,clear,LS,-120.044207,39.168343,0.017403,0.007435,0.000178,-0.000648,0.000575,0.000979
Lake Tahoe,United States,clear,LS,-119.987613,38.985087,0.012351,0.006525,-0.000512,-0.000464,0.003286,0.004578
Lake Tahoe,United States,clear,LS,-120.057682,39.197987,0.015970,0.007275,-0.000487,-0.000589,0.000630,0.001005
Lake Tahoe,United States,clear,LS,-120.009173,39.111749,0.016769,0.007386,0.000162,-0.000904,0.000720,0.001049
Lake Tahoe,United States,clear,LS,-120.014563,39.033596,0.015678,0.007025,-0.000049,-0.000538,0.001235,0.001810
Lake Tahoe,United States,clear,LS,-119.944494,39.176428,0.015321,0.006729,-0.000225,-0.000746,0.000648,0.000878
Lake Tahoe,United States,clear,LS,-120.100801,39.138699,0.017235,0.007586,0.000180,-0.000530,0.000961,0.001672
Lake Tahoe,United States,clear,LS,-119.976833,39.065935,0.014948,0.007121,-0.000201,-0.000694,0.000903,0.001313
Lake Tahoe,United States,clear,LS,-120.041512,39.162953,0.017126,0.007212,-0.000059,-0.000847,0.000592,0.000900
Lake Tahoe,United States,clear,LS,-120.001088,39.033596,0.015353,0.007006,-0.000021,-0.000630,0.001408,0.002379
Lake Tahoe,United States,clear,LS,-120.003783,38.955442,0.010984,0.006567,-0.000572,-0.000014,0.003941,0.004967
Lake Tahoe,United States,clear,LS,-119.984918,39.111749,0.016283,0.007250,0.000104,-0.000730,0.000678,0.001046
Lake Tahoe,United States,clear,LS,-120.135835,39.138699,0.015927,0.007691,0.000073,-0.000048,0.000706,0.001078
Lake Tahoe,United States,clear,LS,-120.116971,39.162953,0.023503,0.014083,-0.000285,-0.000340,0.000946,0.001478
Lake Tahoe,United States,clear,LS,-120.052292,39.117139,0.017280,0.007478,-0.000005,-0.000984,0.000619,0.001028
Lake Tahoe,United States,clear,LS,-120.009173,39.176428,0.017530,0.007240,0.000017,-0.000940,0.000440,0.000673
Lake Tahoe,United States,clear,LS,-119.979528,38.993172,0.011606,0.006358,-0.000464,-0.000080,0.004420,0.005216
Lake Tahoe,United States,clear,LS,-120.041512,39.106359,0.016930,0.007609,0.000288,-0.000918,0.000720,0.001007
Lake Tahoe,United States,clear,LS,-119.966054,39.098274,0.014491,0.006813,-0.000423,-0.000423,0.001680,0.002455
Lake Tahoe,United States,clear,LS,-119.947189,39.222242,0.015269,0.006939,-0.000360,-0.000585,0.000657,0.000852
Lake Tahoe,United States,clear,LS,-120.073851,39.033596,0.015319,0.007055,-0.000227,-0.000831,0.000905,0.001447
Lake Tahoe,United States,clear,LS,-119.974138,39.144089,0.016730,0.007142,0.000015,-0.000776,0.000486,0.000817
Lake Tahoe,United States,clear,LS,-120.146615,39.111749,0.015846,0.007540,-0.000437,-0.000141,0.000737,0.000918
Lake Tahoe,United States,clear,LS,-120.038817,39.065935,0.016084,0.007422,0.000237,-0.000573,0.000910,0.001389
Lake Tahoe,United States,clear,LS,-119.963359,39.149478,0.016179,0.006987,0.000086,-0.000740,0.000533,0.000780
Lake Baikal,Russia,clear,S2,107.996721,52.969161,0.021510,0.018160,0.010086,0.006835,0.004704,0.004411
Lake Baikal,Russia,clear,S2,107.794600,52.855973,0.023063,0.017840,0.010005,0.006796,0.005207,0.003933
Lake Baikal,Russia,clear,S2,108.427912,54.181886,0.025720,0.020123,0.009874,0.007002,0.002935,0.002538
Lake Baikal,Russia,clear,S2,109.651418,54.971505,0.021048,0.016205,0.006892,0.005151,0.002037,0.001646
Lake Baikal,Russia,clear,S2,109.605604,54.941861,0.022044,0.015734,0.006605,0.004527,0.001766,0.001474
Lake Baikal,Russia,clear,S2,108.069485,53.416522,0.020653,0.014870,0.007096,0.004705,0.003493,0.002949
Lake Baikal,Russia,clear,S2,104.253441,51.699841,0.021929,0.017371,0.006608,0.004126,0.001859,0.001363
Lake Baikal,Russia,clear,S2,104.663073,51.796859,0.021326,0.017182,0.008023,0.006586,0.002284,0.001721
Lake Baikal,Russia,clear,S2,108.376708,53.165892,0.019288,0.018180,0.008426,0.006382,0.003343,0.002738
Lake Baikal,Russia,clear,S2,109.573264,55.497020,0.021813,0.016401,0.006573,0.003877,0.001684,0.001516
Lake Baikal,Russia,clear,S2,106.889098,52.880228,0.025072,0.018489,0.008903,0.006303,0.003381,0.002955
Lake Baikal,Russia,clear,S2,108.702797,53.408437,0.021600,0.017512,0.008254,0.005444,0.002601,0.002245
Lake Baikal,Russia,clear,S2,109.759216,55.561699,0.021331,0.016508,0.007120,0.004708,0.001965,0.001532
Lake Baikal,Russia,clear,S2,106.395923,52.578394,0.019988,0.016106,0.008068,0.006315,0.002963,0.002593
Lake Baikal,Russia,clear,S2,105.994376,51.980116,0.022924,0.017358,0.008189,0.006140,0.003470,0.002806
Lake Baikal,Russia,clear,S2,105.975512,52.125643,0.022827,0.018239,0.007862,0.005477,0.003301,0.002706
Lake Baikal,Russia,clear,S2,107.762261,52.936821,0.024615,0.019149,0.010489,0.007578,0.005341,0.004385
Lake Baikal,Russia,clear,S2,109.295685,54.416347,0.023822,0.017832,0.007890,0.005143,0.002523,0.001755
Lake Baikal,Russia,clear,S2,108.950732,53.405742,0.019269,0.018117,0.009607,0.007816,0.003191,0.002491
Lake Baikal,Russia,clear,S2,108.120689,53.152417,0.022050,0.017356,0.008943,0.005668,0.004347,0.003550
Lake Baikal,Russia,clear,S2,108.837544,54.192666,0.019968,0.016167,0.006982,0.004982,0.004102,0.003122
Lake Baikal,Russia,clear,S2,108.061400,53.103908,0.024278,0.018787,0.010338,0.007860,0.004878,0.004854
Lake Baikal,Russia,clear,S2,109.195972,55.106253,0.025228,0.020306,0.010259,0.007072,0.004287,0.003506
Lake Baikal,Russia,clear,S2,108.616559,53.966291,0.022570,0.016324,0.007027,0.004296,0.001671,0.001520
Lake Baikal,Russia,clear,S2,104.517546,51.767215,0.020996,0.016933,0.007556,0.005759,0.002330,0.001868
Lake Baikal,Russia,clear,S2,106.002461,52.319679,0.021324,0.017457,0.008001,0.005149,0.002478,0.002604
Lake Baikal,Russia,clear,S2,108.729746,53.470421,0.021752,0.017654,0.008343,0.005203,0.001837,0.001585
Lake Baikal,Russia,clear,S2,108.527625,53.413827,0.021340,0.015139,0.007510,0.004697,0.003045,0.002492
Lake Baikal,Russia,clear,S2,104.843634,51.756435,0.017551,0.014413,0.005471,0.003686,0.001502,0.001278
Lake Baikal,Russia,clear,S2,108.400963,53.939341,0.019068,0.014593,0.006681,0.004497,0.002791,0.002606
Lake Baikal,Russia,clear,S2,107.490071,52.888312,0.022561,0.017911,0.009005,0.006388,0.004131,0.003374
Lake Baikal,Russia,clear,S2,107.910483,53.265605,0.022000,0.016393,0.008438,0.005858,0.004621,0.003937
Lake Baikal,Russia,clear,S2,108.616559,53.742610,0.019713,0.015646,0.007086,0.004826,0.002988,0.002656
Lake Baikal,Russia,clear,S2,105.409573,51.977421,0.022548,0.018562,0.008376,0.005914,0.002728,0.001885
Lake Baikal,Russia,clear,S2,108.654288,53.491980,0.021430,0.016942,0.007523,0.004879,0.002127,0.001608
Lake Baikal,Russia,clear,S2,109.010021,54.125292,0.023614,0.016884,0.007351,0.004689,0.002454,0.001839
Lake Baikal,Russia,clear,S2,108.134163,53.235960,0.021140,0.015809,0.008039,0.005527,0.004199,0.003747
Lake Baikal,Russia,clear,S2,104.927178,51.546229,0.015336,0.014879,0.005094,0.003741,0.001462,0.001299
Lake Baikal,Russia,clear,S2,109.080089,53.764170,0.025983,0.023272,0.012267,0.009723,0.003905,0.003610
Lake Baikal,Russia,clear,S2,107.915873,53.101213,0.025571,0.019421,0.010861,0.007355,0.005448,0.004711
Lake Baikal,Russia,clear,S2,109.430432,54.273515,0.022368,0.018496,0.009364,0.006890,0.002916,0.002504
Lake Baikal,Russia,clear,S2,105.970122,52.133728,0.022813,0.018135,0.008169,0.005697,0.003449,0.003018
Lake Baikal,Russia,clear,S2,106.708537,52.678107,0.022956,0.018181,0.008422,0.005714,0.002893,0.002387
Lake Baikal,Russia,clear,S2,106.123734,52.265780,0.023221,0.020729,0.009183,0.005441,0.002909,0.002785
Lake Baikal,Russia,clear,S2,104.369324,51.742960,0.021122,0.016968,0.007779,0.005426,0.001907,0.001519
Lake Baikal,Russia,clear,S2,108.656983,54.025580,0.021765,0.015379,0.006745,0.004028,0.001500,0.001633
Lake Baikal,Russia,clear,S2,109.182497,55.230220,0.023648,0.019849,0.010931,0.008150,0.003890,0.003191
Lake Baikal,Russia,clear,S2,107.355324,52.928737,0.021911,0.017762,0.008281,0.005540,0.003710,0.003222
Lake Baikal,Russia,clear,S2,105.875799,52.144507,0.023587,0.017816,0.007806,0.005272,0.003046,0.002745
Lake Baikal,Russia,clear,S2,108.012891,53.769560,0.023454,0.016888,0.008435,0.006174,0.002334,0.002136
Lake Baikal,Russia,clear,S2,108.772866,53.311419,0.020321,0.018071,0.008608,0.006525,0.002958,0.002319
Lake Baikal,Russia,clear,S2,108.770171,54.262735,0.022430,0.017340,0.008883,0.006865,0.004369,0.003287
Lake Baikal,Russia,clear,S2,106.080615,52.470596,0.018626,0.015382,0.006518,0.004355,0.002264,0.002050
Lake Baikal,Russia,clear,S2,109.069310,54.146852,0.024190,0.017653,0.007887,0.004913,0.002170,0.001527
Lake Baikal,Russia,clear,S2,109.530145,55.055049,0.021823,0.016742,0.006747,0.004109,0.002200,0.001743
Lake Baikal,Russia,clear,S2,109.605604,55.375747,0.021965,0.016226,0.006509,0.003510,0.001554,0.001404
Lake Baikal,Russia,clear,S2,108.120689,53.586303,0.020442,0.014730,0.007136,0.004384,0.002797,0.002498
Lake Baikal,Russia,clear,S2,105.005331,51.845368,0.019897,0.014716,0.006544,0.005317,0.001867,0.001517
Lake Baikal,Russia,clear,S2,108.301250,54.074089,0.024223,0.019009,0.009483,0.007688,0.003455,0.002663
Lake Baikal,Russia,clear,S2,104.450172,51.694451,0.022093,0.017633,0.007557,0.005075,0.001796,0.001483
Lake Baikal,Russia,clear,S2,105.916223,52.370883,0.020448,0.017058,0.007688,0.004876,0.002289,0.001831
Lake Baikal,Russia,clear,S2,108.117994,53.723746,0.021732,0.015811,0.007322,0.004719,0.002634,0.002190
Lake Baikal,Russia,clear,S2,107.824245,52.928737,0.022923,0.017768,0.009669,0.007049,0.005559,0.004926
Lake Baikal,Russia,clear,S2,107.791905,52.861363,0.023810,0.019524,0.010709,0.007367,0.005470,0.004312
Lake Baikal,Russia,clear,S2,109.279515,55.168237,0.023750,0.018324,0.009370,0.006035,0.002757,0.002128
Lake Baikal,Russia,clear,S2,108.568050,53.877357,0.023752,0.017820,0.008125,0.005165,0.002657,0.001652
Lake Baikal,Russia,clear,S2,109.578654,55.364968,0.021282,0.016291,0.006642,0.003761,0.001607,0.001473
Lake Baikal,Russia,clear,S2,109.807725,55.696446,0.021692,0.019293,0.009405,0.004960,0.001934,0.001587
Lake Baikal,Russia,clear,S2,109.740351,55.604818,0.021482,0.017099,0.006827,0.004091,0.001723,0.001648
Lake Baikal,Russia,clear,S2,107.511631,52.788599,0.021338,0.017601,0.008859,0.005892,0.003895,0.003493
Lake Baikal,Russia,clear,S2,109.077394,54.270820,0.023984,0.018184,0.008358,0.005174,0.002389,0.001907
Lake Baikal,Russia,clear,S2,108.926477,54.491805,0.017904,0.013743,0.005278,0.002923,0.001690,0.001446
Lake Baikal,Russia,clear,S2,107.597869,52.804769,0.022880,0.018196,0.009457,0.006104,0.004499,0.004145
Lake Baikal,Russia,clear,S2,104.727752,51.726791,0.018251,0.014698,0.005638,0.004116,0.001637,0.001514
Lake Baikal,Russia,clear,S2,109.449297,54.400177,0.022009,0.017859,0.008472,0.006684,0.002812,0.002399
Lake Baikal,Russia,clear,S2,107.007676,52.820939,0.024819,0.019470,0.009312,0.006411,0.004577,0.003994
Lake Baikal,Russia,clear,S2,106.075225,52.349323,0.020335,0.017522,0.008074,0.005274,0.002561,0.002162
Lake Baikal,Russia,clear,S2,106.123734,52.155287,0.024150,0.021384,0.010785,0.006889,0.003959,0.003269
Lake Baikal,Russia,clear,S2,107.417308,52.961076,0.024681,0.018910,0.009710,0.006130,0.003578,0.003308
Lake Baikal,Russia,clear,S2,109.694537,55.189796,0.020994,0.015932,0.006569,0.004950,0.002301,0.002061
Lake Baikal,Russia,clear,S2,105.608999,52.063659,0.022970,0.018191,0.008509,0.006164,0.003338,0.002809
Lake Baikal,Russia,clear,S2,109.177107,54.198056,0.023085,0.017054,0.008022,0.005074,0.002361,0.001706
Lake Baikal,Russia,clear,S2,107.282560,52.858668,0.023471,0.018940,0.009548,0.006774,0.004339,0.003892
Lake Baikal,Russia,clear,S2,109.532840,55.230220,0.021040,0.016357,0.006619,0.004031,0.001906,0.001552
Lake Baikal,Russia,clear,S2,109.155548,53.745305,0.026106,0.026337,0.012000,0.010230,0.006441,0.005906
Lake Baikal,Russia,clear,S2,104.355849,51.559704,0.019888,0.016018,0.005819,0.003724,0.001160,0.001024
Lake Baikal,Russia,clear,S2,104.781651,51.850758,0.017659,0.013553,0.005821,0.005628,0.001938,0.001482
Lake Baikal,Russia,clear,S2,105.638643,51.815724,0.022408,0.016628,0.007440,0.004590,0.001954,0.001724
Lake Baikal,Russia,clear,S2,106.064445,52.376273,0.019978,0.017307,0.007182,0.004856,0.002618,0.002715
Lake Baikal,Russia,clear,S2,106.131819,52.470596,0.019220,0.015652,0.006818,0.004770,0.002109,0.001879
Lake Baikal,Russia,clear,S2,109.257956,54.265430,0.024079,0.018276,0.008427,0.005469,0.002674,0.002098
Lake Baikal,Russia,clear,S2,109.691842,54.922996,0.019224,0.014821,0.005609,0.005395,0.001869,0.001577
Lake Baikal,Russia,clear,S2,106.161463,52.263085,0.022240,0.021367,0.010299,0.005969,0.003129,0.002725
Lake Baikal,Russia,clear,S2,108.815985,54.413652,0.022146,0.017599,0.007625,0.004996,0.003109,0.002586
Lake Baikal,Russia,clear,S2,108.462947,53.599778,0.020775,0.015979,0.007943,0.005446,0.004122,0.003163
Lake Baikal,Russia,clear,S2,108.182672,53.416522,0.022888,0.015589,0.007936,0.005569,0.003809,0.004014
Lake Baikal,Russia,clear,S2,105.326030,51.818419,0.021357,0.015853,0.006673,0.003766,0.001406,0.001370
Lake Baikal,Russia,clear,S2,108.562660,53.726441,0.020680,0.016024,0.007355,0.004435,0.002802,0.002865
Lake Baikal,Russia,clear,S2,108.899528,54.200751,0.024204,0.017260,0.007569,0.004538,0.002002,0.001642
Lake Baikal,Russia,clear,S2,107.799990,53.545879,0.023263,0.016995,0.007785,0.005409,0.002378,0.002008
Lake Baikal,Russia,clear,S2,106.191107,52.481376,0.018496,0.016284,0.007305,0.004687,0.002833,0.002431
Lake Baikal,Russia,clear,S2,108.489896,54.047139,0.020452,0.014373,0.005891,0.002869,0.002432,0.002254
Lake Baikal,Russia,clear,S2,109.279515,55.486240,0.023238,0.018984,0.009633,0.006290,0.002068,0.001618
Lake Baikal,Russia,clear,S2,108.082959,53.300639,0.020477,0.014426,0.006971,0.004173,0.003179,0.003005
Lake Baikal,Russia,clear,S2,109.578654,55.750345,0.021409,0.019448,0.008906,0.006749,0.001842,0.001623
Lake Baikal,Russia,clear,S2,108.578829,53.901612,0.024051,0.017098,0.008224,0.004984,0.002917,0.002002
Lake Baikal,Russia,clear,S2,108.514151,53.316809,0.021553,0.015778,0.007348,0.004952,0.002272,0.001760
Lake Baikal,Russia,clear,S2,104.089050,51.707926,0.019465,0.015488,0.006149,0.004590,0.001739,0.001690
Lake Baikal,Russia,clear,S2,107.697582,53.168587,0.024645,0.017346,0.008654,0.006307,0.004241,0.002948
Lake Baikal,Russia,clear,S2,106.328550,52.486765,0.021699,0.019437,0.009277,0.006230,0.003539,0.002903
Lake Baikal,Russia,clear,S2,109.015411,54.604993,0.019796,0.015795,0.006703,0.004204,0.002236,0.001995
Lake Baikal,Russia,clear,S2,109.093564,54.179191,0.023322,0.017118,0.007059,0.004531,0.002067,0.001509
Lake Baikal,Russia,clear,S2,105.307165,51.600128,0.018581,0.016010,0.006488,0.004961,0.001830,0.001541
Lake Baikal,Russia,clear,S2,105.129299,51.869623,0.020492,0.016480,0.007655,0.006404,0.002579,0.002167
Lake Baikal,Russia,clear,S2,108.635423,54.216921,0.022676,0.016539,0.007495,0.005133,0.004052,0.003576
Lake Baikal,Russia,clear,S2,104.859804,51.699841,0.017147,0.013907,0.005081,0.003293,0.001472,0.001286
Lake Baikal,Russia,clear,S2,108.891443,54.486415,0.019609,0.015092,0.005773,0.003216,0.001633,0.001650
Lake Baikal,Russia,clear,S2,107.810770,53.365318,0.021583,0.016109,0.007175,0.005141,0.002952,0.002624
Lake Baikal,Russia,clear,S2,109.109734,54.448686,0.024931,0.018186,0.007799,0.004943,0.002464,0.002072
Lake Baikal,Russia,clear,S2,105.167028,51.678282,0.020045,0.015705,0.007162,0.004635,0.002566,0.002206
Lake Baikal,Russia,clear,S2,109.344194,53.960901,0.018208,0.014552,0.006475,0.004919,0.001318,0.001067
Lake Baikal,Russia,clear,S2,109.686452,55.502410,0.020819,0.016027,0.006557,0.004009,0.001857,0.001654
Lake Baikal,Russia,clear,S2,108.840239,53.990545,0.022168,0.016653,0.006478,0.003716,0.001816,0.001490
Lake Baikal,Russia,clear,S2,109.195972,53.847713,0.022064,0.019194,0.008603,0.007297,0.003723,0.003150
Lake Baikal,Russia,clear,S2,104.972992,51.848063,0.017969,0.013138,0.006110,0.005821,0.001831,0.001624
Lake Baikal,Russia,clear,S2,109.319940,55.319154,0.022771,0.018901,0.008788,0.005768,0.002497,0.002046
Lake Baikal,Russia,clear,S2,107.271781,52.877533,0.022327,0.018375,0.008976,0.006728,0.004263,0.003879
Lake Baikal,Russia,clear,S2,105.627864,52.015150,0.023002,0.018080,0.008275,0.005552,0.003163,0.002470
Lake Baikal,Russia,clear,S2,108.123384,53.025755,0.021680,0.018901,0.009221,0.006540,0.003938,0.003773
Lake Baikal,Russia,clear,S2,109.411568,55.440426,0.021719,0.018061,0.008124,0.005085,0.002072,0.001684
Lake Baikal,Russia,clear,S2,106.848674,52.637682,0.021664,0.018480,0.008575,0.005512,0.003116,0.002529
Lake Baikal,Russia,clear,S2,108.252741,53.756085,0.020488,0.014914,0.006184,0.003559,0.002406,0.002197
Lake Baikal,Russia,clear,S2,105.662898,51.694451,0.018769,0.015289,0.006126,0.004618,0.001631,0.001470
Lake Baikal,Russia,clear,S2,106.059055,52.489460,0.018941,0.015798,0.006582,0.005189,0.001927,0.001616
Lake Baikal,Russia,clear,S2,109.311855,54.637332,0.024682,0.018867,0.008717,0.005916,0.002672,0.002157
Lake Baikal,Russia,clear,S2,109.543620,54.685841,0.020351,0.015679,0.006382,0.004758,0.001694,0.001606
Lake Baikal,Russia,clear,S2,109.476246,55.488935,0.021278,0.017062,0.007870,0.004815,0.002216,0.001537
Lake Baikal,Russia,clear,S2,104.269611,51.578569,0.020982,0.016668,0.006591,0.004239,0.001550,0.001365
Lake Baikal,Russia,clear,S2,109.292990,54.322024,0.024143,0.017927,0.008283,0.005766,0.002673,0.002137
Lake Baikal,Russia,clear,S2,105.983597,52.473291,0.019417,0.015746,0.006826,0.005771,0.002149,0.001633
Lake Baikal,Russia,clear,S2,107.853889,52.966466,0.025337,0.019071,0.010612,0.007966,0.005338,0.004648
Lake Baikal,Russia,clear,S2,108.411743,53.297944,0.019875,0.015045,0.007306,0.004692,0.002562,0.002530
Lake Baikal,Russia,clear,S2,105.943172,52.147202,0.022954,0.018579,0.008569,0.005611,0.003411,0.002896
Lake Baikal,Russia,clear,S2,105.199367,51.678282,0.019776,0.015608,0.006941,0.004559,0.002050,0.001600
Lake Baikal,Russia,clear,S2,108.713577,54.014800,0.022554,0.017024,0.007067,0.004088,0.001813,0.001784
Lake Baikal,Russia,clear,S2,108.589609,53.629422,0.019497,0.015324,0.007021,0.004300,0.002639,0.002488
Lake Baikal,Russia,clear,S2,109.123208,54.863708,0.022281,0.017149,0.008036,0.005518,0.002561,0.002261
Lake Baikal,Russia,clear,S2,105.681763,52.109473,0.022251,0.017451,0.008288,0.005593,0.002786,0.002613
Lake Baikal,Russia,clear,S2,108.864494,53.365318,0.018615,0.016095,0.007143,0.005453,0.002250,0.001497
Lake Baikal,Russia,clear,S2,105.369149,51.796859,0.022392,0.017260,0.007324,0.004517,0.001837,0.001536
Lake Baikal,Russia,clear,S2,106.514501,52.589173,0.021742,0.016569,0.007281,0.004927,0.002640,0.002169
Lake Baikal,Russia,clear,S2,107.886228,53.195536,0.023962,0.018187,0.010122,0.007749,0.005492,0.005026
Lake Baikal,Russia,clear,S2,107.719142,52.944906,0.023700,0.018509,0.008777,0.006667,0.004790,0.003964
Lake Baikal,Russia,clear,S2,106.544145,52.543359,0.021597,0.018231,0.008605,0.005562,0.003068,0.002656
Lake Baikal,Russia,clear,S2,109.411568,54.111818,0.022559,0.016384,0.007379,0.005319,0.001894,0.001532
Lake Baikal,Russia,clear,S2,109.446602,54.459466,0.021178,0.017748,0.008076,0.006651,0.002684,0.002273
Lake Baikal,Russia,clear,S2,109.063920,54.189971,0.024497,0.017610,0.007760,0.004637,0.002300,0.001686
Lake Baikal,Russia,clear,S2,108.969597,54.548399,0.020807,0.015812,0.006221,0.003630,0.002496,0.002187
Lake Baikal,Russia,clear,S2,109.217532,54.933776,0.021855,0.016767,0.007742,0.005405,0.003073,0.002565
Lake Baikal,Russia,clear,S2,107.999416,52.993415,0.021752,0.016599,0.009295,0.006224,0.004632,0.003715
Lake Baikal,Russia,clear,S2,108.789035,53.861188,0.022560,0.016310,0.007368,0.005178,0.002436,0.001888
Lake Baikal,Russia,clear,S2,104.840940,51.794164,0.018803,0.014931,0.006187,0.004139,0.001571,0.001308
Lake Baikal,Russia,clear,S2,105.471557,52.050184,0.022906,0.019693,0.009365,0.008080,0.003842,0.002784
Lake Baikal,Russia,clear,S2,106.897183,53.074264,0.028945,0.022342,0.011547,0.010231,0.005034,0.004388
Lake Baikal,Russia,clear,S2,107.603259,52.904482,0.022463,0.016784,0.008448,0.005586,0.003532,0.003256
Lake Baikal,Russia,clear,S2,109.686452,55.461986,0.020764,0.015816,0.006127,0.003944,0.002026,0.001703
Lake Baikal,Russia,clear,S2,104.142949,51.718706,0.019587,0.015770,0.006706,0.005470,0.001825,0.001462
Lake Baikal,Russia,clear,S2,105.191282,51.680977,0.019646,0.015761,0.007007,0.004446,0.002139,0.001600
Lake Baikal,Russia,clear,S2,108.710882,53.979765,0.021580,0.015343,0.006855,0.003864,0.001309,0.001233
Lake Baikal,Russia,clear,S2,106.759741,52.605343,0.022923,0.019423,0.008747,0.005629,0.002894,0.002184
Lake Baikal,Russia,clear,S2,108.948037,54.311244,0.023188,0.016319,0.007187,0.004350,0.002035,0.001670
Lake Baikal,Russia,clear,S2,109.584044,55.715311,0.020266,0.017764,0.007211,0.005173,0.001853,0.001533
Lake Baikal,Russia,clear,S2,108.573440,53.424607,0.022917,0.017482,0.008688,0.005705,0.003011,0.002351
Lake Baikal,Russia,clear,S2,109.468162,55.408087,0.021933,0.017037,0.006533,0.003533,0.001578,0.001383
Lake Baikal,Russia,clear,S2,109.053140,54.607688,0.019730,0.016278,0.006505,0.004117,0.002499,0.002168
Lake Baikal,Russia,clear,S2,107.764956,53.306029,0.021401,0.015984,0.007711,0.005911,0.002742,0.002554
Lake Baikal,Russia,clear,S2,105.231707,51.702536,0.020225,0.016131,0.007596,0.004622,0.002194,0.001669
Lake Baikal,Russia,clear,S2,105.617084,52.074439,0.023586,0.018279,0.008796,0.006161,0.003661,0.003105
Lake Baikal,Russia,clear,S2,105.584745,51.748350,0.021020,0.015993,0.006817,0.004383,0.001580,0.001489
Lake Baikal,Russia,clear,S2,108.961512,54.462161,0.018238,0.014034,0.005273,0.003210,0.001671,0.001463
Lake Baikal,Russia,clear,S2,109.621773,55.653327,0.021643,0.017521,0.007532,0.004418,0.001932,0.001681
Lake Baikal,Russia,clear,S2,105.843459,51.783385,0.019927,0.015386,0.006574,0.005068,0.002046,0.001771
Lake Baikal,Russia,clear,S2,105.619779,51.672892,0.018372,0.015195,0.005949,0.005166,0.001943,0.001839
Lake Baikal,Russia,clear,S2,109.096259,54.012105,0.022564,0.015530,0.006358,0.003833,0.001771,0.001418
Lake Baikal,Russia,clear,S2,109.646028,54.974200,0.021364,0.016473,0.006893,0.004991,0.001939,0.001603
Lake Baikal,Russia,clear,S2,105.854239,51.877708,0.021384,0.016057,0.007198,0.004903,0.002583,0.002110
Lake Baikal,Russia,clear,S2,107.058880,52.637682,0.021596,0.018662,0.008859,0.006764,0.004364,0.003627
Lake Baikal,Russia,clear,S2,108.223097,53.138942,0.022385,0.021358,0.010629,0.007064,0.004044,0.003409
Lake Baikal,Russia,clear,S2,109.535535,54.761300,0.022977,0.016359,0.007325,0.005200,0.002224,0.001715
Lake Baikal,Russia,clear,S2,109.328024,55.532054,0.022853,0.019350,0.009338,0.006312,0.002130,0.001627
Lake Baikal,Russia,clear,S2,107.589784,53.405742,0.024635,0.018363,0.009383,0.006003,0.002844,0.002406
Lake Baikal,Russia,clear,S2,105.560490,51.958556,0.023051,0.017405,0.007951,0.005133,0.002257,0.001954
Lake Baikal,Russia,clear,S2,109.689147,55.321848,0.021974,0.017211,0.007147,0.004473,0.002137,0.001777
Lake Baikal,Russia,clear,S2,109.001936,54.979590,0.026130,0.022136,0.012177,0.010222,0.003360,0.002477
Lake Baikal,Russia,clear,S2,109.338804,55.014625,0.022916,0.017477,0.007126,0.004318,0.002261,0.001752
Lake Baikal,Russia,clear,S2,109.303770,53.979765,0.020606,0.015595,0.006898,0.004875,0.002113,0.001673
Lake Baikal,Russia,clear,S2,107.010371,52.578394,0.022397,0.019964,0.009467,0.006780,0.004142,0.003614
Lake Baikal,Russia,clear,S2,104.027066,51.691756,0.019375,0.014969,0.006085,0.004872,0.001837,0.001399
Lake Baikal,Russia,clear,S2,104.886754,51.710621,0.017557,0.013930,0.005186,0.003594,0.001496,0.001286
Lake Baikal,Russia,clear,S2,108.452167,53.454251,0.021844,0.018283,0.010142,0.007353,0.005770,0.004428
Lake Baikal,Russia,clear,S2,107.902398,52.791294,0.018220,0.017915,0.008181,0.005732,0.003460,0.003492
Lake Baikal,Russia,clear,S2,105.716797,51.853453,0.021729,0.016236,0.006756,0.004215,0.001711,0.001474
Lake Baikal,Russia,clear,S2,108.786340,54.028274,0.023732,0.017348,0.007308,0.004883,0.001921,0.001465
Lake Baikal,Russia,clear,S2,108.853714,54.192666,0.018930,0.015891,0.007102,0.005187,0.003518,0.002515
Lake Baikal,Russia,clear,S2,109.266041,55.321848,0.023083,0.018447,0.009212,0.006195,0.002751,0.002199
Lake Baikal,Russia,clear,S2,105.131994,51.831894,0.020616,0.016435,0.007560,0.005548,0.002696,0.002290
Lake Baikal,Russia,clear,S2,108.557270,54.047139,0.022447,0.015689,0.006638,0.003837,0.002993,0.002327
Lake Baikal,Russia,clear,S2,108.969597,54.904132,0.024913,0.020584,0.010111,0.007736,0.002757,0.002150
Lake Baikal,Russia,clear,S2,107.228662,53.241350,0.022585,0.017606,0.007334,0.005505,0.002737,0.002116
Lake Baikal,Russia,clear,S2,106.527976,52.661937,0.021216,0.016468,0.007422,0.005725,0.002585,0.002326
Lake Baikal,Russia,clear,S2,108.010196,53.095823,0.023368,0.017810,0.010219,0.007321,0.004942,0.004380
Lake Baikal,Russia,clear,S2,108.217707,53.182061,0.022152,0.017191,0.008007,0.005352,0.003376,0.003129
Lake Baikal,Russia,clear,S2,109.672977,55.604818,0.021545,0.017250,0.007262,0.004188,0.001982,0.001698
Lake Baikal,Russia,clear,S2,109.562485,54.882572,0.022822,0.016361,0.007287,0.005043,0.002099,0.001723
Lake Baikal,Russia,clear,S2,105.627864,51.721401,0.020728,0.015633,0.006519,0.004711,0.001869,0.001770
Lake Baikal,Russia,clear,S2,107.721837,52.958381,0.025295,0.019677,0.010943,0.007979,0.005467,0.004385
Lake Baikal,Russia,clear,S2,108.875273,54.828673,0.023876,0.020573,0.010447,0.009197,0.003024,0.002322
Lake Baikal,Russia,clear,S2,107.945517,53.203621,0.023449,0.017699,0.009467,0.006960,0.004855,0.004524
Lake Baikal,Russia,clear,S2,106.269261,52.527190,0.019170,0.015735,0.007424,0.005720,0.002706,0.002544
Lake Baikal,Russia,clear,S2,107.956297,52.982635,0.020097,0.015991,0.008447,0.006163,0.004929,0.004287
Lake Baikal,Russia,clear,S2,108.694712,54.292379,0.024010,0.017701,0.009494,0.006337,0.004567,0.003284
Lake Baikal,Russia,clear,S2,107.697582,52.915262,0.024386,0.018891,0.009356,0.006675,0.004336,0.003451
Lake Baikal,Russia,clear,S2,104.800515,51.786079,0.018490,0.014702,0.005439,0.003919,0.001573,0.001366
Lake Baikal,Russia,clear,S2,105.328725,51.683672,0.020814,0.016097,0.006350,0.004285,0.001574,0.001353
Lake Baikal,Russia,clear,S2,108.767476,53.392267,0.020890,0.017126,0.007374,0.004579,0.002037,0.001874
Lake Baikal,Russia,clear,S2,106.684282,52.492155,0.023830,0.020651,0.010335,0.006452,0.003447,0.003010
Lake Baikal,Russia,clear,S2,104.671158,51.740265,0.020287,0.016584,0.007085,0.004727,0.002579,0.002271
Lake Baikal,Russia,clear,S2,107.374189,52.758955,0.024215,0.019378,0.010120,0.006788,0.004464,0.003657
Lake Baikal,Russia,clear,S2,107.640988,52.850583,0.024280,0.019473,0.010123,0.006730,0.004868,0.003647
Lake Baikal,Russia,clear,S2,109.470856,55.087388,0.021739,0.016239,0.006436,0.004121,0.002213,0.001655
Lake Baikal,Russia,clear,S2,109.322634,54.920302,0.024334,0.018798,0.008363,0.005304,0.002396,0.001686
Lake Baikal,Russia,clear,S2,106.722012,52.381663,0.029770,0.036522,0.024848,0.011119,0.004933,0.005102
Lake Baikal,Russia,clear,S2,106.164158,52.222661,0.023966,0.024026,0.010919,0.006684,0.003752,0.003344
Lake Baikal,Russia,clear,S2,109.287600,54.114513,0.022083,0.016115,0.006937,0.004638,0.001275,0.000883
Lake Baikal,Russia,clear,S2,108.126078,53.109298,0.022721,0.018167,0.009496,0.006028,0.004214,0.003598
Lake Baikal,Russia,clear,S2,109.284905,54.855623,0.024558,0.018125,0.007612,0.004704,0.001946,0.001686
Lake Baikal,Russia,clear,S2,108.894138,54.222311,0.020658,0.016034,0.006616,0.004119,0.002559,0.002222
Lake Baikal,Russia,clear,S2,109.449297,54.847538,0.024238,0.018204,0.007518,0.004687,0.002231,0.001824
Lake Baikal,Russia,clear,S2,109.681062,54.979590,0.019584,0.015589,0.006169,0.004747,0.001768,0.001646
Lake Baikal,Russia,clear,S2,104.043236,51.618993,0.021192,0.016944,0.007308,0.004990,0.002058,0.001562
Lake Baikal,Russia,clear,S2,107.810770,52.810159,0.018850,0.015915,0.007906,0.005369,0.004717,0.004241
Lake Baikal,Russia,clear,S2,108.058705,53.009585,0.021612,0.016862,0.009219,0.006501,0.004042,0.003618
Lake Baikal,Russia,clear,S2,109.319940,54.591518,0.024050,0.018252,0.008229,0.005591,0.002693,0.002147
Lake Baikal,Russia,clear,S2,108.134163,53.820764,0.027977,0.020366,0.010224,0.006582,0.003883,0.003464
Lake Baikal,Russia,clear,S2,104.539106,51.618993,0.021509,0.018044,0.007297,0.005040,0.001878,0.001516
Lake Baikal,Russia,clear,S2,107.592479,53.443471,0.022551,0.016968,0.008016,0.006000,0.003051,0.002316
Lake Baikal,Russia,clear,S2,109.721486,55.682971,0.020999,0.017993,0.007813,0.004463,0.002136,0.001751
Lake Baikal,Russia,clear,S2,108.487201,54.087563,0.019966,0.014371,0.005875,0.003576,0.002135,0.001949
Lake Baikal,Russia,clear,S2,106.231532,52.435561,0.019056,0.018029,0.007738,0.005018,0.003037,0.002693
Lake Baikal,Russia,clear,S2,109.691842,55.464681,0.020890,0.016004,0.006351,0.003541,0.002008,0.001617
Lake Baikal,Russia,clear,S2,108.581524,53.950121,0.022268,0.015885,0.006840,0.004065,0.002073,0.001612
Lake Baikal,Russia,clear,S2,109.260651,55.507800,0.024322,0.020468,0.011213,0.008171,0.002927,0.002219
Lake Baikal,Russia,clear,S2,108.654288,54.502585,0.023683,0.019035,0.009477,0.006913,0.002531,0.001993
Lake Baikal,Russia,clear,S2,109.085479,54.084868,0.023173,0.016170,0.007093,0.004329,0.002109,0.001609
Lake Baikal,Russia,clear,S2,108.958817,54.699316,0.021023,0.016421,0.006538,0.004200,0.002354,0.001923
Lake Baikal,Russia,clear,S2,108.896833,54.537619,0.020338,0.016757,0.005386,0.003101,0.002230,0.002139
Lake Baikal,Russia,clear,S2,109.484331,55.424256,0.023324,0.017649,0.007551,0.004750,0.001670,0.001381
Lake Baikal,Russia,clear,S2,109.333414,54.518755,0.024729,0.018379,0.008533,0.005753,0.003078,0.002601
Lake Baikal,Russia,clear,S2,108.263521,53.341063,0.020585,0.016522,0.008410,0.005989,0.004370,0.004101
Lake Baikal,Russia,clear,S2,105.711407,52.141812,0.023824,0.018525,0.008396,0.006086,0.002782,0.002450
Lake Baikal,Russia,clear,S2,108.964207,54.912217,0.024535,0.020585,0.010361,0.008231,0.002936,0.002184
Lake Baikal,Russia,clear,S2,108.797120,54.109123,0.020921,0.015689,0.006453,0.003749,0.002301,0.001980
Lake Baikal,Russia,clear,S2,108.643508,53.993240,0.021426,0.015583,0.006863,0.003968,0.001503,0.001399
Lake Baikal,Russia,clear,S2,108.894138,53.505455,0.021680,0.019551,0.010430,0.006937,0.002841,0.002239
Lake Baikal,Russia,clear,S2,108.700102,54.138767,0.022092,0.017362,0.006155,0.004115,0.003365,0.003142
Lake Baikal,Russia,clear,S2,108.177282,53.809984,0.024413,0.018164,0.008952,0.005996,0.003613,0.003002
Lake Baikal,Russia,clear,S2,108.322810,53.947426,0.024957,0.017645,0.008611,0.005716,0.003447,0.003241
Lake Baikal,Russia,clear,S2,109.050445,53.933951,0.021922,0.015257,0.007357,0.004911,0.002294,0.001643
Lake Baikal,Russia,clear,S2,107.325680,52.899092,0.023722,0.018687,0.009383,0.006688,0.004261,0.003722
Lake Baikal,Russia,clear,S2,108.166503,53.020365,0.022408,0.020216,0.010522,0.006844,0.003554,0.002846
Lake Baikal,Russia,clear,S2,107.355324,52.645767,0.021928,0.023604,0.012175,0.008104,0.003605,0.003008
Lake Baikal,Russia,clear,S2,105.460777,51.842673,0.022139,0.016611,0.007075,0.004492,0.001840,0.001627
Lake Baikal,Russia,clear,S2,108.807900,54.136072,0.021308,0.017520,0.007316,0.004578,0.003454,0.002766
Lake Baikal,Russia,clear,S2,109.117819,53.818069,0.024060,0.019903,0.009265,0.007214,0.003442,0.003082
Lake Baikal,Russia,clear,S2,104.512156,51.548924,0.019301,0.015977,0.005845,0.003837,0.001354,0.001222
Lake Baikal,Russia,clear,S2,108.236571,53.238655,0.022340,0.017053,0.008696,0.006335,0.004431,0.003658
Lake Baikal,Russia,clear,S2,108.093739,53.386877,0.022398,0.016467,0.008734,0.006425,0.005437,0.004907
Lake Baikal,Russia,clear,S2,109.338804,55.572478,0.025530,0.021517,0.011630,0.007941,0.003025,0.002016
Lake Baikal,Russia,clear,S2,107.387663,53.009585,0.025069,0.018774,0.009218,0.006534,0.003612,0.002966
Lake Baikal,Russia,clear,S2,105.905443,51.883098,0.022148,0.016734,0.007814,0.005620,0.002972,0.002588
Lake Baikal,Russia,clear,S2,104.673853,51.538144,0.017376,0.013281,0.005108,0.003746,0.001571,0.001474
Lake Baikal,Russia,clear,S2,104.972992,51.702536,0.017314,0.014313,0.005813,0.003746,0.001840,0.001547
Lake Baikal,Russia,clear,S2,109.330719,54.055224,0.021125,0.015252,0.006773,0.004430,0.001438,0.001422
Lake Baikal,Russia,clear,S2,104.867889,51.826504,0.018274,0.013476,0.005751,0.005597,0.002072,0.001707
Lake Baikal,Russia,clear,S2,105.908138,52.276560,0.021845,0.017566,0.007812,0.004910,0.002210,0.002085
Lake Baikal,Russia,clear,S2,108.155723,53.165892,0.022837,0.017548,0.009270,0.006174,0.004366,0.003878
Lake Baikal,Russia,clear,S2,108.635423,54.208836,0.022723,0.016215,0.008156,0.006050,0.003991,0.003822
Lake Baikal,Russia,clear,S2,104.501376,51.535450,0.019916,0.016566,0.006066,0.004227,0.001428,0.001142
Lake Baikal,Russia,clear,S2,107.942822,53.044619,0.021404,0.017058,0.009600,0.007084,0.005301,0.004369
Lake Baikal,Russia,clear,S2,104.889449,51.702536,0.016958,0.013410,0.005041,0.003123,0.001549,0.001291
Lake Baikal,Russia,clear,S2,107.657158,52.740090,0.020575,0.021192,0.010809,0.006690,0.005343,0.004682
Lake Baikal,Russia,clear,S2,106.848674,52.570309,0.022055,0.018022,0.008062,0.005572,0.003512,0.003019
Lake Baikal,Russia,clear,S2,109.104344,54.516060,0.025425,0.018387,0.007833,0.005016,0.001996,0.001749
Lake Baikal,Russia,clear,S2,109.338804,54.836758,0.023642,0.017561,0.007841,0.004786,0.002202,0.001831
Lake Baikal,Russia,clear,S2,105.379929,51.610908,0.018357,0.015875,0.006460,0.005319,0.001869,0.001614
Lake Baikal,Russia,clear,S2,109.276820,54.222311,0.023673,0.017781,0.008123,0.005292,0.002402,0.001733
Lake Baikal,Russia,clear,S2,105.034976,51.861538,0.021551,0.017226,0.007920,0.006506,0.002618,0.002034
Lake Baikal,Russia,clear,S2,107.479291,52.882922,0.021939,0.017999,0.009371,0.006265,0.003810,0.003482
Lake Baikal,Russia,clear,S2,108.166503,53.675237,0.019544,0.014311,0.006200,0.003824,0.002813,0.002133
Lake Baikal,Russia,clear,S2,105.560490,51.988200,0.022695,0.017395,0.008104,0.005674,0.002461,0.002048
Lake Baikal,Russia,clear,LS,107.996721,52.969161,0.006628,0.011246,0.001303,-0.000797,0.001352,0.001723
Lake Baikal,Russia,clear,LS,107.794600,52.855973,0.008371,0.010718,0.001483,-0.001028,0.000951,0.001032
Lake Baikal,Russia,clear,LS,108.427912,54.181886,0.013395,0.012715,-0.000044,-0.001408,0.000591,0.001162
Lake Baikal,Russia,clear,LS,109.651418,54.971505,0.011815,0.010811,0.000815,-0.001165,0.001077,0.001708
Lake Baikal,Russia,clear,LS,109.605604,54.941861,0.014727,0.011965,0.001349,-0.001078,0.000957,0.001311
Lake Baikal,Russia,clear,LS,108.069485,53.416522,0.010071,0.011063,0.001939,-0.000705,0.001610,0.001839
Lake Baikal,Russia,clear,LS,104.253441,51.699841,0.010816,0.010074,0.000722,-0.001049,0.000406,0.000844
Lake Baikal,Russia,clear,LS,104.663073,51.796859,0.008387,0.009548,0.000102,0.000329,0.001116,0.001706
Lake Baikal,Russia,clear,LS,108.376708,53.165892,0.005195,0.009957,0.000798,-0.000201,0.001495,0.001554
Lake Baikal,Russia,clear,LS,109.573264,55.497020,0.013495,0.013088,0.001898,-0.000960,0.001223,0.001361
Lake Baikal,Russia,clear,LS,106.889098,52.880228,0.009595,0.010631,0.000739,-0.001050,0.001803,0.001882
Lake Baikal,Russia,clear,LS,108.702797,53.408437,0.007541,0.010334,0.001221,-0.001089,0.001308,0.001420
Lake Baikal,Russia,clear,LS,109.759216,55.561699,0.009121,0.010942,0.000330,-0.001832,0.000868,0.001461
Lake Baikal,Russia,clear,LS,106.395923,52.578394,0.011632,0.011632,0.000687,-0.001228,0.001198,0.001699
Lake Baikal,Russia,clear,LS,105.994376,51.980116,0.009040,0.011109,0.000525,-0.000983,0.001957,0.002583
Lake Baikal,Russia,clear,LS,105.975512,52.125643,0.010691,0.011718,0.000895,-0.001041,0.002681,0.003553
Lake Baikal,Russia,clear,LS,107.762261,52.936821,0.008460,0.010821,0.001061,-0.000867,0.001482,0.002089
Lake Baikal,Russia,clear,LS,109.295685,54.416347,0.016751,0.013112,0.002298,-0.001148,0.001002,0.001318
Lake Baikal,Russia,clear,LS,108.950732,53.405742,0.006560,0.011154,0.002081,0.000482,0.002659,0.002636
Lake Baikal,Russia,clear,LS,108.120689,53.152417,0.008169,0.011031,0.001975,-0.000822,0.002086,0.002700
Lake Baikal,Russia,clear,LS,108.837544,54.192666,0.016658,0.012898,0.002199,-0.001249,0.001331,0.001472
Lake Baikal,Russia,clear,LS,108.061400,53.103908,0.007646,0.010831,0.001768,-0.000522,0.003322,0.003369
Lake Baikal,Russia,clear,LS,109.195972,55.106253,0.013847,0.012073,0.000418,-0.001241,0.001093,0.001705
Lake Baikal,Russia,clear,LS,108.616559,53.966291,0.017642,0.013319,0.002209,-0.001292,0.000746,0.001005
Lake Baikal,Russia,clear,LS,104.517546,51.767215,0.009273,0.010097,-0.000110,-0.000518,0.000776,0.001204
Lake Baikal,Russia,clear,LS,106.002461,52.319679,0.011995,0.012853,0.001486,-0.000976,0.001774,0.002276
Lake Baikal,Russia,clear,LS,108.729746,53.470421,0.007192,0.010426,0.001316,-0.000951,0.001425,0.001647
Lake Baikal,Russia,clear,LS,108.527625,53.413827,0.007205,0.010953,0.001840,-0.000591,0.002051,0.002452
Lake Baikal,Russia,clear,LS,104.843634,51.756435,0.008126,0.009594,0.000534,-0.000901,0.001596,0.002240
Lake Baikal,Russia,clear,LS,108.400963,53.939341,0.018897,0.014261,0.001653,-0.001286,0.000565,0.000913
Lake Baikal,Russia,clear,LS,107.490071,52.888312,0.008935,0.009938,0.001127,-0.000882,0.002310,0.002719
Lake Baikal,Russia,clear,LS,107.910483,53.265605,0.010539,0.010267,0.001232,-0.000840,0.001677,0.002123
Lake Baikal,Russia,clear,LS,108.616559,53.742610,0.010269,0.011199,0.000647,-0.001490,0.000904,0.001362
Lake Baikal,Russia,clear,LS,105.409573,51.977421,0.007339,0.009463,0.000229,-0.000512,0.002458,0.002953
Lake Baikal,Russia,clear,LS,108.654288,53.491980,0.006807,0.010471,0.001108,-0.001319,0.001101,0.001534
Lake Baikal,Russia,clear,LS,109.010021,54.125292,0.016996,0.013594,0.002053,-0.001179,0.000963,0.001435
Lake Baikal,Russia,clear,LS,108.134163,53.235960,0.008670,0.010664,0.001114,-0.000735,0.001898,0.002132
Lake Baikal,Russia,clear,LS,104.927178,51.546229,0.006676,0.008662,0.000007,-0.000859,0.001125,0.001456
Lake Baikal,Russia,clear,LS,109.080089,53.764170,0.009307,0.012991,0.000499,-0.000555,0.002300,0.002872
Lake Baikal,Russia,clear,LS,107.915873,53.101213,0.007786,0.009615,0.001118,-0.000835,0.002190,0.002692
Lake Baikal,Russia,clear,LS,109.430432,54.273515,0.010952,0.010750,0.001057,-0.001152,0.001240,0.001824
Lake Baikal,Russia,clear,LS,105.970122,52.133728,0.010127,0.012483,0.001010,-0.001109,0.002667,0.003287
Lake Baikal,Russia,clear,LS,106.708537,52.678107,0.009970,0.010608,0.000906,-0.001091,0.001513,0.002179
Lake Baikal,Russia,clear,LS,106.123734,52.265780,0.009968,0.014028,0.002090,-0.000879,0.002940,0.003621
Lake Baikal,Russia,clear,LS,104.369324,51.742960,0.008502,0.010104,-0.000169,-0.000882,0.000609,0.001006
Lake Baikal,Russia,clear,LS,108.656983,54.025580,0.017816,0.013063,0.002088,-0.001321,0.000710,0.000859
Lake Baikal,Russia,clear,LS,109.182497,55.230220,0.010122,0.014027,0.000175,-0.000484,0.002279,0.002791
Lake Baikal,Russia,clear,LS,107.355324,52.928737,0.010266,0.010204,0.000917,-0.001107,0.001379,0.001652
Lake Baikal,Russia,clear,LS,105.875799,52.144507,0.012360,0.012114,0.000812,-0.001467,0.001350,0.001649
Lake Baikal,Russia,clear,LS,108.012891,53.769560,0.013222,0.010276,0.000864,-0.000917,0.001013,0.001469
Lake Baikal,Russia,clear,LS,108.772866,53.311419,0.007129,0.009666,0.001202,-0.000051,0.001863,0.002096
Lake Baikal,Russia,clear,LS,108.770171,54.262735,0.016322,0.013288,0.002230,-0.001276,0.001188,0.001622
Lake Baikal,Russia,clear,LS,106.080615,52.470596,0.010898,0.010670,0.000509,-0.000776,0.001300,0.001678
Lake Baikal,Russia,clear,LS,109.069310,54.146852,0.016745,0.013517,0.002256,-0.000915,0.001250,0.001718
Lake Baikal,Russia,clear,LS,109.530145,55.055049,0.014464,0.012170,0.001259,-0.001155,0.001787,0.002187
Lake Baikal,Russia,clear,LS,109.605604,55.375747,0.017247,0.013745,0.001902,-0.001133,0.000796,0.000916
Lake Baikal,Russia,clear,LS,108.120689,53.586303,0.011771,0.011732,0.002217,-0.000485,0.001043,0.001353
Lake Baikal,Russia,clear,LS,105.005331,51.845368,0.007330,0.009129,0.000369,-0.000573,0.001631,0.002182
Lake Baikal,Russia,clear,LS,108.301250,54.074089,0.013664,0.011843,-0.000501,-0.001100,0.000614,0.001057
Lake Baikal,Russia,clear,LS,104.450172,51.694451,0.009627,0.009821,0.000330,-0.001314,0.000764,0.001494
Lake Baikal,Russia,clear,LS,105.916223,52.370883,0.011209,0.011022,0.001017,-0.000558,0.001296,0.001901
Lake Baikal,Russia,clear,LS,108.117994,53.723746,0.012474,0.011289,0.001094,-0.001491,0.000520,0.000785
Lake Baikal,Russia,clear,LS,107.824245,52.928737,0.008617,0.010952,0.001317,-0.001004,0.001381,0.001727
Lake Baikal,Russia,clear,LS,107.791905,52.861363,0.007660,0.010698,0.001546,-0.000852,0.001169,0.001239
Lake Baikal,Russia,clear,LS,109.279515,55.168237,0.013441,0.012659,0.001000,-0.001187,0.000907,0.001915
Lake Baikal,Russia,clear,LS,108.568050,53.877357,0.016222,0.012773,0.001733,-0.001281,0.000797,0.001121
Lake Baikal,Russia,clear,LS,109.578654,55.364968,0.016830,0.013916,0.001599,-0.001237,0.000740,0.001090
Lake Baikal,Russia,clear,LS,109.807725,55.696446,0.008304,0.011849,0.001544,-0.001337,0.000835,0.001495
Lake Baikal,Russia,clear,LS,109.740351,55.604818,0.009976,0.013084,0.001822,-0.001086,0.001279,0.001362
Lake Baikal,Russia,clear,LS,107.511631,52.788599,0.007832,0.009714,0.001146,-0.000745,0.002121,0.002349
Lake Baikal,Russia,clear,LS,109.077394,54.270820,0.018088,0.013330,0.002430,-0.000946,0.000851,0.001230
Lake Baikal,Russia,clear,LS,108.926477,54.491805,0.018793,0.013995,0.002453,-0.001157,0.000750,0.000952
Lake Baikal,Russia,clear,LS,107.597869,52.804769,0.008244,0.009821,0.001422,-0.000642,0.001564,0.001616
Lake Baikal,Russia,clear,LS,104.727752,51.726791,0.008698,0.010018,0.000531,-0.000932,0.001553,0.002083
Lake Baikal,Russia,clear,LS,109.449297,54.400177,0.009240,0.010463,0.000412,-0.000859,0.001207,0.001739
Lake Baikal,Russia,clear,LS,107.007676,52.820939,0.009397,0.009840,0.000839,-0.001106,0.001823,0.002120
Lake Baikal,Russia,clear,LS,106.075225,52.349323,0.010654,0.012124,0.001708,-0.001062,0.002018,0.002563
Lake Baikal,Russia,clear,LS,106.123734,52.155287,0.010258,0.013759,0.002144,-0.000771,0.002113,0.002790
Lake Baikal,Russia,clear,LS,107.417308,52.961076,0.010007,0.009994,0.001175,-0.000818,0.003150,0.003616
Lake Baikal,Russia,clear,LS,109.694537,55.189796,0.010864,0.011277,0.000481,-0.001090,0.001214,0.001755
Lake Baikal,Russia,clear,LS,105.608999,52.063659,0.008434,0.009360,0.000428,-0.000650,0.001449,0.001627
Lake Baikal,Russia,clear,LS,109.177107,54.198056,0.016654,0.012645,0.001994,-0.001439,0.000945,0.001351
Lake Baikal,Russia,clear,LS,107.282560,52.858668,0.010287,0.011432,0.001408,-0.000915,0.001908,0.002233
Lake Baikal,Russia,clear,LS,109.532840,55.230220,0.015518,0.012872,0.001539,-0.001537,0.000835,0.001354
Lake Baikal,Russia,clear,LS,109.155548,53.745305,0.008705,0.017333,0.001246,0.000091,0.004197,0.005031
Lake Baikal,Russia,clear,LS,104.355849,51.559704,0.010142,0.010654,0.000529,-0.000699,0.000645,0.001206
Lake Baikal,Russia,clear,LS,104.781651,51.850758,0.007954,0.009698,0.000768,0.001429,0.001938,0.002020
Lake Baikal,Russia,clear,LS,105.638643,51.815724,0.008866,0.009263,0.000628,-0.000603,0.002118,0.002315
Lake Baikal,Russia,clear,LS,106.064445,52.376273,0.009778,0.011827,0.001086,-0.001102,0.002037,0.002642
Lake Baikal,Russia,clear,LS,106.131819,52.470596,0.010671,0.011337,0.000972,-0.000913,0.001662,0.002047
Lake Baikal,Russia,clear,LS,109.257956,54.265430,0.015794,0.012249,0.001637,-0.001503,0.000866,0.001537
Lake Baikal,Russia,clear,LS,109.691842,54.922996,0.008864,0.009629,-0.000954,-0.001000,0.001238,0.001343
Lake Baikal,Russia,clear,LS,106.161463,52.263085,0.011248,0.015166,0.002600,-0.000792,0.002542,0.003253
Lake Baikal,Russia,clear,LS,108.815985,54.413652,0.017339,0.013857,0.002469,-0.000952,0.000647,0.001324
Lake Baikal,Russia,clear,LS,108.462947,53.599778,0.009781,0.010944,0.001508,-0.001165,0.001092,0.001476
Lake Baikal,Russia,clear,LS,108.182672,53.416522,0.009355,0.010718,0.001516,-0.000850,0.001551,0.001611
Lake Baikal,Russia,clear,LS,105.326030,51.818419,0.008328,0.009922,0.000855,-0.000550,0.002588,0.003131
Lake Baikal,Russia,clear,LS,108.562660,53.726441,0.009583,0.010516,0.000779,-0.001282,0.001105,0.001394
Lake Baikal,Russia,clear,LS,108.899528,54.200751,0.018295,0.013152,0.002276,-0.001326,0.001362,0.001465
Lake Baikal,Russia,clear,LS,107.799990,53.545879,0.010614,0.010357,0.000928,-0.000785,0.001977,0.002458
Lake Baikal,Russia,clear,LS,106.191107,52.481376,0.009948,0.011804,0.001422,-0.000929,0.002068,0.002573
Lake Baikal,Russia,clear,LS,108.489896,54.047139,0.018125,0.013636,0.001351,-0.001318,0.000722,0.001062
Lake Baikal,Russia,clear,LS,109.279515,55.486240,0.012380,0.013564,0.000993,-0.001734,0.000820,0.001667
Lake Baikal,Russia,clear,LS,108.082959,53.300639,0.010012,0.011653,0.001678,-0.000890,0.002195,0.002699
Lake Baikal,Russia,clear,LS,109.578654,55.750345,0.006036,0.013110,-0.000455,-0.001087,0.000856,0.001416
Lake Baikal,Russia,clear,LS,108.578829,53.901612,0.018078,0.013348,0.002170,-0.001068,0.000705,0.000870
Lake Baikal,Russia,clear,LS,108.514151,53.316809,0.007560,0.010546,0.001458,-0.000669,0.001866,0.002431
Lake Baikal,Russia,clear,LS,104.089050,51.707926,0.007278,0.009096,-0.000671,-0.001297,0.000087,0.000670
Lake Baikal,Russia,clear,LS,107.697582,53.168587,0.007990,0.008805,0.000239,-0.000915,0.001940,0.002433
Lake Baikal,Russia,clear,LS,106.328550,52.486765,0.012321,0.012120,0.001676,-0.001040,0.001617,0.001915
Lake Baikal,Russia,clear,LS,109.015411,54.604993,0.019448,0.014404,0.002797,-0.000885,0.000892,0.001169
Lake Baikal,Russia,clear,LS,109.093564,54.179191,0.016461,0.013449,0.002147,-0.001356,0.001044,0.001522
Lake Baikal,Russia,clear,LS,105.307165,51.600128,0.005828,0.009301,0.000220,0.000166,0.002103,0.002410
Lake Baikal,Russia,clear,LS,105.129299,51.869623,0.006888,0.008992,0.000222,-0.000538,0.002276,0.002654
Lake Baikal,Russia,clear,LS,108.635423,54.216921,0.017043,0.013716,0.001984,-0.001168,0.000922,0.001379
Lake Baikal,Russia,clear,LS,104.859804,51.699841,0.008651,0.010358,0.000698,-0.000965,0.001863,0.002332
Lake Baikal,Russia,clear,LS,108.891443,54.486415,0.019021,0.012983,0.002682,-0.000956,0.000725,0.001220
Lake Baikal,Russia,clear,LS,107.810770,53.365318,0.010123,0.009526,0.000293,-0.001082,0.001853,0.002194
Lake Baikal,Russia,clear,LS,109.109734,54.448686,0.017464,0.013624,0.002198,-0.001312,0.000924,0.001460
Lake Baikal,Russia,clear,LS,105.167028,51.678282,0.008508,0.010195,0.000852,-0.000594,0.002677,0.003158
Lake Baikal,Russia,clear,LS,109.344194,53.960901,0.008189,0.009921,-0.000075,-0.000749,0.001190,0.001437
Lake Baikal,Russia,clear,LS,109.686452,55.502410,0.010817,0.012576,0.001371,-0.001667,0.000807,0.001177
Lake Baikal,Russia,clear,LS,108.840239,53.990545,0.017255,0.012604,0.001940,-0.001094,0.000709,0.001017
Lake Baikal,Russia,clear,LS,109.195972,53.847713,0.007657,0.009560,-0.000249,-0.000997,0.001021,0.001508
Lake Baikal,Russia,clear,LS,104.972992,51.848063,0.007945,0.009866,0.000358,-0.000152,0.000914,0.001456
Lake Baikal,Russia,clear,LS,109.319940,55.319154,0.015577,0.012924,0.001342,-0.001230,0.000951,0.001307
Lake Baikal,Russia,clear,LS,107.271781,52.877533,0.009181,0.010897,0.001022,-0.001027,0.001737,0.002057
Lake Baikal,Russia,clear,LS,105.627864,52.015150,0.007411,0.009456,0.000723,-0.000771,0.001107,0.001561
Lake Baikal,Russia,clear,LS,108.123384,53.025755,0.007417,0.011546,0.001802,-0.000443,0.002293,0.002629
Lake Baikal,Russia,clear,LS,109.411568,55.440426,0.014450,0.013949,0.001664,-0.001310,0.000727,0.001271
Lake Baikal,Russia,clear,LS,106.848674,52.637682,0.010966,0.011619,0.001210,-0.001361,0.001410,0.001926
Lake Baikal,Russia,clear,LS,108.252741,53.756085,0.011747,0.010685,0.001194,-0.001269,0.000975,0.001231
Lake Baikal,Russia,clear,LS,105.662898,51.694451,0.006935,0.009816,0.000414,-0.000521,0.000854,0.000893
Lake Baikal,Russia,clear,LS,106.059055,52.489460,0.010637,0.010014,0.000425,-0.000679,0.001102,0.001850
Lake Baikal,Russia,clear,LS,109.311855,54.637332,0.016659,0.013737,0.001936,-0.001163,0.000950,0.001284
Lake Baikal,Russia,clear,LS,109.543620,54.685841,0.011032,0.009453,0.000227,-0.001282,0.000886,0.001367
Lake Baikal,Russia,clear,LS,109.476246,55.488935,0.016890,0.013591,0.001940,-0.001208,0.000949,0.001256
Lake Baikal,Russia,clear,LS,104.269611,51.578569,0.011076,0.011063,0.000746,-0.000807,0.000747,0.000980
Lake Baikal,Russia,clear,LS,109.292990,54.322024,0.016721,0.012665,0.002093,-0.001111,0.000834,0.001493
Lake Baikal,Russia,clear,LS,105.983597,52.473291,0.008680,0.010251,0.000337,-0.000076,0.001523,0.001936
Lake Baikal,Russia,clear,LS,107.853889,52.966466,0.007545,0.009949,0.000480,-0.001321,0.001076,0.001371
Lake Baikal,Russia,clear,LS,108.411743,53.297944,0.007514,0.010461,0.001361,-0.000710,0.001695,0.002147
Lake Baikal,Russia,clear,LS,105.943172,52.147202,0.010750,0.012856,0.001144,-0.001103,0.001703,0.002055
Lake Baikal,Russia,clear,LS,105.199367,51.678282,0.008270,0.010836,0.000746,-0.000511,0.002215,0.002510
Lake Baikal,Russia,clear,LS,108.713577,54.014800,0.017431,0.012895,0.001810,-0.001176,0.000460,0.000787
Lake Baikal,Russia,clear,LS,108.589609,53.629422,0.009898,0.010540,0.001151,-0.000895,0.001253,0.001660
Lake Baikal,Russia,clear,LS,109.123208,54.863708,0.017958,0.013854,0.001881,-0.001275,0.000905,0.001259
Lake Baikal,Russia,clear,LS,105.681763,52.109473,0.008189,0.010569,0.001075,-0.000664,0.002996,0.003130
Lake Baikal,Russia,clear,LS,108.864494,53.365318,0.003951,0.008834,0.000601,-0.000661,0.001378,0.001768
Lake Baikal,Russia,clear,LS,105.369149,51.796859,0.008619,0.010205,0.001398,-0.000493,0.002225,0.002663
Lake Baikal,Russia,clear,LS,106.514501,52.589173,0.011255,0.011509,0.001283,-0.001091,0.001235,0.001343
Lake Baikal,Russia,clear,LS,107.886228,53.195536,0.011234,0.010698,0.001401,-0.000942,0.001259,0.001509
Lake Baikal,Russia,clear,LS,107.719142,52.944906,0.008615,0.009096,0.000901,-0.000828,0.002331,0.002565
Lake Baikal,Russia,clear,LS,106.544145,52.543359,0.010196,0.010999,0.001332,-0.001208,0.001709,0.002209
Lake Baikal,Russia,clear,LS,109.411568,54.111818,0.013600,0.012176,0.001004,-0.001065,0.000901,0.001362
Lake Baikal,Russia,clear,LS,109.446602,54.459466,0.011356,0.010383,0.000774,-0.001214,0.001026,0.001357
Lake Baikal,Russia,clear,LS,109.063920,54.189971,0.017076,0.013018,0.001855,-0.001181,0.001381,0.001459
Lake Baikal,Russia,clear,LS,108.969597,54.548399,0.019368,0.013759,0.002722,-0.000875,0.000613,0.000953
Lake Baikal,Russia,clear,LS,109.217532,54.933776,0.018753,0.014390,0.002813,-0.000587,0.001015,0.001299
Lake Baikal,Russia,clear,LS,107.999416,52.993415,0.007324,0.011279,0.001885,-0.000622,0.001734,0.001749
Lake Baikal,Russia,clear,LS,108.789035,53.861188,0.014669,0.012253,0.001901,-0.000600,0.000971,0.001074
Lake Baikal,Russia,clear,LS,104.840940,51.794164,0.008291,0.009792,0.000067,-0.001114,0.001871,0.002535
Lake Baikal,Russia,clear,LS,105.471557,52.050184,0.009776,0.014851,0.006229,0.009832,0.007439,0.005700
Lake Baikal,Russia,clear,LS,106.897183,53.074264,0.007558,0.009613,0.000128,-0.000482,0.003437,0.003244
Lake Baikal,Russia,clear,LS,107.603259,52.904482,0.008127,0.009915,0.001232,-0.000749,0.001500,0.001678
Lake Baikal,Russia,clear,LS,109.686452,55.461986,0.016117,0.012727,0.001499,-0.001358,0.000810,0.001005
Lake Baikal,Russia,clear,LS,104.142949,51.718706,0.009908,0.009640,0.000462,-0.000788,0.000452,0.000640
Lake Baikal,Russia,clear,LS,105.191282,51.680977,0.009076,0.010059,0.000667,-0.000563,0.001582,0.002042
Lake Baikal,Russia,clear,LS,108.710882,53.979765,0.017142,0.012475,0.001463,-0.001491,0.000540,0.000789
Lake Baikal,Russia,clear,LS,106.759741,52.605343,0.012092,0.011868,0.001716,-0.001017,0.001057,0.001423
Lake Baikal,Russia,clear,LS,108.948037,54.311244,0.017973,0.013058,0.002254,-0.001085,0.000912,0.001353
Lake Baikal,Russia,clear,LS,109.584044,55.715311,0.008403,0.012616,0.000290,-0.001065,0.001217,0.001610
Lake Baikal,Russia,clear,LS,108.573440,53.424607,0.008685,0.011010,0.001728,-0.000748,0.001663,0.002064
Lake Baikal,Russia,clear,LS,109.468162,55.408087,0.017159,0.014390,0.002275,-0.001268,0.000872,0.001096
Lake Baikal,Russia,clear,LS,109.053140,54.607688,0.018308,0.013679,0.002465,-0.000852,0.001029,0.001380
Lake Baikal,Russia,clear,LS,107.764956,53.306029,0.008277,0.008657,-0.000018,-0.000626,0.002308,0.002563
Lake Baikal,Russia,clear,LS,105.231707,51.702536,0.009303,0.011216,0.001071,-0.000703,0.002139,0.002685
Lake Baikal,Russia,clear,LS,105.617084,52.074439,0.007706,0.009286,0.000379,-0.000676,0.001404,0.001656
Lake Baikal,Russia,clear,LS,105.584745,51.748350,0.007389,0.009675,0.000767,-0.000881,0.002450,0.002717
Lake Baikal,Russia,clear,LS,108.961512,54.462161,0.018515,0.012825,0.002501,-0.001082,0.000667,0.001266
Lake Baikal,Russia,clear,LS,109.621773,55.653327,0.009736,0.011823,0.000355,-0.001547,0.001533,0.001676
Lake Baikal,Russia,clear,LS,105.843459,51.783385,0.011030,0.011199,0.001094,-0.000756,0.001397,0.001745
Lake Baikal,Russia,clear,LS,105.619779,51.672892,0.005750,0.007759,0.000174,0.000363,0.002239,0.002287
Lake Baikal,Russia,clear,LS,109.096259,54.012105,0.014978,0.012218,0.001644,-0.001065,0.000839,0.001328
Lake Baikal,Russia,clear,LS,109.646028,54.974200,0.012069,0.010537,0.000561,-0.001055,0.000915,0.001550
Lake Baikal,Russia,clear,LS,105.854239,51.877708,0.011187,0.011633,0.001324,-0.000822,0.001379,0.002014
Lake Baikal,Russia,clear,LS,107.058880,52.637682,0.008032,0.010378,0.001199,-0.001017,0.001372,0.001576
Lake Baikal,Russia,clear,LS,108.223097,53.138942,0.008978,0.013343,0.002569,-0.000424,0.002819,0.003408
Lake Baikal,Russia,clear,LS,109.535535,54.761300,0.012946,0.011468,0.001265,-0.001203,0.000949,0.001403
Lake Baikal,Russia,clear,LS,109.328024,55.532054,0.009940,0.013975,0.000984,-0.001307,0.001370,0.001799
Lake Baikal,Russia,clear,LS,107.589784,53.405742,0.009124,0.010382,0.001014,-0.000896,0.001320,0.001585
Lake Baikal,Russia,clear,LS,105.560490,51.958556,0.009735,0.010884,0.000826,-0.001072,0.001967,0.002276
Lake Baikal,Russia,clear,LS,109.689147,55.321848,0.014469,0.011915,0.000967,-0.001259,0.000929,0.001134
Lake Baikal,Russia,clear,LS,109.001936,54.979590,0.012442,0.011195,-0.000881,-0.001327,0.000861,0.001645
Lake Baikal,Russia,clear,LS,109.338804,55.014625,0.017905,0.014013,0.002815,-0.000790,0.001220,0.001576
Lake Baikal,Russia,clear,LS,109.303770,53.979765,0.008995,0.010754,0.000288,-0.001486,0.000942,0.001363
Lake Baikal,Russia,clear,LS,107.010371,52.578394,0.008897,0.011418,0.001468,-0.001167,0.001388,0.001936
Lake Baikal,Russia,clear,LS,104.027066,51.691756,0.006165,0.008346,-0.000600,-0.001406,0.000166,0.000880
Lake Baikal,Russia,clear,LS,104.886754,51.710621,0.009663,0.010109,0.001121,-0.000765,0.001891,0.002422
Lake Baikal,Russia,clear,LS,108.452167,53.454251,0.010734,0.011442,0.002082,-0.000711,0.001616,0.002091
Lake Baikal,Russia,clear,LS,107.902398,52.791294,0.007132,0.011785,0.001516,-0.000478,0.001377,0.001670
Lake Baikal,Russia,clear,LS,105.716797,51.853453,0.008410,0.011110,0.000928,-0.001030,0.001298,0.002090
Lake Baikal,Russia,clear,LS,108.786340,54.028274,0.017229,0.012602,0.001768,-0.001340,0.000688,0.000908
Lake Baikal,Russia,clear,LS,108.853714,54.192666,0.018706,0.013230,0.002589,-0.000788,0.001538,0.001627
Lake Baikal,Russia,clear,LS,109.266041,55.321848,0.012567,0.012565,0.001184,-0.001135,0.001226,0.001694
Lake Baikal,Russia,clear,LS,105.131994,51.831894,0.008149,0.010293,0.001007,-0.000513,0.002424,0.002711
Lake Baikal,Russia,clear,LS,108.557270,54.047139,0.018398,0.014055,0.002203,-0.000984,0.000689,0.000913
Lake Baikal,Russia,clear,LS,108.969597,54.904132,0.013418,0.012134,-0.000064,-0.001493,0.000548,0.001159
Lake Baikal,Russia,clear,LS,107.228662,53.241350,0.010548,0.010303,0.000332,-0.000925,0.001317,0.001473
Lake Baikal,Russia,clear,LS,106.527976,52.661937,0.010354,0.010226,0.000418,-0.001106,0.001656,0.001831
Lake Baikal,Russia,clear,LS,108.010196,53.095823,0.007745,0.010484,0.001129,-0.000903,0.003722,0.004472
Lake Baikal,Russia,clear,LS,108.217707,53.182061,0.008296,0.012448,0.002162,-0.000674,0.001099,0.001174
Lake Baikal,Russia,clear,LS,109.672977,55.604818,0.011101,0.012051,0.001548,-0.001784,0.001107,0.001597
Lake Baikal,Russia,clear,LS,109.562485,54.882572,0.015357,0.011966,0.001195,-0.001143,0.001221,0.001554
Lake Baikal,Russia,clear,LS,105.627864,51.721401,0.007379,0.009141,0.000651,-0.000555,0.001067,0.001228
Lake Baikal,Russia,clear,LS,107.721837,52.958381,0.007559,0.009068,0.000826,-0.001149,0.001826,0.002094
Lake Baikal,Russia,clear,LS,108.875273,54.828673,0.014920,0.012814,0.000583,-0.001139,0.000658,0.001316
Lake Baikal,Russia,clear,LS,107.945517,53.203621,0.009222,0.010879,0.000791,-0.001187,0.001241,0.001596
Lake Baikal,Russia,clear,LS,106.269261,52.527190,0.012155,0.011573,0.001187,-0.000952,0.001438,0.001950
Lake Baikal,Russia,clear,LS,107.956297,52.982635,0.009133,0.012171,0.002420,-0.000646,0.002292,0.002495
Lake Baikal,Russia,clear,LS,108.694712,54.292379,0.017835,0.013620,0.002386,-0.001381,0.001107,0.001403
Lake Baikal,Russia,clear,LS,107.697582,52.915262,0.007898,0.009240,0.000667,-0.001280,0.001559,0.001657
Lake Baikal,Russia,clear,LS,104.800515,51.786079,0.008004,0.010166,0.000366,-0.000709,0.002031,0.002530
Lake Baikal,Russia,clear,LS,105.328725,51.683672,0.007902,0.009973,0.000825,-0.000823,0.002492,0.003004
Lake Baikal,Russia,clear,LS,108.767476,53.392267,0.007708,0.010931,0.001625,-0.000898,0.001683,0.002045
Lake Baikal,Russia,clear,LS,106.684282,52.492155,0.010963,0.012873,0.001789,-0.001284,0.001329,0.001652
Lake Baikal,Russia,clear,LS,104.671158,51.740265,0.009295,0.010143,0.000527,-0.000954,0.001427,0.002072
Lake Baikal,Russia,clear,LS,107.374189,52.758955,0.007846,0.010492,0.001082,-0.000929,0.002267,0.002230
Lake Baikal,Russia,clear,LS,107.640988,52.850583,0.008869,0.009975,0.001206,-0.000855,0.001655,0.001588
Lake Baikal,Russia,clear,LS,109.470856,55.087388,0.017635,0.013582,0.001523,-0.001496,0.001470,0.001941
Lake Baikal,Russia,clear,LS,109.322634,54.920302,0.018603,0.013057,0.002302,-0.001283,0.000993,0.001450
Lake Baikal,Russia,clear,LS,106.722012,52.381663,0.010509,0.022925,0.012410,-0.000223,0.002520,0.002857
Lake Baikal,Russia,clear,LS,106.164158,52.222661,0.010601,0.017068,0.002630,-0.001141,0.002687,0.003172
Lake Baikal,Russia,clear,LS,109.287600,54.114513,0.015768,0.012434,0.001943,-0.000855,0.000939,0.001290
Lake Baikal,Russia,clear,LS,108.126078,53.109298,0.006765,0.011374,0.001806,-0.000329,0.001797,0.001864
Lake Baikal,Russia,clear,LS,109.284905,54.855623,0.017595,0.013365,0.001617,-0.001406,0.000941,0.001401
Lake Baikal,Russia,clear,LS,108.894138,54.222311,0.017743,0.012738,0.001850,-0.001400,0.001029,0.001501
Lake Baikal,Russia,clear,LS,109.449297,54.847538,0.016650,0.013099,0.002216,-0.000889,0.000921,0.001286
Lake Baikal,Russia,clear,LS,109.681062,54.979590,0.009383,0.010161,-0.000400,-0.000791,0.001045,0.001974
Lake Baikal,Russia,clear,LS,104.043236,51.618993,0.006092,0.009222,-0.000517,-0.001371,0.000436,0.000799
Lake Baikal,Russia,clear,LS,107.810770,52.810159,0.007472,0.012899,0.002426,-0.000830,0.001381,0.001764
Lake Baikal,Russia,clear,LS,108.058705,53.009585,0.008511,0.011935,0.002259,-0.000422,0.001584,0.002121
Lake Baikal,Russia,clear,LS,109.319940,54.591518,0.015890,0.013267,0.002088,-0.000685,0.001226,0.001365
Lake Baikal,Russia,clear,LS,108.134163,53.820764,0.011200,0.010319,0.000788,-0.000874,0.001046,0.001331
Lake Baikal,Russia,clear,LS,104.539106,51.618993,0.011208,0.010743,0.000835,-0.001140,0.000604,0.000994
Lake Baikal,Russia,clear,LS,107.592479,53.443471,0.010891,0.010632,0.001178,-0.000466,0.001491,0.001827
Lake Baikal,Russia,clear,LS,109.721486,55.682971,0.008741,0.011895,0.000624,-0.001422,0.001639,0.001828
Lake Baikal,Russia,clear,LS,108.487201,54.087563,0.019470,0.013881,0.001903,-0.000952,0.000590,0.000766
Lake Baikal,Russia,clear,LS,106.231532,52.435561,0.010049,0.013321,0.002354,-0.000854,0.002427,0.002803
Lake Baikal,Russia,clear,LS,109.691842,55.464681,0.013153,0.012478,0.001144,-0.001416,0.000714,0.000990
Lake Baikal,Russia,clear,LS,108.581524,53.950121,0.018826,0.013485,0.002271,-0.001159,0.000824,0.000932
Lake Baikal,Russia,clear,LS,109.260651,55.507800,0.010228,0.011626,0.000152,-0.001993,0.000857,0.001360
Lake Baikal,Russia,clear,LS,108.654288,54.502585,0.014953,0.012279,0.000514,-0.001309,0.001162,0.001486
Lake Baikal,Russia,clear,LS,109.085479,54.084868,0.015976,0.013015,0.001851,-0.001097,0.001052,0.001410
Lake Baikal,Russia,clear,LS,108.958817,54.699316,0.016389,0.012615,0.001468,-0.001483,0.000725,0.001170
Lake Baikal,Russia,clear,LS,108.896833,54.537619,0.019221,0.013627,0.002447,-0.001136,0.000636,0.000961
Lake Baikal,Russia,clear,LS,109.484331,55.424256,0.016896,0.014424,0.002444,-0.001193,0.000800,0.001053
Lake Baikal,Russia,clear,LS,109.333414,54.518755,0.016418,0.012542,0.002411,-0.000909,0.001042,0.001222
Lake Baikal,Russia,clear,LS,108.263521,53.341063,0.008988,0.010854,0.001257,-0.000791,0.001521,0.001877
Lake Baikal,Russia,clear,LS,105.711407,52.141812,0.008319,0.009770,0.000757,-0.000405,0.002345,0.002799
Lake Baikal,Russia,clear,LS,108.964207,54.912217,0.012314,0.012190,0.000674,-0.000948,0.000784,0.001293
Lake Baikal,Russia,clear,LS,108.797120,54.109123,0.017869,0.012927,0.002049,-0.001391,0.001010,0.001346
Lake Baikal,Russia,clear,LS,108.643508,53.993240,0.016161,0.012657,0.002033,-0.001329,0.000684,0.001069
Lake Baikal,Russia,clear,LS,108.894138,53.505455,0.007678,0.010986,0.001681,-0.000618,0.001197,0.001595
Lake Baikal,Russia,clear,LS,108.700102,54.138767,0.018941,0.013771,0.002623,-0.000745,0.001070,0.001252
Lake Baikal,Russia,clear,LS,108.177282,53.809984,0.013273,0.012121,0.001429,-0.001122,0.000887,0.001261
Lake Baikal,Russia,clear,LS,108.322810,53.947426,0.017286,0.013182,0.001545,-0.001243,0.000817,0.001321
Lake Baikal,Russia,clear,LS,109.050445,53.933951,0.014582,0.011214,0.001424,-0.000804,0.000901,0.001087
Lake Baikal,Russia,clear,LS,107.325680,52.899092,0.009700,0.010489,0.001346,-0.000854,0.002239,0.002046
Lake Baikal,Russia,clear,LS,108.166503,53.020365,0.007820,0.012023,0.002259,-0.000544,0.001818,0.002202
Lake Baikal,Russia,clear,LS,107.355324,52.645767,0.006935,0.014167,0.003179,-0.000430,0.002446,0.002738
Lake Baikal,Russia,clear,LS,105.460777,51.842673,0.009953,0.009675,0.001365,-0.000635,0.002309,0.002656
Lake Baikal,Russia,clear,LS,108.807900,54.136072,0.017900,0.012634,0.002054,-0.001415,0.001037,0.001223
Lake Baikal,Russia,clear,LS,109.117819,53.818069,0.009722,0.010609,0.000448,-0.001175,0.001733,0.002455
Lake Baikal,Russia,clear,LS,104.512156,51.548924,0.009771,0.010239,0.000324,-0.000903,0.000381,0.000743
Lake Baikal,Russia,clear,LS,108.236571,53.238655,0.010708,0.011410,0.001588,-0.000692,0.001803,0.002119
Lake Baikal,Russia,clear,LS,108.093739,53.386877,0.010634,0.011003,0.001752,-0.000666,0.002182,0.002441
Lake Baikal,Russia,clear,LS,109.338804,55.572478,0.008184,0.015399,0.000691,-0.001038,0.001236,0.001512
Lake Baikal,Russia,clear,LS,107.387663,53.009585,0.009747,0.009891,0.000355,-0.001001,0.001512,0.001637
Lake Baikal,Russia,clear,LS,105.905443,51.883098,0.009739,0.011198,0.000973,-0.001114,0.001390,0.001952
Lake Baikal,Russia,clear,LS,104.673853,51.538144,0.009123,0.010211,0.000401,-0.000879,0.000620,0.000808
Lake Baikal,Russia,clear,LS,104.972992,51.702536,0.009588,0.010399,0.000534,-0.000824,0.001874,0.002153
Lake Baikal,Russia,clear,LS,109.330719,54.055224,0.013417,0.012177,0.001475,-0.000989,0.001099,0.001369
Lake Baikal,Russia,clear,LS,104.867889,51.826504,0.007207,0.009226,-0.000451,-0.000613,0.001801,0.002285
Lake Baikal,Russia,clear,LS,105.908138,52.276560,0.010629,0.011465,0.001275,-0.000769,0.001977,0.002450
Lake Baikal,Russia,clear,LS,108.155723,53.165892,0.007749,0.011184,0.001502,-0.000698,0.001738,0.001813
Lake Baikal,Russia,clear,LS,108.635423,54.208836,0.015755,0.013115,0.000942,-0.001863,0.000877,0.001273
Lake Baikal,Russia,clear,LS,104.501376,51.535450,0.008973,0.009574,0.000373,-0.000956,0.000532,0.000885
Lake Baikal,Russia,clear,LS,107.942822,53.044619,0.007401,0.010951,0.001608,-0.000784,0.002864,0.003121
Lake Baikal,Russia,clear,LS,104.889449,51.702536,0.010313,0.010631,0.001009,-0.000774,0.001648,0.002322
Lake Baikal,Russia,clear,LS,107.657158,52.740090,0.007318,0.013057,0.001319,-0.000700,0.001133,0.001726
Lake Baikal,Russia,clear,LS,106.848674,52.570309,0.010601,0.011868,0.001541,-0.001133,0.001163,0.001377
Lake Baikal,Russia,clear,LS,109.104344,54.516060,0.019642,0.014012,0.002614,-0.001057,0.000811,0.001182
Lake Baikal,Russia,clear,LS,109.338804,54.836758,0.017196,0.013318,0.001800,-0.000738,0.000683,0.001178
Lake Baikal,Russia,clear,LS,105.379929,51.610908,0.006159,0.008747,-0.000037,-0.000086,0.001139,0.001538
Lake Baikal,Russia,clear,LS,109.276820,54.222311,0.015728,0.012195,0.001761,-0.001107,0.001039,0.001260
Lake Baikal,Russia,clear,LS,105.034976,51.861538,0.007341,0.009116,0.000041,-0.000450,0.001906,0.002275
Lake Baikal,Russia,clear,LS,107.479291,52.882922,0.009420,0.010143,0.001384,-0.000628,0.001806,0.001880
Lake Baikal,Russia,clear,LS,108.166503,53.675237,0.012141,0.011667,0.001990,-0.000999,0.000782,0.001029
Lake Baikal,Russia,clear,LS,105.560490,51.988200,0.008583,0.009423,0.000234,-0.001035,0.001949,0.002406
Lake Malawi,Malawi/Mozambique,clear,S2,34.438174,-11.105872,0.035588,0.026134,0.017273,0.012802,0.007423,0.005692
Lake Malawi,Malawi/Mozambique,clear,S2,34.529802,-12.412921,0.033533,0.026442,0.017697,0.013391,0.010370,0.009325
Lake Malawi,Malawi/Mozambique,clear,S2,34.618735,-13.870886,0.040664,0.036427,0.019411,0.014299,0.007499,0.006452
Lake Malawi,Malawi/Mozambique,clear,S2,34.675329,-12.924960,0.031526,0.024078,0.016552,0.012813,0.010312,0.009496
Lake Malawi,Malawi/Mozambique,clear,S2,34.252223,-12.453345,0.040866,0.031609,0.019096,0.014577,0.009165,0.007609
Lake Malawi,Malawi/Mozambique,clear,S2,34.386970,-13.113607,0.041326,0.036119,0.019836,0.014144,0.008029,0.006483
Lake Malawi,Malawi/Mozambique,clear,S2,34.605261,-13.951735,0.040842,0.034199,0.019409,0.013274,0.007505,0.006829
Lake Malawi,Malawi/Mozambique,clear,S2,34.688804,-11.782303,0.031288,0.023582,0.015097,0.010892,0.006176,0.005206
Lake Malawi,Malawi/Mozambique,clear,S2,34.203714,-10.230014,0.030597,0.022982,0.014427,0.011122,0.005696,0.004519
Lake Malawi,Malawi/Mozambique,clear,S2,34.680719,-13.234879,0.033293,0.026122,0.018228,0.014089,0.009892,0.008963
Lake Malawi,Malawi/Mozambique,clear,S2,35.233183,-14.331722,0.044145,0.041201,0.023529,0.017499,0.010348,0.008862
Lake Malawi,Malawi/Mozambique,clear,S2,34.788517,-11.596352,0.032152,0.024105,0.017202,0.012879,0.007121,0.005861
Lake Malawi,Malawi/Mozambique,clear,S2,34.669939,-11.825422,0.031384,0.024385,0.016425,0.012522,0.007993,0.006942
Lake Malawi,Malawi/Mozambique,clear,S2,35.146945,-14.113431,0.039481,0.035077,0.021824,0.018063,0.011177,0.010322
Lake Malawi,Malawi/Mozambique,clear,S2,34.845111,-12.035628,0.033036,0.026508,0.016290,0.013309,0.006357,0.005565
Lake Malawi,Malawi/Mozambique,clear,S2,34.287257,-11.011549,0.033261,0.024675,0.015698,0.012383,0.006593,0.005087
Lake Malawi,Malawi/Mozambique,clear,S2,34.411225,-13.412746,0.037888,0.032493,0.017104,0.011460,0.005759,0.004743
Lake Malawi,Malawi/Mozambique,clear,S2,34.834331,-11.545148,0.033966,0.025349,0.016832,0.012744,0.006595,0.005087
Lake Malawi,Malawi/Mozambique,clear,S2,34.462429,-11.580182,0.034695,0.025366,0.017771,0.012954,0.007543,0.006011
Lake Malawi,Malawi/Mozambique,clear,S2,34.405835,-12.310513,0.036452,0.028034,0.020007,0.015037,0.010986,0.009778
Lake Malawi,Malawi/Mozambique,clear,S2,35.106521,-14.167330,0.038124,0.031456,0.018915,0.014764,0.009081,0.008125
Lake Malawi,Malawi/Mozambique,clear,S2,34.545972,-12.191935,0.033612,0.025122,0.018360,0.014187,0.010339,0.008836
Lake Malawi,Malawi/Mozambique,clear,S2,34.839721,-13.391186,0.032625,0.024846,0.016480,0.013853,0.008496,0.007219
Lake Malawi,Malawi/Mozambique,clear,S2,34.955604,-14.110736,0.037350,0.029964,0.018244,0.013263,0.006151,0.005319
Lake Malawi,Malawi/Mozambique,clear,S2,34.589091,-12.658161,0.030558,0.022153,0.014895,0.011373,0.008419,0.007086
Lake Malawi,Malawi/Mozambique,clear,S2,34.349241,-11.604437,0.034533,0.025450,0.016757,0.012629,0.006158,0.004848
Lake Malawi,Malawi/Mozambique,clear,S2,34.659160,-11.995204,0.029968,0.021778,0.014233,0.010781,0.006355,0.005220
Lake Malawi,Malawi/Mozambique,clear,S2,34.869365,-13.868191,0.035554,0.027633,0.017081,0.012450,0.007217,0.006031
Lake Malawi,Malawi/Mozambique,clear,S2,34.451649,-10.596527,0.029977,0.021336,0.014035,0.010573,0.006773,0.005880
Lake Malawi,Malawi/Mozambique,clear,S2,34.796602,-13.251049,0.033071,0.026736,0.018718,0.015375,0.010445,0.009059
Lake Malawi,Malawi/Mozambique,clear,S2,34.446259,-13.552883,0.042165,0.040384,0.020226,0.012971,0.006493,0.005128
Lake Malawi,Malawi/Mozambique,clear,S2,34.578311,-11.186720,0.033846,0.025514,0.016489,0.012716,0.007023,0.005164
Lake Malawi,Malawi/Mozambique,clear,S2,34.351936,-10.184200,0.029545,0.021716,0.012919,0.009363,0.004534,0.003413
Lake Malawi,Malawi/Mozambique,clear,S2,34.222578,-10.275829,0.031271,0.022575,0.014418,0.010819,0.005658,0.004723
Lake Malawi,Malawi/Mozambique,clear,S2,34.416614,-12.359022,0.034677,0.026535,0.018733,0.014394,0.010722,0.009660
Lake Malawi,Malawi/Mozambique,clear,S2,34.055492,-12.235054,0.041066,0.032244,0.019831,0.015012,0.006596,0.005282
Lake Malawi,Malawi/Mozambique,clear,S2,34.481293,-13.520543,0.036495,0.031131,0.016368,0.010805,0.005332,0.004380
Lake Malawi,Malawi/Mozambique,clear,S2,34.257613,-11.027718,0.036165,0.026669,0.017686,0.014241,0.006931,0.005252
Lake Malawi,Malawi/Mozambique,clear,S2,34.351936,-12.903401,0.044941,0.046896,0.026757,0.015274,0.009119,0.007922
Lake Malawi,Malawi/Mozambique,clear,S2,34.289952,-10.946870,0.035066,0.025121,0.016402,0.012601,0.007073,0.005743
Lake Malawi,Malawi/Mozambique,clear,S2,34.079746,-10.027894,0.035313,0.026456,0.016620,0.012956,0.007276,0.005854
Lake Malawi,Malawi/Mozambique,clear,S2,34.575616,-13.164810,0.033717,0.026049,0.016284,0.012734,0.008174,0.006828
Lake Malawi,Malawi/Mozambique,clear,S2,34.796602,-11.625996,0.031964,0.023800,0.016577,0.013014,0.007535,0.005963
Lake Malawi,Malawi/Mozambique,clear,S2,34.648380,-11.407706,0.034901,0.026809,0.019508,0.014104,0.009687,0.008710
Lake Malawi,Malawi/Mozambique,clear,S2,34.416614,-10.822903,0.028132,0.020140,0.013534,0.010180,0.005910,0.004980
Lake Malawi,Malawi/Mozambique,clear,S2,34.176764,-12.135341,0.038752,0.028266,0.017874,0.012448,0.007366,0.005802
Lake Malawi,Malawi/Mozambique,clear,S2,34.427394,-10.348592,0.027455,0.019351,0.012300,0.009854,0.006130,0.005419
Lake Malawi,Malawi/Mozambique,clear,S2,34.818161,-13.784648,0.035748,0.028694,0.017596,0.013295,0.007779,0.006793
Lake Malawi,Malawi/Mozambique,clear,S2,34.572921,-11.547843,0.035405,0.025986,0.019167,0.014669,0.010306,0.008896
Lake Malawi,Malawi/Mozambique,clear,S2,34.502853,-10.774394,0.030299,0.021135,0.014002,0.010305,0.005883,0.004444
Lake Malawi,Malawi/Mozambique,clear,S2,34.295342,-12.380581,0.040132,0.030000,0.019360,0.014377,0.009128,0.007542
Lake Malawi,Malawi/Mozambique,clear,S2,34.365411,-12.712060,0.035987,0.027243,0.017950,0.013213,0.009037,0.008059
Lake Malawi,Malawi/Mozambique,clear,S2,34.222578,-10.313558,0.030779,0.022746,0.014487,0.011455,0.006036,0.004769
Lake Malawi,Malawi/Mozambique,clear,S2,34.448954,-10.275829,0.028428,0.020547,0.013530,0.010662,0.005980,0.004657
Lake Malawi,Malawi/Mozambique,clear,S2,34.214494,-12.318597,0.040453,0.029922,0.018994,0.013724,0.007872,0.006281
Lake Malawi,Malawi/Mozambique,clear,S2,34.583701,-13.644511,0.042724,0.042567,0.023082,0.013770,0.006968,0.006062
Lake Malawi,Malawi/Mozambique,clear,S2,34.141730,-9.852722,0.033882,0.025696,0.016871,0.012244,0.006076,0.004513
Lake Malawi,Malawi/Mozambique,clear,S2,34.632210,-13.614866,0.036274,0.028628,0.018570,0.013075,0.008458,0.007891
Lake Malawi,Malawi/Mozambique,clear,S2,34.346546,-11.625996,0.034368,0.025375,0.016699,0.012319,0.005945,0.004610
Lake Malawi,Malawi/Mozambique,clear,S2,34.497463,-11.348417,0.034540,0.025981,0.017805,0.012993,0.006634,0.005619
Lake Malawi,Malawi/Mozambique,clear,S2,34.373495,-11.378061,0.035181,0.026160,0.017256,0.013631,0.006600,0.004960
Lake Malawi,Malawi/Mozambique,clear,S2,34.505548,-13.183675,0.036616,0.026629,0.017748,0.013481,0.008409,0.007328
Lake Malawi,Malawi/Mozambique,clear,S2,34.139035,-12.356327,0.041970,0.032587,0.020509,0.014531,0.007259,0.005648
Lake Malawi,Malawi/Mozambique,clear,S2,34.818161,-13.458560,0.032717,0.025638,0.018127,0.014216,0.010168,0.008550
Lake Malawi,Malawi/Mozambique,clear,S2,34.791212,-11.949390,0.027922,0.020348,0.013189,0.009604,0.004820,0.004013
Lake Malawi,Malawi/Mozambique,clear,S2,34.171374,-10.159946,0.030617,0.022311,0.014877,0.011093,0.005102,0.004042
Lake Malawi,Malawi/Mozambique,clear,S2,34.028542,-9.720670,0.035082,0.026851,0.016735,0.012232,0.004539,0.003011
Lake Malawi,Malawi/Mozambique,clear,S2,34.726533,-12.989639,0.030840,0.023540,0.016933,0.014040,0.011753,0.010786
Lake Malawi,Malawi/Mozambique,clear,S2,34.718448,-12.774043,0.031826,0.024244,0.016761,0.013017,0.010482,0.009638
Lake Malawi,Malawi/Mozambique,clear,S2,35.047232,-14.148466,0.037680,0.031592,0.017392,0.013119,0.008213,0.006846
Lake Malawi,Malawi/Mozambique,clear,S2,34.031237,-12.243139,0.046573,0.038242,0.022138,0.018865,0.007635,0.005763
Lake Malawi,Malawi/Mozambique,clear,S2,34.594481,-12.051798,0.031261,0.024197,0.016099,0.011992,0.008703,0.007740
Lake Malawi,Malawi/Mozambique,clear,S2,34.556752,-12.100307,0.031966,0.024444,0.017705,0.013467,0.009842,0.008955
Lake Malawi,Malawi/Mozambique,clear,S2,34.977163,-14.027193,0.035650,0.029380,0.017763,0.013296,0.009294,0.008572
Lake Malawi,Malawi/Mozambique,clear,S2,34.446259,-12.445260,0.035107,0.026195,0.018187,0.014095,0.010708,0.009823
Lake Malawi,Malawi/Mozambique,clear,S2,34.327681,-11.089702,0.032749,0.023523,0.016044,0.012411,0.007005,0.006055
Lake Malawi,Malawi/Mozambique,clear,S2,34.688804,-13.242964,0.033428,0.025735,0.018369,0.013518,0.010416,0.009407
Lake Malawi,Malawi/Mozambique,clear,S2,34.112086,-9.893146,0.034172,0.025728,0.016868,0.012474,0.006187,0.004595
Lake Malawi,Malawi/Mozambique,clear,S2,34.618735,-12.792908,0.033964,0.025406,0.017377,0.012529,0.009795,0.008658
Lake Malawi,Malawi/Mozambique,clear,S2,34.513633,-13.321117,0.034896,0.026036,0.016887,0.011939,0.007236,0.006135
Lake Malawi,Malawi/Mozambique,clear,S2,34.928654,-11.550538,0.035057,0.026062,0.015932,0.012320,0.005456,0.004209
Lake Malawi,Malawi/Mozambique,clear,S2,34.853196,-11.477774,0.036624,0.027074,0.018600,0.014368,0.008295,0.007062
Lake Malawi,Malawi/Mozambique,clear,S2,34.694194,-11.873931,0.030242,0.022142,0.014564,0.010609,0.005613,0.004843
Lake Malawi,Malawi/Mozambique,clear,S2,34.341156,-9.823078,0.031367,0.022481,0.013226,0.011222,0.004644,0.003387
Lake Malawi,Malawi/Mozambique,clear,S2,34.610651,-11.087007,0.034081,0.029153,0.018014,0.014307,0.008476,0.006605
Lake Malawi,Malawi/Mozambique,clear,S2,34.104001,-10.173421,0.034280,0.027015,0.017684,0.014833,0.009066,0.007199
Lake Malawi,Malawi/Mozambique,clear,S2,34.451649,-13.431610,0.034617,0.027682,0.015421,0.011007,0.006163,0.005239
Lake Malawi,Malawi/Mozambique,clear,S2,34.257613,-11.787693,0.037872,0.029410,0.017994,0.013941,0.006434,0.005220
Lake Malawi,Malawi/Mozambique,clear,S2,34.909790,-11.580182,0.032549,0.024772,0.016368,0.012201,0.005295,0.004477
Lake Malawi,Malawi/Mozambique,clear,S2,34.139035,-10.114132,0.031868,0.023572,0.014100,0.010103,0.005817,0.005246
Lake Malawi,Malawi/Mozambique,clear,S2,34.502853,-13.302253,0.035929,0.026913,0.017062,0.011696,0.007441,0.006351
Lake Malawi,Malawi/Mozambique,clear,S2,34.505548,-11.186720,0.035127,0.025851,0.017302,0.013902,0.006886,0.005036
Lake Malawi,Malawi/Mozambique,clear,S2,34.934044,-13.752309,0.042490,0.043736,0.024658,0.016442,0.010766,0.010804
Lake Malawi,Malawi/Mozambique,clear,S2,34.535192,-10.380931,0.028365,0.021715,0.014128,0.011857,0.008644,0.007388
Lake Malawi,Malawi/Mozambique,clear,S2,34.432784,-11.755354,0.035184,0.026150,0.017098,0.012802,0.007418,0.006039
Lake Malawi,Malawi/Mozambique,clear,S2,34.683414,-11.782303,0.031256,0.023514,0.015044,0.011437,0.006547,0.005312
Lake Malawi,Malawi/Mozambique,clear,S2,34.292647,-10.550713,0.029585,0.021309,0.012921,0.010051,0.007421,0.006489
Lake Malawi,Malawi/Mozambique,clear,S2,35.079571,-14.183500,0.038838,0.031548,0.017843,0.013459,0.007026,0.006004
Lake Malawi,Malawi/Mozambique,clear,S2,34.653770,-14.097262,0.041075,0.032959,0.017602,0.012004,0.005670,0.004518
Lake Malawi,Malawi/Mozambique,clear,S2,34.236053,-12.226969,0.039531,0.028338,0.018548,0.013685,0.008130,0.006394
Lake Malawi,Malawi/Mozambique,clear,S2,34.492073,-11.833507,0.035794,0.026884,0.018979,0.013995,0.008254,0.007202
Lake Malawi,Malawi/Mozambique,clear,S2,34.257613,-11.151686,0.033747,0.025091,0.017098,0.013925,0.006386,0.005051
Lake Malawi,Malawi/Mozambique,clear,S2,34.661855,-10.895666,0.033729,0.028923,0.018310,0.016109,0.012674,0.010053
Lake Malawi,Malawi/Mozambique,clear,S2,34.465124,-11.776913,0.036058,0.027713,0.018730,0.014255,0.008745,0.007455
Lake Malawi,Malawi/Mozambique,clear,S2,34.360021,-11.318773,0.035997,0.026197,0.017084,0.013279,0.007034,0.006092
Lake Malawi,Malawi/Mozambique,clear,S2,34.629515,-10.892971,0.034379,0.026303,0.017382,0.014730,0.009867,0.007645
Lake Malawi,Malawi/Mozambique,clear,S2,34.403140,-11.989814,0.036113,0.026957,0.017431,0.013256,0.007418,0.006345
Lake Malawi,Malawi/Mozambique,clear,S2,34.799297,-11.895491,0.027254,0.020259,0.012884,0.009178,0.004662,0.003706
Lake Malawi,Malawi/Mozambique,clear,S2,34.756178,-11.952085,0.028107,0.020547,0.013246,0.010273,0.005345,0.004373
Lake Malawi,Malawi/Mozambique,clear,S2,34.241443,-10.084487,0.028720,0.021208,0.012963,0.009177,0.004127,0.003397
Lake Malawi,Malawi/Mozambique,clear,S2,34.079746,-9.626347,0.033384,0.025065,0.014659,0.010950,0.004477,0.003229
Lake Malawi,Malawi/Mozambique,clear,S2,34.502853,-11.359197,0.034347,0.025559,0.017237,0.012960,0.006698,0.005556
Lake Malawi,Malawi/Mozambique,clear,S2,34.311512,-11.092397,0.033050,0.024902,0.016742,0.013404,0.006863,0.005794
Lake Malawi,Malawi/Mozambique,clear,S2,34.966383,-13.860107,0.035828,0.029257,0.019081,0.015533,0.011912,0.010818
Lake Malawi,Malawi/Mozambique,clear,S2,34.740008,-11.841592,0.030868,0.022954,0.015366,0.011092,0.006060,0.004995
Lake Malawi,Malawi/Mozambique,clear,S2,34.141730,-10.141081,0.029745,0.021976,0.014080,0.010509,0.005691,0.004796
Lake Malawi,Malawi/Mozambique,clear,S2,34.422004,-10.523764,0.028853,0.020181,0.012196,0.010035,0.007474,0.006872
Lake Malawi,Malawi/Mozambique,clear,S2,34.653770,-12.030238,0.030387,0.022519,0.014604,0.011189,0.007166,0.005934
Lake Malawi,Malawi/Mozambique,clear,S2,34.540582,-11.725709,0.034421,0.025710,0.018043,0.013456,0.008897,0.007962
Lake Malawi,Malawi/Mozambique,clear,S2,34.748093,-12.674330,0.029807,0.023823,0.016555,0.013126,0.009337,0.008472
Lake Malawi,Malawi/Mozambique,clear,S2,34.934044,-11.655641,0.036029,0.027091,0.016812,0.013374,0.007526,0.006382
Lake Malawi,Malawi/Mozambique,clear,S2,34.680719,-11.302603,0.033217,0.025540,0.018282,0.013552,0.009709,0.008617
Lake Malawi,Malawi/Mozambique,clear,S2,34.524412,-12.162291,0.032792,0.025110,0.017019,0.012866,0.009772,0.008366
Lake Malawi,Malawi/Mozambique,clear,S2,34.521717,-11.526283,0.035150,0.025970,0.017548,0.012840,0.008231,0.007059
Lake Malawi,Malawi/Mozambique,clear,S2,34.597176,-12.542278,0.030820,0.022740,0.014590,0.011232,0.006878,0.005613
Lake Malawi,Malawi/Mozambique,clear,S2,34.987943,-14.156551,0.036664,0.030495,0.017043,0.012025,0.005417,0.004677
Lake Malawi,Malawi/Mozambique,clear,S2,34.184849,-11.935915,0.040829,0.032017,0.019931,0.015530,0.008739,0.007306
Lake Malawi,Malawi/Mozambique,clear,S2,34.815466,-12.059883,0.029051,0.024070,0.015619,0.013393,0.006560,0.005155
Lake Malawi,Malawi/Mozambique,clear,S2,34.381580,-13.105522,0.043019,0.037193,0.021526,0.015555,0.009687,0.008332
Lake Malawi,Malawi/Mozambique,clear,S2,34.597176,-13.073182,0.033785,0.025801,0.016331,0.012909,0.008142,0.006714
Lake Malawi,Malawi/Mozambique,clear,S2,35.068791,-13.924785,0.038789,0.033452,0.022228,0.018102,0.014557,0.013183
Lake Malawi,Malawi/Mozambique,clear,S2,34.252223,-12.615042,0.045779,0.039555,0.019061,0.013675,0.007680,0.006374
Lake Malawi,Malawi/Mozambique,clear,S2,34.416614,-12.561143,0.035552,0.026258,0.018278,0.014185,0.011607,0.010593
Lake Malawi,Malawi/Mozambique,clear,S2,34.492073,-12.900706,0.035977,0.026525,0.017802,0.012794,0.009116,0.007726
Lake Malawi,Malawi/Mozambique,clear,S2,34.230663,-9.890451,0.033522,0.024410,0.016059,0.010840,0.004392,0.002986
Lake Malawi,Malawi/Mozambique,clear,S2,34.626820,-13.649901,0.036327,0.030734,0.018509,0.013673,0.008713,0.007768
Lake Malawi,Malawi/Mozambique,clear,S2,34.316901,-10.130301,0.029618,0.020217,0.012037,0.008814,0.003916,0.003153
Lake Malawi,Malawi/Mozambique,clear,S2,34.370800,-11.774218,0.036573,0.026758,0.017502,0.013081,0.008005,0.006025
Lake Malawi,Malawi/Mozambique,clear,S2,34.516327,-10.839072,0.027471,0.020596,0.013603,0.010590,0.006782,0.005160
Lake Malawi,Malawi/Mozambique,clear,S2,34.648380,-11.917051,0.031292,0.022845,0.015043,0.010853,0.006537,0.005842
Lake Malawi,Malawi/Mozambique,clear,S2,34.028542,-9.664076,0.034929,0.025391,0.014769,0.010506,0.004100,0.002762
Lake Malawi,Malawi/Mozambique,clear,S2,34.362716,-13.418135,0.044355,0.046926,0.023762,0.013073,0.005614,0.004778
Lake Malawi,Malawi/Mozambique,clear,S2,34.516327,-13.205235,0.036901,0.026795,0.018187,0.013192,0.007876,0.006555
Lake Malawi,Malawi/Mozambique,clear,S2,34.416614,-12.170375,0.035514,0.026352,0.018221,0.013509,0.009073,0.008142
Lake Malawi,Malawi/Mozambique,clear,S2,34.346546,-11.208280,0.035084,0.027183,0.018233,0.013805,0.007689,0.006944
Lake Malawi,Malawi/Mozambique,clear,S2,34.575616,-13.472034,0.034913,0.026845,0.018684,0.013872,0.009329,0.008572
Lake Malawi,Malawi/Mozambique,clear,S2,34.545972,-12.464125,0.032421,0.023983,0.015666,0.012535,0.008487,0.006953
Lake Malawi,Malawi/Mozambique,clear,S2,34.422004,-10.836377,0.029908,0.021390,0.013742,0.009965,0.006461,0.005472
Lake Malawi,Malawi/Mozambique,clear,S2,34.381580,-13.420830,0.042312,0.038854,0.019725,0.011916,0.005948,0.004770
Lake Malawi,Malawi/Mozambique,clear,S2,34.392360,-11.038498,0.035977,0.026220,0.017776,0.013563,0.008179,0.006780
Lake Malawi,Malawi/Mozambique,clear,S2,34.265698,-11.852372,0.038040,0.028873,0.018072,0.013691,0.007740,0.005845
Lake Malawi,Malawi/Mozambique,clear,S2,34.815466,-11.825422,0.028321,0.020403,0.013135,0.009998,0.005788,0.004716
Lake Malawi,Malawi/Mozambique,clear,S2,34.702279,-12.887231,0.032274,0.025091,0.017887,0.013391,0.010751,0.010480
Lake Malawi,Malawi/Mozambique,clear,S2,34.392360,-11.396926,0.035559,0.027674,0.017911,0.013535,0.007059,0.005759
Lake Malawi,Malawi/Mozambique,clear,S2,34.820856,-13.447780,0.033318,0.026073,0.017735,0.014390,0.009897,0.008456
Lake Malawi,Malawi/Mozambique,clear,S2,34.006983,-9.696415,0.035699,0.026350,0.014307,0.009403,0.003654,0.002805
Lake Malawi,Malawi/Mozambique,clear,S2,34.376190,-12.962690,0.040644,0.034172,0.020105,0.014409,0.009589,0.008172
Lake Malawi,Malawi/Mozambique,clear,S2,34.351936,-10.378236,0.027975,0.019549,0.012494,0.009429,0.006277,0.005429
Lake Malawi,Malawi/Mozambique,clear,S2,34.473208,-12.407531,0.034199,0.025872,0.018206,0.014137,0.010963,0.010412
Lake Malawi,Malawi/Mozambique,clear,S2,34.163290,-11.968255,0.039390,0.030117,0.018855,0.014574,0.008296,0.007008
Lake Malawi,Malawi/Mozambique,clear,S2,34.494768,-10.467170,0.029506,0.023360,0.015482,0.012610,0.009002,0.007786
Lake Malawi,Malawi/Mozambique,clear,S2,34.831636,-13.693020,0.036753,0.029712,0.019586,0.015145,0.009032,0.007381
Lake Malawi,Malawi/Mozambique,clear,S2,34.392360,-11.852372,0.036367,0.026444,0.017648,0.013829,0.008549,0.006405
Lake Malawi,Malawi/Mozambique,clear,S2,34.661855,-13.383101,0.034498,0.026292,0.018439,0.013086,0.010479,0.009560
Lake Malawi,Malawi/Mozambique,clear,S2,34.252223,-10.618087,0.029704,0.021551,0.012756,0.010004,0.004671,0.003898
Lake Malawi,Malawi/Mozambique,clear,S2,34.777737,-12.682415,0.029925,0.024250,0.017479,0.014132,0.010641,0.009704
Lake Malawi,Malawi/Mozambique,clear,S2,34.087831,-12.065273,0.039303,0.031672,0.019142,0.014671,0.007559,0.006208
Lake Malawi,Malawi/Mozambique,clear,S2,34.691499,-12.671635,0.031923,0.024389,0.015061,0.011307,0.007411,0.006058
Lake Malawi,Malawi/Mozambique,clear,S2,34.718448,-13.738834,0.037731,0.028815,0.018876,0.013914,0.007320,0.006214
Lake Malawi,Malawi/Mozambique,clear,S2,34.532497,-13.428915,0.034492,0.027213,0.016807,0.011739,0.008069,0.007077
Lake Malawi,Malawi/Mozambique,clear,S2,34.686109,-12.041018,0.030013,0.022400,0.014710,0.011038,0.006794,0.005474
Lake Malawi,Malawi/Mozambique,clear,S2,34.756178,-13.919395,0.038546,0.030013,0.018356,0.013621,0.006373,0.005303
Lake Malawi,Malawi/Mozambique,clear,S2,34.308817,-11.070838,0.033344,0.023734,0.016096,0.012482,0.007137,0.005841
Lake Malawi,Malawi/Mozambique,clear,S2,34.581006,-12.100307,0.031440,0.024620,0.016846,0.012973,0.009305,0.008384
Lake Malawi,Malawi/Mozambique,clear,S2,34.112086,-12.016764,0.039748,0.030400,0.019475,0.015136,0.008463,0.006885
Lake Malawi,Malawi/Mozambique,clear,S2,34.227968,-10.178810,0.030394,0.022274,0.014734,0.011020,0.005167,0.004041
Lake Malawi,Malawi/Mozambique,clear,S2,34.430089,-12.426395,0.036466,0.027194,0.019267,0.014879,0.011460,0.010530
Lake Malawi,Malawi/Mozambique,clear,S2,34.446259,-12.380581,0.036489,0.027387,0.019734,0.015122,0.012130,0.011292
Lake Malawi,Malawi/Mozambique,clear,S2,34.564837,-11.615217,0.033808,0.024759,0.017322,0.012693,0.008343,0.007767
Lake Malawi,Malawi/Mozambique,clear,S2,34.271087,-10.723190,0.031511,0.021635,0.013372,0.010987,0.005361,0.004342
Lake Malawi,Malawi/Mozambique,clear,S2,34.742703,-14.002939,0.039614,0.030292,0.017494,0.011950,0.006300,0.005067
Lake Malawi,Malawi/Mozambique,clear,S2,34.351936,-11.364587,0.036395,0.027782,0.018354,0.013992,0.006764,0.005598
Lake Malawi,Malawi/Mozambique,clear,S2,34.672634,-12.706670,0.032096,0.023932,0.015186,0.011720,0.007991,0.006490
Lake Malawi,Malawi/Mozambique,clear,S2,34.314207,-11.202890,0.035061,0.025626,0.017219,0.013448,0.007964,0.006509
Lake Malawi,Malawi/Mozambique,clear,S2,34.009678,-9.580533,0.033209,0.026669,0.013560,0.010175,0.004050,0.003379
Lake Malawi,Malawi/Mozambique,clear,S2,34.376190,-11.299908,0.036416,0.027408,0.018249,0.013902,0.008015,0.006793
Lake Malawi,Malawi/Mozambique,clear,S2,34.869365,-13.776563,0.038827,0.030758,0.019295,0.014763,0.008810,0.007223
Lake Malawi,Malawi/Mozambique,clear,S2,34.801992,-13.604087,0.036268,0.027726,0.019571,0.015450,0.011032,0.009190
Lake Malawi,Malawi/Mozambique,clear,S2,34.273782,-12.189240,0.037227,0.026715,0.017648,0.012611,0.007208,0.005901
Lake Malawi,Malawi/Mozambique,clear,S2,34.885535,-13.800818,0.039209,0.031035,0.019090,0.014288,0.008961,0.007300
Lake Malawi,Malawi/Mozambique,clear,S2,34.621430,-11.437350,0.035163,0.026800,0.019563,0.014218,0.009947,0.008986
Lake Malawi,Malawi/Mozambique,clear,S2,34.373495,-10.424051,0.028667,0.019807,0.012174,0.009299,0.006805,0.005809
Lake Malawi,Malawi/Mozambique,clear,S2,34.195629,-12.377886,0.041463,0.031731,0.018991,0.013936,0.008341,0.006541
Lake Malawi,Malawi/Mozambique,clear,S2,34.284562,-11.776913,0.038840,0.030193,0.018687,0.014765,0.008114,0.006480
Lake Malawi,Malawi/Mozambique,clear,S2,34.254918,-12.232359,0.037923,0.027604,0.018151,0.013084,0.007778,0.006126
Lake Malawi,Malawi/Mozambique,clear,S2,34.492073,-11.572097,0.035644,0.027437,0.017687,0.013248,0.008752,0.006978
Lake Malawi,Malawi/Mozambique,clear,S2,34.004288,-9.607482,0.033212,0.027973,0.013653,0.010269,0.004144,0.003083
Lake Malawi,Malawi/Mozambique,clear,S2,34.691499,-11.491249,0.033716,0.025712,0.019048,0.014758,0.010508,0.009346
Lake Malawi,Malawi/Mozambique,clear,S2,34.874755,-11.793083,0.032102,0.024042,0.014925,0.011347,0.005533,0.004334
Lake Malawi,Malawi/Mozambique,clear,S2,34.306122,-11.281043,0.034511,0.026660,0.018044,0.014045,0.007945,0.006809
Lake Malawi,Malawi/Mozambique,clear,S2,34.454344,-11.496639,0.034207,0.024617,0.016832,0.012501,0.007195,0.005642
Lake Malawi,Malawi/Mozambique,clear,S2,34.880145,-13.827767,0.037075,0.029168,0.017890,0.013548,0.008027,0.006875
Lake Malawi,Malawi/Mozambique,clear,S2,34.723838,-13.426220,0.033217,0.026178,0.018362,0.013768,0.010491,0.010021
Lake Malawi,Malawi/Mozambique,clear,S2,34.575616,-11.442740,0.034248,0.026125,0.018369,0.013658,0.009699,0.008598
Lake Malawi,Malawi/Mozambique,clear,S2,34.376190,-12.590787,0.036292,0.027504,0.018780,0.014578,0.011337,0.009947
Lake Malawi,Malawi/Mozambique,clear,S2,34.457039,-10.159946,0.027922,0.019844,0.012530,0.009065,0.004241,0.003542
Lake Malawi,Malawi/Mozambique,clear,S2,34.346546,-10.607307,0.030103,0.021038,0.013798,0.010309,0.006611,0.005792
Lake Malawi,Malawi/Mozambique,clear,S2,34.408530,-11.965560,0.036388,0.027743,0.017593,0.013306,0.007913,0.006505
Lake Malawi,Malawi/Mozambique,clear,S2,34.400445,-10.348592,0.027346,0.019719,0.012721,0.009668,0.005527,0.004584
Lake Malawi,Malawi/Mozambique,clear,S2,34.378885,-10.655816,0.029525,0.020642,0.013560,0.010113,0.005374,0.004542
Lake Malawi,Malawi/Mozambique,clear,S2,34.071661,-12.340157,0.049669,0.046699,0.024365,0.016458,0.007203,0.005505
Lake Malawi,Malawi/Mozambique,clear,S2,34.505548,-13.302253,0.036294,0.026814,0.016740,0.012009,0.007259,0.005912
Lake Malawi,Malawi/Mozambique,clear,S2,34.047407,-9.782653,0.034444,0.026492,0.016789,0.012423,0.004986,0.003419
Lake Malawi,Malawi/Mozambique,clear,S2,34.710364,-12.765959,0.030698,0.024170,0.016144,0.011601,0.007159,0.007253
Lake Malawi,Malawi/Mozambique,clear,S2,34.440869,-10.364762,0.027474,0.018762,0.011750,0.009374,0.005454,0.004977
Lake Malawi,Malawi/Mozambique,clear,S2,35.114605,-14.016413,0.038920,0.032147,0.019902,0.017091,0.011201,0.010122
Lake Malawi,Malawi/Mozambique,clear,S2,34.467818,-13.186370,0.036965,0.026608,0.017265,0.012898,0.008034,0.006377
Lake Malawi,Malawi/Mozambique,clear,S2,34.060882,-9.909316,0.034400,0.026099,0.017141,0.012538,0.006105,0.004462
Lake Malawi,Malawi/Mozambique,clear,S2,34.403140,-11.173246,0.035745,0.026409,0.018020,0.013478,0.008443,0.006518
Lake Malawi,Malawi/Mozambique,clear,S2,34.419309,-10.383626,0.026499,0.019693,0.012954,0.009264,0.005669,0.005073
Lake Malawi,Malawi/Mozambique,clear,S2,34.540582,-10.820208,0.029171,0.020821,0.014001,0.011413,0.007430,0.005910
Lake Malawi,Malawi/Mozambique,clear,S2,34.265698,-11.774218,0.039863,0.033169,0.019044,0.015020,0.007234,0.005346
Lake Malawi,Malawi/Mozambique,clear,S2,34.020457,-10.111437,0.039438,0.031546,0.020983,0.018058,0.010276,0.007852
Lake Malawi,Malawi/Mozambique,clear,S2,34.136340,-9.645211,0.033221,0.025087,0.015199,0.011750,0.005203,0.003522
Lake Malawi,Malawi/Mozambique,clear,S2,34.629515,-13.140556,0.032760,0.025743,0.017985,0.013816,0.010428,0.009489
Lake Malawi,Malawi/Mozambique,clear,S2,34.715753,-11.674505,0.031803,0.023794,0.016175,0.012497,0.006720,0.005493
Lake Malawi,Malawi/Mozambique,clear,S2,34.796602,-13.644511,0.035933,0.027309,0.019028,0.014851,0.008545,0.007021
Lake Malawi,Malawi/Mozambique,clear,S2,34.540582,-11.906271,0.033239,0.024679,0.016533,0.012288,0.008302,0.007739
Lake Malawi,Malawi/Mozambique,clear,S2,34.381580,-10.979209,0.034440,0.025778,0.017856,0.013473,0.007309,0.005989
Lake Malawi,Malawi/Mozambique,clear,S2,34.316901,-11.518199,0.034797,0.025680,0.017197,0.013747,0.005345,0.003898
Lake Malawi,Malawi/Mozambique,clear,S2,34.726533,-13.773868,0.039386,0.030617,0.019782,0.014609,0.007614,0.005972
Lake Malawi,Malawi/Mozambique,clear,S2,34.470513,-10.742054,0.029186,0.021499,0.013832,0.010468,0.006015,0.004313
Lake Malawi,Malawi/Mozambique,clear,S2,35.155030,-14.126906,0.040150,0.035170,0.021556,0.017663,0.011314,0.010188
Lake Malawi,Malawi/Mozambique,clear,S2,34.799297,-13.878971,0.035618,0.027254,0.017432,0.011930,0.006578,0.005834
Lake Malawi,Malawi/Mozambique,clear,S2,34.211799,-12.342852,0.039699,0.028804,0.018175,0.013340,0.007870,0.006339
Lake Malawi,Malawi/Mozambique,clear,S2,34.349241,-11.987119,0.036090,0.025366,0.016412,0.011702,0.006924,0.005459
Lake Malawi,Malawi/Mozambique,clear,S2,34.201019,-12.232359,0.039984,0.028680,0.017728,0.012785,0.007812,0.005954
Lake Malawi,Malawi/Mozambique,clear,S2,34.144425,-9.731449,0.034446,0.025487,0.016052,0.012097,0.005619,0.004308
Lake Malawi,Malawi/Mozambique,clear,S2,34.481293,-12.313208,0.033865,0.025583,0.017978,0.013872,0.009925,0.009462
Lake Malawi,Malawi/Mozambique,clear,S2,34.149815,-10.221930,0.032181,0.023845,0.015154,0.011971,0.005448,0.004435
Lake Malawi,Malawi/Mozambique,clear,S2,34.042017,-12.208105,0.042190,0.033077,0.020715,0.016294,0.006790,0.005372
Lake Malawi,Malawi/Mozambique,clear,S2,34.448954,-12.089527,0.034546,0.026625,0.018267,0.012998,0.008710,0.007403
Lake Malawi,Malawi/Mozambique,clear,S2,34.465124,-13.458560,0.034197,0.027070,0.015040,0.010711,0.005912,0.004925
Lake Malawi,Malawi/Mozambique,clear,S2,34.378885,-11.771523,0.036265,0.026580,0.017037,0.012432,0.007425,0.005458
Lake Malawi,Malawi/Mozambique,clear,S2,34.470513,-11.316078,0.034448,0.025063,0.017269,0.013041,0.006969,0.005374
Lake Malawi,Malawi/Mozambique,clear,S2,34.785822,-13.364236,0.032020,0.026300,0.017985,0.014280,0.009173,0.007763
Lake Malawi,Malawi/Mozambique,clear,S2,34.006983,-9.532023,0.034328,0.029259,0.014394,0.012012,0.003897,0.003276
Lake Malawi,Malawi/Mozambique,clear,S2,34.713059,-11.911661,0.029599,0.021358,0.013617,0.010232,0.005460,0.004562
Lake Malawi,Malawi/Mozambique,clear,S2,34.432784,-11.003464,0.035792,0.026220,0.018195,0.013274,0.007778,0.006092
Lake Malawi,Malawi/Mozambique,clear,S2,34.936739,-13.932870,0.037499,0.030006,0.019426,0.014687,0.010341,0.009730
Lake Malawi,Malawi/Mozambique,clear,S2,34.513633,-13.038148,0.034441,0.026607,0.017041,0.013556,0.007950,0.006879
Lake Malawi,Malawi/Mozambique,clear,S2,34.626820,-12.876451,0.033127,0.024620,0.016490,0.012551,0.009032,0.008046
Lake Malawi,Malawi/Mozambique,clear,S2,34.548667,-13.313033,0.035243,0.026706,0.016267,0.012092,0.008110,0.006993
Lake Malawi,Malawi/Mozambique,clear,S2,34.581006,-11.030413,0.035520,0.028599,0.019523,0.015864,0.008603,0.006313
Lake Malawi,Malawi/Mozambique,clear,S2,34.365411,-10.308168,0.027842,0.019728,0.012961,0.010053,0.005338,0.004762
Lake Malawi,Malawi/Mozambique,clear,S2,34.874755,-11.520894,0.034918,0.026183,0.017885,0.013746,0.007367,0.005862
Lake Malawi,Malawi/Mozambique,clear,S2,35.041842,-14.005634,0.035968,0.030233,0.020158,0.016438,0.012191,0.011287
Lake Malawi,Malawi/Mozambique,clear,S2,34.640295,-12.431785,0.029422,0.022326,0.014658,0.011918,0.008143,0.006947
Lake Malawi,Malawi/Mozambique,clear,S2,34.492073,-11.863152,0.035912,0.027031,0.018319,0.014146,0.008377,0.007367
Lake Malawi,Malawi/Mozambique,clear,S2,34.828941,-11.353807,0.035680,0.028947,0.019591,0.015779,0.008163,0.006968
Lake Malawi,Malawi/Mozambique,clear,S2,34.699584,-12.014069,0.029284,0.021551,0.013943,0.011068,0.006395,0.005407
Lake Malawi,Malawi/Mozambique,clear,S2,34.815466,-11.547843,0.031832,0.023815,0.016822,0.013115,0.007672,0.006446
Lake Malawi,Malawi/Mozambique,clear,S2,34.521717,-11.197500,0.036201,0.027750,0.017561,0.013560,0.006388,0.004634
Lake Malawi,Malawi/Mozambique,clear,S2,34.718448,-12.892621,0.031584,0.024477,0.017739,0.013685,0.010406,0.009922
Lake Malawi,Malawi/Mozambique,clear,S2,34.403140,-10.364762,0.028270,0.019981,0.012897,0.009826,0.006049,0.005386
Lake Malawi,Malawi/Mozambique,clear,S2,34.263003,-9.801518,0.033830,0.024058,0.015541,0.011517,0.004754,0.003277
Lake Malawi,Malawi/Mozambique,clear,S2,34.545972,-12.404836,0.032837,0.024475,0.015962,0.012457,0.008617,0.007105
Lake Malawi,Malawi/Mozambique,clear,S2,34.793907,-11.898186,0.027936,0.020967,0.012735,0.009959,0.005135,0.004120
Lake Malawi,Malawi/Mozambique,clear,S2,34.244138,-10.030588,0.029462,0.021307,0.012971,0.009284,0.003632,0.003000
Lake Malawi,Malawi/Mozambique,clear,S2,34.543277,-13.375016,0.035088,0.028028,0.017817,0.012929,0.008864,0.007901
Lake Malawi,Malawi/Mozambique,clear,S2,34.648380,-13.210625,0.032309,0.025988,0.018396,0.013439,0.009569,0.008844
Lake Malawi,Malawi/Mozambique,clear,S2,34.640295,-12.906096,0.033571,0.025111,0.016021,0.012883,0.009025,0.007776
Lake Malawi,Malawi/Mozambique,clear,S2,34.942129,-11.658336,0.035828,0.029107,0.017070,0.013730,0.007882,0.006626
Lake Malawi,Malawi/Mozambique,clear,S2,34.357326,-11.736489,0.035609,0.026130,0.017300,0.012832,0.007614,0.005627
Lake Malawi,Malawi/Mozambique,clear,S2,34.338461,-11.852372,0.036850,0.026654,0.017729,0.013282,0.008284,0.006166
Lake Malawi,Malawi/Mozambique,clear,S2,34.831636,-13.825072,0.036030,0.028460,0.017604,0.012954,0.007253,0.006354
Lake Malawi,Malawi/Mozambique,clear,S2,34.427394,-10.833682,0.030814,0.022362,0.014469,0.010967,0.006753,0.005843
Lake Malawi,Malawi/Mozambique,clear,S2,34.459734,-13.542103,0.039268,0.035757,0.018048,0.011324,0.005534,0.004515
Lake Malawi,Malawi/Mozambique,clear,S2,34.176764,-12.283563,0.039372,0.028072,0.018047,0.013272,0.007737,0.005971
Lake Malawi,Malawi/Mozambique,clear,S2,34.502853,-12.208105,0.033669,0.025263,0.017926,0.013821,0.009413,0.008453
Lake Malawi,Malawi/Mozambique,clear,S2,34.659160,-10.887581,0.035202,0.029939,0.018910,0.016222,0.012256,0.009731
Lake Malawi,Malawi/Mozambique,clear,S2,34.335766,-12.337462,0.038466,0.029267,0.019642,0.014861,0.011282,0.009890
Lake Malawi,Malawi/Mozambique,clear,S2,35.192759,-14.272433,0.043020,0.037929,0.022894,0.017561,0.009853,0.009187
Lake Malawi,Malawi/Mozambique,clear,S2,34.376190,-10.351287,0.027663,0.019900,0.012641,0.009323,0.005340,0.004429
Lake Malawi,Malawi/Mozambique,clear,S2,34.570226,-11.194805,0.035019,0.026330,0.017074,0.013178,0.007136,0.005295
Lake Malawi,Malawi/Mozambique,clear,S2,34.481293,-12.057188,0.033340,0.024239,0.016702,0.011937,0.008711,0.007757
Lake Malawi,Malawi/Mozambique,clear,S2,34.613346,-11.159771,0.034743,0.027424,0.019243,0.015064,0.008581,0.006625
Lake Malawi,Malawi/Mozambique,clear,S2,34.599871,-12.226969,0.031839,0.024016,0.016349,0.012624,0.007689,0.005980
Lake Malawi,Malawi/Mozambique,clear,S2,34.863976,-11.466995,0.036618,0.027119,0.018664,0.013806,0.007385,0.006022
Lake Malawi,Malawi/Mozambique,clear,S2,34.578311,-11.771523,0.034050,0.025483,0.018203,0.014029,0.009170,0.008154
Lake Malawi,Malawi/Mozambique,clear,S2,34.341156,-11.184025,0.035493,0.026957,0.017936,0.013743,0.006855,0.006046
Lake Malawi,Malawi/Mozambique,clear,S2,35.066096,-13.884361,0.037945,0.032726,0.021300,0.017952,0.014268,0.012649
Lake Malawi,Malawi/Mozambique,clear,S2,34.548667,-10.731274,0.026509,0.019910,0.012855,0.009753,0.005518,0.003979
Lake Malawi,Malawi/Mozambique,clear,S2,34.384275,-13.092047,0.042758,0.036219,0.020590,0.014826,0.008858,0.007367
Lake Malawi,Malawi/Mozambique,clear,S2,34.222578,-10.170726,0.029387,0.022013,0.014277,0.010941,0.004628,0.003896
Lake Malawi,Malawi/Mozambique,clear,S2,34.217188,-9.982079,0.030217,0.022098,0.013335,0.009171,0.004271,0.003118
Lake Malawi,Malawi/Mozambique,clear,S2,34.605261,-12.827942,0.033116,0.023562,0.015584,0.011991,0.008499,0.007434
Lake Malawi,Malawi/Mozambique,clear,S2,34.408530,-13.525933,0.042557,0.043094,0.021988,0.013893,0.006343,0.005206
Lake Malawi,Malawi/Mozambique,clear,S2,34.680719,-12.938435,0.032072,0.023976,0.016522,0.012819,0.010576,0.009880
Lake Malawi,Malawi/Mozambique,clear,S2,35.106521,-14.048753,0.038799,0.031793,0.020381,0.017153,0.010438,0.009390
Lake Malawi,Malawi/Mozambique,clear,LS,34.438174,-11.105872,0.008670,0.010286,-0.000096,-0.001976,0.003448,0.004638
Lake Malawi,Malawi/Mozambique,clear,LS,34.529802,-12.412921,0.007488,0.009660,0.000200,-0.000405,0.006593,0.006532
Lake Malawi,Malawi/Mozambique,clear,LS,34.618735,-13.870886,0.012673,0.019387,0.001180,-0.001626,0.003769,0.004265
Lake Malawi,Malawi/Mozambique,clear,LS,34.675329,-12.924960,0.007357,0.010739,0.001685,0.000076,0.006140,0.006759
Lake Malawi,Malawi/Mozambique,clear,LS,34.252223,-12.453345,0.009272,0.015432,0.000870,-0.000683,0.004999,0.005728
Lake Malawi,Malawi/Mozambique,clear,LS,34.386970,-13.113607,0.011117,0.014345,0.000874,-0.001247,0.004772,0.005666
Lake Malawi,Malawi/Mozambique,clear,LS,34.605261,-13.951735,0.015008,0.018976,0.000150,-0.002652,0.003494,0.004270
Lake Malawi,Malawi/Mozambique,clear,LS,34.688804,-11.782303,0.008292,0.010182,0.000090,-0.001175,0.003589,0.004132
Lake Malawi,Malawi/Mozambique,clear,LS,34.203714,-10.230014,0.008237,0.013029,0.000730,-0.000137,0.007061,0.007604
Lake Malawi,Malawi/Mozambique,clear,LS,34.680719,-13.234879,0.008787,0.009935,0.001018,-0.000804,0.003741,0.004414
Lake Malawi,Malawi/Mozambique,clear,LS,35.233183,-14.331722,0.013276,0.019917,0.001559,-0.001713,0.003320,0.003651
Lake Malawi,Malawi/Mozambique,clear,LS,34.788517,-11.596352,0.009069,0.009722,-0.000027,-0.001003,0.002957,0.003885
Lake Malawi,Malawi/Mozambique,clear,LS,34.669939,-11.825422,0.008618,0.009429,-0.000044,-0.001643,0.003936,0.004717
Lake Malawi,Malawi/Mozambique,clear,LS,35.146945,-14.113431,0.012000,0.015534,0.000427,-0.001199,0.004031,0.004652
Lake Malawi,Malawi/Mozambique,clear,LS,34.845111,-12.035628,0.008760,0.010568,0.000049,-0.000398,0.002812,0.003500
Lake Malawi,Malawi/Mozambique,clear,LS,34.287257,-11.011549,0.009748,0.011442,0.000280,-0.001085,0.004576,0.005368
Lake Malawi,Malawi/Mozambique,clear,LS,34.411225,-13.412746,0.011087,0.017351,0.001214,-0.001481,0.002981,0.003779
Lake Malawi,Malawi/Mozambique,clear,LS,34.834331,-11.545148,0.008416,0.009543,-0.000498,-0.001684,0.002596,0.003806
Lake Malawi,Malawi/Mozambique,clear,LS,34.462429,-11.580182,0.008450,0.010021,-0.000202,-0.001340,0.004153,0.005418
Lake Malawi,Malawi/Mozambique,clear,LS,34.405835,-12.310513,0.008527,0.009755,-0.000264,-0.001064,0.005590,0.006078
Lake Malawi,Malawi/Mozambique,clear,LS,35.106521,-14.167330,0.012084,0.014659,0.000216,-0.001946,0.003420,0.004368
Lake Malawi,Malawi/Mozambique,clear,LS,34.545972,-12.191935,0.007853,0.010957,0.000965,-0.000577,0.005508,0.006163
Lake Malawi,Malawi/Mozambique,clear,LS,34.839721,-13.391186,0.011730,0.016335,0.006896,0.006231,0.005680,0.004793
Lake Malawi,Malawi/Mozambique,clear,LS,34.955604,-14.110736,0.011275,0.015133,0.000510,-0.001794,0.002977,0.004304
Lake Malawi,Malawi/Mozambique,clear,LS,34.589091,-12.658161,0.007865,0.009901,0.000647,-0.000481,0.005934,0.006422
Lake Malawi,Malawi/Mozambique,clear,LS,34.349241,-11.604437,0.009777,0.011860,-0.000151,-0.001409,0.002259,0.003170
Lake Malawi,Malawi/Mozambique,clear,LS,34.659160,-11.995204,0.009103,0.010247,0.000117,-0.001227,0.003376,0.004497
Lake Malawi,Malawi/Mozambique,clear,LS,34.869365,-13.868191,0.009129,0.012485,0.000777,-0.000692,0.005044,0.005445
Lake Malawi,Malawi/Mozambique,clear,LS,34.451649,-10.596527,0.008811,0.011551,-0.000257,-0.001948,0.003355,0.004579
Lake Malawi,Malawi/Mozambique,clear,LS,34.796602,-13.251049,0.007164,0.011966,0.001775,0.001634,0.005425,0.005937
Lake Malawi,Malawi/Mozambique,clear,LS,34.446259,-13.552883,0.014529,0.023077,0.003541,-0.000684,0.003301,0.004449
Lake Malawi,Malawi/Mozambique,clear,LS,34.578311,-11.186720,0.008192,0.010980,0.000176,-0.001567,0.003641,0.004538
Lake Malawi,Malawi/Mozambique,clear,LS,34.351936,-10.184200,0.011815,0.012681,0.000338,-0.002189,0.002967,0.004098
Lake Malawi,Malawi/Mozambique,clear,LS,34.222578,-10.275829,0.007865,0.011805,0.000221,-0.000721,0.006848,0.007309
Lake Malawi,Malawi/Mozambique,clear,LS,34.416614,-12.359022,0.008308,0.009678,-0.000024,-0.001391,0.004738,0.005308
Lake Malawi,Malawi/Mozambique,clear,LS,34.055492,-12.235054,0.010863,0.013876,-0.000375,-0.001187,0.003057,0.003489
Lake Malawi,Malawi/Mozambique,clear,LS,34.481293,-13.520543,0.010661,0.016035,0.001266,-0.001553,0.003707,0.004250
Lake Malawi,Malawi/Mozambique,clear,LS,34.257613,-11.027718,0.010926,0.012231,-0.000075,-0.000577,0.005494,0.005657
Lake Malawi,Malawi/Mozambique,clear,LS,34.351936,-12.903401,0.013283,0.028202,0.004762,-0.001409,0.004047,0.005009
Lake Malawi,Malawi/Mozambique,clear,LS,34.289952,-10.946870,0.010056,0.011986,0.000465,-0.001077,0.005420,0.005831
Lake Malawi,Malawi/Mozambique,clear,LS,34.079746,-10.027894,0.008546,0.011310,-0.000309,-0.001539,0.004710,0.005480
Lake Malawi,Malawi/Mozambique,clear,LS,34.575616,-13.164810,0.008477,0.009653,0.000400,-0.000825,0.004834,0.005233
Lake Malawi,Malawi/Mozambique,clear,LS,34.796602,-11.625996,0.008484,0.009942,0.000757,-0.000577,0.003177,0.004215
Lake Malawi,Malawi/Mozambique,clear,LS,34.648380,-11.407706,0.009014,0.009787,-0.000422,-0.001598,0.004951,0.005559
Lake Malawi,Malawi/Mozambique,clear,LS,34.416614,-10.822903,0.012829,0.011434,0.000667,-0.001712,0.002840,0.003404
Lake Malawi,Malawi/Mozambique,clear,LS,34.176764,-12.135341,0.009894,0.011769,-0.000123,-0.002113,0.003434,0.004290
Lake Malawi,Malawi/Mozambique,clear,LS,34.427394,-10.348592,0.011695,0.012152,0.000220,-0.001921,0.003534,0.004555
Lake Malawi,Malawi/Mozambique,clear,LS,34.818161,-13.784648,0.009580,0.012166,0.000725,-0.001066,0.004346,0.004963
Lake Malawi,Malawi/Mozambique,clear,LS,34.572921,-11.547843,0.008594,0.009014,-0.000708,-0.001876,0.004022,0.004971
Lake Malawi,Malawi/Mozambique,clear,LS,34.502853,-10.774394,0.011805,0.010891,0.000640,-0.001890,0.002438,0.003067
Lake Malawi,Malawi/Mozambique,clear,LS,34.295342,-12.380581,0.008416,0.011344,0.000138,-0.001058,0.005727,0.006188
Lake Malawi,Malawi/Mozambique,clear,LS,34.365411,-12.712060,0.009017,0.011942,0.000097,-0.001223,0.004871,0.005356
Lake Malawi,Malawi/Mozambique,clear,LS,34.222578,-10.313558,0.007762,0.011042,-0.000810,-0.000831,0.006202,0.007006
Lake Malawi,Malawi/Mozambique,clear,LS,34.448954,-10.275829,0.012303,0.012249,-0.000140,-0.001983,0.002648,0.003476
Lake Malawi,Malawi/Mozambique,clear,LS,34.214494,-12.318597,0.010166,0.013097,0.000387,-0.001257,0.004767,0.005558
Lake Malawi,Malawi/Mozambique,clear,LS,34.583701,-13.644511,0.013084,0.025465,0.003987,-0.001321,0.003204,0.004008
Lake Malawi,Malawi/Mozambique,clear,LS,34.141730,-9.852722,0.007591,0.011695,0.000090,-0.001374,0.004311,0.005576
Lake Malawi,Malawi/Mozambique,clear,LS,34.632210,-13.614866,0.009255,0.012413,0.001210,-0.001226,0.003900,0.004175
Lake Malawi,Malawi/Mozambique,clear,LS,34.346546,-11.625996,0.010231,0.011905,-0.000488,-0.001223,0.002661,0.003232
Lake Malawi,Malawi/Mozambique,clear,LS,34.497463,-11.348417,0.007532,0.010757,0.000272,-0.001625,0.005360,0.006167
Lake Malawi,Malawi/Mozambique,clear,LS,34.373495,-11.378061,0.009323,0.010708,0.000193,-0.001333,0.004067,0.005291
Lake Malawi,Malawi/Mozambique,clear,LS,34.505548,-13.183675,0.009326,0.010704,0.000540,-0.001059,0.004143,0.004913
Lake Malawi,Malawi/Mozambique,clear,LS,34.139035,-12.356327,0.011981,0.014396,-0.000075,-0.001405,0.004108,0.004899
Lake Malawi,Malawi/Mozambique,clear,LS,34.818161,-13.458560,0.006870,0.010499,0.000812,0.000035,0.004305,0.004931
Lake Malawi,Malawi/Mozambique,clear,LS,34.791212,-11.949390,0.010244,0.010210,0.000083,-0.001195,0.001665,0.002345
Lake Malawi,Malawi/Mozambique,clear,LS,34.171374,-10.159946,0.009640,0.012582,0.000461,-0.000790,0.006511,0.007370
Lake Malawi,Malawi/Mozambique,clear,LS,34.028542,-9.720670,0.012767,0.012472,-0.000488,-0.002729,0.001974,0.002572
Lake Malawi,Malawi/Mozambique,clear,LS,34.726533,-12.989639,0.006226,0.009911,0.000987,0.000313,0.006611,0.007137
Lake Malawi,Malawi/Mozambique,clear,LS,34.718448,-12.774043,0.008436,0.009093,0.000702,0.000045,0.004745,0.005137
Lake Malawi,Malawi/Mozambique,clear,LS,35.047232,-14.148466,0.014189,0.015637,0.000502,-0.002106,0.002261,0.003282
Lake Malawi,Malawi/Mozambique,clear,LS,34.031237,-12.243139,0.013048,0.018663,0.000272,-0.000406,0.003926,0.004320
Lake Malawi,Malawi/Mozambique,clear,LS,34.594481,-12.051798,0.008828,0.010609,0.000956,-0.001058,0.004194,0.004511
Lake Malawi,Malawi/Mozambique,clear,LS,34.556752,-12.100307,0.007862,0.010557,0.000220,-0.001165,0.005122,0.005776
Lake Malawi,Malawi/Mozambique,clear,LS,34.977163,-14.027193,0.010710,0.014472,0.000628,-0.001250,0.005143,0.005756
Lake Malawi,Malawi/Mozambique,clear,LS,34.446259,-12.445260,0.008549,0.010471,0.000386,-0.000811,0.005264,0.005652
Lake Malawi,Malawi/Mozambique,clear,LS,34.327681,-11.089702,0.009391,0.011272,-0.000229,-0.001190,0.005228,0.005922
Lake Malawi,Malawi/Mozambique,clear,LS,34.688804,-13.242964,0.009086,0.010124,0.000644,-0.000663,0.004294,0.004641
Lake Malawi,Malawi/Mozambique,clear,LS,34.112086,-9.893146,0.009663,0.011850,0.000076,-0.001271,0.004084,0.004892
Lake Malawi,Malawi/Mozambique,clear,LS,34.618735,-12.792908,0.008182,0.010637,0.001149,0.000194,0.006594,0.006986
Lake Malawi,Malawi/Mozambique,clear,LS,34.513633,-13.321117,0.008452,0.011485,0.000413,-0.001456,0.004267,0.004893
Lake Malawi,Malawi/Mozambique,clear,LS,34.928654,-11.550538,0.008911,0.011344,0.000083,-0.000350,0.002874,0.003383
Lake Malawi,Malawi/Mozambique,clear,LS,34.853196,-11.477774,0.009027,0.010031,0.000186,-0.000680,0.003637,0.004572
Lake Malawi,Malawi/Mozambique,clear,LS,34.694194,-11.873931,0.007976,0.010856,0.000076,-0.001539,0.003121,0.003747
Lake Malawi,Malawi/Mozambique,clear,LS,34.341156,-9.823078,0.009028,0.011894,-0.000763,-0.000226,0.004957,0.005459
Lake Malawi,Malawi/Mozambique,clear,LS,34.610651,-11.087007,0.008808,0.011599,0.000265,-0.000972,0.003328,0.003878
Lake Malawi,Malawi/Mozambique,clear,LS,34.104001,-10.173421,0.008165,0.012314,-0.000869,-0.001072,0.004775,0.005776
Lake Malawi,Malawi/Mozambique,clear,LS,34.451649,-13.431610,0.010279,0.014112,0.000829,-0.001217,0.002538,0.003442
Lake Malawi,Malawi/Mozambique,clear,LS,34.257613,-11.787693,0.009193,0.012506,-0.001025,-0.001347,0.003046,0.003686
Lake Malawi,Malawi/Mozambique,clear,LS,34.909790,-11.580182,0.008374,0.010107,0.000413,-0.000529,0.003087,0.003610
Lake Malawi,Malawi/Mozambique,clear,LS,34.139035,-10.114132,0.007866,0.011798,-0.000453,-0.001299,0.004785,0.005618
Lake Malawi,Malawi/Mozambique,clear,LS,34.502853,-13.302253,0.009159,0.010767,0.000475,-0.001155,0.004627,0.005356
Lake Malawi,Malawi/Mozambique,clear,LS,34.505548,-11.186720,0.008450,0.009880,-0.000075,-0.001450,0.004827,0.005741
Lake Malawi,Malawi/Mozambique,clear,LS,34.934044,-13.752309,0.015992,0.025936,0.003846,0.000233,0.008014,0.007188
Lake Malawi,Malawi/Mozambique,clear,LS,34.535192,-10.380931,0.010354,0.011131,-0.000990,-0.002151,0.002311,0.003170
Lake Malawi,Malawi/Mozambique,clear,LS,34.432784,-11.755354,0.008161,0.009571,-0.000426,-0.002028,0.004236,0.004930
Lake Malawi,Malawi/Mozambique,clear,LS,34.683414,-11.782303,0.008401,0.009131,-0.000309,-0.001526,0.003314,0.004016
Lake Malawi,Malawi/Mozambique,clear,LS,34.292647,-10.550713,0.011508,0.011860,-0.000542,-0.001608,0.003428,0.004390
Lake Malawi,Malawi/Mozambique,clear,LS,35.079571,-14.183500,0.013553,0.016337,0.000356,-0.002244,0.002556,0.003631
Lake Malawi,Malawi/Mozambique,clear,LS,34.653770,-14.097262,0.015621,0.018021,0.001251,-0.001705,0.003521,0.004284
Lake Malawi,Malawi/Mozambique,clear,LS,34.236053,-12.226969,0.009472,0.011379,-0.000159,-0.001905,0.004377,0.005441
Lake Malawi,Malawi/Mozambique,clear,LS,34.492073,-11.833507,0.009440,0.010492,0.000055,-0.001512,0.003431,0.004181
Lake Malawi,Malawi/Mozambique,clear,LS,34.257613,-11.151686,0.011069,0.012062,0.000292,-0.000753,0.004985,0.005556
Lake Malawi,Malawi/Mozambique,clear,LS,34.661855,-10.895666,0.008045,0.012445,-0.000041,-0.000322,0.004064,0.004820
Lake Malawi,Malawi/Mozambique,clear,LS,34.465124,-11.776913,0.008048,0.009931,-0.000017,-0.002000,0.003761,0.004772
Lake Malawi,Malawi/Mozambique,clear,LS,34.360021,-11.318773,0.008443,0.010691,-0.000515,-0.001766,0.004834,0.006023
Lake Malawi,Malawi/Mozambique,clear,LS,34.629515,-10.892971,0.007460,0.010732,-0.000309,-0.001106,0.003885,0.004765
Lake Malawi,Malawi/Mozambique,clear,LS,34.403140,-11.989814,0.008272,0.010739,-0.000113,-0.001594,0.005456,0.006164
Lake Malawi,Malawi/Mozambique,clear,LS,34.799297,-11.895491,0.009041,0.010018,-0.000226,-0.001783,0.001664,0.002489
Lake Malawi,Malawi/Mozambique,clear,LS,34.756178,-11.952085,0.010176,0.010554,-0.000247,-0.001347,0.001829,0.002847
Lake Malawi,Malawi/Mozambique,clear,LS,34.241443,-10.084487,0.008570,0.012517,-0.000147,-0.001306,0.005580,0.006267
Lake Malawi,Malawi/Mozambique,clear,LS,34.079746,-9.626347,0.011561,0.012953,-0.000790,-0.003107,0.001637,0.002582
Lake Malawi,Malawi/Mozambique,clear,LS,34.502853,-11.359197,0.007240,0.009880,-0.000697,-0.001533,0.004768,0.005556
Lake Malawi,Malawi/Mozambique,clear,LS,34.311512,-11.092397,0.009410,0.011862,0.000048,-0.001136,0.005676,0.006180
Lake Malawi,Malawi/Mozambique,clear,LS,34.966383,-13.860107,0.009001,0.012784,0.001406,-0.000229,0.006668,0.006779
Lake Malawi,Malawi/Mozambique,clear,LS,34.740008,-11.841592,0.008904,0.009832,-0.000474,-0.001773,0.002627,0.003260
Lake Malawi,Malawi/Mozambique,clear,LS,34.141730,-10.141081,0.008530,0.012176,-0.000515,-0.001237,0.004965,0.005813
Lake Malawi,Malawi/Mozambique,clear,LS,34.422004,-10.523764,0.010698,0.013070,0.000736,-0.000797,0.006917,0.007645
Lake Malawi,Malawi/Mozambique,clear,LS,34.653770,-12.030238,0.008099,0.011344,0.000585,-0.000927,0.004036,0.004394
Lake Malawi,Malawi/Mozambique,clear,LS,34.540582,-11.725709,0.008471,0.008876,-0.000144,-0.001821,0.003328,0.003988
Lake Malawi,Malawi/Mozambique,clear,LS,34.748093,-12.674330,0.010038,0.010375,0.001342,0.000310,0.003266,0.003390
Lake Malawi,Malawi/Mozambique,clear,LS,34.934044,-11.655641,0.008409,0.011399,0.000516,0.000276,0.005611,0.005917
Lake Malawi,Malawi/Mozambique,clear,LS,34.680719,-11.302603,0.008374,0.010141,0.000234,-0.000962,0.004834,0.005507
Lake Malawi,Malawi/Mozambique,clear,LS,34.524412,-12.162291,0.008547,0.011079,0.000710,-0.000678,0.004975,0.005572
Lake Malawi,Malawi/Mozambique,clear,LS,34.521717,-11.526283,0.008044,0.009653,-0.000488,-0.001697,0.004978,0.005886
Lake Malawi,Malawi/Mozambique,clear,LS,34.597176,-12.542278,0.008195,0.009330,0.000475,-0.000645,0.004490,0.004559
Lake Malawi,Malawi/Mozambique,clear,LS,34.987943,-14.156551,0.012483,0.016416,0.000424,-0.001540,0.002339,0.003338
Lake Malawi,Malawi/Mozambique,clear,LS,34.184849,-11.935915,0.010970,0.014095,-0.000371,-0.001120,0.003445,0.004064
Lake Malawi,Malawi/Mozambique,clear,LS,34.815466,-12.059883,0.008161,0.010636,0.000365,0.000014,0.003321,0.003747
Lake Malawi,Malawi/Mozambique,clear,LS,34.381580,-13.105522,0.010973,0.016384,0.000881,-0.001113,0.004978,0.005459
Lake Malawi,Malawi/Mozambique,clear,LS,34.597176,-13.073182,0.007680,0.008856,0.000678,-0.000505,0.005655,0.006071
Lake Malawi,Malawi/Mozambique,clear,LS,35.068791,-13.924785,0.010899,0.015071,0.001445,-0.000674,0.005160,0.005982
Lake Malawi,Malawi/Mozambique,clear,LS,34.252223,-12.615042,0.014111,0.020935,0.001389,-0.001041,0.005085,0.005580
Lake Malawi,Malawi/Mozambique,clear,LS,34.416614,-12.561143,0.008415,0.009048,-0.000013,-0.001099,0.005123,0.006065
Lake Malawi,Malawi/Mozambique,clear,LS,34.492073,-12.900706,0.008268,0.012077,0.000355,-0.000886,0.005150,0.005583
Lake Malawi,Malawi/Mozambique,clear,LS,34.230663,-9.890451,0.007804,0.011654,-0.000288,-0.001361,0.006374,0.007082
Lake Malawi,Malawi/Mozambique,clear,LS,34.626820,-13.649901,0.011763,0.015078,0.000618,-0.001596,0.003765,0.004441
Lake Malawi,Malawi/Mozambique,clear,LS,34.316901,-10.130301,0.009323,0.012874,0.000640,-0.002041,0.004782,0.005717
Lake Malawi,Malawi/Mozambique,clear,LS,34.370800,-11.774218,0.009138,0.010079,-0.000405,-0.001567,0.002407,0.004414
Lake Malawi,Malawi/Mozambique,clear,LS,34.516327,-10.839072,0.010939,0.010726,0.000214,-0.002089,0.002049,0.003046
Lake Malawi,Malawi/Mozambique,clear,LS,34.648380,-11.917051,0.007549,0.009484,-0.001179,-0.001821,0.004318,0.005263
Lake Malawi,Malawi/Mozambique,clear,LS,34.028542,-9.664076,0.013118,0.014252,-0.000783,-0.003176,0.001513,0.002139
Lake Malawi,Malawi/Mozambique,clear,LS,34.362716,-13.418135,0.013027,0.028240,0.005122,-0.001144,0.003300,0.003875
Lake Malawi,Malawi/Mozambique,clear,LS,34.516327,-13.205235,0.009158,0.010344,0.000866,-0.000760,0.004696,0.005298
Lake Malawi,Malawi/Mozambique,clear,LS,34.416614,-12.170375,0.008346,0.010616,-0.000023,-0.001258,0.005191,0.005916
Lake Malawi,Malawi/Mozambique,clear,LS,34.346546,-11.208280,0.009688,0.009646,-0.000598,-0.001986,0.003129,0.003954
Lake Malawi,Malawi/Mozambique,clear,LS,34.575616,-13.472034,0.008898,0.011426,0.000935,-0.000728,0.004373,0.004532
Lake Malawi,Malawi/Mozambique,clear,LS,34.545972,-12.464125,0.007639,0.009398,0.000392,-0.000611,0.005418,0.005824
Lake Malawi,Malawi/Mozambique,clear,LS,34.422004,-10.836377,0.012582,0.011613,0.000530,-0.001643,0.002964,0.003981
Lake Malawi,Malawi/Mozambique,clear,LS,34.381580,-13.420830,0.011818,0.021152,0.001520,-0.001979,0.002767,0.003517
Lake Malawi,Malawi/Mozambique,clear,LS,34.392360,-11.038498,0.010629,0.010066,-0.000075,-0.001787,0.002854,0.003864
Lake Malawi,Malawi/Mozambique,clear,LS,34.265698,-11.852372,0.008532,0.011626,-0.001189,-0.001828,0.002702,0.003878
Lake Malawi,Malawi/Mozambique,clear,LS,34.815466,-11.825422,0.009639,0.009571,0.000138,-0.000879,0.002496,0.003225
Lake Malawi,Malawi/Mozambique,clear,LS,34.702279,-12.887231,0.007972,0.011200,0.001575,0.000248,0.007068,0.007443
Lake Malawi,Malawi/Mozambique,clear,LS,34.392360,-11.396926,0.008728,0.010268,-0.000209,-0.001715,0.004359,0.005140
Lake Malawi,Malawi/Mozambique,clear,LS,34.820856,-13.447780,0.007865,0.011386,0.001748,0.001341,0.005426,0.005352
Lake Malawi,Malawi/Mozambique,clear,LS,34.006983,-9.696415,0.013840,0.013696,-0.000096,-0.002316,0.001376,0.002207
Lake Malawi,Malawi/Mozambique,clear,LS,34.376190,-12.962690,0.010853,0.016322,0.000564,-0.001251,0.004703,0.005872
Lake Malawi,Malawi/Mozambique,clear,LS,34.351936,-10.378236,0.010547,0.011173,-0.000955,-0.002530,0.003239,0.003686
Lake Malawi,Malawi/Mozambique,clear,LS,34.473208,-12.407531,0.008196,0.010244,0.000296,-0.000900,0.005452,0.005920
Lake Malawi,Malawi/Mozambique,clear,LS,34.163290,-11.968255,0.010079,0.012644,-0.000591,-0.001587,0.002833,0.003878
Lake Malawi,Malawi/Mozambique,clear,LS,34.494768,-10.467170,0.012527,0.010478,-0.001038,-0.002172,0.003287,0.003775
Lake Malawi,Malawi/Mozambique,clear,LS,34.831636,-13.693020,0.009593,0.015460,0.001550,-0.000473,0.004214,0.004485
Lake Malawi,Malawi/Mozambique,clear,LS,34.392360,-11.852372,0.008309,0.010213,0.000152,-0.001873,0.004432,0.004807
Lake Malawi,Malawi/Mozambique,clear,LS,34.661855,-13.383101,0.009172,0.010928,0.001090,-0.000625,0.003878,0.004504
Lake Malawi,Malawi/Mozambique,clear,LS,34.252223,-10.618087,0.011735,0.011983,-0.000727,-0.001868,0.003070,0.004122
Lake Malawi,Malawi/Mozambique,clear,LS,34.777737,-12.682415,0.008594,0.009591,0.000853,0.000661,0.003164,0.003335
Lake Malawi,Malawi/Mozambique,clear,LS,34.087831,-12.065273,0.010722,0.014060,-0.000460,-0.001294,0.004917,0.005371
Lake Malawi,Malawi/Mozambique,clear,LS,34.691499,-12.671635,0.010481,0.011630,0.001572,-0.000267,0.004531,0.004734
Lake Malawi,Malawi/Mozambique,clear,LS,34.718448,-13.738834,0.008855,0.011973,0.000527,-0.001023,0.004617,0.005086
Lake Malawi,Malawi/Mozambique,clear,LS,34.532497,-13.428915,0.008931,0.011647,0.000517,-0.001107,0.004278,0.004739
Lake Malawi,Malawi/Mozambique,clear,LS,34.686109,-12.041018,0.008440,0.010138,-0.000275,-0.001069,0.004758,0.005456
Lake Malawi,Malawi/Mozambique,clear,LS,34.756178,-13.919395,0.010045,0.012580,0.000502,-0.001236,0.004153,0.004584
Lake Malawi,Malawi/Mozambique,clear,LS,34.308817,-11.070838,0.008698,0.011361,-0.000059,-0.001239,0.005095,0.005538
Lake Malawi,Malawi/Mozambique,clear,LS,34.581006,-12.100307,0.008346,0.011042,0.000441,-0.000501,0.005232,0.005514
Lake Malawi,Malawi/Mozambique,clear,LS,34.112086,-12.016764,0.010929,0.013285,-0.000704,-0.001197,0.004421,0.004896
Lake Malawi,Malawi/Mozambique,clear,LS,34.227968,-10.178810,0.008948,0.011581,0.000392,-0.001079,0.005717,0.006759
Lake Malawi,Malawi/Mozambique,clear,LS,34.430089,-12.426395,0.008518,0.010182,0.000523,-0.000928,0.005253,0.005896
Lake Malawi,Malawi/Mozambique,clear,LS,34.446259,-12.380581,0.008495,0.010698,0.000276,-0.001247,0.004872,0.005917
Lake Malawi,Malawi/Mozambique,clear,LS,34.564837,-11.615217,0.009014,0.009072,-0.001013,-0.002237,0.004366,0.005315
Lake Malawi,Malawi/Mozambique,clear,LS,34.271087,-10.723190,0.011073,0.011764,-0.000740,-0.002267,0.002608,0.003842
Lake Malawi,Malawi/Mozambique,clear,LS,34.742703,-14.002939,0.013580,0.016387,0.000522,-0.001905,0.003356,0.003944
Lake Malawi,Malawi/Mozambique,clear,LS,34.351936,-11.364587,0.008680,0.011365,-0.000457,-0.001543,0.004456,0.005470
Lake Malawi,Malawi/Mozambique,clear,LS,34.672634,-12.706670,0.009667,0.010726,0.001782,-0.000164,0.004868,0.005019
Lake Malawi,Malawi/Mozambique,clear,LS,34.314207,-11.202890,0.009124,0.010980,-0.000433,-0.001697,0.004779,0.005452
Lake Malawi,Malawi/Mozambique,clear,LS,34.009678,-9.580533,0.014209,0.015610,-0.000568,-0.002782,0.001147,0.001869
Lake Malawi,Malawi/Mozambique,clear,LS,34.376190,-11.299908,0.009000,0.010970,-0.000553,-0.001887,0.004621,0.005576
Lake Malawi,Malawi/Mozambique,clear,LS,34.869365,-13.776563,0.010252,0.013776,0.000924,-0.000476,0.004468,0.004871
Lake Malawi,Malawi/Mozambique,clear,LS,34.801992,-13.604087,0.008023,0.010788,0.001471,0.000290,0.006169,0.006086
Lake Malawi,Malawi/Mozambique,clear,LS,34.273782,-12.189240,0.008715,0.011191,0.000251,-0.001290,0.004803,0.005829
Lake Malawi,Malawi/Mozambique,clear,LS,34.885535,-13.800818,0.010263,0.014061,0.001096,-0.000695,0.005521,0.005777
Lake Malawi,Malawi/Mozambique,clear,LS,34.621430,-11.437350,0.007659,0.010114,-0.000364,-0.001759,0.005604,0.006064
Lake Malawi,Malawi/Mozambique,clear,LS,34.373495,-10.424051,0.012386,0.011798,-0.000020,-0.001801,0.004181,0.004985
Lake Malawi,Malawi/Mozambique,clear,LS,34.195629,-12.377886,0.010506,0.013073,0.000241,-0.000790,0.004449,0.005147
Lake Malawi,Malawi/Mozambique,clear,LS,34.284562,-11.776913,0.009003,0.011966,-0.000876,-0.001378,0.002465,0.003809
Lake Malawi,Malawi/Mozambique,clear,LS,34.254918,-12.232359,0.008851,0.011148,-0.000230,-0.001506,0.004566,0.005264
Lake Malawi,Malawi/Mozambique,clear,LS,34.492073,-11.572097,0.008141,0.009736,-0.000625,-0.001594,0.005342,0.006504
Lake Malawi,Malawi/Mozambique,clear,LS,34.004288,-9.607482,0.014194,0.015772,-0.000381,-0.003186,0.000918,0.001981
Lake Malawi,Malawi/Mozambique,clear,LS,34.691499,-11.491249,0.007993,0.009189,-0.000426,-0.001866,0.003864,0.004720
Lake Malawi,Malawi/Mozambique,clear,LS,34.874755,-11.793083,0.008671,0.010220,0.000375,-0.000687,0.002922,0.003617
Lake Malawi,Malawi/Mozambique,clear,LS,34.306122,-11.281043,0.008457,0.010330,-0.001044,-0.001746,0.004126,0.005064
Lake Malawi,Malawi/Mozambique,clear,LS,34.454344,-11.496639,0.009041,0.010389,-0.000233,-0.001333,0.003239,0.004456
Lake Malawi,Malawi/Mozambique,clear,LS,34.880145,-13.827767,0.009670,0.012611,0.001139,-0.000610,0.004877,0.005383
Lake Malawi,Malawi/Mozambique,clear,LS,34.723838,-13.426220,0.009134,0.010978,0.001153,-0.000308,0.004406,0.004882
Lake Malawi,Malawi/Mozambique,clear,LS,34.575616,-11.442740,0.008161,0.009966,-0.000429,-0.000969,0.005150,0.005676
Lake Malawi,Malawi/Mozambique,clear,LS,34.376190,-12.590787,0.008663,0.010224,-0.000185,-0.001168,0.005088,0.006278
Lake Malawi,Malawi/Mozambique,clear,LS,34.457039,-10.159946,0.011046,0.011757,-0.000357,-0.002072,0.003087,0.004005
Lake Malawi,Malawi/Mozambique,clear,LS,34.346546,-10.607307,0.010743,0.011804,-0.000101,-0.001385,0.003905,0.005091
Lake Malawi,Malawi/Mozambique,clear,LS,34.408530,-11.965560,0.007917,0.010392,0.000245,-0.001653,0.004452,0.005116
Lake Malawi,Malawi/Mozambique,clear,LS,34.400445,-10.348592,0.011444,0.011465,0.000052,-0.001900,0.003490,0.004074
Lake Malawi,Malawi/Mozambique,clear,LS,34.378885,-10.655816,0.010308,0.011890,0.000634,-0.001198,0.004444,0.004945
Lake Malawi,Malawi/Mozambique,clear,LS,34.071661,-12.340157,0.014967,0.027109,0.002352,-0.000694,0.004614,0.005191
Lake Malawi,Malawi/Mozambique,clear,LS,34.505548,-13.302253,0.009288,0.010775,0.000632,-0.001066,0.004057,0.004910
Lake Malawi,Malawi/Mozambique,clear,LS,34.047407,-9.782653,0.011489,0.012991,-0.000319,-0.001955,0.002386,0.003387
Lake Malawi,Malawi/Mozambique,clear,LS,34.710364,-12.765959,0.008965,0.012193,0.001991,0.000341,0.005067,0.005673
Lake Malawi,Malawi/Mozambique,clear,LS,34.440869,-10.364762,0.010733,0.011788,-0.000226,-0.001986,0.003758,0.004198
Lake Malawi,Malawi/Mozambique,clear,LS,35.114605,-14.016413,0.011381,0.015365,0.001642,-0.000617,0.005189,0.006028
Lake Malawi,Malawi/Mozambique,clear,LS,34.467818,-13.186370,0.009938,0.011304,0.000420,-0.001113,0.003896,0.004775
Lake Malawi,Malawi/Mozambique,clear,LS,34.060882,-9.909316,0.010554,0.011894,-0.000398,-0.001285,0.004586,0.005191
Lake Malawi,Malawi/Mozambique,clear,LS,34.403140,-11.173246,0.009409,0.010100,-0.000323,-0.001904,0.003067,0.003706
Lake Malawi,Malawi/Mozambique,clear,LS,34.419309,-10.383626,0.012612,0.011795,0.000169,-0.002024,0.003184,0.004218
Lake Malawi,Malawi/Mozambique,clear,LS,34.540582,-10.820208,0.011461,0.010925,0.000210,-0.001842,0.002180,0.003108
Lake Malawi,Malawi/Mozambique,clear,LS,34.265698,-11.774218,0.008907,0.013947,-0.002031,-0.001615,0.002462,0.003541
Lake Malawi,Malawi/Mozambique,clear,LS,34.020457,-10.111437,0.011289,0.015737,0.000235,0.000647,0.007343,0.007817
Lake Malawi,Malawi/Mozambique,clear,LS,34.136340,-9.645211,0.010207,0.011743,-0.001010,-0.002519,0.002128,0.003143
Lake Malawi,Malawi/Mozambique,clear,LS,34.629515,-13.140556,0.006889,0.008787,-0.000226,-0.001072,0.004682,0.005363
Lake Malawi,Malawi/Mozambique,clear,LS,34.715753,-11.674505,0.008598,0.009065,-0.000120,-0.001388,0.003277,0.004146
Lake Malawi,Malawi/Mozambique,clear,LS,34.796602,-13.644511,0.007564,0.009805,0.000760,-0.000172,0.004866,0.005820
Lake Malawi,Malawi/Mozambique,clear,LS,34.540582,-11.906271,0.008192,0.008862,-0.000787,-0.001976,0.004163,0.004885
Lake Malawi,Malawi/Mozambique,clear,LS,34.381580,-10.979209,0.010829,0.010822,-0.000302,-0.001704,0.002909,0.003768
Lake Malawi,Malawi/Mozambique,clear,LS,34.316901,-11.518199,0.009698,0.012606,0.000245,-0.000903,0.002276,0.003328
Lake Malawi,Malawi/Mozambique,clear,LS,34.726533,-13.773868,0.009063,0.011490,0.000390,-0.000949,0.004371,0.004956
Lake Malawi,Malawi/Mozambique,clear,LS,34.470513,-10.742054,0.011193,0.010801,-0.000323,-0.002193,0.002537,0.003349
Lake Malawi,Malawi/Mozambique,clear,LS,35.155030,-14.126906,0.011510,0.015717,0.000301,-0.001348,0.004196,0.004793
Lake Malawi,Malawi/Mozambique,clear,LS,34.799297,-13.878971,0.008637,0.012410,0.000505,-0.001023,0.004284,0.005044
Lake Malawi,Malawi/Mozambique,clear,LS,34.211799,-12.342852,0.010207,0.013710,0.000588,-0.001182,0.005040,0.005555
Lake Malawi,Malawi/Mozambique,clear,LS,34.349241,-11.987119,0.007911,0.010134,-0.000477,-0.002169,0.004954,0.005710
Lake Malawi,Malawi/Mozambique,clear,LS,34.201019,-12.232359,0.009946,0.012073,-0.000005,-0.001709,0.004338,0.005137
Lake Malawi,Malawi/Mozambique,clear,LS,34.144425,-9.731449,0.009357,0.011970,-0.000811,-0.002165,0.002943,0.003967
Lake Malawi,Malawi/Mozambique,clear,LS,34.481293,-12.313208,0.008242,0.009990,0.000218,-0.000845,0.005214,0.005968
Lake Malawi,Malawi/Mozambique,clear,LS,34.149815,-10.221930,0.006875,0.011330,-0.001835,-0.001911,0.005816,0.006903
Lake Malawi,Malawi/Mozambique,clear,LS,34.042017,-12.208105,0.010930,0.014909,-0.000271,-0.001199,0.003279,0.004106
Lake Malawi,Malawi/Mozambique,clear,LS,34.448954,-12.089527,0.008275,0.009698,0.000001,-0.001620,0.004877,0.005821
Lake Malawi,Malawi/Mozambique,clear,LS,34.465124,-13.458560,0.010856,0.014123,0.000943,-0.001065,0.003143,0.004290
Lake Malawi,Malawi/Mozambique,clear,LS,34.378885,-11.771523,0.009113,0.010306,-0.000003,-0.001519,0.003325,0.004394
Lake Malawi,Malawi/Mozambique,clear,LS,34.470513,-11.316078,0.008636,0.010918,0.000131,-0.001536,0.004844,0.005380
Lake Malawi,Malawi/Mozambique,clear,LS,34.785822,-13.364236,0.007000,0.010212,0.001651,0.000884,0.005367,0.005308
Lake Malawi,Malawi/Mozambique,clear,LS,34.006983,-9.532023,0.012334,0.015493,-0.001102,-0.002619,0.000825,0.002008
Lake Malawi,Malawi/Mozambique,clear,LS,34.713059,-11.911661,0.009888,0.010911,0.000049,-0.001512,0.002717,0.003122
Lake Malawi,Malawi/Mozambique,clear,LS,34.432784,-11.003464,0.010165,0.010870,0.000365,-0.001790,0.002967,0.003589
Lake Malawi,Malawi/Mozambique,clear,LS,34.936739,-13.932870,0.009330,0.012872,0.001162,-0.000538,0.006378,0.006320
Lake Malawi,Malawi/Mozambique,clear,LS,34.513633,-13.038148,0.009014,0.010629,0.000447,-0.000941,0.004834,0.005638
Lake Malawi,Malawi/Mozambique,clear,LS,34.626820,-12.876451,0.007749,0.009994,0.001176,-0.000099,0.007178,0.007340
Lake Malawi,Malawi/Mozambique,clear,LS,34.548667,-13.313033,0.008773,0.010890,0.000646,-0.001058,0.004333,0.005294
Lake Malawi,Malawi/Mozambique,clear,LS,34.581006,-11.030413,0.009296,0.010365,-0.000584,-0.001904,0.002500,0.003479
Lake Malawi,Malawi/Mozambique,clear,LS,34.365411,-10.308168,0.011753,0.011884,0.000571,-0.001945,0.002782,0.003466
Lake Malawi,Malawi/Mozambique,clear,LS,34.874755,-11.520894,0.008698,0.010196,0.000317,-0.000735,0.003259,0.003603
Lake Malawi,Malawi/Mozambique,clear,LS,35.041842,-14.005634,0.010822,0.013430,0.000716,-0.000963,0.003441,0.004543
Lake Malawi,Malawi/Mozambique,clear,LS,34.640295,-12.431785,0.008202,0.010526,0.000636,-0.000085,0.004119,0.004923
Lake Malawi,Malawi/Mozambique,clear,LS,34.492073,-11.863152,0.010127,0.011626,0.000331,-0.001753,0.003335,0.003912
Lake Malawi,Malawi/Mozambique,clear,LS,34.828941,-11.353807,0.009976,0.014672,0.001183,0.002544,0.006236,0.004920
Lake Malawi,Malawi/Mozambique,clear,LS,34.699584,-12.014069,0.009261,0.009825,0.000200,-0.001072,0.003933,0.004634
Lake Malawi,Malawi/Mozambique,clear,LS,34.815466,-11.547843,0.009186,0.009846,0.000207,-0.001168,0.002620,0.003617
Lake Malawi,Malawi/Mozambique,clear,LS,34.521717,-11.197500,0.007886,0.010416,-0.000158,-0.001560,0.005411,0.006367
Lake Malawi,Malawi/Mozambique,clear,LS,34.718448,-12.892621,0.008295,0.010767,0.001596,0.000238,0.006714,0.006979
Lake Malawi,Malawi/Mozambique,clear,LS,34.403140,-10.364762,0.011985,0.011599,0.000124,-0.001739,0.003418,0.004139
Lake Malawi,Malawi/Mozambique,clear,LS,34.263003,-9.801518,0.009251,0.011317,0.000032,-0.001282,0.005019,0.006257
Lake Malawi,Malawi/Mozambique,clear,LS,34.545972,-12.404836,0.007453,0.010835,0.000197,-0.000192,0.006082,0.006075
Lake Malawi,Malawi/Mozambique,clear,LS,34.793907,-11.898186,0.009574,0.010252,-0.000147,-0.001354,0.002012,0.002826
Lake Malawi,Malawi/Mozambique,clear,LS,34.244138,-10.030588,0.008841,0.012087,0.000626,-0.001244,0.005123,0.006078
Lake Malawi,Malawi/Mozambique,clear,LS,34.543277,-13.375016,0.009309,0.011406,0.000650,-0.001021,0.004531,0.005213
Lake Malawi,Malawi/Mozambique,clear,LS,34.648380,-13.210625,0.008685,0.009990,0.000798,-0.000928,0.004222,0.004875
Lake Malawi,Malawi/Mozambique,clear,LS,34.640295,-12.906096,0.007168,0.009691,0.001070,-0.000278,0.006968,0.008051
Lake Malawi,Malawi/Mozambique,clear,LS,34.942129,-11.658336,0.008202,0.010980,0.000499,0.000430,0.005308,0.005480
Lake Malawi,Malawi/Mozambique,clear,LS,34.357326,-11.736489,0.008924,0.010622,-0.000068,-0.001120,0.003197,0.004662
Lake Malawi,Malawi/Mozambique,clear,LS,34.338461,-11.852372,0.009124,0.010499,-0.000288,-0.001773,0.003039,0.004016
Lake Malawi,Malawi/Mozambique,clear,LS,34.831636,-13.825072,0.008967,0.011726,0.000438,-0.001094,0.003936,0.004603
Lake Malawi,Malawi/Mozambique,clear,LS,34.427394,-10.833682,0.012568,0.011310,0.000496,-0.001636,0.002049,0.003060
Lake Malawi,Malawi/Mozambique,clear,LS,34.459734,-13.542103,0.012656,0.019574,0.001864,-0.001382,0.002992,0.004064
Lake Malawi,Malawi/Mozambique,clear,LS,34.176764,-12.283563,0.010379,0.012150,-0.000004,-0.001562,0.004823,0.005550
Lake Malawi,Malawi/Mozambique,clear,LS,34.502853,-12.208105,0.008343,0.009563,0.000033,-0.001143,0.005140,0.005803
Lake Malawi,Malawi/Mozambique,clear,LS,34.659160,-10.887581,0.008384,0.012702,0.000131,-0.000415,0.004184,0.004775
Lake Malawi,Malawi/Mozambique,clear,LS,34.335766,-12.337462,0.008265,0.011604,0.000738,-0.000909,0.004903,0.005772
Lake Malawi,Malawi/Mozambique,clear,LS,35.192759,-14.272433,0.012380,0.018559,0.000937,-0.001532,0.004091,0.005052
Lake Malawi,Malawi/Mozambique,clear,LS,34.376190,-10.351287,0.012002,0.011963,0.000987,-0.001656,0.003214,0.003806
Lake Malawi,Malawi/Mozambique,clear,LS,34.570226,-11.194805,0.008154,0.010856,-0.000041,-0.001361,0.004538,0.005789
Lake Malawi,Malawi/Mozambique,clear,LS,34.481293,-12.057188,0.008701,0.010702,0.000489,-0.001219,0.004047,0.004710
Lake Malawi,Malawi/Mozambique,clear,LS,34.613346,-11.159771,0.009058,0.011987,0.000602,-0.001199,0.003307,0.004040
Lake Malawi,Malawi/Mozambique,clear,LS,34.599871,-12.226969,0.007757,0.009464,0.000241,-0.000518,0.003909,0.004257
Lake Malawi,Malawi/Mozambique,clear,LS,34.863976,-11.466995,0.008106,0.009670,-0.000690,-0.001381,0.003201,0.003717
Lake Malawi,Malawi/Mozambique,clear,LS,34.578311,-11.771523,0.008563,0.009182,-0.000446,-0.001793,0.002730,0.003517
Lake Malawi,Malawi/Mozambique,clear,LS,34.341156,-11.184025,0.010726,0.009780,-0.000604,-0.001948,0.003263,0.003937
Lake Malawi,Malawi/Mozambique,clear,LS,35.066096,-13.884361,0.010343,0.014985,0.001012,-0.000745,0.005807,0.006686
Lake Malawi,Malawi/Mozambique,clear,LS,34.548667,-10.731274,0.011393,0.011138,0.000221,-0.001807,0.002166,0.002806
Lake Malawi,Malawi/Mozambique,clear,LS,34.384275,-13.092047,0.009921,0.016178,0.000465,-0.001203,0.005387,0.006030
Lake Malawi,Malawi/Mozambique,clear,LS,34.222578,-10.170726,0.009805,0.012420,0.000351,-0.000814,0.005851,0.006594
Lake Malawi,Malawi/Mozambique,clear,LS,34.217188,-9.982079,0.008825,0.010743,-0.001436,-0.002254,0.005119,0.005652
Lake Malawi,Malawi/Mozambique,clear,LS,34.605261,-12.827942,0.007680,0.010956,0.001135,-0.000041,0.006401,0.006852
Lake Malawi,Malawi/Mozambique,clear,LS,34.408530,-13.525933,0.012613,0.026779,0.004485,-0.000831,0.003314,0.004033
Lake Malawi,Malawi/Mozambique,clear,LS,34.680719,-12.938435,0.007649,0.011097,0.001503,-0.000257,0.005872,0.006353
Lake Malawi,Malawi/Mozambique,clear,LS,35.106521,-14.048753,0.012106,0.013751,0.000581,-0.001206,0.003362,0.004109
Lake Erie,United States/Canada,turbid,S2,-82.509001,41.876764,0.045368,0.049891,0.026633,0.017714,0.012848,0.010669
Lake Erie,United States/Canada,turbid,S2,-81.447193,42.060020,0.041042,0.035493,0.023732,0.017549,0.015061,0.013684
Lake Erie,United States/Canada,turbid,S2,-80.156313,42.157038,0.049629,0.049535,0.033608,0.026838,0.022870,0.020282
Lake Erie,United States/Canada,turbid,S2,-80.932458,42.469652,0.044348,0.040679,0.025642,0.020488,0.018350,0.015747
Lake Erie,United States/Canada,turbid,S2,-82.719207,41.930663,0.054454,0.061359,0.031049,0.019502,0.018077,0.015255
Lake Erie,United States/Canada,turbid,S2,-83.023736,41.723152,0.058895,0.071353,0.035002,0.015406,0.011138,0.010440
Lake Erie,United States/Canada,turbid,S2,-83.150398,41.725847,0.055799,0.071318,0.031122,0.013820,0.004782,0.003960
Lake Erie,United States/Canada,turbid,S2,-82.455102,41.944137,0.042863,0.043122,0.027077,0.021244,0.018235,0.016690
Lake Erie,United States/Canada,turbid,S2,-81.503786,41.895628,0.040742,0.036482,0.021886,0.015934,0.011740,0.010158
Lake Erie,United States/Canada,turbid,S2,-82.034691,42.046545,0.054572,0.052825,0.039600,0.036109,0.029191,0.026090
Lake Erie,United States/Canada,turbid,S2,-82.926718,41.960307,0.054125,0.057497,0.027214,0.018823,0.014526,0.012970
Lake Erie,United States/Canada,turbid,S2,-79.989227,42.291785,0.042086,0.037847,0.024942,0.019767,0.014644,0.012727
Lake Erie,United States/Canada,turbid,S2,-79.148404,42.582839,0.043290,0.039550,0.020892,0.019625,0.010996,0.009193
Lake Erie,United States/Canada,turbid,S2,-79.935328,42.763401,0.043946,0.040993,0.028384,0.023703,0.018132,0.015714
Lake Erie,United States/Canada,turbid,S2,-82.576375,41.828255,0.048750,0.055577,0.028674,0.020340,0.015009,0.012555
Lake Erie,United States/Canada,turbid,S2,-82.317660,41.456352,0.052260,0.057707,0.037854,0.029883,0.027792,0.025883
Lake Erie,United States/Canada,turbid,S2,-80.256026,42.219022,0.043164,0.039824,0.027473,0.020897,0.015577,0.013749
Lake Erie,United States/Canada,turbid,S2,-82.568290,41.574930,0.041877,0.046203,0.024683,0.016530,0.012051,0.010553
Lake Erie,United States/Canada,turbid,S2,-80.258721,42.547805,0.080023,0.088626,0.041820,0.023306,0.012787,0.010631
Lake Erie,United States/Canada,turbid,S2,-81.452582,42.305260,0.041252,0.035621,0.024207,0.019033,0.016726,0.015794
Lake Erie,United States/Canada,turbid,S2,-80.625234,42.283700,0.041653,0.033960,0.021589,0.015739,0.009728,0.007965
Lake Erie,United States/Canada,turbid,S2,-81.816400,42.051935,0.036254,0.031992,0.017606,0.013802,0.009579,0.008119
Lake Erie,United States/Canada,turbid,S2,-81.724772,41.701592,0.039277,0.033802,0.021212,0.014656,0.012015,0.010295
Lake Erie,United States/Canada,turbid,S2,-80.501267,42.520856,0.050148,0.049097,0.023781,0.016590,0.010616,0.009167
Lake Erie,United States/Canada,turbid,S2,-82.802750,41.585709,0.059021,0.073255,0.043981,0.025359,0.018443,0.016124
Lake Erie,United States/Canada,turbid,S2,-82.552120,42.329515,0.056948,0.077375,0.038533,0.021990,0.011020,0.009181
Lake Erie,United States/Canada,turbid,S2,-80.118584,42.647518,0.041615,0.037316,0.023471,0.018774,0.012046,0.010615
Lake Erie,United States/Canada,turbid,S2,-80.436588,42.553195,0.067098,0.063595,0.030697,0.020889,0.013181,0.011044
Lake Erie,United States/Canada,turbid,S2,-79.601155,42.386108,0.051622,0.047260,0.034763,0.029774,0.027800,0.025906
Lake Erie,United States/Canada,turbid,S2,-82.738072,42.402278,0.059787,0.052702,0.022451,0.014854,0.010087,0.009700
Lake Erie,United States/Canada,turbid,S2,-79.024436,42.784960,0.039994,0.032669,0.018977,0.015343,0.009415,0.008174
Lake Erie,United States/Canada,turbid,S2,-80.770761,42.383413,0.050412,0.046446,0.033794,0.026682,0.025124,0.021756
Lake Erie,United States/Canada,turbid,S2,-79.741292,42.413058,0.043493,0.037715,0.024002,0.018328,0.012784,0.011158
Lake Erie,United States/Canada,turbid,S2,-83.169263,41.693507,0.058807,0.075880,0.035857,0.015666,0.007348,0.006833
Lake Erie,United States/Canada,turbid,S2,-80.444673,42.054630,0.040803,0.039854,0.023010,0.018955,0.014136,0.011512
Lake Erie,United States/Canada,turbid,S2,-79.994617,42.380718,0.038743,0.034069,0.021906,0.016900,0.011977,0.010619
Lake Erie,United States/Canada,turbid,S2,-82.420068,41.585709,0.039729,0.041793,0.028717,0.022638,0.020618,0.019441
Lake Erie,United States/Canada,turbid,S2,-79.595765,42.623264,0.040031,0.034548,0.022958,0.018101,0.015187,0.014111
Lake Erie,United States/Canada,turbid,S2,-79.442153,42.763401,0.043955,0.037356,0.024936,0.018878,0.015525,0.014638
Lake Erie,United States/Canada,turbid,S2,-79.695478,42.512771,0.041067,0.036327,0.023362,0.016755,0.012694,0.010721
Lake Erie,United States/Canada,turbid,S2,-81.094155,41.914493,0.045409,0.041416,0.026668,0.020530,0.015778,0.013336
Lake Erie,United States/Canada,turbid,S2,-81.460667,41.820170,0.041881,0.038265,0.023222,0.016882,0.012342,0.010856
Lake Erie,United States/Canada,turbid,S2,-81.945758,42.089664,0.037914,0.033861,0.019073,0.014464,0.009706,0.007909
Lake Erie,United States/Canada,turbid,S2,-81.622364,42.423838,0.041495,0.038067,0.021639,0.016163,0.011902,0.009992
Lake Erie,United States/Canada,turbid,S2,-79.633494,42.631348,0.039103,0.032778,0.021747,0.016903,0.014011,0.013663
Lake Erie,United States/Canada,turbid,S2,-80.436588,42.227107,0.044259,0.037727,0.026202,0.021803,0.015977,0.012884
Lake Erie,United States/Canada,turbid,S2,-80.361129,42.310650,0.046416,0.041056,0.025455,0.019928,0.013599,0.011773
Lake Erie,United States/Canada,turbid,S2,-78.962452,42.733756,0.043990,0.040692,0.022292,0.019825,0.012724,0.010828
Lake Erie,United States/Canada,turbid,S2,-81.708602,42.396888,0.039254,0.036853,0.020333,0.015601,0.010357,0.008367
Lake Erie,United States/Canada,turbid,S2,-81.784061,42.113919,0.037970,0.032974,0.019590,0.014933,0.011405,0.009640
Lake Erie,United States/Canada,turbid,S2,-82.611409,41.491386,0.044989,0.052519,0.027211,0.017363,0.011492,0.009589
Lake Erie,United States/Canada,turbid,S2,-81.080680,41.968392,0.042703,0.038917,0.024699,0.019823,0.015002,0.013152
Lake Erie,United States/Canada,turbid,S2,-79.372084,42.849639,0.058397,0.052958,0.035898,0.028542,0.017501,0.015888
Lake Erie,United States/Canada,turbid,S2,-79.603850,42.830774,0.048933,0.043712,0.025387,0.023758,0.012789,0.010865
Lake Erie,United States/Canada,turbid,S2,-81.891859,42.132783,0.038641,0.034826,0.019865,0.015354,0.012033,0.009640
Lake Erie,United States/Canada,turbid,S2,-81.910723,42.208242,0.040857,0.038106,0.020689,0.014534,0.010612,0.008568
Lake Erie,United States/Canada,turbid,S2,-82.293406,42.097749,0.046519,0.048209,0.036350,0.030610,0.028146,0.026836
Lake Erie,United States/Canada,turbid,S2,-82.414678,41.545285,0.038122,0.040634,0.027188,0.020481,0.018328,0.017011
Lake Erie,United States/Canada,turbid,S2,-81.301665,42.555890,0.043120,0.042101,0.024353,0.017274,0.013495,0.012858
Lake Erie,United States/Canada,turbid,S2,-82.013131,41.566845,0.043759,0.042379,0.023540,0.014181,0.009549,0.008215
Lake Erie,United States/Canada,turbid,S2,-80.557860,42.078885,0.041577,0.037271,0.022042,0.016148,0.009895,0.008582
Lake Erie,United States/Canada,turbid,S2,-83.077635,41.806695,0.052629,0.059879,0.026946,0.013236,0.007097,0.006140
Lake Erie,United States/Canada,turbid,S2,-80.377299,42.520856,0.049001,0.042628,0.024921,0.018567,0.012567,0.010179
Lake Erie,United States/Canada,turbid,S2,-82.729987,41.742016,0.054456,0.060006,0.029638,0.017978,0.013849,0.012564
Lake Erie,United States/Canada,turbid,S2,-79.854480,42.687942,0.039908,0.034579,0.023871,0.017127,0.012715,0.010627
Lake Erie,United States/Canada,turbid,S2,-83.217772,41.779746,0.053621,0.061713,0.027361,0.012416,0.004123,0.003513
Lake Erie,United States/Canada,turbid,S2,-83.066855,41.860594,0.052915,0.055728,0.023798,0.011386,0.006606,0.005428
Lake Erie,United States/Canada,turbid,S2,-80.856999,42.138173,0.049723,0.042348,0.030464,0.025213,0.023004,0.020832
Lake Erie,United States/Canada,turbid,S2,-81.393294,42.334904,0.042685,0.038835,0.026387,0.020699,0.017752,0.016926
Lake Erie,United States/Canada,turbid,S2,-82.705732,42.563975,0.059650,0.062329,0.026972,0.015166,0.008312,0.007979
Lake Erie,United States/Canada,turbid,S2,-80.059295,42.426533,0.044927,0.038251,0.023729,0.018237,0.015493,0.013239
Lake Erie,United States/Canada,turbid,S2,-81.126494,42.283700,0.044249,0.037667,0.025603,0.020091,0.014926,0.013216
Lake Erie,United States/Canada,turbid,S2,-79.655054,42.464262,0.042235,0.036900,0.026111,0.020368,0.017441,0.016446
Lake Erie,United States/Canada,turbid,S2,-81.088765,41.833644,0.050301,0.053831,0.033917,0.027733,0.024114,0.020802
Lake Erie,United States/Canada,turbid,S2,-82.506306,42.448092,0.043362,0.049334,0.022348,0.015105,0.005565,0.004408
Lake Erie,United States/Canada,turbid,S2,-78.973232,42.846944,0.042694,0.036571,0.021050,0.017813,0.010151,0.008495
Lake Erie,United States/Canada,turbid,S2,-83.215077,41.804000,0.048585,0.057807,0.025374,0.012702,0.004316,0.003683
Lake Erie,United States/Canada,turbid,S2,-81.775976,42.326820,0.040387,0.036310,0.020155,0.014534,0.009094,0.007298
Lake Erie,United States/Canada,turbid,S2,-80.468927,42.493906,0.046702,0.044497,0.022268,0.017188,0.011887,0.009577
Lake Erie,United States/Canada,turbid,S2,-79.245422,42.601704,0.037782,0.030770,0.017551,0.013909,0.008131,0.006833
Lake Erie,United States/Canada,turbid,S2,-79.824835,42.329515,0.046052,0.038883,0.027460,0.023045,0.016983,0.014332
Lake Erie,United States/Canada,turbid,S2,-81.646619,41.626134,0.039204,0.036627,0.022132,0.015729,0.011635,0.010602
Lake Erie,United States/Canada,turbid,S2,-80.954017,42.361854,0.050041,0.044118,0.029066,0.024074,0.020976,0.018179
Lake Erie,United States/Canada,turbid,S2,-81.870299,41.642303,0.038485,0.034336,0.019295,0.012503,0.008884,0.007210
Lake Erie,United States/Canada,turbid,S2,-79.199608,42.833469,0.041384,0.033913,0.019823,0.016424,0.009588,0.008330
Lake Erie,United States/Canada,turbid,S2,-82.048165,41.855204,0.047091,0.041730,0.028616,0.024936,0.023278,0.020284
Lake Erie,United States/Canada,turbid,S2,-80.312620,42.270226,0.041281,0.035222,0.023199,0.017871,0.013598,0.011988
Lake Erie,United States/Canada,turbid,S2,-80.110499,42.512771,0.052595,0.045831,0.028531,0.018716,0.014899,0.013482
Lake Erie,United States/Canada,turbid,S2,-82.304185,41.822865,0.039999,0.042339,0.030447,0.022830,0.022679,0.022083
Lake Erie,United States/Canada,turbid,S2,-80.630624,42.399583,0.039797,0.034612,0.020763,0.015473,0.012009,0.009228
Lake Erie,United States/Canada,turbid,S2,-82.562900,41.488691,0.046866,0.048625,0.026513,0.018443,0.013253,0.011199
Lake Erie,United States/Canada,turbid,S2,-81.288191,42.342989,0.041965,0.036949,0.024541,0.019844,0.014387,0.013466
Lake Erie,United States/Canada,turbid,S2,-81.918808,42.113919,0.038301,0.034743,0.019204,0.015046,0.010232,0.008357
Lake Erie,United States/Canada,turbid,S2,-80.762676,42.130089,0.040679,0.033624,0.020502,0.014710,0.010875,0.010049
Lake Erie,United States/Canada,turbid,S2,-82.115539,41.566845,0.044008,0.043830,0.023961,0.015563,0.010069,0.008001
Lake Erie,United States/Canada,turbid,S2,-81.172308,41.814780,0.049814,0.049755,0.029913,0.023019,0.016964,0.015810
Lake Erie,United States/Canada,turbid,S2,-82.352694,41.569540,0.038453,0.041215,0.031068,0.023790,0.018075,0.016077
Lake Erie,United States/Canada,turbid,S2,-82.614104,42.348379,0.055000,0.061450,0.029568,0.020248,0.014314,0.012370
Lake Erie,United States/Canada,turbid,S2,-82.422763,41.477912,0.048191,0.049924,0.032573,0.024782,0.018752,0.018164
Lake Erie,United States/Canada,turbid,S2,-80.514741,42.542415,0.049165,0.048562,0.021283,0.015874,0.009729,0.007296
Lake Erie,United States/Canada,turbid,S2,-82.358084,41.965697,0.042964,0.046469,0.030269,0.022668,0.020337,0.019452
Lake Erie,United States/Canada,turbid,S2,-80.091635,42.461567,0.042338,0.038593,0.025992,0.017840,0.015688,0.014381
Lake Erie,United States/Canada,turbid,S2,-80.813880,42.022291,0.043068,0.037143,0.022682,0.016852,0.012942,0.011433
Lake Erie,United States/Canada,turbid,S2,-79.924548,42.456177,0.038041,0.033781,0.020485,0.016002,0.012240,0.010753
Lake Erie,United States/Canada,turbid,S2,-82.851259,41.709677,0.055797,0.066057,0.033075,0.017223,0.014319,0.012972
Lake Erie,United States/Canada,turbid,S2,-80.487792,42.065410,0.042878,0.039925,0.023774,0.019909,0.013940,0.011605
Lake Erie,United States/Canada,turbid,S2,-81.166918,42.515466,0.045498,0.040129,0.023384,0.018029,0.013311,0.011168
Lake Erie,United States/Canada,turbid,S2,-80.840830,42.278311,0.047824,0.042128,0.029581,0.024880,0.022170,0.020469
Lake Erie,United States/Canada,turbid,S2,-82.080505,41.828255,0.053162,0.047840,0.035488,0.032270,0.026914,0.024192
Lake Erie,United States/Canada,turbid,S2,-81.444498,42.553195,0.050093,0.050001,0.024117,0.017603,0.013293,0.011745
Lake Erie,United States/Canada,turbid,S2,-80.824660,42.065410,0.049632,0.043261,0.030309,0.025484,0.024062,0.021314
Lake Erie,United States/Canada,turbid,S2,-81.554990,41.995341,0.039553,0.033796,0.020431,0.014567,0.011453,0.010741
Lake Erie,United States/Canada,turbid,S2,-80.962102,42.326820,0.050027,0.043026,0.028859,0.024907,0.020502,0.018047
Lake Erie,United States/Canada,turbid,S2,-80.792321,42.113919,0.042396,0.035647,0.022765,0.017263,0.016210,0.014875
Lake Erie,United States/Canada,turbid,S2,-82.331135,42.070800,0.042910,0.046388,0.035341,0.030473,0.026255,0.026118
Lake Erie,United States/Canada,turbid,S2,-80.134754,42.518161,0.055684,0.051235,0.030373,0.022466,0.015819,0.014112
Lake Erie,United States/Canada,turbid,S2,-80.983662,42.035765,0.045576,0.040034,0.026924,0.021263,0.019592,0.017502
Lake Erie,United States/Canada,turbid,S2,-79.374779,42.526246,0.048222,0.042885,0.031521,0.026220,0.022341,0.021548
Lake Erie,United States/Canada,turbid,S2,-80.242552,42.599009,0.045463,0.047088,0.024968,0.019601,0.013919,0.011553
Lake Erie,United States/Canada,turbid,S2,-82.323050,41.906408,0.042204,0.047151,0.031001,0.024158,0.024620,0.023682
Lake Erie,United States/Canada,turbid,S2,-82.751546,41.949527,0.052186,0.060218,0.027863,0.017164,0.013239,0.012276
Lake Erie,United States/Canada,turbid,S2,-80.018871,42.477737,0.043387,0.039583,0.025423,0.016238,0.015162,0.013984
Lake Erie,United States/Canada,turbid,S2,-79.064860,42.747231,0.039740,0.032626,0.018779,0.015337,0.010215,0.007971
Lake Erie,United States/Canada,turbid,S2,-79.164573,42.790350,0.040326,0.032278,0.019737,0.016313,0.010452,0.008225
Lake Erie,United States/Canada,turbid,S2,-80.657573,42.227107,0.041998,0.035007,0.021090,0.015963,0.010240,0.008733
Lake Erie,United States/Canada,turbid,S2,-83.190823,41.987256,0.048547,0.054545,0.029878,0.019182,0.008536,0.007136
Lake Erie,United States/Canada,turbid,S2,-81.363649,42.157038,0.042732,0.037459,0.025083,0.020040,0.016122,0.014323
Lake Erie,United States/Canada,turbid,S2,-82.988702,41.922578,0.051360,0.056665,0.024976,0.013751,0.009168,0.008376
Lake Erie,United States/Canada,turbid,S2,-82.172133,41.917188,0.043904,0.042975,0.033383,0.027597,0.027471,0.025657
Lake Erie,United States/Canada,turbid,S2,-81.236987,42.628653,0.068980,0.070332,0.035095,0.021949,0.013938,0.013082
Lake Erie,United States/Canada,turbid,S2,-82.298795,41.890238,0.043736,0.047996,0.032353,0.024781,0.024241,0.023358
Lake Erie,United States/Canada,turbid,S2,-80.859694,41.952222,0.045825,0.041891,0.028789,0.023501,0.020637,0.018979
Lake Erie,United States/Canada,turbid,S2,-82.091285,41.680033,0.041100,0.037340,0.025040,0.018273,0.013374,0.011493
Lake Erie,United States/Canada,turbid,S2,-81.816400,42.364549,0.046412,0.045574,0.023088,0.017967,0.009290,0.007837
Lake Erie,United States/Canada,turbid,S2,-79.606545,42.388803,0.048868,0.045085,0.034399,0.029317,0.028810,0.025756
Lake Erie,United States/Canada,turbid,S2,-81.530736,42.076190,0.041202,0.037186,0.023974,0.016516,0.014627,0.013775
Lake Erie,United States/Canada,turbid,S2,-79.630799,42.725672,0.041195,0.036262,0.023738,0.019093,0.012431,0.011049
Lake Erie,United States/Canada,turbid,S2,-82.085895,41.882153,0.045488,0.042361,0.030506,0.026330,0.023269,0.021337
Lake Erie,United States/Canada,turbid,S2,-82.638359,41.981866,0.057675,0.062662,0.034440,0.022328,0.016430,0.014286
Lake Erie,United States/Canada,turbid,S2,-82.562900,41.523726,0.044351,0.046706,0.024386,0.016366,0.011990,0.009796
Lake Erie,United States/Canada,turbid,S2,-81.754416,41.623439,0.040954,0.036765,0.020293,0.014315,0.010923,0.009386
Lake Erie,United States/Canada,turbid,S2,-82.829700,41.830950,0.059517,0.065871,0.034183,0.019074,0.016336,0.014809
Lake Erie,United States/Canada,turbid,S2,-83.021041,41.755491,0.060689,0.070348,0.033532,0.015313,0.011297,0.009842
Lake Erie,United States/Canada,turbid,S2,-82.425458,41.987256,0.041711,0.045261,0.028865,0.024684,0.020257,0.018472
Lake Erie,United States/Canada,turbid,S2,-79.601155,42.623264,0.040324,0.034415,0.023040,0.017224,0.013552,0.013087
Lake Erie,United States/Canada,turbid,S2,-79.382864,42.679857,0.045111,0.039725,0.027889,0.021899,0.018332,0.016995
Lake Erie,United States/Canada,turbid,S2,-81.026781,41.963002,0.045050,0.040590,0.026238,0.020800,0.018970,0.017105
Lake Erie,United States/Canada,turbid,S2,-81.398684,42.262141,0.043443,0.039818,0.026981,0.020775,0.017795,0.016435
Lake Erie,United States/Canada,turbid,S2,-81.425633,42.431922,0.040651,0.036664,0.023524,0.017920,0.013967,0.013998
Lake Erie,United States/Canada,turbid,S2,-79.633494,42.677163,0.041298,0.035722,0.022781,0.017863,0.013197,0.011864
Lake Erie,United States/Canada,turbid,S2,-81.212732,42.024986,0.040268,0.034861,0.022842,0.017924,0.013309,0.011222
Lake Erie,United States/Canada,turbid,S2,-83.215077,41.976477,0.048837,0.055163,0.027108,0.017916,0.007787,0.006214
Lake Erie,United States/Canada,turbid,S2,-81.827180,42.221717,0.040302,0.038139,0.020512,0.015127,0.010235,0.008340
Lake Erie,United States/Canada,turbid,S2,-81.519956,41.671948,0.039742,0.037351,0.022560,0.016896,0.011597,0.010569
Lake Erie,United States/Canada,turbid,S2,-81.236987,41.995341,0.040710,0.034860,0.022617,0.018136,0.013091,0.011773
Lake Erie,United States/Canada,turbid,S2,-82.581765,41.437487,0.054197,0.060713,0.034619,0.023685,0.017420,0.015216
Lake Erie,United States/Canada,turbid,S2,-80.867779,42.259446,0.047459,0.041219,0.029069,0.024316,0.023025,0.021550
Lake Erie,United States/Canada,turbid,S2,-80.762676,42.081579,0.040120,0.033061,0.020444,0.014946,0.011533,0.009748
Lake Erie,United States/Canada,turbid,S2,-81.274716,41.979172,0.040470,0.034841,0.021987,0.017535,0.011868,0.010145
Lake Erie,United States/Canada,turbid,S2,-82.589850,42.437312,0.046049,0.041556,0.016600,0.011462,0.006333,0.006443
Lake Erie,United States/Canada,turbid,S2,-79.455628,42.496601,0.047159,0.042005,0.030805,0.026160,0.023722,0.021867
Lake Erie,United States/Canada,turbid,S2,-81.360954,41.936052,0.041326,0.035180,0.021409,0.016168,0.011886,0.010046
Lake Erie,United States/Canada,turbid,S2,-80.749202,41.957612,0.042896,0.039444,0.022591,0.018239,0.011179,0.008952
Lake Erie,United States/Canada,turbid,S2,-80.522826,42.219022,0.041053,0.035690,0.022958,0.016330,0.010678,0.008849
Lake Erie,United States/Canada,turbid,S2,-81.579245,41.642303,0.039706,0.036603,0.021713,0.016316,0.011206,0.009844
Lake Erie,United States/Canada,turbid,S2,-80.657573,41.995341,0.042278,0.039309,0.021367,0.016906,0.011560,0.009600
Lake Erie,United States/Canada,turbid,S2,-83.244721,41.963002,0.049852,0.060633,0.031197,0.020869,0.012192,0.010242
Lake Erie,United States/Canada,turbid,S2,-80.875864,42.612484,0.063016,0.060680,0.034775,0.019954,0.014557,0.013559
Lake Erie,United States/Canada,turbid,S2,-81.352869,42.008816,0.041243,0.035242,0.021809,0.017652,0.012645,0.011088
Lake Erie,United States/Canada,turbid,S2,-80.536301,42.027681,0.045336,0.041268,0.025885,0.020953,0.013464,0.010667
Lake Erie,United States/Canada,turbid,S2,-79.328965,42.744536,0.043685,0.038415,0.024288,0.019366,0.016175,0.015522
Lake Erie,United States/Canada,turbid,S2,-80.393469,42.485821,0.044186,0.039648,0.023613,0.017662,0.012246,0.009810
Lake Erie,United States/Canada,turbid,S2,-80.932458,42.006121,0.045094,0.040227,0.026935,0.020503,0.018521,0.016532
Lake Erie,United States/Canada,turbid,S2,-82.611409,42.351074,0.049006,0.054118,0.023904,0.014521,0.009721,0.009305
Lake Erie,United States/Canada,turbid,S2,-78.957063,42.852334,0.043224,0.037610,0.021477,0.018416,0.010812,0.009398
Lake Erie,United States/Canada,turbid,S2,-83.015651,41.725847,0.058015,0.068560,0.032639,0.013874,0.008902,0.007553
Lake Erie,United States/Canada,turbid,S2,-82.053555,41.755491,0.039595,0.034401,0.018331,0.012397,0.008494,0.007485
Lake Erie,United States/Canada,turbid,S2,-80.741117,41.968392,0.043315,0.040130,0.022837,0.018311,0.014166,0.011624
Lake Erie,United States/Canada,turbid,S2,-80.859694,42.197462,0.048622,0.042306,0.030468,0.025069,0.022975,0.020844
Lake Erie,United States/Canada,turbid,S2,-81.218122,42.254056,0.043237,0.038219,0.025413,0.020905,0.016898,0.014518
Lake Erie,United States/Canada,turbid,S2,-82.759631,42.437312,0.068731,0.061559,0.024923,0.014196,0.007549,0.007165
Lake Erie,United States/Canada,turbid,S2,-82.473967,41.620744,0.039454,0.043841,0.029978,0.022274,0.021527,0.020396
Lake Erie,United States/Canada,turbid,S2,-80.738422,42.329515,0.050542,0.044770,0.032124,0.027343,0.026591,0.023564
Lake Erie,United States/Canada,turbid,S2,-80.026956,42.625959,0.041927,0.036911,0.022912,0.016149,0.012750,0.011321
Lake Erie,United States/Canada,turbid,S2,-81.366344,41.984561,0.041483,0.035661,0.022009,0.018239,0.013295,0.011806
Lake Erie,United States/Canada,turbid,S2,-80.684523,42.054630,0.041274,0.036940,0.020859,0.015789,0.011537,0.010363
Lake Erie,United States/Canada,turbid,S2,-82.293406,41.715067,0.041572,0.043255,0.033891,0.026183,0.026016,0.024404
Lake Erie,United States/Canada,turbid,S2,-82.077810,41.963002,0.050506,0.048344,0.034645,0.029617,0.022754,0.019155
Lake Erie,United States/Canada,turbid,S2,-81.183088,42.391498,0.042715,0.036624,0.023382,0.018644,0.014464,0.011503
Lake Erie,United States/Canada,turbid,S2,-79.824835,42.361854,0.044602,0.038855,0.025897,0.020257,0.015350,0.013121
Lake Erie,United States/Canada,turbid,S2,-82.444323,41.865984,0.042787,0.050753,0.028495,0.019437,0.017233,0.015660
Lake Erie,United States/Canada,turbid,S2,-79.854480,42.712197,0.039727,0.034718,0.022889,0.018784,0.014403,0.011830
Lake Erie,United States/Canada,turbid,S2,-79.975752,42.464262,0.039990,0.034708,0.020651,0.016110,0.014004,0.011848
Lake Erie,United States/Canada,turbid,S2,-82.312270,41.569540,0.040431,0.045848,0.033012,0.025974,0.023116,0.021407
Lake Erie,United States/Canada,turbid,S2,-80.536301,41.992646,0.047230,0.045021,0.026888,0.023274,0.014618,0.012583
Lake Erie,United States/Canada,turbid,S2,-80.862389,41.987256,0.048184,0.044005,0.030880,0.025559,0.023655,0.021634
Lake Erie,United States/Canada,turbid,S2,-80.773456,42.380718,0.049924,0.045435,0.032590,0.025438,0.024781,0.022579
Lake Erie,United States/Canada,turbid,S2,-81.126494,42.636738,0.070352,0.072201,0.033310,0.021795,0.012692,0.009300
Lake Erie,United States/Canada,turbid,S2,-81.328615,42.607094,0.057846,0.057831,0.028366,0.018682,0.013186,0.012204
Lake Erie,United States/Canada,turbid,S2,-81.080680,42.636738,0.081539,0.079883,0.036139,0.022136,0.012491,0.010548
Lake Erie,United States/Canada,turbid,S2,-80.002702,42.278311,0.044240,0.039195,0.025463,0.022077,0.016711,0.014035
Lake Erie,United States/Canada,turbid,S2,-80.778846,42.054630,0.042044,0.037057,0.022562,0.018044,0.014790,0.013580
Lake Erie,United States/Canada,turbid,S2,-81.231597,42.105834,0.042142,0.036167,0.023879,0.018455,0.013371,0.011581
Lake Erie,United States/Canada,turbid,S2,-79.595765,42.566670,0.040048,0.033751,0.022220,0.017553,0.014983,0.013971
Lake Erie,United States/Canada,turbid,S2,-80.021566,42.574755,0.043627,0.040072,0.025473,0.018552,0.015370,0.013813
Lake Erie,United States/Canada,turbid,S2,-82.977922,41.925273,0.050387,0.055740,0.025263,0.014377,0.010406,0.009429
Lake Erie,United States/Canada,turbid,S2,-81.277411,42.202852,0.043864,0.038051,0.024275,0.018949,0.015093,0.013489
Lake Erie,United States/Canada,turbid,S2,-82.482052,41.639608,0.041588,0.043716,0.028330,0.020599,0.019269,0.017221
Lake Erie,United States/Canada,turbid,S2,-82.762326,41.860594,0.059233,0.064500,0.032336,0.018808,0.017091,0.015925
Lake Erie,United States/Canada,turbid,S2,-80.776151,42.440007,0.045647,0.041517,0.029607,0.024317,0.022143,0.019517
Lake Erie,United States/Canada,turbid,S2,-80.312620,42.512771,0.045444,0.040939,0.021197,0.015011,0.009470,0.008047
Lake Erie,United States/Canada,turbid,S2,-83.166568,41.779746,0.048872,0.055080,0.025349,0.012090,0.004623,0.003738
Lake Erie,United States/Canada,turbid,S2,-81.916113,41.736626,0.040338,0.034350,0.018678,0.012952,0.009452,0.007838
Lake Erie,United States/Canada,turbid,S2,-81.320530,42.175903,0.044578,0.039290,0.026618,0.021104,0.016533,0.013632
Lake Erie,United States/Canada,turbid,S2,-81.253156,42.612484,0.061751,0.061579,0.031674,0.020936,0.013948,0.013410
Lake Erie,United States/Canada,turbid,S2,-82.759631,41.876764,0.057445,0.063868,0.031108,0.017484,0.014983,0.014143
Lake Erie,United States/Canada,turbid,S2,-82.064335,41.636913,0.040896,0.036889,0.020667,0.014107,0.009153,0.007533
Lake Erie,United States/Canada,turbid,S2,-81.921503,41.725847,0.039308,0.034162,0.019079,0.012606,0.008933,0.006988
Lake Erie,United States/Canada,turbid,S2,-79.752072,42.399583,0.042551,0.036868,0.024294,0.017633,0.012719,0.010877
Lake Erie,United States/Canada,turbid,S2,-81.797535,42.307955,0.042815,0.039607,0.021195,0.016214,0.010721,0.008961
Lake Erie,United States/Canada,turbid,S2,-82.188303,41.701592,0.047306,0.045954,0.035043,0.028087,0.028172,0.026343
Lake Erie,United States/Canada,turbid,S2,-79.843700,42.634043,0.039624,0.034708,0.022510,0.016604,0.011736,0.010140
Lake Erie,United States/Canada,turbid,S2,-80.617149,42.076190,0.040466,0.035721,0.020146,0.014779,0.009488,0.008282
Lake Erie,United States/Canada,turbid,S2,-80.110499,42.391498,0.044325,0.038201,0.024276,0.018162,0.016390,0.014908
Lake Erie,United States/Canada,turbid,S2,-81.420243,41.944137,0.039189,0.034101,0.021942,0.016386,0.012589,0.011633
Lake Erie,United States/Canada,turbid,S2,-81.948452,41.515641,0.046656,0.047018,0.029183,0.020667,0.013598,0.011711
Lake Erie,United States/Canada,turbid,S2,-79.983837,42.372634,0.040199,0.034304,0.022036,0.017250,0.012594,0.010644
Lake Erie,United States/Canada,turbid,S2,-80.708777,42.100444,0.041126,0.034898,0.020208,0.015955,0.011418,0.010331
Lake Erie,United States/Canada,turbid,S2,-79.097200,42.687942,0.038997,0.033008,0.018009,0.015507,0.009419,0.007417
Lake Erie,United States/Canada,turbid,S2,-81.212732,42.550500,0.045589,0.043259,0.025748,0.018482,0.014730,0.011787
Lake Erie,United States/Canada,turbid,S2,-82.948277,41.680033,0.059029,0.069120,0.033772,0.015874,0.012330,0.011801
Lake Erie,United States/Canada,turbid,S2,-81.088765,42.483126,0.045468,0.038871,0.023246,0.018105,0.013646,0.010915
Lake Erie,United States/Canada,turbid,S2,-79.207693,42.744536,0.039126,0.031155,0.019041,0.015357,0.008322,0.007197
Lake Erie,United States/Canada,turbid,S2,-80.544386,42.116614,0.041872,0.036948,0.021919,0.016543,0.012021,0.010381
Lake Erie,United States/Canada,turbid,S2,-79.544561,42.787655,0.045615,0.038362,0.024536,0.020575,0.015455,0.014235
Lake Erie,United States/Canada,turbid,S2,-81.161528,42.553195,0.045928,0.041475,0.023222,0.016816,0.012422,0.010377
Lake Erie,United States/Canada,turbid,S2,-81.525346,41.750101,0.041581,0.037615,0.022526,0.016662,0.012271,0.010387
Lake Erie,United States/Canada,turbid,S2,-79.770936,42.461567,0.041042,0.033844,0.022395,0.018195,0.013979,0.012289
Lake Erie,United States/Canada,turbid,S2,-83.018346,41.612659,0.064816,0.082197,0.044873,0.021051,0.012390,0.011772
Lake Erie,United States/Canada,turbid,S2,-81.999656,41.852509,0.041006,0.035281,0.020582,0.014975,0.010170,0.008129
Lake Erie,United States/Canada,turbid,S2,-80.202128,42.294480,0.042969,0.038346,0.028280,0.021829,0.016991,0.015350
Lake Erie,United States/Canada,turbid,S2,-81.387904,42.588229,0.063981,0.060985,0.030161,0.019348,0.013035,0.012556
Lake Erie,United States/Canada,turbid,S2,-82.034691,41.909103,0.051675,0.047614,0.032712,0.028551,0.025131,0.022307
Lake Erie,United States/Canada,turbid,S2,-81.228902,41.785135,0.049549,0.052394,0.032676,0.023034,0.016992,0.015167
Lake Erie,United States/Canada,turbid,S2,-81.676263,41.801305,0.038401,0.033687,0.020418,0.014070,0.012412,0.010724
Lake Erie,United States/Canada,turbid,S2,-81.463362,41.987256,0.040976,0.034544,0.021551,0.016147,0.011896,0.010844
Lake Erie,United States/Canada,turbid,S2,-82.104759,42.108529,0.047367,0.044936,0.036174,0.028964,0.026671,0.025420
Lake Erie,United States/Canada,turbid,S2,-81.344785,41.936052,0.040681,0.034546,0.021458,0.016526,0.012277,0.010855
Lake Erie,United States/Canada,turbid,S2,-79.668528,42.825385,0.051447,0.048608,0.029955,0.027982,0.017816,0.014354
Lake Erie,United States/Canada,turbid,S2,-79.328965,42.836164,0.051218,0.046872,0.032364,0.026957,0.018847,0.017694
Lake Erie,United States/Canada,turbid,S2,-80.347655,42.227107,0.043255,0.039774,0.028250,0.022918,0.017610,0.014827
Lake Erie,United States/Canada,turbid,S2,-81.272021,42.391498,0.043460,0.038557,0.025177,0.019509,0.015715,0.013273
Lake Erie,United States/Canada,turbid,S2,-83.225857,41.822865,0.048753,0.056474,0.024764,0.012121,0.004317,0.003282
Lake Erie,United States/Canada,turbid,S2,-81.967317,42.167818,0.053834,0.050842,0.037224,0.032434,0.027718,0.024028
Lake Erie,United States/Canada,turbid,S2,-80.940543,42.192072,0.047183,0.039940,0.027969,0.022782,0.021561,0.020211
Lake Erie,United States/Canada,turbid,S2,-80.466232,42.528940,0.050024,0.045645,0.022714,0.015377,0.010493,0.007902
Lake Erie,United States/Canada,turbid,S2,-79.625409,42.599009,0.038290,0.032413,0.021579,0.016482,0.014166,0.013584
Lake Erie,United States/Canada,turbid,S2,-83.153093,41.919883,0.051842,0.056291,0.021777,0.011310,0.005812,0.005023
Lake Erie,United States/Canada,turbid,S2,-81.713992,41.566845,0.042570,0.041596,0.025963,0.017400,0.014214,0.012912
Lake Erie,United States/Canada,turbid,S2,-80.064685,42.779570,0.055807,0.052972,0.032206,0.027927,0.019603,0.017052
Lake Erie,United States/Canada,turbid,S2,-81.175003,42.205547,0.043950,0.037864,0.024432,0.019416,0.014075,0.012349
Lake Erie,United States/Canada,turbid,S2,-82.606019,42.458872,0.061386,0.058497,0.019903,0.012098,0.007506,0.006673
Lake Erie,United States/Canada,turbid,S2,-81.765196,42.006121,0.038429,0.035030,0.020707,0.014676,0.011841,0.010238
Lake Erie,United States/Canada,turbid,S2,-83.085720,41.809390,0.053527,0.063005,0.029492,0.015399,0.008424,0.007479
Lake Erie,United States/Canada,turbid,S2,-82.616799,42.369939,0.041124,0.042081,0.020880,0.013753,0.010490,0.010093
Lake Erie,United States/Canada,turbid,S2,-83.026431,41.963002,0.059326,0.061641,0.026894,0.015672,0.009142,0.007253
Lake Erie,United States/Canada,turbid,S2,-82.320355,41.607269,0.037386,0.041527,0.032457,0.024875,0.023639,0.021862
Lake Erie,United States/Canada,turbid,S2,-79.733207,42.488516,0.037643,0.031842,0.020068,0.015777,0.010705,0.009135
Lake Erie,United States/Canada,turbid,S2,-82.463187,41.971087,0.048014,0.046417,0.027591,0.023291,0.020673,0.018510
Lake Erie,United States/Canada,turbid,S2,-82.217947,42.057325,0.042634,0.044131,0.035169,0.031003,0.027729,0.024809
Lake Erie,United States/Canada,turbid,S2,-79.927243,42.361854,0.040807,0.035015,0.022643,0.017762,0.012617,0.010706
Lake Erie,United States/Canada,turbid,S2,-79.700868,42.685247,0.039138,0.033835,0.022396,0.018418,0.012229,0.010828
Lake Erie,United States/Canada,turbid,S2,-80.253332,42.722977,0.045588,0.043601,0.024440,0.022053,0.013276,0.009306
Lake Erie,United States/Canada,turbid,S2,-81.986182,41.636913,0.040941,0.036344,0.020267,0.013596,0.009495,0.007887
Lake Erie,United States/Canada,turbid,S2,-80.477012,42.197462,0.041600,0.037193,0.023405,0.018047,0.011678,0.009250
Lake Erie,United States/Canada,turbid,S2,-81.918808,42.065410,0.037126,0.032651,0.018694,0.014314,0.009815,0.008323
Lake Erie,United States/Canada,turbid,S2,-81.635839,42.275616,0.039229,0.035058,0.020973,0.016027,0.012564,0.011050
Lake Erie,United States/Canada,turbid,S2,-80.043126,42.722977,0.043674,0.040212,0.025729,0.017755,0.013338,0.012487
Lake Erie,United States/Canada,turbid,S2,-81.867604,41.971087,0.038556,0.033263,0.020018,0.014286,0.009268,0.008112
Lake Erie,United States/Canada,turbid,S2,-80.326095,42.647518,0.054727,0.070499,0.036215,0.018133,0.009971,0.008248
Lake Erie,United States/Canada,turbid,S2,-82.126319,41.653083,0.042714,0.039230,0.027710,0.023076,0.019459,0.016281
Lake Erie,United States/Canada,turbid,S2,-80.301841,42.682552,0.046364,0.044671,0.025277,0.020467,0.013083,0.009696
Lake Erie,United States/Canada,turbid,S2,-82.668003,42.386108,0.038936,0.034694,0.015882,0.011815,0.007083,0.005623
Lake Erie,United States/Canada,turbid,S2,-79.434068,42.464262,0.061887,0.056125,0.040550,0.035753,0.030535,0.027886
Lake Erie,United States/Canada,turbid,S2,-82.791971,41.989951,0.061109,0.061940,0.030029,0.019159,0.012318,0.011945
Lake Erie,United States/Canada,turbid,S2,-81.662788,42.278311,0.038034,0.034009,0.019856,0.015041,0.010965,0.010059
Lake Erie,United States/Canada,turbid,S2,-81.608889,41.876764,0.041074,0.035944,0.021512,0.015189,0.011805,0.010587
Lake Erie,United States/Canada,turbid,S2,-82.619494,41.704287,0.052929,0.056779,0.029619,0.020581,0.016863,0.014993
Lake Erie,United States/Canada,turbid,S2,-79.213082,42.766096,0.039554,0.032441,0.019081,0.014761,0.008139,0.007042
Lake Erie,United States/Canada,turbid,S2,-81.145359,42.383413,0.043319,0.036620,0.023420,0.019456,0.015286,0.012767
Lake Erie,United States/Canada,turbid,S2,-83.247416,41.677338,0.059479,0.081000,0.041320,0.017276,0.005192,0.003870
Lake Erie,United States/Canada,turbid,S2,-81.953842,41.998036,0.040240,0.034987,0.021153,0.015445,0.011849,0.008629
Lake Erie,United States/Canada,turbid,S2,-81.158833,41.806695,0.047214,0.049267,0.027547,0.023208,0.015375,0.014133
Lake Erie,United States/Canada,turbid,S2,-81.447193,41.682727,0.050944,0.053119,0.029491,0.019692,0.013226,0.011764
Lake Erie,United States/Canada,turbid,S2,-82.994091,41.793220,0.056306,0.063695,0.030947,0.014874,0.012138,0.011535
Lake Erie,United States/Canada,turbid,S2,-81.002526,42.208242,0.045109,0.040575,0.027261,0.021775,0.018971,0.016337
Lake Erie,United States/Canada,turbid,S2,-82.719207,42.658298,0.073635,0.069630,0.027585,0.016347,0.010015,0.008822
Lake Erie,United States/Canada,turbid,S2,-80.757286,42.351074,0.053041,0.045050,0.032366,0.027721,0.027325,0.024227
Lake Erie,United States/Canada,turbid,S2,-81.638534,41.690812,0.039646,0.035577,0.021127,0.014561,0.010447,0.010221
Lake Erie,United States/Canada,turbid,S2,-81.328615,42.326820,0.040944,0.035470,0.023177,0.018178,0.014155,0.012966
Lake Erie,United States/Canada,turbid,LS,-82.509001,41.876764,0.015472,0.030990,0.008995,-0.000449,0.004748,0.005634
Lake Erie,United States/Canada,turbid,LS,-81.447193,42.060020,0.011451,0.015870,0.002977,-0.001068,0.003749,0.004339
Lake Erie,United States/Canada,turbid,LS,-80.156313,42.157038,0.009484,0.021045,0.003462,0.003293,0.011357,0.011627
Lake Erie,United States/Canada,turbid,LS,-80.932458,42.469652,0.010480,0.017300,0.002111,-0.001218,0.005009,0.006297
Lake Erie,United States/Canada,turbid,LS,-82.719207,41.930663,0.022205,0.040167,0.010731,-0.000954,0.003585,0.004676
Lake Erie,United States/Canada,turbid,LS,-83.023736,41.723152,0.028928,0.056437,0.020207,-0.001308,0.003961,0.004952
Lake Erie,United States/Canada,turbid,LS,-83.150398,41.725847,0.029225,0.059725,0.022417,-0.001037,0.002557,0.003414
Lake Erie,United States/Canada,turbid,LS,-82.455102,41.944137,0.010758,0.021936,0.003921,-0.000705,0.004848,0.005295
Lake Erie,United States/Canada,turbid,LS,-81.503786,41.895628,0.011739,0.015358,0.002709,-0.000962,0.003754,0.004103
Lake Erie,United States/Canada,turbid,LS,-82.034691,42.046545,0.009812,0.015238,0.003210,-0.000443,0.004473,0.005223
Lake Erie,United States/Canada,turbid,LS,-82.926718,41.960307,0.022227,0.038404,0.008492,0.000775,0.007593,0.008222
Lake Erie,United States/Canada,turbid,LS,-79.989227,42.291785,0.008130,0.013413,0.001620,-0.000492,0.005940,0.006667
Lake Erie,United States/Canada,turbid,LS,-79.148404,42.582839,0.010514,0.017330,-0.000128,0.001211,0.004474,0.005296
Lake Erie,United States/Canada,turbid,LS,-79.935328,42.763401,0.011152,0.018678,0.001584,-0.000229,0.010805,0.010446
Lake Erie,United States/Canada,turbid,LS,-82.576375,41.828255,0.016926,0.034573,0.009294,-0.000352,0.006887,0.007067
Lake Erie,United States/Canada,turbid,LS,-82.317660,41.456352,0.010514,0.025930,0.007164,0.000321,0.004633,0.004964
Lake Erie,United States/Canada,turbid,LS,-80.256026,42.219022,0.007160,0.014034,0.001626,-0.000433,0.006766,0.007003
Lake Erie,United States/Canada,turbid,LS,-82.568290,41.574930,0.012536,0.025112,0.007171,-0.001182,0.002397,0.002737
Lake Erie,United States/Canada,turbid,LS,-80.258721,42.547805,0.030919,0.053462,0.009005,-0.002598,0.004835,0.006355
Lake Erie,United States/Canada,turbid,LS,-81.452582,42.305260,0.008924,0.016825,0.003778,-0.000242,0.006604,0.006945
Lake Erie,United States/Canada,turbid,LS,-80.625234,42.283700,0.010294,0.016309,0.001340,-0.001460,0.002170,0.002572
Lake Erie,United States/Canada,turbid,LS,-81.816400,42.051935,0.010720,0.017208,0.004760,0.002327,0.008519,0.010051
Lake Erie,United States/Canada,turbid,LS,-81.724772,41.701592,0.011774,0.017316,0.003205,-0.001025,0.002294,0.002914
Lake Erie,United States/Canada,turbid,LS,-80.501267,42.520856,0.015195,0.020552,0.001240,-0.001908,0.003826,0.004336
Lake Erie,United States/Canada,turbid,LS,-82.802750,41.585709,0.022956,0.050585,0.021356,0.002744,0.008917,0.009788
Lake Erie,United States/Canada,turbid,LS,-82.552120,42.329515,0.019484,0.058557,0.020229,0.004744,0.007074,0.008106
Lake Erie,United States/Canada,turbid,LS,-80.118584,42.647518,0.012216,0.018265,0.001692,-0.001090,0.004487,0.004634
Lake Erie,United States/Canada,turbid,LS,-80.436588,42.553195,0.025608,0.034563,0.005655,-0.002061,0.003379,0.003827
Lake Erie,United States/Canada,turbid,LS,-79.601155,42.386108,0.009380,0.015788,0.002617,0.002380,0.009583,0.009413
Lake Erie,United States/Canada,turbid,LS,-82.738072,42.402278,0.029862,0.033774,0.004189,-0.001736,0.001308,0.002391
Lake Erie,United States/Canada,turbid,LS,-79.024436,42.784960,0.008438,0.012597,-0.000379,-0.001404,0.002853,0.003714
Lake Erie,United States/Canada,turbid,LS,-80.770761,42.383413,0.012022,0.017499,0.003489,0.000240,0.006568,0.007519
Lake Erie,United States/Canada,turbid,LS,-79.741292,42.413058,0.011167,0.015534,0.001777,-0.000606,0.005653,0.005964
Lake Erie,United States/Canada,turbid,LS,-83.169263,41.693507,0.026986,0.060380,0.024924,-0.000625,0.002653,0.003530
Lake Erie,United States/Canada,turbid,LS,-80.444673,42.054630,0.007601,0.014337,0.000303,-0.001619,0.003446,0.004335
Lake Erie,United States/Canada,turbid,LS,-79.994617,42.380718,0.012502,0.016343,0.001791,-0.000933,0.004497,0.005255
Lake Erie,United States/Canada,turbid,LS,-82.420068,41.585709,0.010017,0.021397,0.006187,-0.000584,0.003257,0.004010
Lake Erie,United States/Canada,turbid,LS,-79.595765,42.623264,0.012088,0.013437,0.001529,-0.001001,0.004292,0.004783
Lake Erie,United States/Canada,turbid,LS,-79.442153,42.763401,0.010064,0.013604,0.001316,-0.000566,0.005015,0.005838
Lake Erie,United States/Canada,turbid,LS,-79.695478,42.512771,0.011424,0.014234,0.001363,-0.001307,0.002992,0.004269
Lake Erie,United States/Canada,turbid,LS,-81.094155,41.914493,0.010943,0.016211,0.003538,-0.000562,0.003054,0.003653
Lake Erie,United States/Canada,turbid,LS,-81.460667,41.820170,0.011534,0.016011,0.003522,-0.001061,0.003094,0.003955
Lake Erie,United States/Canada,turbid,LS,-81.945758,42.089664,0.012928,0.018221,0.004667,0.000078,0.005499,0.006453
Lake Erie,United States/Canada,turbid,LS,-81.622364,42.423838,0.009020,0.018519,0.002911,0.000670,0.004838,0.005134
Lake Erie,United States/Canada,turbid,LS,-79.633494,42.631348,0.009850,0.012917,0.001141,-0.001141,0.003818,0.004602
Lake Erie,United States/Canada,turbid,LS,-80.436588,42.227107,0.008543,0.014026,0.001606,-0.000445,0.004214,0.004884
Lake Erie,United States/Canada,turbid,LS,-80.361129,42.310650,0.010069,0.016716,0.001368,-0.001211,0.004217,0.005034
Lake Erie,United States/Canada,turbid,LS,-78.962452,42.733756,0.012210,0.019660,0.001198,0.001717,0.004751,0.005606
Lake Erie,United States/Canada,turbid,LS,-81.708602,42.396888,0.007340,0.017683,0.002638,0.000459,0.007354,0.007611
Lake Erie,United States/Canada,turbid,LS,-81.784061,42.113919,0.009831,0.017038,0.004197,0.000712,0.007932,0.008767
Lake Erie,United States/Canada,turbid,LS,-82.611409,41.491386,0.012567,0.030086,0.008605,-0.001365,0.002017,0.002526
Lake Erie,United States/Canada,turbid,LS,-81.080680,41.968392,0.011517,0.015847,0.003119,-0.000653,0.003515,0.003983
Lake Erie,United States/Canada,turbid,LS,-79.372084,42.849639,0.013032,0.019270,0.000835,0.001174,0.006792,0.006871
Lake Erie,United States/Canada,turbid,LS,-79.603850,42.830774,0.011045,0.017442,0.000383,-0.000192,0.005139,0.005594
Lake Erie,United States/Canada,turbid,LS,-81.891859,42.132783,0.009526,0.016364,0.003108,-0.000395,0.005716,0.006675
Lake Erie,United States/Canada,turbid,LS,-81.910723,42.208242,0.008778,0.018853,0.003660,-0.000164,0.004181,0.004813
Lake Erie,United States/Canada,turbid,LS,-82.293406,42.097749,0.008809,0.018110,0.003178,-0.000823,0.004108,0.005068
Lake Erie,United States/Canada,turbid,LS,-82.414678,41.545285,0.011832,0.022188,0.005967,-0.000636,0.004054,0.004644
Lake Erie,United States/Canada,turbid,LS,-81.301665,42.555890,0.013753,0.019272,0.002681,-0.001018,0.003472,0.004412
Lake Erie,United States/Canada,turbid,LS,-82.013131,41.566845,0.008490,0.022029,0.005164,0.002960,0.008465,0.008447
Lake Erie,United States/Canada,turbid,LS,-80.557860,42.078885,0.008858,0.016480,0.001287,-0.001827,0.004721,0.005648
Lake Erie,United States/Canada,turbid,LS,-83.077635,41.806695,0.024125,0.042369,0.011869,-0.000705,0.005204,0.006028
Lake Erie,United States/Canada,turbid,LS,-80.377299,42.520856,0.014800,0.020143,0.002649,-0.001520,0.003964,0.004314
Lake Erie,United States/Canada,turbid,LS,-82.729987,41.742016,0.018796,0.037944,0.010640,-0.000794,0.006300,0.007344
Lake Erie,United States/Canada,turbid,LS,-79.854480,42.687942,0.010534,0.014288,0.000923,-0.001082,0.003028,0.004043
Lake Erie,United States/Canada,turbid,LS,-83.217772,41.779746,0.022170,0.047812,0.013543,-0.001342,0.001449,0.002732
Lake Erie,United States/Canada,turbid,LS,-83.066855,41.860594,0.021768,0.037450,0.008329,-0.000725,0.003323,0.004435
Lake Erie,United States/Canada,turbid,LS,-80.856999,42.138173,0.010236,0.015127,0.002608,-0.000879,0.005153,0.005843
Lake Erie,United States/Canada,turbid,LS,-81.393294,42.334904,0.008490,0.017587,0.003386,-0.000011,0.007063,0.007605
Lake Erie,United States/Canada,turbid,LS,-82.705732,42.563975,0.021799,0.041257,0.007839,-0.001686,0.002160,0.002913
Lake Erie,United States/Canada,turbid,LS,-80.059295,42.426533,0.008686,0.014299,0.001691,-0.000936,0.004811,0.005826
Lake Erie,United States/Canada,turbid,LS,-81.126494,42.283700,0.009988,0.016212,0.003274,-0.000424,0.007401,0.008587
Lake Erie,United States/Canada,turbid,LS,-79.655054,42.464262,0.010628,0.015194,0.001657,-0.000796,0.005193,0.005772
Lake Erie,United States/Canada,turbid,LS,-81.088765,41.833644,0.011381,0.024296,0.004237,0.002381,0.004335,0.005163
Lake Erie,United States/Canada,turbid,LS,-82.506306,42.448092,0.014865,0.031752,0.004413,-0.001149,0.001957,0.002663
Lake Erie,United States/Canada,turbid,LS,-78.973232,42.846944,0.010726,0.013950,-0.000445,-0.001508,0.002579,0.003475
Lake Erie,United States/Canada,turbid,LS,-83.215077,41.804000,0.022192,0.041850,0.012242,-0.001149,0.001819,0.002759
Lake Erie,United States/Canada,turbid,LS,-81.775976,42.326820,0.007932,0.018010,0.002325,-0.000375,0.006335,0.006816
Lake Erie,United States/Canada,turbid,LS,-80.468927,42.493906,0.014205,0.021348,0.001542,-0.002117,0.004140,0.005068
Lake Erie,United States/Canada,turbid,LS,-79.245422,42.601704,0.010661,0.014424,0.000958,-0.000249,0.006788,0.007439
Lake Erie,United States/Canada,turbid,LS,-79.824835,42.329515,0.007528,0.013154,0.001316,-0.000378,0.006541,0.006947
Lake Erie,United States/Canada,turbid,LS,-81.646619,41.626134,0.013667,0.019793,0.003187,-0.000801,0.002151,0.002638
Lake Erie,United States/Canada,turbid,LS,-80.954017,42.361854,0.011050,0.015854,0.002499,-0.000723,0.006374,0.007172
Lake Erie,United States/Canada,turbid,LS,-81.870299,41.642303,0.009130,0.015120,0.002349,-0.000404,0.004836,0.004909
Lake Erie,United States/Canada,turbid,LS,-79.199608,42.833469,0.010439,0.015043,0.001531,0.000189,0.005112,0.005416
Lake Erie,United States/Canada,turbid,LS,-82.048165,41.855204,0.008951,0.015390,0.002667,-0.000753,0.003681,0.004235
Lake Erie,United States/Canada,turbid,LS,-80.312620,42.270226,0.009512,0.014165,0.001392,-0.001176,0.004100,0.005031
Lake Erie,United States/Canada,turbid,LS,-80.110499,42.512771,0.015044,0.022555,0.004313,-0.000797,0.005351,0.005563
Lake Erie,United States/Canada,turbid,LS,-82.304185,41.822865,0.012150,0.018746,0.005635,-0.000885,0.004066,0.004361
Lake Erie,United States/Canada,turbid,LS,-80.630624,42.399583,0.011187,0.015532,0.002160,-0.001340,0.003680,0.003866
Lake Erie,United States/Canada,turbid,LS,-82.562900,41.488691,0.011680,0.026218,0.007073,-0.001179,0.002086,0.002721
Lake Erie,United States/Canada,turbid,LS,-81.288191,42.342989,0.009403,0.017287,0.003851,0.000038,0.007891,0.008249
Lake Erie,United States/Canada,turbid,LS,-81.918808,42.113919,0.009986,0.016083,0.003525,-0.000108,0.005470,0.006547
Lake Erie,United States/Canada,turbid,LS,-80.762676,42.130089,0.009073,0.015092,0.001535,-0.001637,0.003834,0.004359
Lake Erie,United States/Canada,turbid,LS,-82.115539,41.566845,0.008942,0.020234,0.004061,-0.000780,0.004472,0.004713
Lake Erie,United States/Canada,turbid,LS,-81.172308,41.814780,0.011333,0.023853,0.004927,0.000261,0.004433,0.005004
Lake Erie,United States/Canada,turbid,LS,-82.352694,41.569540,0.010730,0.020632,0.005450,-0.000792,0.004103,0.004957
Lake Erie,United States/Canada,turbid,LS,-82.614104,42.348379,0.014949,0.034414,0.004536,-0.000576,0.004247,0.004727
Lake Erie,United States/Canada,turbid,LS,-82.422763,41.477912,0.010030,0.021775,0.004585,-0.001646,0.002015,0.002742
Lake Erie,United States/Canada,turbid,LS,-80.514741,42.542415,0.017263,0.030464,0.002697,-0.002312,0.003816,0.004347
Lake Erie,United States/Canada,turbid,LS,-82.358084,41.965697,0.009817,0.017945,0.002493,-0.001384,0.003655,0.004841
Lake Erie,United States/Canada,turbid,LS,-80.091635,42.461567,0.008476,0.016066,0.002320,-0.000989,0.006483,0.006613
Lake Erie,United States/Canada,turbid,LS,-80.813880,42.022291,0.009612,0.015975,0.001242,-0.001074,0.002764,0.003678
Lake Erie,United States/Canada,turbid,LS,-79.924548,42.456177,0.013110,0.016808,0.001631,-0.001074,0.004675,0.005680
Lake Erie,United States/Canada,turbid,LS,-82.851259,41.709677,0.023607,0.045386,0.015127,-0.000537,0.005244,0.006549
Lake Erie,United States/Canada,turbid,LS,-80.487792,42.065410,0.009579,0.015571,0.001397,-0.000791,0.004073,0.004780
Lake Erie,United States/Canada,turbid,LS,-81.166918,42.515466,0.012412,0.020779,0.002594,-0.000892,0.005200,0.005839
Lake Erie,United States/Canada,turbid,LS,-80.840830,42.278311,0.011386,0.016416,0.002812,-0.000199,0.008568,0.009549
Lake Erie,United States/Canada,turbid,LS,-82.080505,41.828255,0.008716,0.014935,0.002900,-0.000783,0.002530,0.003471
Lake Erie,United States/Canada,turbid,LS,-81.444498,42.553195,0.012966,0.020704,0.001143,-0.001880,0.003106,0.004117
Lake Erie,United States/Canada,turbid,LS,-80.824660,42.065410,0.009240,0.014001,0.001053,-0.002012,0.003256,0.004514
Lake Erie,United States/Canada,turbid,LS,-81.554990,41.995341,0.010772,0.016576,0.003103,-0.000561,0.004262,0.005106
Lake Erie,United States/Canada,turbid,LS,-80.962102,42.326820,0.010901,0.016407,0.003027,-0.000610,0.005694,0.007004
Lake Erie,United States/Canada,turbid,LS,-80.792321,42.113919,0.010110,0.014608,0.001572,-0.001411,0.003034,0.003587
Lake Erie,United States/Canada,turbid,LS,-82.331135,42.070800,0.008436,0.017216,0.002097,-0.001249,0.004023,0.005387
Lake Erie,United States/Canada,turbid,LS,-80.134754,42.518161,0.017319,0.026150,0.003752,-0.001079,0.006376,0.007699
Lake Erie,United States/Canada,turbid,LS,-80.983662,42.035765,0.010150,0.016092,0.002746,-0.000592,0.003564,0.004281
Lake Erie,United States/Canada,turbid,LS,-79.374779,42.526246,0.010005,0.014750,0.000554,-0.000988,0.002852,0.003863
Lake Erie,United States/Canada,turbid,LS,-80.242552,42.599009,0.016548,0.030101,0.005155,-0.001169,0.004303,0.005294
Lake Erie,United States/Canada,turbid,LS,-82.323050,41.906408,0.011839,0.018492,0.004133,-0.000965,0.003805,0.004303
Lake Erie,United States/Canada,turbid,LS,-82.751546,41.949527,0.019585,0.039080,0.008665,-0.001177,0.007307,0.008245
Lake Erie,United States/Canada,turbid,LS,-80.018871,42.477737,0.010059,0.018736,0.002230,-0.001076,0.006444,0.006658
Lake Erie,United States/Canada,turbid,LS,-79.064860,42.747231,0.010851,0.015112,0.000744,-0.000367,0.004561,0.004921
Lake Erie,United States/Canada,turbid,LS,-79.164573,42.790350,0.010020,0.014131,0.001292,-0.000322,0.004315,0.005296
Lake Erie,United States/Canada,turbid,LS,-80.657573,42.227107,0.010247,0.015496,0.001872,-0.001060,0.003590,0.003896
Lake Erie,United States/Canada,turbid,LS,-83.190823,41.987256,0.016762,0.037634,0.008605,0.001162,0.005948,0.006399
Lake Erie,United States/Canada,turbid,LS,-81.363649,42.157038,0.010643,0.016858,0.003208,-0.000548,0.006357,0.006651
Lake Erie,United States/Canada,turbid,LS,-82.988702,41.922578,0.022975,0.038186,0.008491,-0.000454,0.004500,0.005333
Lake Erie,United States/Canada,turbid,LS,-82.172133,41.917188,0.008545,0.014807,0.002436,-0.001710,0.003307,0.004080
Lake Erie,United States/Canada,turbid,LS,-81.236987,42.628653,0.018457,0.032531,0.003623,-0.001138,0.003444,0.004932
Lake Erie,United States/Canada,turbid,LS,-82.298795,41.890238,0.011013,0.017419,0.003431,-0.000939,0.003349,0.003907
Lake Erie,United States/Canada,turbid,LS,-80.859694,41.952222,0.010703,0.018074,0.001954,-0.001355,0.002614,0.003454
Lake Erie,United States/Canada,turbid,LS,-82.091285,41.680033,0.009546,0.016508,0.003551,-0.000979,0.002864,0.003513
Lake Erie,United States/Canada,turbid,LS,-81.816400,42.364549,0.017057,0.029974,0.010569,0.010533,0.007836,0.005889
Lake Erie,United States/Canada,turbid,LS,-79.606545,42.388803,0.009894,0.015714,0.002768,0.002540,0.009351,0.009211
Lake Erie,United States/Canada,turbid,LS,-81.530736,42.076190,0.010760,0.016940,0.002847,-0.000859,0.004952,0.005560
Lake Erie,United States/Canada,turbid,LS,-79.630799,42.725672,0.009199,0.013052,0.001012,-0.000794,0.004526,0.005563
Lake Erie,United States/Canada,turbid,LS,-82.085895,41.882153,0.009452,0.014822,0.002903,-0.001146,0.004054,0.004958
Lake Erie,United States/Canada,turbid,LS,-82.638359,41.981866,0.016313,0.032320,0.006678,-0.001066,0.004406,0.005410
Lake Erie,United States/Canada,turbid,LS,-82.562900,41.523726,0.013053,0.026685,0.006952,-0.000699,0.001992,0.002660
Lake Erie,United States/Canada,turbid,LS,-81.754416,41.623439,0.013799,0.018951,0.003572,-0.001153,0.002312,0.003261
Lake Erie,United States/Canada,turbid,LS,-82.829700,41.830950,0.028609,0.046721,0.013188,-0.001238,0.004400,0.005729
Lake Erie,United States/Canada,turbid,LS,-83.021041,41.755491,0.028191,0.052061,0.016814,-0.000813,0.004364,0.005968
Lake Erie,United States/Canada,turbid,LS,-82.425458,41.987256,0.009414,0.018988,0.002600,-0.001330,0.004046,0.004730
Lake Erie,United States/Canada,turbid,LS,-79.601155,42.623264,0.011168,0.013490,0.001210,-0.001030,0.004856,0.004914
Lake Erie,United States/Canada,turbid,LS,-79.382864,42.679857,0.008383,0.012935,0.000831,-0.001114,0.005546,0.006236
Lake Erie,United States/Canada,turbid,LS,-81.026781,41.963002,0.011657,0.016102,0.002982,-0.000720,0.002124,0.002684
Lake Erie,United States/Canada,turbid,LS,-81.398684,42.262141,0.010046,0.017083,0.003915,-0.000361,0.007254,0.007423
Lake Erie,United States/Canada,turbid,LS,-81.425633,42.431922,0.010322,0.017179,0.002862,-0.000796,0.005547,0.006340
Lake Erie,United States/Canada,turbid,LS,-79.633494,42.677163,0.009806,0.013089,0.001369,-0.001097,0.003221,0.004339
Lake Erie,United States/Canada,turbid,LS,-81.212732,42.024986,0.012315,0.016339,0.003623,-0.000622,0.003900,0.004410
Lake Erie,United States/Canada,turbid,LS,-83.215077,41.976477,0.013401,0.030546,0.007058,0.001823,0.005225,0.005696
Lake Erie,United States/Canada,turbid,LS,-81.827180,42.221717,0.008022,0.016032,0.003384,-0.000276,0.005718,0.006395
Lake Erie,United States/Canada,turbid,LS,-81.519956,41.671948,0.014013,0.020756,0.004055,-0.001169,0.002970,0.003367
Lake Erie,United States/Canada,turbid,LS,-81.236987,41.995341,0.012171,0.017072,0.003753,-0.000662,0.003466,0.004306
Lake Erie,United States/Canada,turbid,LS,-82.581765,41.437487,0.011306,0.031135,0.007759,-0.000248,0.002462,0.003042
Lake Erie,United States/Canada,turbid,LS,-80.867779,42.259446,0.011202,0.015814,0.003256,-0.000507,0.008128,0.008716
Lake Erie,United States/Canada,turbid,LS,-80.762676,42.081579,0.009332,0.014486,0.001176,-0.002138,0.002961,0.003507
Lake Erie,United States/Canada,turbid,LS,-81.274716,41.979172,0.011908,0.016635,0.002908,-0.000734,0.003186,0.004244
Lake Erie,United States/Canada,turbid,LS,-82.589850,42.437312,0.018986,0.026254,0.001959,-0.000923,0.003867,0.004698
Lake Erie,United States/Canada,turbid,LS,-79.455628,42.496601,0.010962,0.014646,0.001508,-0.000699,0.005586,0.005756
Lake Erie,United States/Canada,turbid,LS,-81.360954,41.936052,0.012058,0.016440,0.003540,-0.000642,0.003864,0.004473
Lake Erie,United States/Canada,turbid,LS,-80.749202,41.957612,0.011571,0.018941,0.002796,-0.000828,0.003932,0.004272
Lake Erie,United States/Canada,turbid,LS,-80.522826,42.219022,0.011928,0.015079,0.001620,-0.000908,0.004419,0.005353
Lake Erie,United States/Canada,turbid,LS,-81.579245,41.642303,0.012752,0.018751,0.003496,-0.000693,0.002811,0.003334
Lake Erie,United States/Canada,turbid,LS,-80.657573,41.995341,0.010535,0.017794,0.002217,-0.000979,0.003594,0.004109
Lake Erie,United States/Canada,turbid,LS,-83.244721,41.963002,0.015262,0.039428,0.011691,0.008060,0.012179,0.011771
Lake Erie,United States/Canada,turbid,LS,-80.875864,42.612484,0.011587,0.025104,0.002549,-0.002142,0.004877,0.005877
Lake Erie,United States/Canada,turbid,LS,-81.352869,42.008816,0.011139,0.015998,0.003415,-0.000649,0.005011,0.005414
Lake Erie,United States/Canada,turbid,LS,-80.536301,42.027681,0.009162,0.016786,0.001893,-0.001164,0.003874,0.004645
Lake Erie,United States/Canada,turbid,LS,-79.328965,42.744536,0.009413,0.013572,0.001352,-0.000036,0.007467,0.007839
Lake Erie,United States/Canada,turbid,LS,-80.393469,42.485821,0.011526,0.016369,0.001373,-0.001105,0.004385,0.004704
Lake Erie,United States/Canada,turbid,LS,-80.932458,42.006121,0.010519,0.015289,0.002691,-0.000752,0.003284,0.003928
Lake Erie,United States/Canada,turbid,LS,-82.611409,42.351074,0.015236,0.032874,0.004401,-0.000459,0.004300,0.005435
Lake Erie,United States/Canada,turbid,LS,-78.957063,42.852334,0.008742,0.014039,-0.000040,-0.001066,0.002293,0.003368
Lake Erie,United States/Canada,turbid,LS,-83.015651,41.725847,0.028982,0.053938,0.019378,-0.001267,0.003015,0.004220
Lake Erie,United States/Canada,turbid,LS,-82.053555,41.755491,0.009296,0.013963,0.002657,-0.000742,0.002886,0.003666
Lake Erie,United States/Canada,turbid,LS,-80.741117,41.968392,0.010314,0.016701,0.001912,-0.001291,0.002973,0.003588
Lake Erie,United States/Canada,turbid,LS,-80.859694,42.197462,0.011707,0.017140,0.003750,0.000461,0.006921,0.007959
Lake Erie,United States/Canada,turbid,LS,-81.218122,42.254056,0.010786,0.016467,0.003159,-0.000376,0.005216,0.006041
Lake Erie,United States/Canada,turbid,LS,-82.759631,42.437312,0.034496,0.042842,0.004922,-0.001645,0.002101,0.003333
Lake Erie,United States/Canada,turbid,LS,-82.473967,41.620744,0.010214,0.023924,0.004901,-0.001367,0.007166,0.007934
Lake Erie,United States/Canada,turbid,LS,-80.738422,42.329515,0.011352,0.014471,0.001373,-0.001656,0.002744,0.003388
Lake Erie,United States/Canada,turbid,LS,-80.026956,42.625959,0.009556,0.017134,0.002587,-0.000300,0.006983,0.007148
Lake Erie,United States/Canada,turbid,LS,-81.366344,41.984561,0.011885,0.015742,0.003126,-0.000641,0.004672,0.005397
Lake Erie,United States/Canada,turbid,LS,-80.684523,42.054630,0.010371,0.017136,0.002191,-0.001052,0.003680,0.004146
Lake Erie,United States/Canada,turbid,LS,-82.293406,41.715067,0.011282,0.019428,0.004553,-0.001012,0.003125,0.003513
Lake Erie,United States/Canada,turbid,LS,-82.077810,41.963002,0.008450,0.013618,0.002162,-0.001478,0.004273,0.005837
Lake Erie,United States/Canada,turbid,LS,-81.183088,42.391498,0.011339,0.017932,0.003434,-0.000349,0.004839,0.005559
Lake Erie,United States/Canada,turbid,LS,-79.824835,42.361854,0.008563,0.014768,0.001294,-0.000622,0.005464,0.006167
Lake Erie,United States/Canada,turbid,LS,-82.444323,41.865984,0.014562,0.024091,0.005575,-0.001513,0.003262,0.003407
Lake Erie,United States/Canada,turbid,LS,-79.854480,42.712197,0.010570,0.013548,0.001010,-0.001098,0.003909,0.004883
Lake Erie,United States/Canada,turbid,LS,-79.975752,42.464262,0.011970,0.017248,0.001767,-0.001065,0.004354,0.005053
Lake Erie,United States/Canada,turbid,LS,-82.312270,41.569540,0.010162,0.022286,0.005036,-0.001467,0.003839,0.004106
Lake Erie,United States/Canada,turbid,LS,-80.536301,41.992646,0.009831,0.022722,0.002392,-0.000140,0.004510,0.005018
Lake Erie,United States/Canada,turbid,LS,-80.862389,41.987256,0.010738,0.015369,0.001857,-0.001565,0.002019,0.002376
Lake Erie,United States/Canada,turbid,LS,-80.773456,42.380718,0.011657,0.016852,0.003822,-0.000228,0.006649,0.007081
Lake Erie,United States/Canada,turbid,LS,-81.126494,42.636738,0.020509,0.038566,0.003375,-0.001411,0.003796,0.005247
Lake Erie,United States/Canada,turbid,LS,-81.328615,42.607094,0.018989,0.029778,0.003332,-0.001490,0.005282,0.005807
Lake Erie,United States/Canada,turbid,LS,-81.080680,42.636738,0.021404,0.041428,0.004624,-0.001782,0.003764,0.005259
Lake Erie,United States/Canada,turbid,LS,-80.002702,42.278311,0.008590,0.014847,0.001505,-0.000460,0.006101,0.006963
Lake Erie,United States/Canada,turbid,LS,-80.778846,42.054630,0.010278,0.015606,0.001724,-0.000984,0.002507,0.003352
Lake Erie,United States/Canada,turbid,LS,-81.231597,42.105834,0.011383,0.015703,0.002949,-0.000690,0.005087,0.005512
Lake Erie,United States/Canada,turbid,LS,-79.595765,42.566670,0.011557,0.013874,0.001305,-0.000942,0.003891,0.004826
Lake Erie,United States/Canada,turbid,LS,-80.021566,42.574755,0.012569,0.021207,0.002519,-0.001380,0.006056,0.005955
Lake Erie,United States/Canada,turbid,LS,-82.977922,41.925273,0.022847,0.036446,0.007636,-0.000535,0.005252,0.007088
Lake Erie,United States/Canada,turbid,LS,-81.277411,42.202852,0.009560,0.015457,0.002701,-0.001085,0.004734,0.005349
Lake Erie,United States/Canada,turbid,LS,-82.482052,41.639608,0.011621,0.023805,0.005573,-0.000964,0.003429,0.003988
Lake Erie,United States/Canada,turbid,LS,-82.762326,41.860594,0.025360,0.044112,0.011704,-0.001158,0.004716,0.006438
Lake Erie,United States/Canada,turbid,LS,-80.776151,42.440007,0.010903,0.016974,0.003063,-0.000503,0.005718,0.006233
Lake Erie,United States/Canada,turbid,LS,-80.312620,42.512771,0.014170,0.020285,0.001936,-0.001474,0.004509,0.004924
Lake Erie,United States/Canada,turbid,LS,-83.166568,41.779746,0.021250,0.041619,0.012254,-0.000801,0.003382,0.004677
Lake Erie,United States/Canada,turbid,LS,-81.916113,41.736626,0.007913,0.014442,0.002485,-0.000823,0.003696,0.004148
Lake Erie,United States/Canada,turbid,LS,-81.320530,42.175903,0.010195,0.015590,0.002720,-0.000521,0.005235,0.005856
Lake Erie,United States/Canada,turbid,LS,-81.253156,42.612484,0.016681,0.026627,0.002678,-0.002186,0.004132,0.005080
Lake Erie,United States/Canada,turbid,LS,-82.759631,41.876764,0.024532,0.041678,0.011442,-0.001153,0.004048,0.005386
Lake Erie,United States/Canada,turbid,LS,-82.064335,41.636913,0.009955,0.018560,0.003773,-0.000404,0.003981,0.004196
Lake Erie,United States/Canada,turbid,LS,-81.921503,41.725847,0.008328,0.015183,0.002637,-0.000655,0.004432,0.004922
Lake Erie,United States/Canada,turbid,LS,-79.752072,42.399583,0.009334,0.016743,0.002287,-0.000311,0.006435,0.006723
Lake Erie,United States/Canada,turbid,LS,-81.797535,42.307955,0.009188,0.019398,0.004380,0.000833,0.006770,0.007150
Lake Erie,United States/Canada,turbid,LS,-82.188303,41.701592,0.009000,0.016262,0.003248,-0.001258,0.003389,0.003933
Lake Erie,United States/Canada,turbid,LS,-79.843700,42.634043,0.010180,0.014037,0.001513,-0.000864,0.004823,0.005630
Lake Erie,United States/Canada,turbid,LS,-80.617149,42.076190,0.010092,0.017348,0.001413,-0.001696,0.004884,0.005859
Lake Erie,United States/Canada,turbid,LS,-80.110499,42.391498,0.009488,0.014633,0.002182,-0.000274,0.005710,0.005884
Lake Erie,United States/Canada,turbid,LS,-81.420243,41.944137,0.012047,0.015475,0.002865,-0.000893,0.004455,0.005283
Lake Erie,United States/Canada,turbid,LS,-81.948452,41.515641,0.013497,0.028060,0.009769,0.008511,0.014282,0.013941
Lake Erie,United States/Canada,turbid,LS,-79.983837,42.372634,0.011689,0.015548,0.001555,-0.000879,0.004931,0.005467
Lake Erie,United States/Canada,turbid,LS,-80.708777,42.100444,0.011870,0.016060,0.002064,-0.001483,0.004367,0.004895
Lake Erie,United States/Canada,turbid,LS,-79.097200,42.687942,0.010227,0.016418,0.001967,0.002511,0.007233,0.007770
Lake Erie,United States/Canada,turbid,LS,-81.212732,42.550500,0.011746,0.020098,0.001577,-0.001317,0.003242,0.004337
Lake Erie,United States/Canada,turbid,LS,-82.948277,41.680033,0.026643,0.052773,0.019031,-0.001486,0.003228,0.004441
Lake Erie,United States/Canada,turbid,LS,-81.088765,42.483126,0.012193,0.017520,0.002967,-0.000851,0.005002,0.005606
Lake Erie,United States/Canada,turbid,LS,-79.207693,42.744536,0.011320,0.014479,0.001720,-0.000328,0.005130,0.005850
Lake Erie,United States/Canada,turbid,LS,-80.544386,42.116614,0.008996,0.015592,0.000499,-0.001299,0.004347,0.004966
Lake Erie,United States/Canada,turbid,LS,-79.544561,42.787655,0.009316,0.013430,0.001105,-0.000821,0.005058,0.005504
Lake Erie,United States/Canada,turbid,LS,-81.161528,42.553195,0.012196,0.020205,0.002347,-0.000742,0.004735,0.005071
Lake Erie,United States/Canada,turbid,LS,-81.525346,41.750101,0.011661,0.017521,0.003774,-0.000697,0.002804,0.003410
Lake Erie,United States/Canada,turbid,LS,-79.770936,42.461567,0.011247,0.014600,0.002433,-0.000431,0.005562,0.006780
Lake Erie,United States/Canada,turbid,LS,-83.018346,41.612659,0.029805,0.061797,0.021895,-0.000505,0.003781,0.004312
Lake Erie,United States/Canada,turbid,LS,-81.999656,41.852509,0.009667,0.016211,0.003134,-0.000348,0.004579,0.004750
Lake Erie,United States/Canada,turbid,LS,-80.202128,42.294480,0.008273,0.015014,0.002047,-0.000769,0.007644,0.007748
Lake Erie,United States/Canada,turbid,LS,-81.387904,42.588229,0.020472,0.036565,0.006775,-0.000834,0.003024,0.003794
Lake Erie,United States/Canada,turbid,LS,-82.034691,41.909103,0.008599,0.013975,0.002460,-0.001084,0.004058,0.004717
Lake Erie,United States/Canada,turbid,LS,-81.228902,41.785135,0.011550,0.024856,0.004810,0.000236,0.004411,0.005928
Lake Erie,United States/Canada,turbid,LS,-81.676263,41.801305,0.011672,0.015720,0.002112,-0.001104,0.003573,0.004174
Lake Erie,United States/Canada,turbid,LS,-81.463362,41.987256,0.011489,0.016126,0.002280,-0.001026,0.004833,0.005420
Lake Erie,United States/Canada,turbid,LS,-82.104759,42.108529,0.009211,0.016781,0.002327,-0.000755,0.005807,0.006236
Lake Erie,United States/Canada,turbid,LS,-81.344785,41.936052,0.011184,0.015829,0.003287,-0.000917,0.003032,0.004102
Lake Erie,United States/Canada,turbid,LS,-79.668528,42.825385,0.012763,0.020118,0.000936,-0.000782,0.005572,0.005936
Lake Erie,United States/Canada,turbid,LS,-79.328965,42.836164,0.011315,0.017049,0.001332,0.000453,0.005340,0.005850
Lake Erie,United States/Canada,turbid,LS,-80.347655,42.227107,0.008938,0.014212,0.001186,-0.001403,0.004043,0.004485
Lake Erie,United States/Canada,turbid,LS,-81.272021,42.391498,0.009302,0.017946,0.003540,-0.000531,0.005154,0.005857
Lake Erie,United States/Canada,turbid,LS,-83.225857,41.822865,0.019621,0.036001,0.008359,-0.001484,0.001605,0.002557
Lake Erie,United States/Canada,turbid,LS,-81.967317,42.167818,0.010039,0.016070,0.002748,-0.000376,0.006374,0.006624
Lake Erie,United States/Canada,turbid,LS,-80.940543,42.192072,0.011037,0.015329,0.002876,-0.000731,0.005916,0.007095
Lake Erie,United States/Canada,turbid,LS,-80.466232,42.528940,0.015171,0.023540,0.002267,-0.001936,0.004323,0.005372
Lake Erie,United States/Canada,turbid,LS,-79.625409,42.599009,0.010767,0.013163,0.001092,-0.001093,0.005076,0.005596
Lake Erie,United States/Canada,turbid,LS,-83.153093,41.919883,0.024102,0.037502,0.006944,-0.000970,0.004378,0.005182
Lake Erie,United States/Canada,turbid,LS,-81.713992,41.566845,0.014213,0.019666,0.003964,-0.000986,0.003763,0.004378
Lake Erie,United States/Canada,turbid,LS,-80.064685,42.779570,0.012623,0.026079,0.002669,0.002415,0.010763,0.010926
Lake Erie,United States/Canada,turbid,LS,-81.175003,42.205547,0.010443,0.016543,0.003056,-0.000535,0.005340,0.005919
Lake Erie,United States/Canada,turbid,LS,-82.606019,42.458872,0.029850,0.038633,0.002578,-0.001987,0.001453,0.002905
Lake Erie,United States/Canada,turbid,LS,-81.765196,42.006121,0.008617,0.015626,0.003838,0.001034,0.009341,0.009693
Lake Erie,United States/Canada,turbid,LS,-83.085720,41.809390,0.023854,0.041561,0.010880,-0.000769,0.003897,0.004678
Lake Erie,United States/Canada,turbid,LS,-82.616799,42.369939,0.013691,0.023037,0.001301,-0.000971,0.003507,0.003819
Lake Erie,United States/Canada,turbid,LS,-83.026431,41.963002,0.022332,0.039072,0.008797,-0.000580,0.004549,0.005940
Lake Erie,United States/Canada,turbid,LS,-82.320355,41.607269,0.010263,0.020952,0.005231,-0.000865,0.004700,0.006059
Lake Erie,United States/Canada,turbid,LS,-79.733207,42.488516,0.010483,0.013830,0.001697,-0.000889,0.005109,0.006170
Lake Erie,United States/Canada,turbid,LS,-82.463187,41.971087,0.009228,0.021776,0.004322,-0.000224,0.005717,0.006018
Lake Erie,United States/Canada,turbid,LS,-82.217947,42.057325,0.010180,0.016719,0.003587,-0.000175,0.005544,0.005946
Lake Erie,United States/Canada,turbid,LS,-79.927243,42.361854,0.010980,0.015302,0.001666,-0.000859,0.005583,0.006230
Lake Erie,United States/Canada,turbid,LS,-79.700868,42.685247,0.010377,0.013204,0.001328,-0.001177,0.003696,0.004699
Lake Erie,United States/Canada,turbid,LS,-80.253332,42.722977,0.010748,0.022861,0.000506,0.001385,0.007870,0.006767
Lake Erie,United States/Canada,turbid,LS,-81.986182,41.636913,0.009559,0.018057,0.003412,-0.000441,0.005310,0.005360
Lake Erie,United States/Canada,turbid,LS,-80.477012,42.197462,0.010111,0.017263,0.002741,-0.000837,0.004721,0.005324
Lake Erie,United States/Canada,turbid,LS,-81.918808,42.065410,0.011353,0.015333,0.003912,-0.000180,0.005431,0.006495
Lake Erie,United States/Canada,turbid,LS,-81.635839,42.275616,0.008692,0.015908,0.003076,-0.000125,0.004433,0.005572
Lake Erie,United States/Canada,turbid,LS,-80.043126,42.722977,0.010164,0.017633,0.001562,-0.001079,0.004686,0.004937
Lake Erie,United States/Canada,turbid,LS,-81.867604,41.971087,0.009179,0.015999,0.004218,0.001345,0.007394,0.008193
Lake Erie,United States/Canada,turbid,LS,-80.326095,42.647518,0.018616,0.048897,0.016956,-0.000419,0.005620,0.005730
Lake Erie,United States/Canada,turbid,LS,-82.126319,41.653083,0.009546,0.018084,0.004339,-0.000456,0.003954,0.004356
Lake Erie,United States/Canada,turbid,LS,-80.301841,42.682552,0.011929,0.024401,0.003058,0.004505,0.009508,0.009213
Lake Erie,United States/Canada,turbid,LS,-82.668003,42.386108,0.016253,0.021246,0.000883,-0.001187,0.001688,0.002351
Lake Erie,United States/Canada,turbid,LS,-79.434068,42.464262,0.009152,0.014781,0.000344,-0.000481,0.004229,0.004639
Lake Erie,United States/Canada,turbid,LS,-82.791971,41.989951,0.018430,0.041122,0.009178,0.005095,0.011248,0.010326
Lake Erie,United States/Canada,turbid,LS,-81.662788,42.278311,0.008577,0.017726,0.003469,0.000338,0.005712,0.005929
Lake Erie,United States/Canada,turbid,LS,-81.608889,41.876764,0.012879,0.015834,0.002517,-0.000869,0.004125,0.005121
Lake Erie,United States/Canada,turbid,LS,-82.619494,41.704287,0.021157,0.037753,0.011700,0.000042,0.007923,0.008384
Lake Erie,United States/Canada,turbid,LS,-79.213082,42.766096,0.011300,0.014725,0.001927,-0.000533,0.004163,0.005065
Lake Erie,United States/Canada,turbid,LS,-81.145359,42.383413,0.010819,0.017923,0.003246,-0.000640,0.005607,0.006132
Lake Erie,United States/Canada,turbid,LS,-83.247416,41.677338,0.023933,0.062217,0.027262,0.000022,0.001242,0.002681
Lake Erie,United States/Canada,turbid,LS,-81.953842,41.998036,0.008325,0.015043,0.002087,-0.000854,0.006747,0.007416
Lake Erie,United States/Canada,turbid,LS,-81.158833,41.806695,0.010835,0.026308,0.004689,0.002684,0.006258,0.006313
Lake Erie,United States/Canada,turbid,LS,-81.447193,41.682727,0.013237,0.027388,0.007037,0.002117,0.005314,0.006002
Lake Erie,United States/Canada,turbid,LS,-82.994091,41.793220,0.026683,0.044569,0.012568,-0.000551,0.005973,0.006924
Lake Erie,United States/Canada,turbid,LS,-81.002526,42.208242,0.011244,0.017023,0.003657,-0.000364,0.009104,0.010259
Lake Erie,United States/Canada,turbid,LS,-82.719207,42.658298,0.032151,0.040833,0.002978,-0.001125,0.002714,0.004150
Lake Erie,United States/Canada,turbid,LS,-80.757286,42.351074,0.011502,0.014577,0.000809,-0.001404,0.003893,0.004441
Lake Erie,United States/Canada,turbid,LS,-81.638534,41.690812,0.011329,0.017427,0.003481,-0.000943,0.002297,0.002890
Lake Erie,United States/Canada,turbid,LS,-81.328615,42.326820,0.008962,0.016956,0.004078,-0.000114,0.007591,0.008025
Lake Okeechobee,United States,turbid,S2,-80.676438,27.070731,0.043352,0.044539,0.045085,0.039829,0.018173,0.017628
Lake Okeechobee,United States,turbid,S2,-80.805795,26.895560,0.039313,0.040702,0.044793,0.036529,0.009299,0.009602
Lake Okeechobee,United States,turbid,S2,-80.897424,26.852440,0.038643,0.040222,0.039862,0.030789,0.012229,0.010838
Lake Okeechobee,United States,turbid,S2,-80.765371,27.019527,0.041070,0.043040,0.044427,0.037325,0.012323,0.009372
Lake Okeechobee,United States,turbid,S2,-80.894729,27.000662,0.036418,0.037232,0.037447,0.030211,0.010888,0.008943
Lake Okeechobee,United States,turbid,S2,-80.706082,26.965628,0.040995,0.043153,0.044927,0.037125,0.012870,0.013190
Lake Okeechobee,United States,turbid,S2,-80.673743,27.022222,0.041345,0.044912,0.046947,0.040685,0.017806,0.016211
Lake Okeechobee,United States,turbid,S2,-80.905508,27.016832,0.034662,0.036089,0.034708,0.028291,0.012015,0.010317
Lake Okeechobee,United States,turbid,S2,-80.827355,26.949459,0.039605,0.041593,0.042943,0.034445,0.009516,0.008288
Lake Okeechobee,United States,turbid,S2,-80.722252,27.016832,0.037119,0.041037,0.044104,0.037045,0.012210,0.009524
Lake Okeechobee,United States,turbid,S2,-80.751897,26.892865,0.037537,0.040479,0.043154,0.033956,0.009838,0.009395
Lake Okeechobee,United States,turbid,S2,-80.784236,26.892865,0.039600,0.040751,0.043773,0.036788,0.012526,0.012098
Lake Okeechobee,United States,turbid,S2,-80.929763,26.817406,0.038240,0.038027,0.037667,0.029939,0.013406,0.011684
Lake Okeechobee,United States,turbid,S2,-80.784236,26.752727,0.047738,0.048196,0.048285,0.035422,0.018999,0.017033
Lake Okeechobee,United States,turbid,S2,-80.679133,26.863220,0.046097,0.047103,0.050182,0.046806,0.020697,0.017889
Lake Okeechobee,United States,turbid,S2,-80.649489,26.925204,0.045755,0.046753,0.048948,0.040474,0.020917,0.018359
Lake Okeechobee,United States,turbid,S2,-80.681828,26.855135,0.046629,0.048366,0.050779,0.043228,0.021593,0.018381
Lake Okeechobee,United States,turbid,S2,-80.722252,26.957543,0.040293,0.040934,0.044846,0.036946,0.014025,0.013443
Lake Okeechobee,United States,turbid,S2,-80.679133,26.965628,0.044729,0.048511,0.049304,0.041191,0.021199,0.018521
Lake Okeechobee,United States,turbid,S2,-80.935153,26.836271,0.038274,0.038711,0.036988,0.030404,0.014337,0.012619
Lake Okeechobee,United States,turbid,S2,-80.962102,26.941374,0.034498,0.036810,0.036016,0.029220,0.012760,0.010950
Lake Okeechobee,United States,turbid,S2,-80.703387,26.968323,0.040830,0.043675,0.042254,0.035083,0.011168,0.013027
Lake Okeechobee,United States,turbid,S2,-80.714167,26.779677,0.040309,0.041446,0.040674,0.033004,0.018234,0.016260
Lake Okeechobee,United States,turbid,S2,-80.940543,26.884780,0.035771,0.038075,0.038166,0.030769,0.012748,0.011107
Lake Okeechobee,United States,turbid,S2,-80.803100,26.812016,0.041835,0.044302,0.046097,0.035236,0.014755,0.014228
Lake Okeechobee,United States,turbid,S2,-80.867779,26.917119,0.037701,0.038167,0.040945,0.033524,0.008862,0.007042
Lake Okeechobee,United States,turbid,S2,-80.875864,26.855135,0.042664,0.042764,0.042479,0.036559,0.012771,0.010657
Lake Okeechobee,United States,turbid,S2,-80.816575,26.785067,0.041129,0.041156,0.043200,0.031156,0.015466,0.013926
Lake Okeechobee,United States,turbid,S2,-80.819270,26.803931,0.043664,0.044359,0.045352,0.033785,0.017302,0.013162
Lake Okeechobee,United States,turbid,S2,-80.743812,27.046477,0.041969,0.044274,0.045601,0.036740,0.013773,0.012210
Lake Okeechobee,United States,turbid,S2,-80.719557,26.825491,0.041031,0.044663,0.046857,0.038786,0.016073,0.013906
Lake Okeechobee,United States,turbid,S2,-80.838135,26.997968,0.037206,0.038589,0.041129,0.032284,0.009194,0.008654
Lake Okeechobee,United States,turbid,S2,-80.676438,26.903644,0.044978,0.047457,0.049910,0.042248,0.022065,0.019498
Lake Okeechobee,United States,turbid,S2,-80.808490,27.130020,0.036195,0.037010,0.036430,0.027562,0.010394,0.008870
Lake Okeechobee,United States,turbid,S2,-80.913593,27.006052,0.036211,0.037992,0.037863,0.030100,0.012898,0.012163
Lake Okeechobee,United States,turbid,S2,-80.730337,26.879390,0.040824,0.042658,0.044503,0.038199,0.012863,0.012267
Lake Okeechobee,United States,turbid,S2,-80.900119,26.806626,0.041081,0.040013,0.040762,0.031650,0.012723,0.011519
Lake Okeechobee,United States,turbid,S2,-80.894729,26.903644,0.040257,0.040923,0.040554,0.033155,0.009941,0.010007
Lake Okeechobee,United States,turbid,S2,-80.878559,27.016832,0.036204,0.036883,0.036623,0.028588,0.012017,0.010661
Lake Okeechobee,United States,turbid,S2,-80.827355,26.868610,0.038158,0.041363,0.043198,0.033376,0.009883,0.009712
Lake Okeechobee,United States,turbid,S2,-80.883949,26.860525,0.038189,0.039401,0.039885,0.032004,0.010854,0.009375
Lake Okeechobee,United States,turbid,S2,-80.789626,27.024917,0.037190,0.039425,0.040878,0.033027,0.011154,0.009626
Lake Okeechobee,United States,turbid,S2,-80.770761,26.876695,0.039850,0.041058,0.042260,0.034076,0.010142,0.009827
Lake Okeechobee,United States,turbid,S2,-80.873169,26.957543,0.039037,0.039835,0.041098,0.033771,0.010014,0.009721
Lake Okeechobee,United States,turbid,S2,-80.741117,27.084206,0.041190,0.041199,0.044864,0.037096,0.013556,0.013930
Lake Okeechobee,United States,turbid,S2,-80.719557,27.041087,0.041656,0.044103,0.044730,0.037360,0.013931,0.010879
Lake Okeechobee,United States,turbid,S2,-80.811185,27.008747,0.038267,0.040808,0.040716,0.032268,0.009793,0.009092
Lake Okeechobee,United States,turbid,S2,-80.768066,27.140800,0.042573,0.044003,0.042729,0.033006,0.011397,0.010373
Lake Okeechobee,United States,turbid,S2,-80.940543,26.979103,0.036529,0.037762,0.036653,0.029872,0.014463,0.011309
Lake Okeechobee,United States,turbid,S2,-80.662963,27.019527,0.044942,0.046684,0.047910,0.038984,0.017700,0.017376
Lake Okeechobee,United States,turbid,S2,-80.668353,27.008747,0.045227,0.047614,0.048408,0.039588,0.017438,0.016674
Lake Okeechobee,United States,turbid,S2,-80.781541,27.049172,0.040135,0.040914,0.041620,0.033821,0.012659,0.010420
Lake Okeechobee,United States,turbid,S2,-80.770761,26.879390,0.038332,0.040953,0.042214,0.034136,0.011911,0.010514
Lake Okeechobee,United States,turbid,S2,-80.754591,26.917119,0.040431,0.040736,0.043389,0.036544,0.012822,0.010180
Lake Okeechobee,United States,turbid,S2,-80.835440,27.041087,0.037470,0.037397,0.037013,0.029123,0.009791,0.009451
Lake Okeechobee,United States,turbid,S2,-80.741117,27.030307,0.041181,0.041042,0.043329,0.036998,0.013133,0.009140
Lake Okeechobee,United States,turbid,S2,-80.743812,27.049172,0.041577,0.042057,0.044653,0.036859,0.014430,0.013481
Lake Okeechobee,United States,turbid,S2,-80.719557,26.841661,0.046742,0.048277,0.051126,0.042053,0.017542,0.017025
Lake Okeechobee,United States,turbid,S2,-80.781541,27.019527,0.041144,0.040889,0.042628,0.036829,0.011140,0.009146
Lake Okeechobee,United States,turbid,S2,-80.797711,26.782372,0.044591,0.045089,0.045774,0.032789,0.017228,0.013512
Lake Okeechobee,United States,turbid,S2,-80.932458,26.930594,0.035175,0.036726,0.037260,0.031445,0.012861,0.010782
Lake Okeechobee,United States,turbid,S2,-80.792321,27.119240,0.037094,0.037141,0.037257,0.029095,0.013353,0.009849
Lake Okeechobee,United States,turbid,S2,-80.719557,26.981798,0.039415,0.042384,0.041594,0.035875,0.010831,0.010446
Lake Okeechobee,United States,turbid,S2,-80.811185,26.965628,0.036494,0.038847,0.040562,0.035595,0.009299,0.009576
Lake Okeechobee,United States,turbid,S2,-80.827355,26.752727,0.040459,0.041020,0.040852,0.030177,0.013152,0.011867
Lake Okeechobee,United States,turbid,S2,-80.786931,27.043782,0.037845,0.041294,0.040854,0.033344,0.012061,0.009856
Lake Okeechobee,United States,turbid,S2,-80.646794,26.938679,0.046243,0.048080,0.048666,0.041574,0.018912,0.017588
Lake Okeechobee,United States,turbid,S2,-80.948628,26.914424,0.036745,0.038063,0.037607,0.030254,0.012726,0.010719
Lake Okeechobee,United States,turbid,S2,-80.913593,26.952153,0.035148,0.036420,0.038316,0.031290,0.010803,0.008946
Lake Okeechobee,United States,turbid,S2,-80.921678,26.954848,0.036213,0.036002,0.038432,0.032272,0.010924,0.009210
Lake Okeechobee,United States,turbid,S2,-80.654878,26.857830,0.043601,0.047165,0.048474,0.040420,0.020529,0.018441
Lake Okeechobee,United States,turbid,S2,-80.856999,27.070731,0.033269,0.036504,0.032612,0.025057,0.010110,0.009560
Lake Okeechobee,United States,turbid,S2,-80.751897,26.887475,0.040861,0.041039,0.044450,0.034556,0.011474,0.009547
Lake Okeechobee,United States,turbid,S2,-80.838135,26.879390,0.038191,0.041004,0.043115,0.033358,0.009885,0.009990
Lake Okeechobee,United States,turbid,S2,-80.838135,26.922509,0.037629,0.039922,0.040150,0.032841,0.008969,0.006895
Lake Okeechobee,United States,turbid,S2,-80.886644,26.830881,0.043639,0.043228,0.043094,0.033546,0.013582,0.012036
Lake Okeechobee,United States,turbid,S2,-80.724947,26.838966,0.045317,0.048389,0.049292,0.041257,0.015739,0.013652
Lake Okeechobee,United States,turbid,S2,-80.873169,26.779677,0.040274,0.040976,0.039292,0.029820,0.013088,0.009728
Lake Okeechobee,United States,turbid,S2,-80.735727,26.814711,0.045508,0.051660,0.051647,0.040740,0.019915,0.015786
Lake Okeechobee,United States,turbid,S2,-80.832745,27.062646,0.036790,0.037923,0.036206,0.028632,0.010867,0.009845
Lake Okeechobee,United States,turbid,S2,-80.821965,26.962933,0.036514,0.039011,0.040140,0.033816,0.009114,0.008790
Lake Okeechobee,United States,turbid,S2,-80.668353,26.855135,0.045475,0.048178,0.047649,0.042546,0.021148,0.017614
Lake Okeechobee,United States,turbid,S2,-80.821965,26.944069,0.039481,0.041133,0.041021,0.033200,0.009275,0.005719
Lake Okeechobee,United States,turbid,S2,-80.800406,26.801237,0.040410,0.044701,0.045737,0.036301,0.014396,0.014017
Lake Okeechobee,United States,turbid,S2,-80.684523,26.882085,0.044727,0.047131,0.049034,0.041463,0.018952,0.017508
Lake Okeechobee,United States,turbid,S2,-80.716862,27.127325,0.042002,0.041772,0.040984,0.032431,0.014863,0.013724
Lake Okeechobee,United States,turbid,S2,-80.722252,26.890170,0.044183,0.044729,0.049822,0.041763,0.018814,0.015403
Lake Okeechobee,United States,turbid,S2,-80.924373,27.019527,0.034746,0.039706,0.035943,0.028158,0.013124,0.011611
Lake Okeechobee,United States,turbid,S2,-80.900119,26.822796,0.039795,0.039171,0.040220,0.030229,0.012667,0.010743
Lake Okeechobee,United States,turbid,S2,-80.679133,27.000662,0.043967,0.045671,0.049469,0.041254,0.019338,0.018450
Lake Okeechobee,United States,turbid,S2,-80.784236,27.014137,0.039245,0.040564,0.042054,0.036899,0.009642,0.009793
Lake Okeechobee,United States,turbid,S2,-80.687218,27.059951,0.043066,0.044532,0.045245,0.037480,0.017069,0.014857
Lake Okeechobee,United States,turbid,S2,-80.862389,26.984493,0.037669,0.037879,0.040100,0.031436,0.009523,0.008406
Lake Okeechobee,United States,turbid,S2,-80.754591,27.051866,0.040927,0.042857,0.045061,0.037079,0.013740,0.009647
Lake Okeechobee,United States,turbid,S2,-80.945933,26.976408,0.034857,0.036652,0.036295,0.029564,0.012711,0.010939
Lake Okeechobee,United States,turbid,S2,-80.803100,27.132715,0.036559,0.036492,0.036300,0.027057,0.010921,0.008635
Lake Okeechobee,United States,turbid,S2,-80.641404,26.954848,0.042272,0.044117,0.044881,0.038710,0.020099,0.017876
Lake Okeechobee,United States,turbid,S2,-80.719557,26.814711,0.049208,0.048646,0.049394,0.036622,0.018161,0.016507
Lake Okeechobee,United States,turbid,S2,-80.843525,26.874000,0.036879,0.040170,0.041593,0.032510,0.010958,0.009262
Lake Okeechobee,United States,turbid,S2,-80.870474,26.868610,0.038189,0.040369,0.041490,0.033404,0.010023,0.009154
Lake Okeechobee,United States,turbid,S2,-80.843525,26.919814,0.037552,0.040508,0.041384,0.033681,0.009951,0.008275
Lake Okeechobee,United States,turbid,S2,-80.660268,27.016832,0.044867,0.048285,0.048760,0.039842,0.019007,0.017687
Lake Okeechobee,United States,turbid,S2,-80.821965,26.774287,0.039951,0.039471,0.040803,0.030528,0.013874,0.012897
Lake Okeechobee,United States,turbid,S2,-80.708777,26.917119,0.040787,0.043047,0.043404,0.040534,0.016555,0.013395
Lake Okeechobee,United States,turbid,S2,-80.846220,27.033002,0.037807,0.038250,0.037187,0.029309,0.011501,0.010090
Lake Okeechobee,United States,turbid,S2,-80.851610,26.965628,0.040394,0.038038,0.041057,0.035449,0.009943,0.009700
Lake Okeechobee,United States,turbid,S2,-80.921678,26.895560,0.036389,0.038442,0.040293,0.031427,0.011051,0.010563
Lake Okeechobee,United States,turbid,S2,-80.840830,26.755422,0.043349,0.043644,0.041541,0.032829,0.013811,0.013224
Lake Okeechobee,United States,turbid,S2,-80.738422,26.930594,0.042457,0.043757,0.047315,0.037377,0.014888,0.014121
Lake Okeechobee,United States,turbid,S2,-80.784236,26.760812,0.042616,0.046251,0.046905,0.035129,0.018381,0.016576
Lake Okeechobee,United States,turbid,S2,-80.913593,26.903644,0.036532,0.038129,0.040787,0.031722,0.011538,0.009876
Lake Okeechobee,United States,turbid,S2,-80.838135,26.755422,0.040566,0.041142,0.041302,0.032111,0.014333,0.014154
Lake Okeechobee,United States,turbid,S2,-80.797711,26.909034,0.039770,0.040666,0.044311,0.037553,0.013857,0.012009
Lake Okeechobee,United States,turbid,S2,-80.832745,27.030307,0.039245,0.040376,0.039030,0.033290,0.010093,0.010092
Lake Okeechobee,United States,turbid,S2,-80.716862,26.911729,0.039133,0.040746,0.044075,0.039327,0.014367,0.013961
Lake Okeechobee,United States,turbid,S2,-80.654878,26.968323,0.044526,0.046441,0.048454,0.040477,0.018391,0.017189
Lake Okeechobee,United States,turbid,S2,-80.751897,27.105765,0.040891,0.041327,0.041038,0.032744,0.013341,0.009890
Lake Okeechobee,United States,turbid,S2,-80.768066,26.884780,0.040861,0.041040,0.044700,0.037515,0.013696,0.013220
Lake Okeechobee,United States,turbid,S2,-80.937848,26.995273,0.036781,0.037308,0.036317,0.028937,0.013658,0.012713
Lake Okeechobee,United States,turbid,S2,-80.778846,27.081511,0.038210,0.039169,0.041129,0.031960,0.012988,0.010646
Lake Okeechobee,United States,turbid,S2,-80.892034,27.035697,0.036902,0.038196,0.034415,0.026740,0.012381,0.010593
Lake Okeechobee,United States,turbid,S2,-80.789626,27.181224,0.038782,0.038244,0.037160,0.029944,0.012683,0.010787
Lake Okeechobee,United States,turbid,S2,-80.813880,26.890170,0.037966,0.040112,0.043510,0.033919,0.011092,0.009895
Lake Okeechobee,United States,turbid,S2,-80.706082,27.092291,0.042226,0.042770,0.043836,0.036577,0.018377,0.013757
Lake Okeechobee,United States,turbid,S2,-80.929763,27.006052,0.035610,0.038316,0.036572,0.029729,0.014552,0.012668
Lake Okeechobee,United States,turbid,S2,-80.862389,26.776982,0.040387,0.041297,0.041430,0.032735,0.013896,0.012991
Lake Okeechobee,United States,turbid,S2,-80.913593,26.946764,0.035770,0.037775,0.039673,0.032198,0.012184,0.010512
Lake Okeechobee,United States,turbid,S2,-80.889339,26.820101,0.039994,0.040950,0.041606,0.031117,0.013019,0.011804
Lake Okeechobee,United States,turbid,S2,-80.924373,26.906339,0.038369,0.040429,0.041927,0.032207,0.012831,0.010718
Lake Okeechobee,United States,turbid,S2,-80.797711,27.156969,0.039688,0.040249,0.039301,0.031702,0.012888,0.010838
Lake Okeechobee,United States,turbid,S2,-80.867779,26.892865,0.036918,0.038341,0.040069,0.033654,0.008632,0.007203
Lake Okeechobee,United States,turbid,S2,-80.735727,27.100375,0.041036,0.042008,0.044181,0.036889,0.013612,0.013534
Lake Okeechobee,United States,turbid,S2,-80.870474,26.779677,0.039686,0.041670,0.039994,0.031762,0.013842,0.011689
Lake Okeechobee,United States,turbid,S2,-80.859694,26.957543,0.038469,0.038763,0.043022,0.033987,0.009588,0.009112
Lake Okeechobee,United States,turbid,S2,-80.765371,26.782372,0.045825,0.045640,0.048497,0.037598,0.020263,0.018074
Lake Okeechobee,United States,turbid,S2,-80.714167,26.984493,0.040761,0.043450,0.048818,0.038098,0.014138,0.013713
Lake Okeechobee,United States,turbid,S2,-80.935153,26.973713,0.036421,0.037924,0.038119,0.030259,0.013061,0.011405
Lake Okeechobee,United States,turbid,S2,-80.773456,27.008747,0.038575,0.041266,0.041557,0.035917,0.010659,0.009039
Lake Okeechobee,United States,turbid,S2,-80.786931,27.035697,0.040751,0.040967,0.040917,0.034300,0.009797,0.009589
Lake Okeechobee,United States,turbid,S2,-80.824660,26.758117,0.040606,0.041567,0.041970,0.033312,0.014275,0.012924
Lake Okeechobee,United States,turbid,S2,-80.727642,26.911729,0.039397,0.040591,0.043600,0.038091,0.012898,0.013878
Lake Okeechobee,United States,turbid,S2,-80.875864,26.822796,0.042885,0.041420,0.041495,0.032358,0.014208,0.012643
Lake Okeechobee,United States,turbid,S2,-80.945933,26.890170,0.037617,0.038121,0.038223,0.032031,0.012718,0.011972
Lake Okeechobee,United States,turbid,S2,-80.733032,26.863220,0.043106,0.043600,0.044447,0.039784,0.012900,0.010471
Lake Okeechobee,United States,turbid,S2,-80.830050,26.785067,0.040743,0.042884,0.042779,0.032437,0.013871,0.012561
Lake Okeechobee,United States,turbid,S2,-80.838135,27.043782,0.037072,0.037576,0.036911,0.029008,0.009751,0.009321
Lake Okeechobee,United States,turbid,S2,-80.749202,26.814711,0.044239,0.043346,0.049079,0.036759,0.016876,0.011675
Lake Okeechobee,United States,turbid,S2,-80.689913,26.871305,0.047137,0.049392,0.053722,0.045254,0.021340,0.017699
Lake Okeechobee,United States,turbid,S2,-80.765371,26.806626,0.040810,0.045083,0.047361,0.036069,0.017132,0.017236
Lake Okeechobee,United States,turbid,S2,-80.886644,26.779677,0.039622,0.040020,0.039602,0.031808,0.014597,0.015114
Lake Okeechobee,United States,turbid,S2,-80.757286,26.820101,0.044003,0.046120,0.049904,0.037702,0.014436,0.013864
Lake Okeechobee,United States,turbid,S2,-80.754591,27.154274,0.040236,0.041559,0.040257,0.032701,0.012679,0.011592
Lake Okeechobee,United States,turbid,S2,-80.862389,26.822796,0.040596,0.042571,0.041384,0.033071,0.013784,0.011870
Lake Okeechobee,United States,turbid,S2,-80.662963,26.876695,0.044626,0.047079,0.048843,0.040635,0.020795,0.017926
Lake Okeechobee,United States,turbid,S2,-80.908203,26.890170,0.037795,0.039867,0.040660,0.032907,0.012038,0.010730
Lake Okeechobee,United States,turbid,S2,-80.838135,26.957543,0.037589,0.038636,0.041947,0.032334,0.008441,0.007508
Lake Okeechobee,United States,turbid,S2,-80.754591,26.828186,0.043702,0.043841,0.046882,0.037082,0.014064,0.013633
Lake Okeechobee,United States,turbid,S2,-80.768066,26.798542,0.044535,0.047290,0.048816,0.036937,0.014947,0.014438
Lake Okeechobee,United States,turbid,S2,-80.811185,26.790457,0.040397,0.045225,0.045138,0.033275,0.014325,0.013849
Lake Okeechobee,United States,turbid,S2,-80.652184,26.925204,0.047335,0.048287,0.048987,0.042040,0.020950,0.017808
Lake Okeechobee,United States,turbid,S2,-80.832745,27.135410,0.034826,0.034388,0.032261,0.024398,0.012971,0.011017
Lake Okeechobee,United States,turbid,S2,-80.719557,27.068036,0.042228,0.044432,0.044732,0.037552,0.014086,0.013753
Lake Okeechobee,United States,turbid,S2,-80.916288,26.836271,0.037525,0.037969,0.039879,0.029892,0.012572,0.010641
Lake Okeechobee,United States,turbid,S2,-80.862389,26.828186,0.040020,0.040864,0.041079,0.031163,0.012829,0.010709
Lake Okeechobee,United States,turbid,S2,-80.803100,26.949459,0.037773,0.038934,0.041595,0.033824,0.010161,0.008751
Lake Okeechobee,United States,turbid,S2,-80.700693,26.892865,0.042797,0.044594,0.046315,0.038628,0.018284,0.015384
Lake Okeechobee,United States,turbid,S2,-80.838135,26.798542,0.043117,0.044448,0.044876,0.034932,0.015407,0.014375
Lake Okeechobee,United States,turbid,S2,-80.759981,26.793152,0.041767,0.043527,0.042493,0.033287,0.014005,0.013288
Lake Okeechobee,United States,turbid,S2,-80.765371,27.111155,0.040063,0.041151,0.040825,0.033183,0.012820,0.009878
Lake Okeechobee,United States,turbid,S2,-80.716862,26.868610,0.041644,0.043729,0.045954,0.040077,0.018021,0.016601
Lake Okeechobee,United States,turbid,S2,-80.754591,26.785067,0.041236,0.042428,0.044234,0.033267,0.015730,0.015039
Lake Okeechobee,United States,turbid,S2,-80.867779,26.871305,0.038910,0.040633,0.041824,0.032230,0.009885,0.008744
Lake Okeechobee,United States,turbid,S2,-80.789626,26.768897,0.045910,0.046703,0.048969,0.036658,0.018027,0.017493
Lake Okeechobee,United States,turbid,S2,-80.727642,27.078816,0.042781,0.042766,0.044719,0.037842,0.015716,0.013695
Lake Okeechobee,United States,turbid,S2,-80.813880,27.170444,0.037125,0.038287,0.036255,0.028332,0.012401,0.010558
Lake Okeechobee,United States,turbid,S2,-80.789626,26.838966,0.040964,0.044323,0.046636,0.037316,0.016197,0.013577
Lake Okeechobee,United States,turbid,S2,-80.840830,26.836271,0.041088,0.042639,0.044601,0.033668,0.013384,0.013359
Lake Okeechobee,United States,turbid,S2,-80.711472,26.817406,0.043837,0.045893,0.047796,0.037597,0.018447,0.017027
Lake Okeechobee,United States,turbid,S2,-80.652184,26.979103,0.044810,0.046372,0.048112,0.038472,0.019071,0.017284
Lake Okeechobee,United States,turbid,S2,-80.795016,26.909034,0.038602,0.040093,0.043402,0.035149,0.012160,0.009826
Lake Okeechobee,United States,turbid,S2,-80.830050,26.995273,0.040769,0.040650,0.043161,0.034794,0.010665,0.009480
Lake Okeechobee,United States,turbid,S2,-80.792321,26.806626,0.042895,0.047667,0.048503,0.037880,0.018098,0.016516
Lake Okeechobee,United States,turbid,S2,-80.738422,26.925204,0.040853,0.042195,0.044698,0.036907,0.015812,0.014272
Lake Okeechobee,United States,turbid,S2,-80.846220,26.814711,0.042645,0.043522,0.043260,0.033936,0.012718,0.010856
Lake Okeechobee,United States,turbid,S2,-80.886644,26.798542,0.038753,0.038986,0.039019,0.030021,0.012916,0.010941
Lake Okeechobee,United States,turbid,S2,-80.886644,26.874000,0.038239,0.039544,0.041671,0.031994,0.011227,0.010340
Lake Okeechobee,United States,turbid,S2,-80.754591,27.167749,0.041241,0.042402,0.040276,0.033717,0.013462,0.012795
Lake Okeechobee,United States,turbid,S2,-80.905508,26.879390,0.036140,0.038037,0.040167,0.032354,0.010571,0.009122
Lake Okeechobee,United States,turbid,S2,-80.689913,26.892865,0.045068,0.045991,0.048386,0.041220,0.017205,0.016186
Lake Okeechobee,United States,turbid,S2,-80.692608,26.863220,0.040821,0.043069,0.045529,0.038293,0.017598,0.014373
Lake Okeechobee,United States,turbid,S2,-80.746507,26.989883,0.037681,0.040925,0.040968,0.034248,0.010563,0.008886
Lake Okeechobee,United States,turbid,S2,-80.856999,26.833576,0.040237,0.041493,0.041730,0.032908,0.013263,0.011221
Lake Okeechobee,United States,turbid,S2,-80.789626,26.979103,0.037200,0.040495,0.041421,0.035367,0.010375,0.009085
Lake Okeechobee,United States,turbid,S2,-80.711472,26.976408,0.039850,0.041608,0.044130,0.036916,0.012363,0.014140
Lake Okeechobee,United States,turbid,S2,-80.854304,26.957543,0.039202,0.038828,0.043000,0.034881,0.009844,0.008806
Lake Okeechobee,United States,turbid,S2,-80.768066,26.944069,0.037092,0.039010,0.043932,0.036899,0.009852,0.009714
Lake Okeechobee,United States,turbid,S2,-80.854304,26.790457,0.041681,0.043330,0.042257,0.032361,0.014663,0.012812
Lake Okeechobee,United States,turbid,S2,-80.881254,26.898255,0.036328,0.037884,0.040173,0.032524,0.008828,0.007210
Lake Okeechobee,United States,turbid,S2,-80.843525,26.841661,0.038573,0.040649,0.042396,0.033478,0.013385,0.012012
Lake Okeechobee,United States,turbid,S2,-80.692608,26.871305,0.045286,0.048302,0.052190,0.044210,0.020492,0.019601
Lake Okeechobee,United States,turbid,S2,-80.706082,26.879390,0.044844,0.048119,0.049953,0.041646,0.017265,0.016169
Lake Okeechobee,United States,turbid,S2,-80.633319,26.989883,0.044642,0.048049,0.048588,0.040855,0.021562,0.020350
Lake Okeechobee,United States,turbid,S2,-80.738422,26.954848,0.039869,0.040702,0.043287,0.037007,0.013842,0.013920
Lake Okeechobee,United States,turbid,S2,-80.902813,26.860525,0.037301,0.038608,0.040498,0.032102,0.013014,0.010998
Lake Okeechobee,United States,turbid,S2,-80.700693,27.043782,0.043894,0.044867,0.044998,0.037139,0.013840,0.013484
Lake Okeechobee,United States,turbid,S2,-80.679133,26.898255,0.045502,0.045592,0.048833,0.037747,0.017043,0.016318
Lake Okeechobee,United States,turbid,S2,-80.865084,26.992578,0.037997,0.037962,0.038587,0.030268,0.009364,0.008141
Lake Okeechobee,United States,turbid,S2,-80.751897,26.768897,0.043824,0.045248,0.044625,0.035969,0.017612,0.016322
Lake Okeechobee,United States,turbid,S2,-80.762676,26.927899,0.038133,0.040354,0.044105,0.036404,0.013538,0.012704
Lake Okeechobee,United States,turbid,S2,-80.751897,27.165054,0.039530,0.041283,0.038486,0.031638,0.012507,0.012188
Lake Okeechobee,United States,turbid,S2,-80.703387,27.081511,0.041368,0.041100,0.042593,0.033086,0.013629,0.013910
Lake Okeechobee,United States,turbid,S2,-80.789626,27.111155,0.037301,0.036802,0.037009,0.029094,0.010197,0.009600
Lake Okeechobee,United States,turbid,S2,-80.700693,26.879390,0.044826,0.045432,0.047087,0.041721,0.017245,0.014848
Lake Okeechobee,United States,turbid,S2,-80.665658,26.984493,0.047408,0.048425,0.051100,0.040767,0.021325,0.018768
Lake Okeechobee,United States,turbid,S2,-80.735727,27.000662,0.037899,0.040676,0.040638,0.033631,0.009543,0.009199
Lake Okeechobee,United States,turbid,S2,-80.724947,27.033002,0.040596,0.041601,0.044712,0.037803,0.013100,0.009539
Lake Okeechobee,United States,turbid,S2,-80.708777,27.062646,0.043498,0.045093,0.045301,0.037454,0.017236,0.014599
Lake Okeechobee,United States,turbid,S2,-80.889339,27.000662,0.039311,0.038151,0.037909,0.030892,0.011169,0.010028
Lake Okeechobee,United States,turbid,S2,-80.786931,27.175834,0.037905,0.038996,0.038426,0.029481,0.010903,0.009079
Lake Okeechobee,United States,turbid,S2,-80.741117,26.890170,0.040951,0.040203,0.044869,0.036490,0.012098,0.009909
Lake Okeechobee,United States,turbid,S2,-80.789626,27.192004,0.039940,0.040198,0.038532,0.033920,0.014365,0.012559
Lake Okeechobee,United States,turbid,S2,-80.786931,26.828186,0.044384,0.045379,0.048057,0.037410,0.014593,0.013045
Lake Okeechobee,United States,turbid,S2,-80.894729,26.790457,0.040520,0.039887,0.039875,0.031872,0.013800,0.012625
Lake Okeechobee,United States,turbid,S2,-80.797711,27.170444,0.039953,0.040221,0.038887,0.031792,0.011442,0.010482
Lake Okeechobee,United States,turbid,S2,-80.940543,26.911729,0.034065,0.036488,0.037235,0.030886,0.011417,0.010466
Lake Okeechobee,United States,turbid,S2,-80.873169,26.868610,0.037503,0.040138,0.041171,0.032747,0.010724,0.009070
Lake Okeechobee,United States,turbid,S2,-80.746507,26.865915,0.042756,0.044269,0.045459,0.041364,0.012928,0.012583
Lake Okeechobee,United States,turbid,S2,-80.856999,26.949459,0.039038,0.040328,0.041836,0.033652,0.010102,0.009111
Lake Okeechobee,United States,turbid,S2,-80.792321,26.847051,0.043967,0.044959,0.047035,0.038328,0.014341,0.013518
Lake Okeechobee,United States,turbid,S2,-80.781541,27.124630,0.037060,0.040755,0.039436,0.032635,0.011559,0.009537
Lake Okeechobee,United States,turbid,S2,-80.665658,26.976408,0.044743,0.044716,0.048273,0.037272,0.017449,0.016892
Lake Okeechobee,United States,turbid,S2,-80.738422,26.952153,0.036738,0.040091,0.042919,0.036794,0.013247,0.009553
Lake Okeechobee,United States,turbid,S2,-80.724947,26.973713,0.038633,0.041511,0.043138,0.036363,0.011092,0.012221
Lake Okeechobee,United States,turbid,S2,-80.773456,26.906339,0.040640,0.040823,0.043982,0.034347,0.009855,0.009196
Lake Okeechobee,United States,turbid,S2,-80.741117,27.097681,0.040690,0.041116,0.040967,0.032695,0.013154,0.009593
Lake Okeechobee,United States,turbid,S2,-80.840830,26.750033,0.044574,0.042852,0.043177,0.032945,0.013598,0.012621
Lake Okeechobee,United States,turbid,S2,-80.692608,26.914424,0.042055,0.045043,0.045907,0.037970,0.017093,0.014628
Lake Okeechobee,United States,turbid,S2,-80.838135,26.930594,0.040043,0.040098,0.043563,0.034153,0.010130,0.008499
Lake Okeechobee,United States,turbid,S2,-80.943238,26.882085,0.036541,0.039733,0.037973,0.030534,0.013254,0.012017
Lake Okeechobee,United States,turbid,S2,-80.832745,27.024917,0.039033,0.040626,0.040873,0.033700,0.010195,0.009371
Lake Okeechobee,United States,turbid,S2,-80.954017,26.968323,0.034705,0.037933,0.036608,0.030043,0.014007,0.012368
Lake Okeechobee,United States,turbid,S2,-80.695303,27.105765,0.041273,0.044349,0.042259,0.033709,0.018519,0.017485
Lake Okeechobee,United States,turbid,S2,-80.827355,27.043782,0.036957,0.037978,0.037261,0.029536,0.009084,0.009316
Lake Okeechobee,United States,turbid,S2,-80.886644,26.806626,0.040382,0.040323,0.039931,0.030722,0.012949,0.010973
Lake Okeechobee,United States,turbid,S2,-80.792321,27.121935,0.036878,0.037339,0.037223,0.029608,0.012332,0.009790
Lake Okeechobee,United States,turbid,S2,-80.808490,27.070731,0.037564,0.038142,0.037036,0.028308,0.010401,0.008795
Lake Okeechobee,United States,turbid,S2,-80.883949,26.917119,0.039712,0.039373,0.042274,0.035027,0.010813,0.009339
Lake Okeechobee,United States,turbid,S2,-80.862389,26.790457,0.039919,0.041224,0.039893,0.029640,0.014181,0.012632
Lake Okeechobee,United States,turbid,S2,-80.848915,26.747338,0.042253,0.043049,0.040370,0.033397,0.016783,0.014774
Lake Okeechobee,United States,turbid,S2,-80.905508,26.971018,0.035843,0.037107,0.038131,0.031240,0.011368,0.009902
Lake Okeechobee,United States,turbid,S2,-80.749202,27.121935,0.039985,0.040822,0.041357,0.032949,0.013479,0.012436
Lake Okeechobee,United States,turbid,S2,-80.662963,26.919814,0.047892,0.048384,0.052422,0.041131,0.021611,0.018186
Lake Okeechobee,United States,turbid,S2,-80.870474,26.871305,0.039310,0.040985,0.042712,0.033583,0.010489,0.009332
Lake Okeechobee,United States,turbid,S2,-80.916288,26.820101,0.037100,0.038426,0.038551,0.035330,0.013185,0.009816
Lake Okeechobee,United States,turbid,S2,-80.959407,26.981798,0.035300,0.038014,0.035551,0.030054,0.013201,0.012515
Lake Okeechobee,United States,turbid,S2,-80.741117,26.952153,0.038396,0.040508,0.042181,0.036549,0.013955,0.009688
Lake Okeechobee,United States,turbid,S2,-80.954017,26.917119,0.035803,0.037951,0.037994,0.030142,0.012779,0.010705
Lake Okeechobee,United States,turbid,S2,-80.865084,26.892865,0.036722,0.038238,0.040163,0.034258,0.008822,0.007470
Lake Okeechobee,United States,turbid,S2,-80.759981,27.159664,0.040565,0.040781,0.041381,0.033529,0.016149,0.013752
Lake Okeechobee,United States,turbid,S2,-80.792321,27.030307,0.037317,0.038824,0.040881,0.033730,0.009460,0.009671
Lake Okeechobee,United States,turbid,S2,-80.846220,27.030307,0.037791,0.038067,0.038133,0.029095,0.011342,0.009488
Lake Okeechobee,United States,turbid,S2,-80.927068,26.871305,0.037853,0.039795,0.040165,0.032511,0.012843,0.012455
Lake Okeechobee,United States,turbid,S2,-80.803100,26.849746,0.041139,0.042958,0.045625,0.035951,0.012871,0.011108
Lake Okeechobee,United States,turbid,S2,-80.795016,26.906339,0.038433,0.039747,0.043256,0.034795,0.009572,0.008862
Lake Okeechobee,United States,turbid,S2,-80.913593,26.836271,0.039136,0.039959,0.040017,0.030206,0.012694,0.011464
Lake Okeechobee,United States,turbid,S2,-80.679133,26.844356,0.045393,0.048320,0.048658,0.040819,0.021156,0.017876
Lake Okeechobee,United States,turbid,S2,-80.821965,27.024917,0.037226,0.037321,0.038677,0.030809,0.009581,0.008644
Lake Okeechobee,United States,turbid,S2,-80.751897,26.984493,0.039006,0.040599,0.040748,0.035905,0.009367,0.009202
Lake Okeechobee,United States,turbid,S2,-80.873169,26.836271,0.040697,0.042174,0.041365,0.032895,0.012863,0.011557
Lake Okeechobee,United States,turbid,S2,-80.924373,27.003357,0.035997,0.038801,0.036177,0.030152,0.013672,0.012192
Lake Okeechobee,United States,turbid,S2,-80.886644,26.852440,0.043745,0.042350,0.042524,0.034845,0.012538,0.010751
Lake Okeechobee,United States,turbid,S2,-80.716862,26.803931,0.042899,0.045714,0.044729,0.037008,0.017757,0.016546
Lake Okeechobee,United States,turbid,S2,-80.943238,26.989883,0.037852,0.040165,0.037372,0.030481,0.014842,0.012675
Lake Okeechobee,United States,turbid,S2,-80.671048,26.847051,0.046039,0.048324,0.049662,0.042152,0.021616,0.020039
Lake Okeechobee,United States,turbid,S2,-80.684523,26.836271,0.040959,0.043689,0.045211,0.037015,0.017185,0.014965
Lake Okeechobee,United States,turbid,S2,-80.662963,27.024917,0.041579,0.044657,0.047774,0.040446,0.017838,0.016860
Lake Okeechobee,United States,turbid,S2,-80.892034,26.938679,0.038614,0.038228,0.040707,0.033568,0.010665,0.009010
Lake Okeechobee,United States,turbid,S2,-80.735727,26.903644,0.041101,0.042230,0.044816,0.038858,0.013647,0.013606
Lake Okeechobee,United States,turbid,S2,-80.703387,26.809321,0.043399,0.048128,0.049993,0.037691,0.018978,0.016378
Lake Okeechobee,United States,turbid,S2,-80.797711,26.838966,0.041647,0.045126,0.044550,0.036653,0.013799,0.013525
Lake Okeechobee,United States,turbid,S2,-80.673743,27.068036,0.041202,0.044477,0.044851,0.036838,0.017449,0.017156
Lake Okeechobee,United States,turbid,S2,-80.924373,26.852440,0.040811,0.040135,0.040055,0.032187,0.012704,0.011922
Lake Okeechobee,United States,turbid,S2,-80.759981,26.822796,0.047874,0.049200,0.051251,0.040822,0.017873,0.016157
Lake Okeechobee,United States,turbid,S2,-80.735727,27.135410,0.037676,0.038554,0.039003,0.030209,0.012686,0.010690
Lake Okeechobee,United States,turbid,S2,-80.687218,26.919814,0.041766,0.044184,0.044997,0.037016,0.017698,0.016730
Lake Okeechobee,United States,turbid,S2,-80.636014,26.941374,0.045198,0.045723,0.046941,0.037095,0.018747,0.017444
Lake Okeechobee,United States,turbid,S2,-80.700693,26.960238,0.041097,0.042465,0.045038,0.036625,0.016963,0.013722
Lake Okeechobee,United States,turbid,S2,-80.897424,27.008747,0.037126,0.036935,0.037019,0.029418,0.013496,0.010492
Lake Okeechobee,United States,turbid,S2,-80.652184,26.973713,0.044056,0.046619,0.048266,0.040716,0.021463,0.018565
Lake Okeechobee,United States,turbid,S2,-80.741117,27.146190,0.039468,0.040366,0.039110,0.030146,0.011440,0.010322
Lake Okeechobee,United States,turbid,S2,-80.762676,26.976408,0.037752,0.040381,0.041087,0.035521,0.009623,0.009332
Lake Okeechobee,United States,turbid,S2,-80.905508,27.008747,0.034934,0.036262,0.036061,0.028577,0.010806,0.010322
Lake Okeechobee,United States,turbid,S2,-80.797711,27.070731,0.036987,0.038810,0.039262,0.029446,0.009703,0.009826
Lake Okeechobee,United States,turbid,S2,-80.786931,27.062646,0.037822,0.040019,0.040100,0.031735,0.011094,0.009833
Lake Okeechobee,United States,turbid,S2,-80.768066,27.173139,0.038796,0.040873,0.039935,0.032523,0.013589,0.011645
Lake Okeechobee,United States,turbid,S2,-80.943238,26.879390,0.036748,0.040072,0.038330,0.030328,0.012817,0.012048
Lake Okeechobee,United States,turbid,S2,-80.927068,26.906339,0.038513,0.040343,0.041681,0.032150,0.012614,0.010834
Lake Okeechobee,United States,turbid,S2,-80.827355,26.898255,0.038642,0.041300,0.042150,0.034397,0.009630,0.009051
Lake Okeechobee,United States,turbid,S2,-80.722252,26.820101,0.045779,0.048050,0.050273,0.038793,0.017665,0.017167
Lake Okeechobee,United States,turbid,S2,-80.641404,26.879390,0.046346,0.050179,0.050757,0.045014,0.024419,0.021761
Lake Okeechobee,United States,turbid,LS,-80.676438,27.070731,0.015929,0.029427,0.028777,0.020307,0.010432,0.009637
Lake Okeechobee,United States,turbid,LS,-80.805795,26.895560,0.012077,0.025616,0.028020,0.019479,0.009388,0.009489
Lake Okeechobee,United States,turbid,LS,-80.897424,26.852440,0.010325,0.023954,0.023706,0.016093,0.011534,0.011817
Lake Okeechobee,United States,turbid,LS,-80.765371,27.019527,0.009979,0.026469,0.026145,0.019884,0.008182,0.008512
Lake Okeechobee,United States,turbid,LS,-80.894729,27.000662,0.009639,0.022999,0.024172,0.014606,0.010001,0.009909
Lake Okeechobee,United States,turbid,LS,-80.706082,26.965628,0.008905,0.026090,0.025767,0.017489,0.009271,0.009825
Lake Okeechobee,United States,turbid,LS,-80.673743,27.022222,0.011606,0.029497,0.028129,0.020322,0.013472,0.012581
Lake Okeechobee,United States,turbid,LS,-80.905508,27.016832,0.010202,0.023685,0.023906,0.016317,0.010357,0.009135
Lake Okeechobee,United States,turbid,LS,-80.827355,26.949459,0.012040,0.026035,0.027503,0.020276,0.007452,0.007485
Lake Okeechobee,United States,turbid,LS,-80.722252,27.016832,0.008781,0.026819,0.026128,0.017256,0.009573,0.009228
Lake Okeechobee,United States,turbid,LS,-80.751897,26.892865,0.010214,0.024464,0.026484,0.019431,0.010344,0.009963
Lake Okeechobee,United States,turbid,LS,-80.784236,26.892865,0.011689,0.026161,0.028110,0.018378,0.008931,0.008963
Lake Okeechobee,United States,turbid,LS,-80.929763,26.817406,0.009459,0.023922,0.021294,0.016085,0.011157,0.010433
Lake Okeechobee,United States,turbid,LS,-80.784236,26.752727,0.008051,0.024535,0.023064,0.013210,0.009846,0.009897
Lake Okeechobee,United States,turbid,LS,-80.679133,26.863220,0.009816,0.025738,0.025524,0.019188,0.008552,0.009283
Lake Okeechobee,United States,turbid,LS,-80.649489,26.925204,0.009058,0.026606,0.027824,0.022754,0.011674,0.011513
Lake Okeechobee,United States,turbid,LS,-80.681828,26.855135,0.009186,0.026541,0.027113,0.019358,0.010023,0.010159
Lake Okeechobee,United States,turbid,LS,-80.722252,26.957543,0.011036,0.025645,0.026494,0.018387,0.009674,0.009675
Lake Okeechobee,United States,turbid,LS,-80.679133,26.965628,0.011287,0.026300,0.026398,0.019308,0.009351,0.009087
Lake Okeechobee,United States,turbid,LS,-80.935153,26.836271,0.010200,0.022778,0.021595,0.015842,0.012736,0.011297
Lake Okeechobee,United States,turbid,LS,-80.962102,26.941374,0.010458,0.024778,0.023727,0.015135,0.010701,0.009550
Lake Okeechobee,United States,turbid,LS,-80.703387,26.968323,0.008577,0.026548,0.026110,0.018476,0.009960,0.009940
Lake Okeechobee,United States,turbid,LS,-80.714167,26.779677,0.003881,0.021205,0.019753,0.013528,0.009218,0.011826
Lake Okeechobee,United States,turbid,LS,-80.940543,26.884780,0.009578,0.024541,0.022525,0.014901,0.012298,0.011419
Lake Okeechobee,United States,turbid,LS,-80.803100,26.812016,0.009564,0.024885,0.026429,0.015747,0.010215,0.010129
Lake Okeechobee,United States,turbid,LS,-80.867779,26.917119,0.013234,0.028279,0.028579,0.020013,0.010665,0.010686
Lake Okeechobee,United States,turbid,LS,-80.875864,26.855135,0.010035,0.024683,0.026254,0.017441,0.010926,0.011186
Lake Okeechobee,United States,turbid,LS,-80.816575,26.785067,0.008473,0.022869,0.024028,0.013180,0.010671,0.010886
Lake Okeechobee,United States,turbid,LS,-80.819270,26.803931,0.007721,0.024052,0.023992,0.013450,0.010061,0.010248
Lake Okeechobee,United States,turbid,LS,-80.743812,27.046477,0.010044,0.025649,0.026549,0.018910,0.009029,0.008762
Lake Okeechobee,United States,turbid,LS,-80.719557,26.825491,0.008163,0.025095,0.025326,0.018178,0.010759,0.010746
Lake Okeechobee,United States,turbid,LS,-80.838135,26.997968,0.012365,0.027198,0.028429,0.019425,0.009765,0.009719
Lake Okeechobee,United States,turbid,LS,-80.676438,26.903644,0.010071,0.028047,0.026918,0.020793,0.010712,0.010695
Lake Okeechobee,United States,turbid,LS,-80.808490,27.130020,0.010586,0.023420,0.022966,0.015623,0.009946,0.009502
Lake Okeechobee,United States,turbid,LS,-80.913593,27.006052,0.011438,0.025969,0.025507,0.015854,0.009518,0.009273
Lake Okeechobee,United States,turbid,LS,-80.730337,26.879390,0.009145,0.023856,0.026567,0.018016,0.009174,0.009634
Lake Okeechobee,United States,turbid,LS,-80.900119,26.806626,0.010135,0.026356,0.024459,0.015795,0.013243,0.012536
Lake Okeechobee,United States,turbid,LS,-80.894729,26.903644,0.011041,0.025925,0.026351,0.016447,0.011281,0.010988
Lake Okeechobee,United States,turbid,LS,-80.878559,27.016832,0.010747,0.024400,0.023308,0.015127,0.009167,0.009231
Lake Okeechobee,United States,turbid,LS,-80.827355,26.868610,0.011906,0.027590,0.030106,0.020270,0.011014,0.010004
Lake Okeechobee,United States,turbid,LS,-80.883949,26.860525,0.009234,0.024335,0.025442,0.017573,0.011188,0.010965
Lake Okeechobee,United States,turbid,LS,-80.789626,27.024917,0.011172,0.027561,0.027624,0.019994,0.008168,0.008089
Lake Okeechobee,United States,turbid,LS,-80.770761,26.876695,0.010436,0.024977,0.025398,0.019763,0.007088,0.007876
Lake Okeechobee,United States,turbid,LS,-80.873169,26.957543,0.010587,0.025617,0.025051,0.016188,0.009695,0.009898
Lake Okeechobee,United States,turbid,LS,-80.741117,27.084206,0.009056,0.025749,0.028472,0.019584,0.008013,0.007934
Lake Okeechobee,United States,turbid,LS,-80.719557,27.041087,0.010088,0.028439,0.028606,0.021229,0.007036,0.007264
Lake Okeechobee,United States,turbid,LS,-80.811185,27.008747,0.013581,0.027849,0.029839,0.020818,0.008651,0.008597
Lake Okeechobee,United States,turbid,LS,-80.768066,27.140800,0.011412,0.025838,0.025426,0.022029,0.007991,0.007609
Lake Okeechobee,United States,turbid,LS,-80.940543,26.979103,0.011774,0.023304,0.021449,0.014285,0.011216,0.009872
Lake Okeechobee,United States,turbid,LS,-80.662963,27.019527,0.011454,0.028116,0.028216,0.018614,0.010336,0.010205
Lake Okeechobee,United States,turbid,LS,-80.668353,27.008747,0.007831,0.025006,0.025434,0.017161,0.007944,0.007992
Lake Okeechobee,United States,turbid,LS,-80.781541,27.049172,0.011029,0.025631,0.026191,0.018090,0.008127,0.008019
Lake Okeechobee,United States,turbid,LS,-80.770761,26.879390,0.010944,0.025217,0.025517,0.020115,0.007120,0.007713
Lake Okeechobee,United States,turbid,LS,-80.754591,26.917119,0.010616,0.024552,0.025690,0.017579,0.007862,0.008804
Lake Okeechobee,United States,turbid,LS,-80.835440,27.041087,0.011205,0.025462,0.025884,0.017577,0.008784,0.008646
Lake Okeechobee,United States,turbid,LS,-80.741117,27.030307,0.010810,0.028692,0.027513,0.018619,0.008821,0.008154
Lake Okeechobee,United States,turbid,LS,-80.743812,27.049172,0.012425,0.028086,0.027960,0.019930,0.009833,0.010057
Lake Okeechobee,United States,turbid,LS,-80.719557,26.841661,0.009521,0.023844,0.026864,0.019053,0.010477,0.010843
Lake Okeechobee,United States,turbid,LS,-80.781541,27.019527,0.010450,0.026587,0.027425,0.019652,0.008526,0.008421
Lake Okeechobee,United States,turbid,LS,-80.797711,26.782372,0.009233,0.023957,0.024711,0.014046,0.011513,0.010927
Lake Okeechobee,United States,turbid,LS,-80.932458,26.930594,0.010229,0.023951,0.023906,0.015628,0.009789,0.010046
Lake Okeechobee,United States,turbid,LS,-80.792321,27.119240,0.009899,0.023538,0.024300,0.015466,0.009099,0.008879
Lake Okeechobee,United States,turbid,LS,-80.719557,26.981798,0.009616,0.026369,0.026624,0.019873,0.009015,0.009157
Lake Okeechobee,United States,turbid,LS,-80.811185,26.965628,0.011172,0.025881,0.027096,0.021872,0.007641,0.007820
Lake Okeechobee,United States,turbid,LS,-80.827355,26.752727,0.009577,0.024989,0.024146,0.016189,0.013936,0.013100
Lake Okeechobee,United States,turbid,LS,-80.786931,27.043782,0.010900,0.028040,0.029225,0.019745,0.009922,0.009343
Lake Okeechobee,United States,turbid,LS,-80.646794,26.938679,0.011033,0.025301,0.026735,0.019563,0.011141,0.010711
Lake Okeechobee,United States,turbid,LS,-80.948628,26.914424,0.009142,0.023278,0.022842,0.016351,0.009860,0.010188
Lake Okeechobee,United States,turbid,LS,-80.913593,26.952153,0.010273,0.025229,0.026019,0.016867,0.011524,0.011620
Lake Okeechobee,United States,turbid,LS,-80.921678,26.954848,0.009592,0.024112,0.023118,0.015652,0.010424,0.009693
Lake Okeechobee,United States,turbid,LS,-80.654878,26.857830,0.010778,0.029154,0.029463,0.025103,0.014718,0.014270
Lake Okeechobee,United States,turbid,LS,-80.856999,27.070731,0.016263,0.031520,0.028580,0.021672,0.012696,0.011110
Lake Okeechobee,United States,turbid,LS,-80.751897,26.887475,0.008093,0.024603,0.026148,0.019149,0.008143,0.009220
Lake Okeechobee,United States,turbid,LS,-80.838135,26.879390,0.011762,0.026706,0.028787,0.019813,0.008399,0.008528
Lake Okeechobee,United States,turbid,LS,-80.838135,26.922509,0.011612,0.024970,0.027724,0.018978,0.008351,0.008615
Lake Okeechobee,United States,turbid,LS,-80.886644,26.830881,0.009600,0.024354,0.024775,0.015724,0.012017,0.011514
Lake Okeechobee,United States,turbid,LS,-80.724947,26.838966,0.010105,0.025930,0.026234,0.020220,0.009094,0.009671
Lake Okeechobee,United States,turbid,LS,-80.873169,26.779677,0.009346,0.024297,0.024618,0.017984,0.014352,0.013252
Lake Okeechobee,United States,turbid,LS,-80.735727,26.814711,0.008253,0.023526,0.024303,0.015222,0.008698,0.009270
Lake Okeechobee,United States,turbid,LS,-80.832745,27.062646,0.020626,0.031544,0.029339,0.023318,0.011145,0.009771
Lake Okeechobee,United States,turbid,LS,-80.821965,26.962933,0.012569,0.025841,0.027223,0.021687,0.007815,0.008282
Lake Okeechobee,United States,turbid,LS,-80.668353,26.855135,0.011812,0.030101,0.029074,0.021942,0.016031,0.015328
Lake Okeechobee,United States,turbid,LS,-80.821965,26.944069,0.011635,0.025594,0.026027,0.018437,0.007809,0.007285
Lake Okeechobee,United States,turbid,LS,-80.800406,26.801237,0.008725,0.023363,0.023248,0.013699,0.008413,0.008704
Lake Okeechobee,United States,turbid,LS,-80.684523,26.882085,0.009815,0.025320,0.027341,0.021490,0.009734,0.010148
Lake Okeechobee,United States,turbid,LS,-80.716862,27.127325,0.011455,0.028988,0.026459,0.020764,0.010111,0.008120
Lake Okeechobee,United States,turbid,LS,-80.722252,26.890170,0.008834,0.022793,0.024552,0.019537,0.007685,0.008487
Lake Okeechobee,United States,turbid,LS,-80.924373,27.019527,0.018657,0.029583,0.026508,0.018150,0.011937,0.009844
Lake Okeechobee,United States,turbid,LS,-80.900119,26.822796,0.010449,0.024886,0.023673,0.015565,0.012056,0.011740
Lake Okeechobee,United States,turbid,LS,-80.679133,27.000662,0.009059,0.024673,0.024575,0.017123,0.009758,0.008894
Lake Okeechobee,United States,turbid,LS,-80.784236,27.014137,0.013477,0.028366,0.029967,0.021729,0.008810,0.009136
Lake Okeechobee,United States,turbid,LS,-80.687218,27.059951,0.011279,0.027822,0.027260,0.019374,0.011190,0.008240
Lake Okeechobee,United States,turbid,LS,-80.862389,26.984493,0.011958,0.025580,0.026874,0.018193,0.009138,0.009574
Lake Okeechobee,United States,turbid,LS,-80.754591,27.051866,0.010600,0.027781,0.027113,0.020125,0.008643,0.007995
Lake Okeechobee,United States,turbid,LS,-80.945933,26.976408,0.013281,0.025769,0.024112,0.015065,0.010541,0.009632
Lake Okeechobee,United States,turbid,LS,-80.803100,27.132715,0.011812,0.027116,0.025502,0.017668,0.010284,0.009795
Lake Okeechobee,United States,turbid,LS,-80.641404,26.954848,0.009819,0.026575,0.028506,0.020440,0.010483,0.009572
Lake Okeechobee,United States,turbid,LS,-80.719557,26.814711,0.008796,0.026252,0.026231,0.016761,0.011984,0.011887
Lake Okeechobee,United States,turbid,LS,-80.843525,26.874000,0.010376,0.025835,0.028582,0.018321,0.009459,0.008954
Lake Okeechobee,United States,turbid,LS,-80.870474,26.868610,0.011034,0.025482,0.025706,0.015194,0.009161,0.009732
Lake Okeechobee,United States,turbid,LS,-80.843525,26.919814,0.010366,0.025076,0.025427,0.018399,0.008462,0.008783
Lake Okeechobee,United States,turbid,LS,-80.660268,27.016832,0.010430,0.027956,0.027748,0.019725,0.010584,0.009313
Lake Okeechobee,United States,turbid,LS,-80.821965,26.774287,0.008379,0.024205,0.023124,0.014973,0.012778,0.011924
Lake Okeechobee,United States,turbid,LS,-80.708777,26.917119,0.008548,0.023238,0.024972,0.020045,0.007930,0.009034
Lake Okeechobee,United States,turbid,LS,-80.846220,27.033002,0.012065,0.026135,0.025928,0.016887,0.009505,0.009366
Lake Okeechobee,United States,turbid,LS,-80.851610,26.965628,0.011525,0.026074,0.026624,0.018876,0.010608,0.010609
Lake Okeechobee,United States,turbid,LS,-80.921678,26.895560,0.010414,0.024452,0.024818,0.017231,0.011423,0.011395
Lake Okeechobee,United States,turbid,LS,-80.840830,26.755422,0.007453,0.022469,0.021489,0.015065,0.012949,0.011994
Lake Okeechobee,United States,turbid,LS,-80.738422,26.930594,0.011592,0.026432,0.029130,0.019612,0.010709,0.010310
Lake Okeechobee,United States,turbid,LS,-80.784236,26.760812,0.007077,0.022007,0.022447,0.010149,0.006993,0.008007
Lake Okeechobee,United States,turbid,LS,-80.913593,26.903644,0.011367,0.025505,0.025880,0.018044,0.011130,0.010938
Lake Okeechobee,United States,turbid,LS,-80.838135,26.755422,0.007597,0.022934,0.020923,0.014481,0.009642,0.010120
Lake Okeechobee,United States,turbid,LS,-80.797711,26.909034,0.011728,0.027174,0.028802,0.021061,0.008703,0.008559
Lake Okeechobee,United States,turbid,LS,-80.832745,27.030307,0.012990,0.026489,0.027944,0.018641,0.008960,0.008645
Lake Okeechobee,United States,turbid,LS,-80.716862,26.911729,0.009396,0.024275,0.026925,0.020760,0.009014,0.009191
Lake Okeechobee,United States,turbid,LS,-80.654878,26.968323,0.009133,0.024659,0.026011,0.018221,0.007770,0.008481
Lake Okeechobee,United States,turbid,LS,-80.751897,27.105765,0.009537,0.028444,0.028277,0.020505,0.009970,0.008998
Lake Okeechobee,United States,turbid,LS,-80.768066,26.884780,0.011059,0.024984,0.026788,0.019467,0.008501,0.009251
Lake Okeechobee,United States,turbid,LS,-80.937848,26.995273,0.010777,0.023545,0.021682,0.014858,0.010805,0.009021
Lake Okeechobee,United States,turbid,LS,-80.778846,27.081511,0.009762,0.026199,0.025777,0.016849,0.008487,0.008322
Lake Okeechobee,United States,turbid,LS,-80.892034,27.035697,0.010900,0.026415,0.024756,0.016391,0.011111,0.009743
Lake Okeechobee,United States,turbid,LS,-80.789626,27.181224,0.013821,0.029099,0.027112,0.021508,0.013478,0.011212
Lake Okeechobee,United States,turbid,LS,-80.813880,26.890170,0.012477,0.027432,0.028099,0.020031,0.009266,0.009513
Lake Okeechobee,United States,turbid,LS,-80.706082,27.092291,0.010289,0.027686,0.027588,0.022249,0.007479,0.007647
Lake Okeechobee,United States,turbid,LS,-80.929763,27.006052,0.010852,0.025311,0.024831,0.017874,0.010027,0.008288
Lake Okeechobee,United States,turbid,LS,-80.862389,26.776982,0.010836,0.025147,0.024398,0.014947,0.013220,0.012544
Lake Okeechobee,United States,turbid,LS,-80.913593,26.946764,0.010370,0.025688,0.024947,0.016627,0.010060,0.009938
Lake Okeechobee,United States,turbid,LS,-80.889339,26.820101,0.010650,0.023606,0.023594,0.015176,0.012504,0.012167
Lake Okeechobee,United States,turbid,LS,-80.924373,26.906339,0.011231,0.023921,0.024734,0.018755,0.010692,0.010844
Lake Okeechobee,United States,turbid,LS,-80.797711,27.156969,0.011256,0.025341,0.024225,0.016085,0.009792,0.009872
Lake Okeechobee,United States,turbid,LS,-80.867779,26.892865,0.010573,0.026164,0.027174,0.017369,0.009163,0.009298
Lake Okeechobee,United States,turbid,LS,-80.735727,27.100375,0.010145,0.025491,0.027517,0.018399,0.007559,0.007183
Lake Okeechobee,United States,turbid,LS,-80.870474,26.779677,0.010257,0.023996,0.023794,0.017068,0.012855,0.011770
Lake Okeechobee,United States,turbid,LS,-80.859694,26.957543,0.010583,0.025137,0.026265,0.019010,0.009523,0.009770
Lake Okeechobee,United States,turbid,LS,-80.765371,26.782372,0.008179,0.023856,0.022834,0.013834,0.006930,0.007393
Lake Okeechobee,United States,turbid,LS,-80.714167,26.984493,0.009741,0.025965,0.027309,0.018840,0.008062,0.007937
Lake Okeechobee,United States,turbid,LS,-80.935153,26.973713,0.011038,0.025591,0.024278,0.015939,0.011098,0.010912
Lake Okeechobee,United States,turbid,LS,-80.773456,27.008747,0.010789,0.025575,0.026690,0.020521,0.007890,0.008673
Lake Okeechobee,United States,turbid,LS,-80.786931,27.035697,0.010818,0.027849,0.028101,0.019871,0.008324,0.008589
Lake Okeechobee,United States,turbid,LS,-80.824660,26.758117,0.009497,0.024693,0.024041,0.015886,0.014251,0.013040
Lake Okeechobee,United States,turbid,LS,-80.727642,26.911729,0.009930,0.024510,0.026954,0.016877,0.009019,0.008935
Lake Okeechobee,United States,turbid,LS,-80.875864,26.822796,0.008586,0.024314,0.024543,0.016183,0.012023,0.011448
Lake Okeechobee,United States,turbid,LS,-80.945933,26.890170,0.010088,0.024501,0.023763,0.016488,0.011938,0.010407
Lake Okeechobee,United States,turbid,LS,-80.733032,26.863220,0.009026,0.027223,0.026494,0.021804,0.008263,0.009023
Lake Okeechobee,United States,turbid,LS,-80.830050,26.785067,0.008327,0.023679,0.023858,0.015631,0.011890,0.011762
Lake Okeechobee,United States,turbid,LS,-80.838135,27.043782,0.011620,0.025346,0.026321,0.017737,0.010098,0.008610
Lake Okeechobee,United States,turbid,LS,-80.749202,26.814711,0.006759,0.020897,0.022308,0.012687,0.006557,0.007601
Lake Okeechobee,United States,turbid,LS,-80.689913,26.871305,0.011558,0.026473,0.026177,0.020898,0.009242,0.009046
Lake Okeechobee,United States,turbid,LS,-80.765371,26.806626,0.007503,0.024430,0.024617,0.014819,0.009375,0.009359
Lake Okeechobee,United States,turbid,LS,-80.886644,26.779677,0.008455,0.024799,0.021372,0.017281,0.012533,0.012084
Lake Okeechobee,United States,turbid,LS,-80.757286,26.820101,0.008067,0.023260,0.024559,0.015182,0.007377,0.008010
Lake Okeechobee,United States,turbid,LS,-80.754591,27.154274,0.010653,0.026362,0.026856,0.021068,0.012355,0.010764
Lake Okeechobee,United States,turbid,LS,-80.862389,26.822796,0.010152,0.025191,0.026157,0.015039,0.010927,0.011099
Lake Okeechobee,United States,turbid,LS,-80.662963,26.876695,0.009931,0.028236,0.028349,0.022791,0.014388,0.013841
Lake Okeechobee,United States,turbid,LS,-80.908203,26.890170,0.009703,0.024914,0.024390,0.017164,0.012351,0.011877
Lake Okeechobee,United States,turbid,LS,-80.838135,26.957543,0.012037,0.027340,0.026896,0.020002,0.008854,0.009363
Lake Okeechobee,United States,turbid,LS,-80.754591,26.828186,0.008405,0.023932,0.025855,0.016907,0.008159,0.008716
Lake Okeechobee,United States,turbid,LS,-80.768066,26.798542,0.007639,0.025184,0.024983,0.014823,0.007949,0.008590
Lake Okeechobee,United States,turbid,LS,-80.811185,26.790457,0.009008,0.024528,0.024721,0.013785,0.008961,0.008979
Lake Okeechobee,United States,turbid,LS,-80.652184,26.925204,0.009721,0.026669,0.028721,0.022250,0.011559,0.011509
Lake Okeechobee,United States,turbid,LS,-80.832745,27.135410,0.011535,0.024950,0.023960,0.016996,0.013956,0.012310
Lake Okeechobee,United States,turbid,LS,-80.719557,27.068036,0.010102,0.029240,0.029050,0.021275,0.008397,0.007895
Lake Okeechobee,United States,turbid,LS,-80.916288,26.836271,0.009039,0.025138,0.022838,0.015166,0.011786,0.011570
Lake Okeechobee,United States,turbid,LS,-80.862389,26.828186,0.011645,0.026132,0.026531,0.016166,0.010699,0.011091
Lake Okeechobee,United States,turbid,LS,-80.803100,26.949459,0.012138,0.027006,0.027929,0.022169,0.009582,0.009530
Lake Okeechobee,United States,turbid,LS,-80.700693,26.892865,0.008039,0.023263,0.026222,0.020678,0.007704,0.008398
Lake Okeechobee,United States,turbid,LS,-80.838135,26.798542,0.009626,0.025348,0.025578,0.016937,0.012332,0.012440
Lake Okeechobee,United States,turbid,LS,-80.759981,26.793152,0.008418,0.024946,0.023897,0.013834,0.007745,0.007922
Lake Okeechobee,United States,turbid,LS,-80.765371,27.111155,0.011498,0.028195,0.029273,0.018993,0.009256,0.008849
Lake Okeechobee,United States,turbid,LS,-80.716862,26.868610,0.009259,0.024692,0.026835,0.019776,0.010765,0.010416
Lake Okeechobee,United States,turbid,LS,-80.754591,26.785067,0.008716,0.022880,0.022313,0.012895,0.006589,0.007427
Lake Okeechobee,United States,turbid,LS,-80.867779,26.871305,0.010528,0.024813,0.026204,0.016413,0.008773,0.009390
Lake Okeechobee,United States,turbid,LS,-80.789626,26.768897,0.008933,0.024173,0.022835,0.013592,0.009043,0.009644
Lake Okeechobee,United States,turbid,LS,-80.727642,27.078816,0.010300,0.028382,0.027475,0.019756,0.007736,0.008036
Lake Okeechobee,United States,turbid,LS,-80.813880,27.170444,0.009612,0.023625,0.021512,0.014719,0.009868,0.009315
Lake Okeechobee,United States,turbid,LS,-80.789626,26.838966,0.008823,0.023372,0.025526,0.016973,0.006236,0.006652
Lake Okeechobee,United States,turbid,LS,-80.840830,26.836271,0.011091,0.026862,0.027301,0.017334,0.010616,0.010590
Lake Okeechobee,United States,turbid,LS,-80.711472,26.817406,0.009036,0.025436,0.025506,0.016793,0.014450,0.013203
Lake Okeechobee,United States,turbid,LS,-80.652184,26.979103,0.009980,0.023998,0.026012,0.016844,0.007950,0.008529
Lake Okeechobee,United States,turbid,LS,-80.795016,26.909034,0.010787,0.026905,0.027811,0.019105,0.008512,0.008778
Lake Okeechobee,United States,turbid,LS,-80.830050,26.995273,0.012405,0.027515,0.029035,0.020747,0.010216,0.009101
Lake Okeechobee,United States,turbid,LS,-80.792321,26.806626,0.008228,0.024851,0.025024,0.014186,0.007428,0.007990
Lake Okeechobee,United States,turbid,LS,-80.738422,26.925204,0.008563,0.024196,0.026052,0.017425,0.008116,0.008765
Lake Okeechobee,United States,turbid,LS,-80.846220,26.814711,0.009835,0.024864,0.025011,0.014965,0.010576,0.011137
Lake Okeechobee,United States,turbid,LS,-80.886644,26.798542,0.010133,0.024289,0.021948,0.013998,0.010661,0.010988
Lake Okeechobee,United States,turbid,LS,-80.886644,26.874000,0.010039,0.025348,0.025854,0.018185,0.010239,0.010752
Lake Okeechobee,United States,turbid,LS,-80.754591,27.167749,0.019410,0.032583,0.030852,0.021945,0.012456,0.010877
Lake Okeechobee,United States,turbid,LS,-80.905508,26.879390,0.010604,0.025843,0.025577,0.018518,0.011908,0.011901
Lake Okeechobee,United States,turbid,LS,-80.689913,26.892865,0.010370,0.026394,0.026603,0.021433,0.008837,0.008853
Lake Okeechobee,United States,turbid,LS,-80.692608,26.863220,0.010982,0.026576,0.027335,0.019440,0.010022,0.009960
Lake Okeechobee,United States,turbid,LS,-80.746507,26.989883,0.009078,0.024117,0.024495,0.015722,0.007468,0.006441
Lake Okeechobee,United States,turbid,LS,-80.856999,26.833576,0.012678,0.026583,0.025764,0.015671,0.009916,0.010692
Lake Okeechobee,United States,turbid,LS,-80.789626,26.979103,0.012057,0.028159,0.028568,0.020643,0.009578,0.009309
Lake Okeechobee,United States,turbid,LS,-80.711472,26.976408,0.007968,0.025126,0.025000,0.017911,0.010337,0.009727
Lake Okeechobee,United States,turbid,LS,-80.854304,26.957543,0.011374,0.025845,0.025918,0.018776,0.009259,0.009521
Lake Okeechobee,United States,turbid,LS,-80.768066,26.944069,0.010444,0.024417,0.026517,0.019480,0.008641,0.008927
Lake Okeechobee,United States,turbid,LS,-80.854304,26.790457,0.009755,0.025091,0.025112,0.016181,0.013795,0.013220
Lake Okeechobee,United States,turbid,LS,-80.881254,26.898255,0.010387,0.023991,0.026103,0.016005,0.008356,0.009106
Lake Okeechobee,United States,turbid,LS,-80.843525,26.841661,0.010024,0.025345,0.025734,0.017254,0.009919,0.010775
Lake Okeechobee,United States,turbid,LS,-80.692608,26.871305,0.010911,0.026477,0.027757,0.021498,0.008022,0.008221
Lake Okeechobee,United States,turbid,LS,-80.706082,26.879390,0.009582,0.024234,0.024594,0.022298,0.007889,0.008765
Lake Okeechobee,United States,turbid,LS,-80.633319,26.989883,0.013153,0.028085,0.028718,0.022158,0.011042,0.011511
Lake Okeechobee,United States,turbid,LS,-80.738422,26.954848,0.012352,0.026155,0.027557,0.019720,0.008165,0.008666
Lake Okeechobee,United States,turbid,LS,-80.902813,26.860525,0.010891,0.024309,0.024106,0.016959,0.011859,0.011218
Lake Okeechobee,United States,turbid,LS,-80.700693,27.043782,0.010186,0.028025,0.029157,0.019926,0.010754,0.010794
Lake Okeechobee,United States,turbid,LS,-80.679133,26.898255,0.010720,0.026633,0.025518,0.020293,0.008913,0.009763
Lake Okeechobee,United States,turbid,LS,-80.865084,26.992578,0.011439,0.025219,0.025645,0.018705,0.010290,0.010170
Lake Okeechobee,United States,turbid,LS,-80.751897,26.768897,0.005528,0.021542,0.020872,0.013618,0.007635,0.007895
Lake Okeechobee,United States,turbid,LS,-80.762676,26.927899,0.010017,0.024560,0.025914,0.017455,0.007824,0.008570
Lake Okeechobee,United States,turbid,LS,-80.751897,27.165054,0.020780,0.032173,0.030515,0.024687,0.013755,0.011549
Lake Okeechobee,United States,turbid,LS,-80.703387,27.081511,0.010708,0.028763,0.029587,0.021516,0.010489,0.009030
Lake Okeechobee,United States,turbid,LS,-80.789626,27.111155,0.010972,0.025304,0.026842,0.017004,0.011262,0.010251
Lake Okeechobee,United States,turbid,LS,-80.700693,26.879390,0.010063,0.024595,0.025746,0.022058,0.008309,0.008808
Lake Okeechobee,United States,turbid,LS,-80.665658,26.984493,0.010429,0.025901,0.025209,0.015521,0.008640,0.008827
Lake Okeechobee,United States,turbid,LS,-80.735727,27.000662,0.010146,0.024998,0.025025,0.016195,0.007848,0.008684
Lake Okeechobee,United States,turbid,LS,-80.724947,27.033002,0.010361,0.027097,0.027133,0.018331,0.008938,0.008523
Lake Okeechobee,United States,turbid,LS,-80.708777,27.062646,0.011002,0.028749,0.029147,0.018820,0.009458,0.009113
Lake Okeechobee,United States,turbid,LS,-80.889339,27.000662,0.010239,0.023198,0.022958,0.013785,0.009468,0.010344
Lake Okeechobee,United States,turbid,LS,-80.786931,27.175834,0.012467,0.027883,0.026336,0.019815,0.011815,0.010299
Lake Okeechobee,United States,turbid,LS,-80.741117,26.890170,0.010766,0.025886,0.026950,0.020877,0.010516,0.011128
Lake Okeechobee,United States,turbid,LS,-80.789626,27.192004,0.015195,0.029454,0.027241,0.024827,0.015250,0.012341
Lake Okeechobee,United States,turbid,LS,-80.786931,26.828186,0.009389,0.023985,0.025457,0.017218,0.007085,0.007267
Lake Okeechobee,United States,turbid,LS,-80.894729,26.790457,0.010514,0.025622,0.022912,0.017072,0.014530,0.013157
Lake Okeechobee,United States,turbid,LS,-80.797711,27.170444,0.010262,0.025744,0.026204,0.019932,0.012319,0.010912
Lake Okeechobee,United States,turbid,LS,-80.940543,26.911729,0.009837,0.022856,0.022202,0.015929,0.010711,0.010026
Lake Okeechobee,United States,turbid,LS,-80.873169,26.868610,0.009803,0.024334,0.024733,0.014107,0.008888,0.009773
Lake Okeechobee,United States,turbid,LS,-80.746507,26.865915,0.011055,0.026807,0.026182,0.019161,0.009920,0.010790
Lake Okeechobee,United States,turbid,LS,-80.856999,26.949459,0.012365,0.026800,0.027819,0.019521,0.010161,0.010250
Lake Okeechobee,United States,turbid,LS,-80.792321,26.847051,0.009434,0.023578,0.026477,0.017534,0.006976,0.008110
Lake Okeechobee,United States,turbid,LS,-80.781541,27.124630,0.010886,0.026932,0.026575,0.018529,0.009546,0.008821
Lake Okeechobee,United States,turbid,LS,-80.665658,26.976408,0.009980,0.025102,0.026061,0.018800,0.010079,0.008321
Lake Okeechobee,United States,turbid,LS,-80.738422,26.952153,0.010898,0.025381,0.027471,0.021557,0.009261,0.009420
Lake Okeechobee,United States,turbid,LS,-80.724947,26.973713,0.010876,0.028028,0.026892,0.018545,0.009867,0.008995
Lake Okeechobee,United States,turbid,LS,-80.773456,26.906339,0.011620,0.025506,0.027682,0.018625,0.008928,0.009241
Lake Okeechobee,United States,turbid,LS,-80.741117,27.097681,0.009849,0.024703,0.027317,0.019578,0.007792,0.007452
Lake Okeechobee,United States,turbid,LS,-80.840830,26.750033,0.009360,0.023684,0.023019,0.016596,0.011096,0.011090
Lake Okeechobee,United States,turbid,LS,-80.692608,26.914424,0.009119,0.024352,0.025062,0.019324,0.009043,0.009156
Lake Okeechobee,United States,turbid,LS,-80.838135,26.930594,0.011936,0.025159,0.026049,0.017940,0.008728,0.008995
Lake Okeechobee,United States,turbid,LS,-80.943238,26.882085,0.010030,0.024799,0.023745,0.017290,0.013363,0.012794
Lake Okeechobee,United States,turbid,LS,-80.832745,27.024917,0.012583,0.025067,0.027357,0.017257,0.008087,0.008004
Lake Okeechobee,United States,turbid,LS,-80.954017,26.968323,0.013695,0.025771,0.023887,0.016074,0.010853,0.009752
Lake Okeechobee,United States,turbid,LS,-80.695303,27.105765,0.010780,0.027465,0.027573,0.021587,0.009595,0.010054
Lake Okeechobee,United States,turbid,LS,-80.827355,27.043782,0.015941,0.028419,0.028373,0.019126,0.009097,0.008601
Lake Okeechobee,United States,turbid,LS,-80.886644,26.806626,0.010246,0.023886,0.023198,0.015853,0.012158,0.011861
Lake Okeechobee,United States,turbid,LS,-80.792321,27.121935,0.009475,0.024168,0.024310,0.015984,0.009391,0.009175
Lake Okeechobee,United States,turbid,LS,-80.808490,27.070731,0.014095,0.029712,0.028139,0.018553,0.009250,0.007995
Lake Okeechobee,United States,turbid,LS,-80.883949,26.917119,0.011979,0.025816,0.027432,0.016835,0.010600,0.010945
Lake Okeechobee,United States,turbid,LS,-80.862389,26.790457,0.009565,0.024252,0.023205,0.013321,0.011079,0.010412
Lake Okeechobee,United States,turbid,LS,-80.848915,26.747338,0.009030,0.024983,0.021289,0.014922,0.012160,0.011874
Lake Okeechobee,United States,turbid,LS,-80.905508,26.971018,0.011039,0.025044,0.024789,0.015413,0.009961,0.009548
Lake Okeechobee,United States,turbid,LS,-80.749202,27.121935,0.011230,0.029485,0.030105,0.021895,0.011119,0.010852
Lake Okeechobee,United States,turbid,LS,-80.662963,26.919814,0.009422,0.026289,0.028243,0.021278,0.010390,0.010711
Lake Okeechobee,United States,turbid,LS,-80.870474,26.871305,0.010487,0.024741,0.025667,0.015640,0.008654,0.009369
Lake Okeechobee,United States,turbid,LS,-80.916288,26.820101,0.006818,0.021997,0.019867,0.016975,0.009556,0.007838
Lake Okeechobee,United States,turbid,LS,-80.959407,26.981798,0.013552,0.025537,0.023354,0.016488,0.011263,0.010164
Lake Okeechobee,United States,turbid,LS,-80.741117,26.952153,0.010220,0.025453,0.028418,0.017604,0.008824,0.009479
Lake Okeechobee,United States,turbid,LS,-80.954017,26.917119,0.010318,0.025947,0.023405,0.016898,0.009555,0.009677
Lake Okeechobee,United States,turbid,LS,-80.865084,26.892865,0.011306,0.025755,0.027390,0.017570,0.008817,0.009244
Lake Okeechobee,United States,turbid,LS,-80.759981,27.159664,0.012559,0.029033,0.028555,0.021520,0.011520,0.010429
Lake Okeechobee,United States,turbid,LS,-80.792321,27.030307,0.011186,0.028135,0.029142,0.019795,0.008151,0.008232
Lake Okeechobee,United States,turbid,LS,-80.846220,27.030307,0.011940,0.025826,0.026524,0.017605,0.009370,0.008744
Lake Okeechobee,United States,turbid,LS,-80.927068,26.871305,0.010191,0.024543,0.024375,0.017382,0.011391,0.010722
Lake Okeechobee,United States,turbid,LS,-80.803100,26.849746,0.010787,0.027299,0.027466,0.018860,0.008634,0.008625
Lake Okeechobee,United States,turbid,LS,-80.795016,26.906339,0.011662,0.027399,0.028481,0.019095,0.008833,0.008898
Lake Okeechobee,United States,turbid,LS,-80.913593,26.836271,0.009404,0.023658,0.022366,0.014969,0.012199,0.011622
Lake Okeechobee,United States,turbid,LS,-80.679133,26.844356,0.009953,0.026858,0.027621,0.020581,0.011851,0.011650
Lake Okeechobee,United States,turbid,LS,-80.821965,27.024917,0.014542,0.029029,0.029887,0.020049,0.010037,0.009379
Lake Okeechobee,United States,turbid,LS,-80.751897,26.984493,0.009166,0.023947,0.025500,0.015866,0.008316,0.008735
Lake Okeechobee,United States,turbid,LS,-80.873169,26.836271,0.011966,0.026497,0.026888,0.018181,0.012959,0.012327
Lake Okeechobee,United States,turbid,LS,-80.924373,27.003357,0.011532,0.026014,0.024881,0.017198,0.010463,0.009338
Lake Okeechobee,United States,turbid,LS,-80.886644,26.852440,0.010758,0.024659,0.025992,0.017917,0.011306,0.011934
Lake Okeechobee,United States,turbid,LS,-80.716862,26.803931,0.007468,0.024573,0.023789,0.017344,0.013411,0.012161
Lake Okeechobee,United States,turbid,LS,-80.943238,26.989883,0.010820,0.023605,0.021229,0.014137,0.010788,0.008993
Lake Okeechobee,United States,turbid,LS,-80.671048,26.847051,0.012609,0.030799,0.030438,0.023690,0.015997,0.015920
Lake Okeechobee,United States,turbid,LS,-80.684523,26.836271,0.010930,0.028592,0.028247,0.021382,0.014004,0.013938
Lake Okeechobee,United States,turbid,LS,-80.662963,27.024917,0.010067,0.027413,0.028761,0.019395,0.009586,0.009344
Lake Okeechobee,United States,turbid,LS,-80.892034,26.938679,0.010808,0.025595,0.027524,0.018088,0.009947,0.010028
Lake Okeechobee,United States,turbid,LS,-80.735727,26.903644,0.009962,0.026033,0.025747,0.018732,0.008299,0.008604
Lake Okeechobee,United States,turbid,LS,-80.703387,26.809321,0.007218,0.023477,0.022835,0.015649,0.011582,0.011669
Lake Okeechobee,United States,turbid,LS,-80.797711,26.838966,0.009227,0.024125,0.025955,0.019090,0.008081,0.008257
Lake Okeechobee,United States,turbid,LS,-80.673743,27.068036,0.015847,0.030913,0.028547,0.021310,0.010821,0.010255
Lake Okeechobee,United States,turbid,LS,-80.924373,26.852440,0.012598,0.024856,0.024675,0.015925,0.012288,0.011668
Lake Okeechobee,United States,turbid,LS,-80.759981,26.822796,0.007846,0.023133,0.025342,0.016819,0.007404,0.008071
Lake Okeechobee,United States,turbid,LS,-80.735727,27.135410,0.012970,0.027060,0.028053,0.021103,0.011846,0.010431
Lake Okeechobee,United States,turbid,LS,-80.687218,26.919814,0.009805,0.026444,0.027041,0.020160,0.009613,0.010156
Lake Okeechobee,United States,turbid,LS,-80.636014,26.941374,0.012601,0.027572,0.029050,0.021894,0.016066,0.014620
Lake Okeechobee,United States,turbid,LS,-80.700693,26.960238,0.009674,0.026443,0.027627,0.020082,0.009607,0.009451
Lake Okeechobee,United States,turbid,LS,-80.897424,27.008747,0.009453,0.024593,0.024210,0.016353,0.009986,0.009471
Lake Okeechobee,United States,turbid,LS,-80.652184,26.973713,0.008914,0.023137,0.025418,0.015447,0.008483,0.008762
Lake Okeechobee,United States,turbid,LS,-80.741117,27.146190,0.019650,0.030756,0.030686,0.023343,0.012194,0.011528
Lake Okeechobee,United States,turbid,LS,-80.762676,26.976408,0.010136,0.025149,0.025853,0.017560,0.008675,0.008916
Lake Okeechobee,United States,turbid,LS,-80.905508,27.008747,0.009801,0.024282,0.024228,0.015084,0.008577,0.007993
Lake Okeechobee,United States,turbid,LS,-80.797711,27.070731,0.012930,0.029095,0.028293,0.018348,0.008914,0.008740
Lake Okeechobee,United States,turbid,LS,-80.786931,27.062646,0.010990,0.025436,0.025698,0.016113,0.008312,0.008103
Lake Okeechobee,United States,turbid,LS,-80.768066,27.173139,0.014806,0.028698,0.026262,0.019695,0.012562,0.010446
Lake Okeechobee,United States,turbid,LS,-80.943238,26.879390,0.008960,0.024720,0.023826,0.016959,0.014104,0.012099
Lake Okeechobee,United States,turbid,LS,-80.927068,26.906339,0.010674,0.024001,0.024724,0.017580,0.010994,0.010779
Lake Okeechobee,United States,turbid,LS,-80.827355,26.898255,0.011317,0.026129,0.028341,0.020761,0.009388,0.009160
Lake Okeechobee,United States,turbid,LS,-80.722252,26.820101,0.008313,0.026298,0.026032,0.016551,0.010422,0.011149
Lake Okeechobee,United States,turbid,LS,-80.641404,26.879390,0.010732,0.028848,0.031322,0.024771,0.017055,0.015925
