sensor,station,zona,date,lat,lon,secchi,w1_n,w1_B2,w1_B3,w1_B4,w1_B8,w1_B11,w1_B12,w1_B8A,w3_n,w3_B2,w3_B3,w3_B4,w3_B8,w3_B11,w3_B12,w3_B8A,w5_n,w5_B2,w5_B3,w5_B4,w5_B8,w5_B11,w5_B12,w5_B8A,w10_n,w10_B2,w10_B3,w10_B4,w10_B8,w10_B11,w10_B12,w10_B8A
S2,E45,LAGO MAYOR,2017-07-27,-15.893900,-69.309200,11.000000,1,0.013092,0.009544,0.004095,0.002303,0.001661,0.001608,0.002697,1,0.013092,0.009544,0.004095,0.002303,0.001661,0.001608,0.002697,2,0.009935,0.007897,0.002740,0.001196,0.001188,0.001386,0.001840,4,0.011714,0.009082,0.003251,0.001593,0.001249,0.001407,0.002151
S2,E01,BAHIA PUNO,2016-08-03,-15.853000,-69.960500,8.500000,0,,,,,,,,1,0.011532,0.013804,0.006060,0.005075,0.006430,0.005408,0.004833,1,0.011532,0.013804,0.006060,0.005075,0.006430,0.005408,0.004833,2,0.009870,0.012485,0.004758,0.003881,0.006123,0.005250,0.003865
S2,E02,BAHIA PUNO,2016-08-03,-15.848200,-69.918200,9.500000,0,,,,,,,,2,0.015811,0.014008,0.004420,0.002320,0.001089,0.000996,0.002482,2,0.015811,0.014008,0.004420,0.002320,0.001089,0.000996,0.002482,4,0.014160,0.013379,0.003898,0.001704,0.000720,0.000813,0.001735
S2,E04,BAHIA PUNO,2016-08-03,-15.878900,-69.890700,7.000000,0,,,,,,,,2,0.014184,0.013872,0.004349,0.002263,0.001911,0.002446,0.002066,2,0.014184,0.013872,0.004349,0.002263,0.001911,0.002446,0.002066,4,0.013119,0.013339,0.003399,0.001331,0.001652,0.002372,0.001027
S2,E05,BAHIA PUNO,2016-08-03,-15.839800,-69.891800,7.000000,0,,,,,,,,2,0.015473,0.013785,0.004628,0.002322,0.001063,0.000614,0.002265,2,0.015473,0.013785,0.004628,0.002322,0.001063,0.000614,0.002265,4,0.014020,0.012912,0.003703,0.001681,0.000928,0.000674,0.001624
S2,E07,BAHIA PUNO,2016-08-03,-15.774800,-69.885100,5.000000,0,,,,,,,,2,0.013852,0.014855,0.004408,0.002334,0.001252,0.000993,0.002256,2,0.013852,0.014855,0.004408,0.002334,0.001252,0.000993,0.002256,4,0.012620,0.014365,0.003415,0.001672,0.000781,0.000883,0.001443
S2,E08,BAHIA PUNO,2016-08-03,-15.801000,-69.872400,8.500000,0,,,,,,,,2,0.014055,0.012726,0.004122,0.002354,0.000611,0.001128,0.002019,2,0.014055,0.012726,0.004122,0.002354,0.000611,0.001128,0.002019,4,0.012609,0.011734,0.003274,0.001548,0.000459,0.000922,0.001259
S2,E09,BAHIA PUNO,2016-08-03,-15.834200,-69.859200,6.000000,0,,,,,,,,2,0.014109,0.018304,0.004653,0.002194,0.001259,0.000868,0.002010,2,0.014109,0.018304,0.004653,0.002194,0.001259,0.000868,0.002010,4,0.013911,0.017950,0.004236,0.001640,0.001115,0.000866,0.001755
S2,E13,BAHIA PUNO,2016-08-04,-15.789500,-69.769800,9.000000,0,,,,,,,,1,0.013094,0.011664,0.004505,0.002192,0.000773,0.001028,0.001583,1,0.013094,0.011664,0.004505,0.002192,0.000773,0.001028,0.001583,2,0.011253,0.010220,0.003534,0.001409,0.000616,0.000572,0.000894
S2,E14,BAHIA PUNO,2016-08-04,-15.748900,-69.783000,9.500000,0,,,,,,,,1,0.013278,0.011735,0.003895,0.001906,0.000691,0.001023,0.001866,1,0.013278,0.011735,0.003895,0.001906,0.000691,0.001023,0.001866,2,0.011149,0.010419,0.002639,0.000956,0.000393,0.000882,0.000966
S2,E15,BAHIA PUNO,2016-08-04,-15.715000,-69.822600,8.500000,0,,,,,,,,1,0.013087,0.012516,0.003742,0.001794,0.001543,0.001833,0.001142,1,0.013087,0.012516,0.003742,0.001794,0.001543,0.001833,0.001142,1,0.013087,0.012516,0.003742,0.001794,0.001543,0.001833,0.001142
S2,E16,BAHIA PUNO,2016-08-04,-15.673700,-69.854100,6.500000,0,,,,,,,,2,0.012391,0.013810,0.004189,0.001253,0.002615,0.002938,0.001702,2,0.012391,0.013810,0.004189,0.001253,0.002615,0.002938,0.001702,2,0.012391,0.013810,0.004189,0.001253,0.002615,0.002938,0.001702
S2,E17,BAHIA PUNO,2016-08-04,-15.604800,-69.905900,3.500000,0,,,,,,,,2,0.013064,0.017899,0.008003,0.003326,0.003642,0.003692,0.002583,2,0.013064,0.017899,0.008003,0.003326,0.003642,0.003692,0.002583,2,0.013064,0.017899,0.008003,0.003326,0.003642,0.003692,0.002583
S2,E27,LAGO MAYOR,2016-08-05,-15.450800,-69.837900,9.800000,2,0.012080,0.011916,0.003143,0.001547,0.000703,0.001059,0.001364,2,0.012080,0.011916,0.003143,0.001547,0.000703,0.001059,0.001364,2,0.012080,0.011916,0.003143,0.001547,0.000703,0.001059,0.001364,2,0.012080,0.011916,0.003143,0.001547,0.000703,0.001059,0.001364
S2,E28,LAGO MAYOR,2016-08-05,-15.392800,-69.782200,8.800000,2,0.015716,0.015447,0.003956,0.001349,0.000450,0.000500,0.001238,2,0.015716,0.015447,0.003956,0.001349,0.000450,0.000500,0.001238,2,0.015716,0.015447,0.003956,0.001349,0.000450,0.000500,0.001238,2,0.015716,0.015447,0.003956,0.001349,0.000450,0.000500,0.001238
S2,E32,LAGO MAYOR,2016-08-05,-15.338400,-69.720500,9.800000,1,0.009325,0.009452,0.000229,0.000000,0.000042,0.001431,0.000000,1,0.009325,0.009452,0.000229,0.000000,0.000042,0.001431,0.000000,1,0.009325,0.009452,0.000229,0.000000,0.000042,0.001431,0.000000,1,0.009325,0.009452,0.000229,0.000000,0.000042,0.001431,0.000000
S2,E33,LAGO MAYOR,2016-08-05,-15.333000,-69.756000,4.600000,1,0.036412,0.054259,0.034265,0.001239,0.000165,0.001068,0.000680,1,0.036412,0.054259,0.034265,0.001239,0.000165,0.001068,0.000680,1,0.036412,0.054259,0.034265,0.001239,0.000165,0.001068,0.000680,1,0.036412,0.054259,0.034265,0.001239,0.000165,0.001068,0.000680
S2,E36,LAGO MAYOR,2016-08-05,-15.297100,-69.681400,9.000000,1,0.009479,0.010175,0.000873,0.000000,0.000107,0.000716,0.000000,1,0.009479,0.010175,0.000873,0.000000,0.000107,0.000716,0.000000,1,0.009479,0.010175,0.000873,0.000000,0.000107,0.000716,0.000000,1,0.009479,0.010175,0.000873,0.000000,0.000107,0.000716,0.000000
S2,E39,LAGO MAYOR,2016-08-06,-15.374800,-69.527600,5.000000,1,0.009538,0.011810,0.000000,0.000000,0.002385,0.003081,0.000000,1,0.009538,0.011810,0.000000,0.000000,0.002385,0.003081,0.000000,1,0.009538,0.011810,0.000000,0.000000,0.002385,0.003081,0.000000,1,0.009538,0.011810,0.000000,0.000000,0.002385,0.003081,0.000000
S2,E41,LAGO MAYOR,2016-08-06,-15.439200,-69.600900,11.000000,2,0.012063,0.011166,0.003661,0.001434,0.001532,0.001317,0.001315,2,0.012063,0.011166,0.003661,0.001434,0.001532,0.001317,0.001315,2,0.012063,0.011166,0.003661,0.001434,0.001532,0.001317,0.001315,2,0.012063,0.011166,0.003661,0.001434,0.001532,0.001317,0.001315
S2,E42,LAGO MAYOR,2016-08-06,-15.496700,-69.668500,11.000000,1,0.014022,0.011920,0.005164,0.002332,0.000998,0.000924,0.001978,1,0.014022,0.011920,0.005164,0.002332,0.000998,0.000924,0.001978,1,0.014022,0.011920,0.005164,0.002332,0.000998,0.000924,0.001978,1,0.014022,0.011920,0.005164,0.002332,0.000998,0.000924,0.001978
S2,E43,LAGO MAYOR,2016-08-04,-15.560300,-69.741100,11.000000,0,,,,,,,,1,0.014406,0.012720,0.005279,0.002886,0.001548,0.001061,0.002533,1,0.014406,0.012720,0.005279,0.002886,0.001548,0.001061,0.002533,1,0.014406,0.012720,0.005279,0.002886,0.001548,0.001061,0.002533
S2,E22,LAGO MAYOR,2016-08-05,-15.618100,-69.807000,10.200000,1,0.012895,0.011270,0.003524,0.001523,0.001324,0.001550,0.000673,1,0.012895,0.011270,0.003524,0.001523,0.001324,0.001550,0.000673,1,0.012895,0.011270,0.003524,0.001523,0.001324,0.001550,0.000673,1,0.012895,0.011270,0.003524,0.001523,0.001324,0.001550,0.000673
S2,E48,LAGO MAYOR,2016-08-08,-15.536100,-69.359700,14.500000,0,,,,,,,,1,0.012228,0.010491,0.004449,0.003651,0.002970,0.002583,0.003019,1,0.012228,0.010491,0.004449,0.003651,0.002970,0.002583,0.003019,1,0.012228,0.010491,0.004449,0.003651,0.002970,0.002583,0.003019
S2,E49,LAGO MAYOR,2016-08-08,-15.606300,-69.444900,12.800000,0,,,,,,,,1,0.012750,0.011879,0.005532,0.003585,0.002425,0.002427,0.002474,1,0.012750,0.011879,0.005532,0.003585,0.002425,0.002427,0.002474,1,0.012750,0.011879,0.005532,0.003585,0.002425,0.002427,0.002474
S2,E50,LAGO MAYOR,2016-08-08,-15.668700,-69.521100,11.900000,0,,,,,,,,1,0.012251,0.012067,0.005373,0.003261,0.002101,0.002093,0.002606,1,0.012251,0.012067,0.005373,0.003261,0.002101,0.002093,0.002606,1,0.012251,0.012067,0.005373,0.003261,0.002101,0.002093,0.002606
S2,E51,LAGO MAYOR,2016-08-06,-15.737100,-69.603800,9.400000,1,0.013584,0.011839,0.005133,0.002975,0.001550,0.001407,0.002474,1,0.013584,0.011839,0.005133,0.002975,0.001550,0.001407,0.002474,1,0.013584,0.011839,0.005133,0.002975,0.001550,0.001407,0.002474,1,0.013584,0.011839,0.005133,0.002975,0.001550,0.001407,0.002474
S2,E52,LAGO MAYOR,2016-08-06,-15.802800,-69.684300,10.300000,1,0.011988,0.011791,0.004792,0.002654,0.002429,0.001885,0.001434,1,0.011988,0.011791,0.004792,0.002654,0.002429,0.001885,0.001434,1,0.011988,0.011791,0.004792,0.002654,0.002429,0.001885,0.001434,2,0.012108,0.011492,0.004546,0.002371,0.002256,0.002088,0.001533
S2,E58,LAGO MAYOR,2016-08-09,-15.951900,-69.545300,5.000000,0,,,,,,,,0,,,,,,,,1,0.014383,0.013471,0.006016,0.003340,0.002010,0.002567,0.002745,2,0.014947,0.014198,0.005905,0.003571,0.002425,0.002476,0.002787
S2,E59,LAGO MAYOR,2016-08-09,-15.887600,-69.461500,13.000000,0,,,,,,,,0,,,,,,,,1,0.012429,0.011422,0.004866,0.002865,0.001517,0.001364,0.002029,2,0.012307,0.010893,0.004322,0.002422,0.001367,0.001148,0.001690
S2,E60,LAGO MAYOR,2016-08-09,-15.827100,-69.377600,12.000000,0,,,,,,,,0,,,,,,,,1,0.012313,0.011108,0.004398,0.002398,0.001781,0.001605,0.002198,1,0.012313,0.011108,0.004398,0.002398,0.001781,0.001605,0.002198
S2,E61,LAGO MAYOR,2016-08-08,-15.758500,-69.304500,10.200000,0,,,,,,,,1,0.011942,0.011560,0.004811,0.002983,0.002037,0.001768,0.002345,1,0.011942,0.011560,0.004811,0.002983,0.002037,0.001768,0.002345,1,0.011942,0.011560,0.004811,0.002983,0.002037,0.001768,0.002345
S2,E68,LAGO MAYOR,2016-08-08,-15.993500,-69.427800,5.500000,0,,,,,,,,1,0.013448,0.012260,0.005182,0.003064,0.001705,0.001289,0.001817,1,0.013448,0.012260,0.005182,0.003064,0.001705,0.001289,0.001817,2,0.014195,0.012786,0.005313,0.003277,0.002008,0.001494,0.002583
S2,E72,LAGO MAYOR,2016-08-09,-15.692100,-69.170900,5.800000,0,,,,,,,,0,,,,,,,,1,0.017711,0.021580,0.006964,0.003500,0.005628,0.005488,0.003562,1,0.017711,0.021580,0.006964,0.003500,0.005628,0.005488,0.003562
S2,E76,LAGO MAYOR,2016-08-11,-15.812500,-69.044900,12.500000,0,,,,,,,,0,,,,,,,,0,,,,,,,,1,0.009383,0.009769,0.004017,0.002349,0.001932,0.002005,0.002236
S2,E78,LAGO MAYOR,2016-08-11,-15.890300,-69.132700,13.500000,0,,,,,,,,0,,,,,,,,0,,,,,,,,1,0.010503,0.010878,0.004659,0.003003,0.002178,0.002518,0.002678
S2,E79,LAGO MAYOR,2016-08-11,-15.960000,-69.227200,11.500000,0,,,,,,,,0,,,,,,,,1,0.010173,0.010283,0.003438,0.001778,0.001165,0.001376,0.001366,2,0.010579,0.010738,0.004191,0.002510,0.001874,0.001938,0.001897
S2,E80,LAGO MAYOR,2016-08-11,-16.031600,-69.319800,10.500000,0,,,,,,,,0,,,,,,,,1,0.011970,0.010218,0.003330,0.001707,0.000763,0.001299,0.001198,2,0.011749,0.010226,0.003312,0.001711,0.000933,0.001246,0.001256
S2,E82,LAGO MAYOR,2016-08-10,-16.110900,-69.417300,8.200000,0,,,,,,,,0,,,,,,,,1,0.014191,0.012807,0.005926,0.003959,0.002002,0.001947,0.003862,2,0.014254,0.012757,0.005772,0.003854,0.002078,0.001942,0.003674
S2,E83,LAGO MAYOR,2016-08-10,-16.183700,-69.506700,5.500000,0,,,,,,,,0,,,,,,,,1,0.015029,0.013800,0.005970,0.003248,0.002541,0.002893,0.003028,2,0.014883,0.013933,0.005855,0.003360,0.002726,0.002708,0.003014
S2,E84,LAGO MAYOR,2016-08-10,-16.200700,-69.462400,4.700000,0,,,,,,,,0,,,,,,,,1,0.012577,0.012148,0.005272,0.003787,0.005935,0.006362,0.003539,2,0.012837,0.012935,0.005658,0.004360,0.006521,0.006559,0.003968
S2,E85,LAGO MAYOR,2016-08-10,-16.159900,-69.444400,9.800000,0,,,,,,,,0,,,,,,,,1,0.014123,0.012803,0.005870,0.003563,0.002344,0.001998,0.003826,2,0.014373,0.013248,0.005743,0.003722,0.002190,0.002385,0.003608
S2,E88,LAGO MAYOR,2016-08-10,-16.206400,-69.378100,6.500000,0,,,,,,,,0,,,,,,,,1,0.014112,0.012305,0.004910,0.002977,0.001259,0.001029,0.002549,2,0.014848,0.013629,0.005587,0.003722,0.001942,0.001948,0.003220
S2,E94,LAGO MAYOR,2016-08-10,-16.251000,-69.288400,7.400000,0,,,,,,,,0,,,,,,,,1,0.012620,0.011863,0.005296,0.003271,0.002282,0.002078,0.003029,2,0.012375,0.012368,0.005382,0.003632,0.002420,0.002426,0.003405
S2,E97,LAGO MAYOR,2016-08-10,-16.175700,-69.195800,9.500000,0,,,,,,,,0,,,,,,,,1,0.010901,0.010749,0.004216,0.002010,0.001007,0.000982,0.001461,2,0.010220,0.010111,0.003721,0.001990,0.000922,0.001080,0.001511
S2,E98,LAGO MAYOR,2016-08-10,-16.111700,-69.101600,9.000000,0,,,,,,,,0,,,,,,,,1,0.011540,0.010916,0.005414,0.003135,0.002455,0.002940,0.003218,2,0.010665,0.010327,0.004368,0.002594,0.002261,0.002363,0.002667
S2,E99,LAGO MAYOR,2016-08-12,-16.074500,-69.074200,9.200000,0,,,,,,,,0,,,,,,,,1,0.011462,0.011156,0.004122,0.002564,0.001908,0.002191,0.002405,2,0.012831,0.012465,0.005723,0.003693,0.002713,0.002920,0.003563
S2,E100,LAGO MAYOR,2016-08-12,-16.005500,-68.995900,10.200000,0,,,,,,,,0,,,,,,,,2,0.011340,0.010039,0.004177,0.002004,0.001504,0.001024,0.001682,4,0.011240,0.010039,0.004177,0.001995,0.001535,0.001202,0.001677
S2,E104,LAGO MAYOR,2016-08-11,-15.994000,-68.880400,11.500000,0,,,,,,,,0,,,,,,,,1,0.009565,0.008952,0.002939,0.001206,0.000986,0.001006,0.000974,2,0.006542,0.006588,0.001483,0.000603,0.000761,0.001031,0.000487
S2,E113,LAGO MAYOR,2016-08-10,-16.217400,-69.136700,9.300000,0,,,,,,,,0,,,,,,,,1,0.010911,0.010439,0.004589,0.002311,0.001023,0.000987,0.001691,2,0.010813,0.010214,0.004270,0.002358,0.001060,0.001030,0.001501
S2,E117,LAGO MAYOR,2016-08-10,-16.165300,-69.102700,10.000000,0,,,,,,,,0,,,,,,,,1,0.011697,0.011694,0.005160,0.002838,0.001932,0.002053,0.003201,2,0.010859,0.011053,0.004723,0.002643,0.002116,0.002176,0.002747
S2,E119,LAGO MAYOR,2016-08-10,-16.043900,-69.130900,10.500000,0,,,,,,,,0,,,,,,,,1,0.013171,0.013216,0.006715,0.004522,0.003642,0.003559,0.004776,2,0.012169,0.011781,0.005840,0.003948,0.003451,0.003125,0.004034
S2,E120,LAGO MAYOR,2016-08-12,-16.126400,-68.933700,14.200000,0,,,,,,,,0,,,,,,,,2,0.010080,0.010551,0.003545,0.001911,0.001282,0.001237,0.001691,4,0.010046,0.010332,0.003465,0.001874,0.001198,0.001167,0.001538
S2,E121,LAGO MAYOR,2016-08-12,-16.206800,-68.864300,10.500000,0,,,,,,,,0,,,,,,,,1,0.009080,0.009788,0.003000,0.001632,0.002909,0.002956,0.001821,2,0.005508,0.006880,0.001500,0.000816,0.001950,0.002456,0.000911
S2,E01,BAHIA PUNO,2017-07-10,-15.853000,-69.960500,5.300000,0,,,,,,,,1,0.006761,0.012429,0.004101,0.003579,0.005625,0.004291,0.004257,2,0.009009,0.012664,0.003859,0.003284,0.005746,0.004342,0.003481,3,0.011257,0.012926,0.004161,0.003604,0.005984,0.004570,0.004257
S2,E02,BAHIA PUNO,2017-07-11,-15.846100,-69.927100,6.000000,2,0.009688,0.011896,0.003841,0.001338,0.000718,0.000529,0.001096,2,0.009688,0.011896,0.003841,0.001338,0.000718,0.000529,0.001096,4,0.011968,0.012765,0.003985,0.001600,0.000965,0.000776,0.001421,6,0.014023,0.013529,0.004274,0.001758,0.001255,0.001118,0.001693
S2,E05,BAHIA PUNO,2017-07-11,-15.840000,-69.892300,6.600000,2,0.010387,0.011387,0.003052,0.001300,0.000396,0.000575,0.000855,2,0.010387,0.011387,0.003052,0.001300,0.000396,0.000575,0.000855,4,0.012294,0.012153,0.003471,0.001346,0.000808,0.000707,0.000906,6,0.013977,0.012792,0.003783,0.001523,0.001224,0.001014,0.001148
S2,E14,BAHIA PUNO,2017-07-12,-15.748900,-69.783000,10.600000,1,0.009445,0.009773,0.003434,0.001530,0.000479,0.000766,0.001043,1,0.009445,0.009773,0.003434,0.001530,0.000479,0.000766,0.001043,2,0.012362,0.011689,0.004840,0.002593,0.001639,0.001880,0.002122,4,0.013830,0.011853,0.004863,0.002620,0.001844,0.002219,0.002254
S2,E15,BAHIA PUNO,2017-07-12,-15.715000,-69.822600,6.600000,1,0.010199,0.011365,0.002971,0.001315,0.000986,0.001290,0.001360,1,0.010199,0.011365,0.002971,0.001315,0.000986,0.001290,0.001360,2,0.013328,0.013596,0.004604,0.002820,0.002143,0.002251,0.002710,2,0.013328,0.013596,0.004604,0.002820,0.002143,0.002251,0.002710
S2,E16,BAHIA PUNO,2017-07-12,-15.673700,-69.854100,6.000000,2,0.009456,0.013869,0.003900,0.000674,0.001707,0.001952,0.001188,2,0.009456,0.013869,0.003900,0.000674,0.001707,0.001952,0.001188,4,0.013546,0.016560,0.005989,0.002462,0.003880,0.003585,0.002463,4,0.013546,0.016560,0.005989,0.002462,0.003880,0.003585,0.002463
S2,E17,BAHIA PUNO,2017-07-11,-15.604800,-69.905900,4.200000,2,0.014541,0.021096,0.007946,0.002437,0.002770,0.002866,0.002135,2,0.014541,0.021096,0.007946,0.002437,0.002770,0.002866,0.002135,2,0.014541,0.021096,0.007946,0.002437,0.002770,0.002866,0.002135,4,0.019114,0.023169,0.010045,0.004319,0.005343,0.004746,0.003886
S2,E28,LAGO MAYOR,2017-07-12,-15.392800,-69.782200,10.300000,2,0.010589,0.011061,0.002275,0.000434,0.000176,0.000430,0.000639,2,0.010589,0.011061,0.002275,0.000434,0.000176,0.000430,0.000639,4,0.011629,0.011617,0.002870,0.000928,0.001477,0.001610,0.001271,4,0.011629,0.011617,0.002870,0.000928,0.001477,0.001610,0.001271
S2,E32,LAGO MAYOR,2017-07-12,-15.338400,-69.720500,7.000000,1,0.009520,0.009326,0.000430,0.000000,0.000113,0.001228,0.000040,1,0.009520,0.009326,0.000430,0.000000,0.000113,0.001228,0.000040,2,0.012608,0.012327,0.001970,0.000672,0.001455,0.002584,0.000976,2,0.012608,0.012327,0.001970,0.000672,0.001455,0.002584,0.000976
S2,E36,LAGO MAYOR,2017-07-13,-15.297100,-69.681400,10.800000,0,,,,,,,,1,0.009006,0.009449,0.000916,0.000000,0.000243,0.000594,0.000060,2,0.010549,0.010144,0.001514,0.000590,0.001698,0.001847,0.000774,2,0.010549,0.010144,0.001514,0.000590,0.001698,0.001847,0.000774
S2,E39,LAGO MAYOR,2017-07-13,-15.374800,-69.527600,8.400000,0,,,,,,,,1,0.011337,0.014498,0.000758,0.000000,0.001580,0.002351,0.000000,2,0.008337,0.010221,0.000379,0.000000,0.002566,0.003209,0.000000,2,0.008337,0.010221,0.000379,0.000000,0.002566,0.003209,0.000000
S2,E41,LAGO MAYOR,2017-07-13,-15.439200,-69.600900,13.000000,0,,,,,,,,2,0.006509,0.006578,0.001040,0.000193,0.000213,0.000181,0.000062,4,0.006706,0.006578,0.001040,0.000193,0.000808,0.000778,0.000062,4,0.006706,0.006578,0.001040,0.000193,0.000808,0.000778,0.000062
S2,E42,LAGO MAYOR,2017-07-13,-15.496700,-69.668500,14.000000,0,,,,,,,,1,0.010834,0.010479,0.002800,0.000700,0.000212,0.000175,0.000773,2,0.013897,0.011646,0.004019,0.001740,0.001368,0.001168,0.001735,2,0.013897,0.011646,0.004019,0.001740,0.001368,0.001168,0.001735
S2,E43,LAGO MAYOR,2017-07-13,-15.560300,-69.741100,12.000000,0,,,,,,,,1,0.009824,0.008989,0.002777,0.000849,0.000367,0.000629,0.000857,2,0.013408,0.011187,0.004467,0.002410,0.001667,0.001788,0.002257,2,0.013408,0.011187,0.004467,0.002410,0.001667,0.001788,0.002257
S2,E22,LAGO MAYOR,2017-07-13,-15.618100,-69.807000,9.000000,0,,,,,,,,1,0.009931,0.008873,0.001847,0.000395,0.000901,0.001293,0.000430,2,0.013187,0.010961,0.003491,0.001698,0.002107,0.002505,0.001706,2,0.013187,0.010961,0.003491,0.001698,0.002107,0.002505,0.001706
S2,E48,LAGO MAYOR,2017-07-15,-15.536100,-69.359700,12.000000,0,,,,,,,,1,0.013011,0.011217,0.004866,0.004019,0.003802,0.003191,0.003717,2,0.010096,0.008875,0.003200,0.002231,0.002271,0.001861,0.002149,2,0.010096,0.008875,0.003200,0.002231,0.002271,0.001861,0.002149
S2,E49,LAGO MAYOR,2017-07-15,-15.606300,-69.444900,9.000000,0,,,,,,,,1,0.014833,0.011294,0.005871,0.003893,0.003681,0.003340,0.003821,2,0.011150,0.009402,0.003835,0.002213,0.002048,0.001949,0.002122,2,0.011150,0.009402,0.003835,0.002213,0.002048,0.001949,0.002122
S2,E50,LAGO MAYOR,2017-07-15,-15.668700,-69.521100,12.000000,0,,,,,,,,1,0.015120,0.011301,0.005614,0.003847,0.003652,0.003443,0.003550,2,0.012662,0.010678,0.005018,0.003260,0.002970,0.002928,0.003039,2,0.012662,0.010678,0.005018,0.003260,0.002970,0.002928,0.003039
S2,E51,LAGO MAYOR,2017-07-15,-15.737100,-69.603800,9.800000,0,,,,,,,,1,0.013786,0.010317,0.004407,0.003017,0.002478,0.002003,0.002475,2,0.011907,0.009648,0.003731,0.002142,0.001438,0.001267,0.001732,2,0.011907,0.009648,0.003731,0.002142,0.001438,0.001267,0.001732
S2,E52,LAGO MAYOR,2017-07-15,-15.802800,-69.684300,9.000000,0,,,,,,,,1,0.013998,0.011156,0.004441,0.003151,0.002373,0.002665,0.002471,2,0.011749,0.009959,0.003565,0.002122,0.001950,0.001982,0.001700,4,0.012671,0.010004,0.003611,0.002127,0.001950,0.002014,0.001870
S2,E59,LAGO MAYOR,2017-07-16,-15.887600,-69.461500,10.000000,1,0.015051,0.011594,0.005826,0.003675,0.002691,0.002800,0.004117,1,0.015051,0.011594,0.005826,0.003675,0.002691,0.002800,0.004117,2,0.012139,0.009728,0.003955,0.002293,0.001538,0.001553,0.002375,4,0.013460,0.010230,0.004391,0.002408,0.002083,0.001894,0.002808
S2,E60,LAGO MAYOR,2017-07-16,-15.827100,-69.377600,10.000000,1,0.013390,0.010080,0.004647,0.002649,0.002401,0.002617,0.002572,1,0.013390,0.010080,0.004647,0.002649,0.002401,0.002617,0.002572,2,0.010467,0.008602,0.003092,0.001403,0.001376,0.001345,0.001342,4,0.012534,0.009000,0.003313,0.001426,0.001704,0.001883,0.001765
S2,E61,LAGO MAYOR,2017-07-16,-15.758500,-69.304500,12.800000,1,0.013328,0.010109,0.004513,0.002421,0.002193,0.001707,0.002766,1,0.013328,0.010109,0.004513,0.002421,0.002193,0.001707,0.002766,2,0.010383,0.008411,0.002873,0.001332,0.001252,0.000971,0.001430,2,0.010383,0.008411,0.002873,0.001332,0.001252,0.000971,0.001430
S2,E72,LAGO MAYOR,2017-07-16,-15.692100,-69.170900,5.800000,1,0.014802,0.014183,0.003112,0.001873,0.005805,0.004743,0.002156,1,0.014802,0.014183,0.003112,0.001873,0.005805,0.004743,0.002156,2,0.014538,0.018420,0.004241,0.001443,0.004882,0.004352,0.001856,2,0.014538,0.018420,0.004241,0.001443,0.004882,0.004352,0.001856
S2,E76,LAGO MAYOR,2017-07-19,-15.812500,-69.044900,9.000000,0,,,,,,,,1,0.010831,0.008991,0.003575,0.002800,0.002711,0.002735,0.002752,1,0.010831,0.008991,0.003575,0.002800,0.002711,0.002735,0.002752,2,0.007785,0.007650,0.002481,0.001677,0.001634,0.001840,0.001768
S2,E78,LAGO MAYOR,2017-07-19,-15.890300,-69.132700,10.300000,0,,,,,,,,2,0.030174,0.028925,0.022557,0.021099,0.016810,0.015106,0.020679,2,0.030174,0.028925,0.022557,0.021099,0.016810,0.015106,0.020679,3,0.011700,0.008414,0.003260,0.002092,0.002165,0.001646,0.001963
S2,E79,LAGO MAYOR,2017-07-16,-15.960000,-69.227200,10.000000,1,0.011340,0.008632,0.002785,0.001477,0.001332,0.001323,0.001124,1,0.011340,0.008632,0.002785,0.001477,0.001332,0.001323,0.001124,2,0.008766,0.007610,0.002058,0.000991,0.000983,0.001104,0.000636,4,0.010454,0.007916,0.002366,0.001263,0.001313,0.001308,0.001249
S2,E80,LAGO MAYOR,2017-07-17,-16.031600,-69.319800,10.000000,1,0.012507,0.010150,0.004351,0.002445,0.001765,0.001997,0.002439,1,0.012507,0.010150,0.004351,0.002445,0.001765,0.001997,0.002439,2,0.018094,0.016357,0.009894,0.008135,0.006189,0.005265,0.007711,4,0.012707,0.010025,0.004340,0.002276,0.001931,0.001827,0.002393
S2,E82,LAGO MAYOR,2017-07-17,-16.110900,-69.417300,10.000000,1,0.016144,0.013616,0.007502,0.005558,0.004358,0.003907,0.005744,1,0.016144,0.013616,0.007502,0.005558,0.004358,0.003907,0.005744,2,0.023041,0.020732,0.014300,0.013682,0.010559,0.008908,0.013062,4,0.014419,0.012043,0.005779,0.004053,0.003050,0.002812,0.004368
S2,E83,LAGO MAYOR,2017-07-17,-16.183700,-69.506700,8.000000,1,0.015871,0.013713,0.006052,0.004292,0.004750,0.004144,0.004386,1,0.015871,0.013713,0.006052,0.004292,0.004750,0.004144,0.004386,2,0.015964,0.014561,0.006739,0.004833,0.005261,0.004576,0.005069,4,0.015281,0.013407,0.005433,0.003608,0.004001,0.003623,0.003619
S2,E88,LAGO MAYOR,2017-07-20,-16.206400,-69.378100,8.000000,0,,,,,,,,1,0.020083,0.019053,0.012044,0.010988,0.009416,0.008661,0.011474,2,0.019005,0.017190,0.010549,0.009217,0.007580,0.006871,0.009349,4,0.015719,0.014003,0.006886,0.005224,0.003979,0.003671,0.005178
S2,E94,LAGO MAYOR,2017-07-20,-16.251000,-69.288400,9.000000,0,,,,,,,,1,0.019474,0.018932,0.013110,0.013883,0.012595,0.011000,0.013845,2,0.019493,0.017959,0.012275,0.012838,0.012023,0.009969,0.013189,4,0.017246,0.015036,0.009553,0.009643,0.009423,0.007491,0.010316
S2,E97,LAGO MAYOR,2017-07-20,-16.175700,-69.195800,10.000000,0,,,,,,,,1,0.029413,0.029831,0.023648,0.023376,0.017003,0.016340,0.022714,2,0.020655,0.019262,0.013772,0.012817,0.009523,0.009466,0.012452,4,0.011371,0.008522,0.003372,0.001849,0.001571,0.002054,0.002239
S2,E98,LAGO MAYOR,2017-07-19,-16.105600,-69.110300,9.500000,0,,,,,,,,2,0.024222,0.022255,0.016367,0.016002,0.014011,0.012422,0.016024,2,0.024222,0.022255,0.016367,0.016002,0.014011,0.012422,0.016024,4,0.010557,0.008146,0.002708,0.001687,0.002218,0.002110,0.001990
S2,E99,LAGO MAYOR,2017-07-19,-16.074500,-69.074200,11.000000,0,,,,,,,,2,0.016938,0.016301,0.010252,0.009059,0.007958,0.007048,0.009071,2,0.016938,0.016301,0.010252,0.009059,0.007958,0.007048,0.009071,4,0.012041,0.010199,0.004188,0.002697,0.002500,0.002530,0.002766
S2,E100,LAGO MAYOR,2017-07-19,-16.005500,-68.995900,10.000000,0,,,,,,,,3,0.024338,0.022467,0.017136,0.015760,0.012261,0.011713,0.016455,3,0.024338,0.022467,0.017136,0.015760,0.012261,0.011713,0.016455,7,0.010988,0.008552,0.003399,0.001604,0.001195,0.001337,0.001358
S2,E104,LAGO MAYOR,2017-07-19,-16.029700,-68.883700,10.200000,0,,,,,,,,1,0.027752,0.026790,0.021211,0.020860,0.016669,0.014401,0.020477,1,0.027752,0.026790,0.021211,0.020860,0.016669,0.014401,0.020477,3,0.011531,0.009881,0.003707,0.002327,0.002013,0.002176,0.001453
S2,E113,LAGO MAYOR,2017-07-20,-16.217400,-69.136700,10.000000,0,,,,,,,,1,0.017217,0.017545,0.011231,0.009566,0.007843,0.007267,0.009382,2,0.014307,0.013421,0.007589,0.006168,0.004990,0.004718,0.006058,4,0.011402,0.009330,0.003756,0.002580,0.001844,0.001834,0.002586
S2,E117,LAGO MAYOR,2017-07-19,-16.165300,-69.102700,8.500000,0,,,,,,,,2,0.015912,0.014601,0.008189,0.007323,0.005847,0.005344,0.006807,2,0.015912,0.014601,0.008189,0.007323,0.005847,0.005344,0.006807,4,0.012211,0.009818,0.003391,0.002547,0.002319,0.002101,0.002337
S2,E120,LAGO MAYOR,2017-07-21,-16.126400,-68.933700,9.500000,2,0.013346,0.013112,0.007487,0.005772,0.004426,0.004323,0.005820,2,0.013346,0.013112,0.007487,0.005772,0.004426,0.004323,0.005820,3,0.013242,0.013066,0.007487,0.005772,0.004422,0.004309,0.005802,7,0.011850,0.009399,0.003728,0.002595,0.001792,0.001623,0.002014
S2,E121,LAGO MAYOR,2017-07-21,-16.206800,-68.864300,9.000000,1,0.017175,0.018328,0.012943,0.012737,0.012413,0.011918,0.013798,1,0.017175,0.018328,0.012943,0.012737,0.012413,0.011918,0.013798,1,0.017175,0.018328,0.012943,0.012737,0.012413,0.011918,0.013798,3,0.007800,0.006973,0.001170,0.000401,0.001970,0.001849,0.000624
S2,E122,LAGO MENOR,2017-07-21,-16.227600,-68.836100,9.000000,1,0.025578,0.025550,0.020323,0.021896,0.020530,0.018357,0.021904,1,0.025578,0.025550,0.020323,0.021896,0.020530,0.018357,0.021904,1,0.025578,0.025550,0.020323,0.021896,0.020530,0.018357,0.021904,3,0.006334,0.005416,0.000171,0.000000,0.002189,0.002255,0.000086
S2,E123,LAGO MENOR,2017-07-21,-16.192500,-68.797000,6.500000,1,0.023925,0.026259,0.019978,0.019511,0.017398,0.015190,0.020939,1,0.023925,0.026259,0.019978,0.019511,0.017398,0.015190,0.020939,1,0.023925,0.026259,0.019978,0.019511,0.017398,0.015190,0.020939,3,0.008317,0.009763,0.002054,0.001098,0.001563,0.001357,0.000779
S2,E125,LAGO MENOR,2017-07-21,-16.262600,-68.784300,8.000000,1,0.031465,0.038749,0.019448,0.017015,0.013915,0.012999,0.017528,1,0.031465,0.038749,0.019448,0.017015,0.013915,0.012999,0.017528,1,0.031465,0.038749,0.019448,0.017015,0.013915,0.012999,0.017528,3,0.018858,0.026024,0.003613,0.001475,0.001211,0.001220,0.001012
S2,E130,LAGO MENOR,2017-07-22,-16.314400,-68.845100,5.400000,2,0.051009,0.053564,0.041208,0.039742,0.036945,0.034378,0.044718,2,0.051009,0.053564,0.041208,0.039742,0.036945,0.034378,0.044718,4,0.031964,0.035367,0.021430,0.019912,0.019323,0.017955,0.022375,6,0.014293,0.018437,0.003078,0.001141,0.002507,0.002592,0.001054
S2,E136,LAGO MENOR,2017-07-22,-16.265900,-69.060100,7.000000,1,0.016246,0.018740,0.010349,0.007460,0.005490,0.005776,0.007374,1,0.016246,0.018740,0.010349,0.007460,0.005490,0.005776,0.007374,2,0.014445,0.016165,0.007866,0.005082,0.003800,0.004153,0.004983,4,0.012687,0.013993,0.005608,0.002889,0.002467,0.003003,0.002408
S2,E135,LAGO MENOR,2017-07-22,-16.302800,-68.985200,6.000000,4,0.021741,0.022792,0.012871,0.010744,0.007873,0.006160,0.008343,4,0.021741,0.022792,0.012871,0.010744,0.007873,0.006160,0.008343,8,0.018244,0.018805,0.008928,0.006548,0.004544,0.003659,0.005181,14,0.014752,0.014444,0.004868,0.002290,0.001353,0.001436,0.001951
S2,E137,LAGO MENOR,2017-07-22,-16.401100,-68.833400,6.000000,1,0.056491,0.066308,0.050640,0.049768,0.041336,0.036957,0.049301,1,0.056491,0.066308,0.050640,0.049768,0.041336,0.036957,0.049301,2,0.034089,0.043890,0.027783,0.025714,0.021386,0.019174,0.025340,4,0.013082,0.022772,0.005782,0.002199,0.001846,0.002582,0.002114
S2,E142,LAGO MENOR,2017-07-22,-16.451500,-68.998000,6.000000,2,0.022481,0.024291,0.014588,0.010702,0.009149,0.008115,0.010830,2,0.022481,0.024291,0.014588,0.010702,0.009149,0.008115,0.010830,4,0.018869,0.019776,0.009586,0.006307,0.005318,0.004812,0.006252,8,0.016117,0.016054,0.005200,0.002384,0.001796,0.001654,0.002188
S2,E-148,LAGO MENOR,2017-07-22,-16.518700,-68.877300,6.000000,1,0.033751,0.046436,0.025147,0.020203,0.018057,0.016395,0.021986,1,0.033751,0.046436,0.025147,0.020203,0.018057,0.016395,0.021986,2,0.026729,0.040732,0.016276,0.010774,0.009680,0.008839,0.011587,4,0.020585,0.036076,0.008560,0.002071,0.001704,0.002001,0.002290
S2,E-145,LAGO MENOR,2017-07-23,-16.513900,-68.977000,6.500000,0,,,,,,,,2,0.070069,0.071730,0.062609,0.061048,0.050656,0.043776,0.064047,4,0.043392,0.044521,0.034099,0.032131,0.026524,0.022894,0.033472,8,0.017221,0.017792,0.006078,0.003365,0.002436,0.001988,0.002866
S2,E-147,LAGO MENOR,2017-07-23,-16.493000,-69.059600,6.500000,0,,,,,,,,1,0.026224,0.037757,0.017744,0.012547,0.010397,0.009193,0.011549,2,0.022656,0.033468,0.013036,0.007461,0.005875,0.005246,0.006558,4,0.021822,0.031585,0.010272,0.004371,0.002780,0.002775,0.003522
S2,E01,BAHIA PUNO,2018-07-18,-15.853000,-69.960500,5.400000,0,,,,,,,,0,,,,,,,,0,,,,,,,,0,,,,,,,
S2,E02,BAHIA PUNO,2018-07-18,-15.846100,-69.927100,6.000000,0,,,,,,,,0,,,,,,,,0,,,,,,,,0,,,,,,,
S2,E03,BAHIA PUNO,2018-07-18,-15.874500,-69.907900,7.500000,0,,,,,,,,0,,,,,,,,0,,,,,,,,0,,,,,,,
S2,E05,BAHIA PUNO,2018-07-18,-15.840000,-69.892300,7.500000,0,,,,,,,,0,,,,,,,,0,,,,,,,,0,,,,,,,
S2,E08,BAHIA PUNO,2018-07-18,-15.780200,-69.868100,10.000000,0,,,,,,,,0,,,,,,,,0,,,,,,,,0,,,,,,,
S2,E14,BAHIA PUNO,2018-07-19,-15.748900,-69.783000,7.000000,0,,,,,,,,0,,,,,,,,0,,,,,,,,0,,,,,,,
S2,E16,BAHIA PUNO,2018-07-19,-15.673700,-69.854100,7.000000,0,,,,,,,,0,,,,,,,,0,,,,,,,,0,,,,,,,
S2,E17,BAHIA PUNO,2018-07-19,-15.604800,-69.905900,1.500000,0,,,,,,,,0,,,,,,,,0,,,,,,,,0,,,,,,,
S2,E28,LAGO MAYOR,2018-07-20,-15.392800,-69.782200,8.000000,0,,,,,,,,0,,,,,,,,0,,,,,,,,0,,,,,,,
S2,E32,LAGO MAYOR,2018-07-20,-15.338400,-69.720500,7.000000,0,,,,,,,,0,,,,,,,,0,,,,,,,,0,,,,,,,
S2,E36,LAGO MAYOR,2018-07-20,-15.297100,-69.681400,7.500000,0,,,,,,,,0,,,,,,,,0,,,,,,,,0,,,,,,,
S2,E39,LAGO MAYOR,2018-07-21,-15.374800,-69.527600,7.000000,0,,,,,,,,0,,,,,,,,0,,,,,,,,0,,,,,,,
S2,E41,LAGO MAYOR,2018-07-21,-15.439200,-69.600900,8.500000,0,,,,,,,,0,,,,,,,,0,,,,,,,,0,,,,,,,
S2,E42,LAGO MAYOR,2018-07-21,-15.496700,-69.668500,10.000000,0,,,,,,,,0,,,,,,,,0,,,,,,,,0,,,,,,,
S2,E43,LAGO MAYOR,2018-07-21,-15.560300,-69.741100,11.000000,0,,,,,,,,0,,,,,,,,0,,,,,,,,0,,,,,,,
S2,E22,LAGO MAYOR,2018-07-21,-15.618100,-69.807000,8.000000,0,,,,,,,,0,,,,,,,,0,,,,,,,,0,,,,,,,
S2,E48,LAGO MAYOR,2018-07-22,-15.528900,-69.365400,11.000000,0,,,,,,,,0,,,,,,,,0,,,,,,,,0,,,,,,,
S2,E49,LAGO MAYOR,2018-07-22,-15.606300,-69.444900,13.000000,0,,,,,,,,0,,,,,,,,0,,,,,,,,0,,,,,,,
S2,E50,LAGO MAYOR,2018-07-22,-15.668700,-69.521100,11.000000,0,,,,,,,,0,,,,,,,,0,,,,,,,,0,,,,,,,
S2,E51,LAGO MAYOR,2018-07-23,-15.737100,-69.603800,10.500000,0,,,,,,,,0,,,,,,,,0,,,,,,,,0,,,,,,,
S2,E52,LAGO MAYOR,2018-07-23,-15.802800,-69.684300,12.000000,0,,,,,,,,0,,,,,,,,0,,,,,,,,0,,,,,,,
S2,E53,LAGO MAYOR,2018-07-23,-15.868600,-69.763400,9.500000,0,,,,,,,,0,,,,,,,,0,,,,,,,,0,,,,,,,
S2,E60,LAGO MAYOR,2018-07-24,-15.827100,-69.377600,13.500000,0,,,,,,,,0,,,,,,,,0,,,,,,,,0,,,,,,,
S2,E61,LAGO MAYOR,2018-07-24,-15.758500,-69.304500,13.000000,0,,,,,,,,0,,,,,,,,0,,,,,,,,0,,,,,,,
S2,E72,LAGO MAYOR,2018-07-24,-15.692100,-69.170900,4.000000,0,,,,,,,,0,,,,,,,,0,,,,,,,,0,,,,,,,
S2,E76,LAGO MAYOR,2018-07-24,-15.812500,-69.044900,13.000000,0,,,,,,,,0,,,,,,,,0,,,,,,,,0,,,,,,,
S2,E78,LAGO MAYOR,2018-07-24,-15.890300,-69.132700,13.000000,0,,,,,,,,0,,,,,,,,0,,,,,,,,0,,,,,,,
S2,E79,LAGO MAYOR,2018-07-25,-15.960000,-69.227200,10.500000,0,,,,,,,,0,,,,,,,,0,,,,,,,,0,,,,,,,
S2,E80,LAGO MAYOR,2018-07-25,-16.031600,-69.319800,12.300000,0,,,,,,,,0,,,,,,,,0,,,,,,,,0,,,,,,,
S2,E82,LAGO MAYOR,2018-07-25,-16.110900,-69.417300,11.000000,0,,,,,,,,0,,,,,,,,0,,,,,,,,0,,,,,,,
S2,E83,LAGO MAYOR,2018-07-25,-16.183700,-69.506700,7.000000,0,,,,,,,,0,,,,,,,,0,,,,,,,,0,,,,,,,
S2,E88,LAGO MAYOR,2018-07-25,-16.206400,-69.378100,9.400000,0,,,,,,,,0,,,,,,,,0,,,,,,,,0,,,,,,,
S2,E94,LAGO MAYOR,2018-07-26,-16.251000,-69.288400,9.000000,0,,,,,,,,0,,,,,,,,0,,,,,,,,0,,,,,,,
S2,E97,LAGO MAYOR,2018-07-26,-16.175700,-69.195800,10.500000,0,,,,,,,,0,,,,,,,,0,,,,,,,,0,,,,,,,
S2,E98,LAGO MAYOR,2018-07-26,-16.105600,-69.110300,12.000000,0,,,,,,,,0,,,,,,,,0,,,,,,,,0,,,,,,,
S2,E99,LAGO MAYOR,2018-07-28,-16.074500,-69.074200,11.000000,0,,,,,,,,0,,,,,,,,0,,,,,,,,0,,,,,,,
S2,E100,LAGO MAYOR,2018-07-28,-16.005500,-68.995900,13.000000,0,,,,,,,,0,,,,,,,,0,,,,,,,,0,,,,,,,
S2,E104,LAGO MAYOR,2018-07-28,-16.029700,-68.883700,12.000000,0,,,,,,,,0,,,,,,,,0,,,,,,,,0,,,,,,,
S2,E117,LAGO MAYOR,2018-07-26,-16.165300,-69.102700,9.100000,0,,,,,,,,0,,,,,,,,0,,,,,,,,0,,,,,,,
S2,E120,LAGO MAYOR,2018-07-28,-16.126400,-68.933700,9.500000,0,,,,,,,,0,,,,,,,,0,,,,,,,,0,,,,,,,
S2,E121,LAGO MAYOR,2018-07-28,-16.206800,-68.864300,8.000000,0,,,,,,,,0,,,,,,,,0,,,,,,,,0,,,,,,,
S2,E122,LAGO MENOR,2018-07-29,-16.227600,-68.836100,9.000000,0,,,,,,,,0,,,,,,,,0,,,,,,,,0,,,,,,,
S2,E123,LAGO MENOR,2018-07-29,-16.192500,-68.797000,9.000000,0,,,,,,,,0,,,,,,,,0,,,,,,,,0,,,,,,,
S2,E125,LAGO MENOR,2018-07-29,-16.262600,-68.784300,7.500000,0,,,,,,,,0,,,,,,,,0,,,,,,,,0,,,,,,,
S2,E132,LAGO MENOR,2018-07-29,-16.333900,-68.780800,7.000000,0,,,,,,,,0,,,,,,,,0,,,,,,,,0,,,,,,,
S2,E130,LAGO MENOR,2018-07-29,-16.314400,-68.845100,6.000000,0,,,,,,,,0,,,,,,,,0,,,,,,,,0,,,,,,,
S2,E136,LAGO MENOR,2018-07-29,-16.265900,-69.060100,8.000000,0,,,,,,,,0,,,,,,,,0,,,,,,,,0,,,,,,,
S2,E137,LAGO MENOR,2018-07-29,-16.401100,-68.833400,5.000000,0,,,,,,,,0,,,,,,,,0,,,,,,,,0,,,,,,,
S2,E141,LAGO MENOR,2018-07-30,-16.376400,-69.007300,5.500000,0,,,,,,,,0,,,,,,,,0,,,,,,,,0,,,,,,,
S2,E142,LAGO MENOR,2018-07-30,-16.451500,-68.998000,7.000000,0,,,,,,,,0,,,,,,,,0,,,,,,,,0,,,,,,,
S2,E145,LAGO MENOR,2018-07-30,-16.513900,-68.977000,6.500000,0,,,,,,,,0,,,,,,,,0,,,,,,,,0,,,,,,,
S2,E01,BAHIA PUNO,2019-07-11,-15.852200,-69.960700,8.000000,1,0.013643,0.015815,0.007828,0.006657,0.006294,0.005259,0.006623,1,0.013643,0.015815,0.007828,0.006657,0.006294,0.005259,0.006623,2,0.016790,0.016552,0.007851,0.006677,0.006144,0.004921,0.006533,4,0.016790,0.016552,0.007851,0.006677,0.006144,0.005076,0.006480
S2,E02,BAHIA PUNO,2019-07-11,-15.846400,-69.927600,8.000000,2,0.015425,0.016610,0.006618,0.003608,0.001166,0.000964,0.003484,2,0.015425,0.016610,0.006618,0.003608,0.001166,0.000964,0.003484,4,0.016699,0.016370,0.006593,0.003925,0.001323,0.001075,0.003547,8,0.015398,0.015377,0.006333,0.003556,0.001291,0.001253,0.003292
S2,E04,BAHIA PUNO,2019-07-11,-15.875200,-69.871700,1.500000,2,0.016470,0.023246,0.007397,0.003652,0.001465,0.001419,0.003322,2,0.016470,0.023246,0.007397,0.003652,0.001465,0.001419,0.003322,4,0.016858,0.022820,0.006780,0.003314,0.001544,0.001387,0.003014,8,0.016134,0.021835,0.005902,0.003003,0.001720,0.001615,0.002716
S2,E05,BAHIA PUNO,2019-07-11,-15.840000,-69.892000,8.000000,2,0.016254,0.013473,0.005829,0.003586,0.001236,0.001076,0.003400,2,0.016254,0.013473,0.005829,0.003586,0.001236,0.001076,0.003400,4,0.017288,0.013797,0.005762,0.003270,0.001257,0.001135,0.003047,8,0.017288,0.013797,0.005762,0.003270,0.001271,0.001321,0.003112
S2,E08,BAHIA PUNO,2019-07-11,-15.779800,-69.869100,10.000000,2,0.015899,0.012972,0.005586,0.003211,0.001393,0.001245,0.003257,2,0.015899,0.012972,0.005586,0.003211,0.001393,0.001245,0.003257,4,0.016287,0.012963,0.005302,0.002899,0.001366,0.001255,0.002690,8,0.016269,0.012963,0.005302,0.002899,0.001380,0.001304,0.002692
S2,E14,BAHIA PUNO,2019-07-12,-15.748900,-69.783000,9.000000,1,0.015602,0.012776,0.005281,0.002997,0.001237,0.001519,0.002867,1,0.015602,0.012776,0.005281,0.002997,0.001237,0.001519,0.002867,2,0.013654,0.011742,0.005147,0.002766,0.003098,0.002776,0.003524,4,0.014930,0.012087,0.005168,0.002737,0.001445,0.001403,0.002736
S2,E16,BAHIA PUNO,2019-07-11,-15.672800,-69.853900,3.500000,2,0.016709,0.020129,0.007681,0.003466,0.004321,0.003461,0.003192,2,0.016709,0.020129,0.007681,0.003466,0.004321,0.003461,0.003192,4,0.016980,0.019629,0.006907,0.002864,0.003692,0.003283,0.002541,8,0.016222,0.018048,0.005912,0.002458,0.003694,0.003283,0.002214
S2,E17,BAHIA PUNO,2019-07-12,-15.605400,-69.904900,3.000000,2,0.014301,0.017741,0.010282,0.006048,0.005196,0.004836,0.004872,2,0.014301,0.017741,0.010282,0.006048,0.005196,0.004836,0.004872,4,0.014311,0.018270,0.013595,0.014282,0.021694,0.015875,0.013295,8,0.014802,0.017467,0.009746,0.005123,0.004667,0.004318,0.004496
S2,E25,LAGO MAYOR,2019-07-12,-15.491100,-69.893100,6.100000,2,0.014465,0.014071,0.006211,0.004684,0.003980,0.003418,0.003709,2,0.014465,0.014071,0.006211,0.004684,0.003980,0.003418,0.003709,4,0.019551,0.020570,0.014062,0.017666,0.020187,0.015023,0.011858,8,0.018577,0.015521,0.006903,0.004800,0.003987,0.004142,0.004104
S2,E28,LAGO MAYOR,2019-07-12,-15.392800,-69.782200,7.000000,2,0.010243,0.009055,0.002705,0.001464,0.000464,0.000628,0.001282,2,0.010243,0.009055,0.002705,0.001464,0.000464,0.000628,0.001282,4,0.009381,0.009076,0.001906,0.000863,0.001470,0.001382,0.001176,8,0.016573,0.013894,0.003801,0.001565,0.001507,0.001362,0.001543
S2,E32,LAGO MAYOR,2019-07-12,-15.338200,-69.720500,6.000000,1,0.001826,0.002270,0.000000,0.000000,0.000267,0.000879,0.000000,1,0.001826,0.002270,0.000000,0.000000,0.000267,0.000879,0.000000,2,0.021302,0.022185,0.019725,0.018058,0.025729,0.029204,0.025565,4,0.011535,0.009453,0.001262,0.000019,0.000629,0.001302,0.000135
S2,E36,LAGO MAYOR,2019-07-12,-15.296400,-69.681600,11.000000,1,0.003436,0.005573,0.000000,0.000000,0.000067,0.000575,0.000000,1,0.003436,0.005573,0.000000,0.000000,0.000067,0.000575,0.000000,2,0.008055,0.008995,0.003033,0.002385,0.003960,0.004293,0.004089,4,0.011580,0.010324,0.001507,0.000077,0.000622,0.000857,0.000373
S2,E39,LAGO MAYOR,2019-07-13,-15.342300,-69.529000,8.000000,0,,,,,,,,1,0.031770,0.058220,0.090720,0.150290,0.265412,0.188641,0.156195,2,0.034086,0.055840,0.083054,0.132471,0.225998,0.164756,0.143395,4,0.039503,0.060673,0.089322,0.148379,0.239650,0.165444,0.154399
S2,E41,LAGO MAYOR,2019-07-13,-15.439500,-69.600600,9.500000,0,,,,,,,,2,0.007094,0.006931,0.002627,0.001622,0.001527,0.001756,0.001344,4,0.011909,0.010803,0.005920,0.005284,0.004836,0.003650,0.003810,8,0.011545,0.009380,0.003778,0.002132,0.001228,0.001381,0.001204
S2,E42,LAGO MAYOR,2019-07-13,-15.496700,-69.668700,10.000000,0,,,,,,,,1,0.015983,0.013283,0.005148,0.002585,0.001399,0.001445,0.002267,2,0.014505,0.012024,0.004649,0.002293,0.002107,0.001618,0.002308,4,0.014576,0.011069,0.004404,0.002214,0.001452,0.001404,0.002075
S2,E43,LAGO MAYOR,2019-07-13,-15.560300,-69.741300,12.000000,0,,,,,,,,1,0.015319,0.012712,0.005295,0.002983,0.001145,0.001104,0.002978,2,0.013520,0.011257,0.004302,0.002225,0.001486,0.001470,0.002389,4,0.014614,0.011593,0.004341,0.002064,0.001134,0.001418,0.001946
S2,E22,LAGO MAYOR,2019-07-13,-15.620000,-69.813300,6.000000,0,,,,,,,,1,0.015008,0.013116,0.005225,0.003511,0.005980,0.005510,0.003531,2,0.009472,0.007936,0.002663,0.001806,0.004567,0.004743,0.001816,4,0.014166,0.011796,0.004210,0.002463,0.004449,0.003878,0.002618
S2,E49,LAGO MAYOR,2019-07-14,-15.606300,-69.444900,12.000000,0,,,,,,,,2,0.015195,0.012623,0.006203,0.003698,0.002497,0.002190,0.003632,2,0.015195,0.012623,0.006203,0.003698,0.002497,0.002190,0.003632,4,0.015162,0.012016,0.005524,0.003181,0.002006,0.001867,0.003165
S2,E50,LAGO MAYOR,2019-07-14,-15.668500,-69.521000,12.000000,0,,,,,,,,2,0.045838,0.044304,0.038408,0.036057,0.041582,0.037922,0.037072,2,0.045838,0.044304,0.038408,0.036057,0.041582,0.037922,0.037072,4,0.034135,0.030079,0.023389,0.021467,0.020951,0.016380,0.020921
S2,E51,LAGO MAYOR,2019-07-14,-15.737100,-69.603700,11.000000,0,,,,,,,,2,0.014633,0.012174,0.006133,0.003937,0.003241,0.002832,0.003112,2,0.014633,0.012174,0.006133,0.003937,0.003241,0.002832,0.003112,4,0.013894,0.011313,0.005650,0.003466,0.002471,0.002613,0.002822
S2,E52,LAGO MAYOR,2019-07-14,-15.801700,-69.683800,10.000000,0,,,,,,,,2,0.033613,0.031775,0.024957,0.025032,0.026711,0.018467,0.018725,2,0.033613,0.031775,0.024957,0.025032,0.026711,0.018467,0.018725,4,0.016987,0.013307,0.006193,0.004086,0.003196,0.002920,0.003564
S2,E53,LAGO MAYOR,2019-07-14,-15.870300,-69.769400,9.000000,0,,,,,,,,2,0.044661,0.043767,0.037152,0.043573,0.046119,0.039064,0.035904,2,0.044661,0.043767,0.037152,0.043573,0.046119,0.039064,0.035904,4,0.018458,0.014568,0.006054,0.003750,0.002722,0.002461,0.003187
S2,E59,LAGO MAYOR,2019-07-15,-15.887400,-69.461400,11.000000,0,,,,,,,,1,0.022746,0.018581,0.011029,0.007273,0.004227,0.003148,0.006967,2,0.018980,0.015700,0.008598,0.005557,0.002929,0.002312,0.004977,4,0.016461,0.012361,0.005690,0.003192,0.001326,0.001375,0.002936
S2,E60,LAGO MAYOR,2019-07-15,-15.826700,-69.376400,11.000000,0,,,,,,,,1,0.020314,0.016662,0.009624,0.007174,0.005602,0.004323,0.007267,2,0.017523,0.014240,0.007517,0.005255,0.003692,0.002696,0.004998,4,0.018839,0.014855,0.007712,0.005228,0.003737,0.003426,0.005078
S2,E61,LAGO MAYOR,2019-07-15,-15.758900,-69.304200,11.000000,0,,,,,,,,1,0.014933,0.012819,0.006530,0.003640,0.002977,0.002022,0.004500,2,0.014092,0.011792,0.005542,0.003043,0.002166,0.001864,0.003520,4,0.014367,0.011738,0.005333,0.002920,0.001818,0.001736,0.003368
S2,E72,LAGO MAYOR,2019-07-15,-15.693100,-69.170700,6.000000,0,,,,,,,,1,0.016213,0.021345,0.004232,0.000100,0.004915,0.004235,0.000100,2,0.015799,0.019949,0.005032,0.001367,0.005382,0.004884,0.001866,4,0.016002,0.017731,0.005581,0.002676,0.005393,0.004973,0.003048
S2,E76,LAGO MAYOR,2019-07-19,-15.807700,-69.041400,9.900000,0,,,,,,,,2,0.009989,0.008295,0.003328,0.001807,0.002548,0.002149,0.002080,2,0.009989,0.008295,0.003328,0.001807,0.002548,0.002149,0.002080,4,0.010801,0.009528,0.003450,0.001517,0.002464,0.002451,0.002077
S2,E78,LAGO MAYOR,2019-07-19,-15.889400,-69.132500,12.000000,0,,,,,,,,2,0.014207,0.011194,0.005591,0.003232,0.002359,0.001540,0.003269,2,0.014207,0.011194,0.005591,0.003232,0.002359,0.001540,0.003269,4,0.014150,0.011165,0.005589,0.003232,0.002332,0.001565,0.003153
S2,E79,LAGO MAYOR,2019-07-19,-15.960500,-69.227500,9.000000,0,,,,,,,,2,0.016043,0.012983,0.006949,0.004103,0.003976,0.003284,0.004175,2,0.016043,0.012983,0.006949,0.004103,0.003976,0.003284,0.004175,4,0.013385,0.010623,0.004851,0.003116,0.002444,0.002066,0.003210
S2,E80,LAGO MAYOR,2019-07-16,-16.031700,-69.319400,11.000000,1,0.041822,0.039473,0.033578,0.026771,0.035554,0.034371,0.035355,1,0.041822,0.039473,0.033578,0.026771,0.035554,0.034371,0.035355,2,0.028816,0.026070,0.019625,0.015088,0.018647,0.018099,0.019347,4,0.016435,0.012073,0.005312,0.002830,0.001227,0.001889,0.002932
S2,E82,LAGO MAYOR,2019-07-16,-16.112100,-69.417500,9.000000,1,0.018823,0.015601,0.008241,0.005518,0.003934,0.002990,0.006020,1,0.018823,0.015601,0.008241,0.005518,0.003934,0.002990,0.006020,2,0.017669,0.014407,0.007165,0.004747,0.002928,0.002205,0.005050,4,0.017480,0.012665,0.005930,0.003491,0.001584,0.001320,0.003745
S2,E83,LAGO MAYOR,2019-07-16,-16.184900,-69.507900,10.000000,1,0.013473,0.011215,0.005070,0.003584,0.005420,0.004800,0.003687,1,0.013473,0.011215,0.005070,0.003584,0.005420,0.004800,0.003687,2,0.015251,0.012742,0.006145,0.003996,0.004497,0.003870,0.003870,4,0.014020,0.011295,0.005070,0.003584,0.003574,0.002940,0.003384
S2,E88,LAGO MAYOR,2019-07-17,-16.203100,-69.382200,11.000000,1,0.015787,0.013274,0.007044,0.004560,0.003857,0.002891,0.004785,1,0.015787,0.013274,0.007044,0.004560,0.003857,0.002891,0.004785,2,0.014389,0.011718,0.005451,0.003033,0.002192,0.002027,0.003335,4,0.015346,0.011956,0.005294,0.002988,0.001700,0.001525,0.002862
S2,E94,LAGO MAYOR,2019-07-17,-16.254500,-69.291700,8.000000,1,0.013142,0.010584,0.004264,0.002153,0.003980,0.003551,0.002392,1,0.013142,0.010584,0.004264,0.002153,0.003980,0.003551,0.002392,2,0.012617,0.010262,0.003865,0.001888,0.002938,0.002826,0.002110,4,0.013431,0.010296,0.003881,0.001902,0.002991,0.002758,0.002419
S2,E97,LAGO MAYOR,2019-07-17,-16.175400,-69.195100,10.000000,1,0.015915,0.013703,0.007708,0.004647,0.004066,0.002941,0.005321,1,0.015915,0.013703,0.007708,0.004647,0.004066,0.002941,0.005321,2,0.013625,0.011772,0.005769,0.003083,0.002343,0.001876,0.002978,4,0.013794,0.011545,0.005224,0.002380,0.001251,0.001118,0.001996
S2,E98,LAGO MAYOR,2019-07-18,-16.103400,-69.108900,7.000000,0,,,,,,,,1,0.134093,0.128045,0.121374,0.147638,0.141851,0.100042,0.135136,2,0.028814,0.026756,0.020977,0.023315,0.022999,0.016822,0.021463,4,0.010723,0.009224,0.003561,0.001655,0.002293,0.002401,0.001660
S2,E99,LAGO MAYOR,2019-07-20,-16.082400,-69.081700,13.000000,0,,,,,,,,1,0.018815,0.018024,0.014280,0.012702,0.028683,0.028732,0.024624,2,0.015983,0.015095,0.010459,0.008870,0.018417,0.017584,0.015015,4,0.013898,0.013092,0.006924,0.005489,0.008409,0.007043,0.006030
S2,E100,LAGO MAYOR,2019-07-20,-16.005000,-68.996400,11.000000,0,,,,,,,,2,0.008612,0.006527,0.002645,0.001150,0.000799,0.000334,0.000700,4,0.013552,0.009845,0.005041,0.002906,0.002027,0.001265,0.002360,8,0.012437,0.007592,0.003072,0.001409,0.000940,0.000698,0.001018
S2,E104,LAGO MAYOR,2019-07-20,-16.038400,-68.857700,10.000000,0,,,,,,,,1,0.010003,0.009519,0.004261,0.002723,0.002265,0.001880,0.001986,2,0.012663,0.011069,0.005258,0.003676,0.003021,0.002347,0.002828,4,0.007495,0.006974,0.002181,0.001412,0.001799,0.001735,0.001048
S2,E113,LAGO MAYOR,2019-07-17,-16.229800,-69.113500,9.000000,1,0.015441,0.015522,0.007837,0.006094,0.004485,0.003398,0.006205,1,0.015441,0.015522,0.007837,0.006094,0.004485,0.003398,0.006205,2,0.013884,0.013681,0.006333,0.004381,0.002932,0.002599,0.004325,4,0.015354,0.015281,0.006257,0.003929,0.002064,0.002084,0.003781
S2,E117,LAGO MAYOR,2019-07-18,-16.168600,-69.097900,10.000000,0,,,,,,,,1,0.015022,0.012342,0.005569,0.002604,0.004177,0.003379,0.002366,2,0.012958,0.010898,0.004425,0.001854,0.002811,0.002264,0.001859,4,0.014519,0.012572,0.004635,0.001840,0.001931,0.002180,0.001883
S2,E120,LAGO MAYOR,2019-07-20,-16.126200,-68.933400,11.500000,0,,,,,,,,2,0.246975,0.265701,0.272522,0.256175,0.297784,0.281169,0.265966,4,0.014631,0.011614,0.005896,0.003911,0.002586,0.002501,0.003516,8,0.014078,0.010097,0.004492,0.002803,0.001240,0.001509,0.002274
S2,E121,LAGO MAYOR,2019-07-21,-16.207700,-68.862600,11.000000,1,,,,,,,,1,,,,,,,,2,0.011528,0.010450,0.004691,0.002927,0.003487,0.003431,0.002149,4,0.000455,0.001414,0.000100,0.000100,0.001588,0.002007,0.000100
S2,E122,LAGO MENOR,2019-07-21,-16.228100,-68.835100,11.000000,1,,,,,,,,1,,,,,,,,2,0.008722,0.007458,0.002386,0.000978,0.003534,0.003498,0.001126,4,0.000180,0.000347,0.000100,0.000100,0.001665,0.002918,0.000100
S2,E123,LAGO MENOR,2019-07-21,-16.192200,-68.796800,9.000000,1,0.057347,0.050892,0.039274,0.058664,0.040392,0.032105,0.024008,1,0.057347,0.050892,0.039274,0.058664,0.040392,0.032105,0.024008,2,0.033983,0.030677,0.022288,0.031384,0.022146,0.017243,0.014164,4,0.005378,0.006296,0.002702,0.002102,0.002578,0.001903,0.002249
S2,E125,LAGO MENOR,2019-07-21,-16.213200,-68.732500,8.500000,1,0.027229,0.028418,0.026780,0.031335,0.038215,0.034580,0.025951,1,0.027229,0.028418,0.026780,0.031335,0.038215,0.034580,0.025951,2,0.018862,0.019520,0.016113,0.018041,0.021435,0.019073,0.015109,4,0.005248,0.006034,0.002774,0.002424,0.002970,0.002437,0.002201
S2,E132,LAGO MENOR,2019-07-21,-16.315000,-68.847900,7.000000,2,,,,,,,,2,,,,,,,,4,0.018736,0.017984,0.004789,0.001467,0.003483,0.002999,0.001214,8,0.016273,0.016899,0.003548,0.000625,0.002785,0.002447,0.000605
S2,E130,LAGO MENOR,2019-07-22,-16.214200,-68.939300,10.000000,2,,,,,,,,2,,,,,,,,4,0.009050,0.010702,0.002641,0.001056,0.001191,0.000927,0.000781,8,0.013808,0.014119,0.005017,0.001912,0.001279,0.001077,0.001959
S2,E136,LAGO MENOR,2019-07-22,-16.303400,-68.985400,6.500000,4,0.022818,0.027973,0.021459,0.020287,0.022490,0.015672,0.014067,4,0.022818,0.027973,0.021459,0.020287,0.022490,0.015672,0.014067,8,0.018223,0.020721,0.012660,0.010591,0.011259,0.008012,0.007211,16,0.017357,0.019000,0.009037,0.005414,0.002503,0.002054,0.004542
S2,E137,LAGO MENOR,2019-07-22,-16.365500,-68.902500,5.000000,2,0.024683,0.032846,0.027205,0.027480,0.021178,0.017102,0.029784,2,0.024683,0.032846,0.027205,0.027480,0.021178,0.017102,0.029784,4,0.018501,0.023275,0.014945,0.014098,0.010891,0.008699,0.014846,8,0.018624,0.021961,0.007739,0.003500,0.002108,0.001627,0.003048
S2,E141,LAGO MENOR,2019-07-23,-16.376000,-69.007800,10.000000,0,,,,,,,,1,0.003904,0.010522,0.000768,0.000100,0.000679,0.000692,0.000100,2,0.010766,0.013542,0.003350,0.001296,0.000851,0.001023,0.001026,4,0.016101,0.016353,0.005717,0.002334,0.000944,0.001092,0.001798
S2,E142,LAGO MENOR,2019-07-23,-16.448900,-68.996900,11.000000,0,,,,,,,,2,0.003324,0.009351,0.000870,0.000100,0.000804,0.000507,0.000143,4,0.010579,0.013913,0.003468,0.001033,0.000729,0.000671,0.001217,8,0.017928,0.019087,0.006468,0.002426,0.001175,0.000936,0.002594
S2,E145,LAGO MENOR,2019-07-23,-16.517900,-68.978100,6.000000,0,,,,,,,,2,0.002796,0.008582,0.000421,0.000100,0.000467,0.000720,0.000100,4,0.010808,0.014079,0.003033,0.001010,0.000613,0.000657,0.000894,8,0.018809,0.020767,0.005828,0.001912,0.000705,0.000767,0.001759
S2,E147,LAGO MENOR,2019-07-24,-16.559000,-68.917400,5.500000,0,,,,,,,,4,0.012084,0.015136,0.003679,0.001574,0.000852,0.000867,0.001461,4,0.012084,0.015136,0.003679,0.001574,0.000852,0.000867,0.001461,8,0.018122,0.019344,0.006043,0.002758,0.000960,0.001223,0.002319
S2,E01,BAHIA PUNO,2022-08-12,-15.853000,-69.960500,5.500000,0,,,,,,,,2,0.015380,0.017453,0.009218,0.008847,0.007625,0.006053,0.008676,2,0.015380,0.017453,0.009218,0.008847,0.007625,0.006053,0.008676,4,0.016300,0.019610,0.010810,0.010278,0.008134,0.006359,0.009978
S2,E02,BAHIA PUNO,2022-08-12,-15.846100,-69.927100,8.000000,0,,,,,,,,4,0.017720,0.016794,0.008411,0.005875,0.002619,0.001918,0.005802,4,0.017720,0.016794,0.008411,0.005875,0.002619,0.001918,0.005802,8,0.018732,0.018471,0.009735,0.006760,0.002715,0.002106,0.006711
S2,E05,BAHIA PUNO,2022-08-12,-15.840000,-69.892300,8.500000,0,,,,,,,,4,0.018575,0.015745,0.007262,0.005439,0.002380,0.001756,0.005159,4,0.018575,0.015745,0.007262,0.005439,0.002380,0.001756,0.005159,8,0.018601,0.015785,0.007459,0.005490,0.002577,0.001848,0.005470
S2,E08,BAHIA PUNO,2022-08-12,-15.780200,-69.868100,11.000000,0,,,,,,,,4,0.018327,0.014330,0.006762,0.004999,0.002352,0.001639,0.004894,4,0.018327,0.014330,0.006762,0.004999,0.002352,0.001639,0.004894,8,0.018417,0.014675,0.007017,0.005285,0.002555,0.001960,0.004994
S2,E28,LAGO MAYOR,2022-08-14,-15.392800,-69.782200,10.000000,2,0.026295,0.023824,0.006911,0.003405,0.001990,0.001515,0.002822,2,0.026295,0.023824,0.006911,0.003405,0.001990,0.001515,0.002822,4,0.022422,0.018748,0.005802,0.003402,0.001698,0.001177,0.003804,8,0.024885,0.019981,0.008117,0.004967,0.002280,0.001511,0.004663
S2,E32,LAGO MAYOR,2022-08-14,-15.338400,-69.720500,9.000000,1,0.020557,0.016113,0.004089,0.002005,0.001359,0.002585,0.002111,1,0.020557,0.016113,0.004089,0.002005,0.001359,0.002585,0.002111,2,0.023995,0.019280,0.005560,0.002608,0.001511,0.002590,0.002679,4,0.028325,0.022173,0.008144,0.004495,0.002377,0.003174,0.004506
S2,E36,LAGO MAYOR,2022-08-14,-15.297100,-69.681400,9.000000,1,0.018322,0.015588,0.005024,0.002732,0.002451,0.001952,0.003025,1,0.018322,0.015588,0.005024,0.002732,0.002451,0.001952,0.003025,2,0.022766,0.018620,0.006195,0.003465,0.002049,0.001647,0.003633,4,0.026043,0.021455,0.009264,0.006161,0.003271,0.002578,0.006046
S2,E39,LAGO MAYOR,2022-08-15,-15.374800,-69.527600,7.000000,1,0.016318,0.019721,0.005107,0.001641,0.005742,0.005751,0.001302,1,0.016318,0.019721,0.005107,0.001641,0.005742,0.005751,0.001302,2,0.025858,0.029070,0.010471,0.005045,0.005862,0.005393,0.004705,4,0.020800,0.023757,0.007298,0.003066,0.005106,0.004628,0.002917
S2,341,LAGO MAYOR,2022-08-15,-15.439200,-69.600900,14.000000,2,0.014873,0.011442,0.005152,0.003495,0.002574,0.002421,0.003161,2,0.014873,0.011442,0.005152,0.003495,0.002574,0.002421,0.003161,4,0.021470,0.015451,0.007705,0.005210,0.003193,0.002410,0.004604,8,0.017398,0.011696,0.003965,0.002443,0.001886,0.001735,0.002132
S2,E42,LAGO MAYOR,2022-08-15,-15.496700,-69.668500,16.000000,1,0.018830,0.013634,0.006138,0.003882,0.001938,0.001751,0.003761,1,0.018830,0.013634,0.006138,0.003882,0.001938,0.001751,0.003761,2,0.020215,0.013793,0.006500,0.003997,0.002202,0.001735,0.003797,4,0.018549,0.012809,0.005235,0.003153,0.001543,0.001229,0.003118
S2,E43,LAGO MAYOR,2022-08-15,-15.560300,-69.741100,14.000000,1,0.018068,0.013719,0.006140,0.004204,0.002050,0.001952,0.003744,1,0.018068,0.013719,0.006140,0.004204,0.002050,0.001952,0.003744,2,0.019896,0.014217,0.006665,0.004617,0.002322,0.002058,0.004229,4,0.018978,0.013493,0.005905,0.003676,0.001918,0.001671,0.003513
S2,E22,LAGO MAYOR,2022-08-15,-15.618100,-69.807000,14.000000,1,0.018727,0.014332,0.007496,0.005524,0.003883,0.003016,0.005323,1,0.018727,0.014332,0.007496,0.005524,0.003883,0.003016,0.005323,2,0.020607,0.015053,0.007852,0.005868,0.004065,0.003275,0.005633,4,0.019044,0.013782,0.006547,0.004699,0.002994,0.002553,0.004621
S2,E48,LAGO MAYOR,2022-08-16,-15.536100,-69.359700,8.000000,0,,,,,,,,1,0.018605,0.014882,0.007360,0.006226,0.004563,0.003896,0.005584,2,0.020602,0.015148,0.007636,0.005922,0.003932,0.003135,0.005703,4,0.020601,0.015148,0.007636,0.005922,0.003932,0.003139,0.005703
S2,E49,LAGO MAYOR,2022-08-16,-15.606300,-69.444900,15.000000,0,,,,,,,,1,0.018766,0.014575,0.008343,0.005432,0.004207,0.003700,0.005568,2,0.021266,0.014918,0.008112,0.005234,0.003237,0.002761,0.005159,4,0.021266,0.014918,0.008112,0.005234,0.003245,0.002789,0.005159
S2,E50,LAGO MAYOR,2022-08-16,-15.668700,-69.521100,16.000000,0,,,,,,,,1,0.019446,0.014823,0.008206,0.005771,0.004271,0.003849,0.005148,2,0.022321,0.015846,0.009286,0.006696,0.004322,0.003896,0.006132,4,0.020024,0.014302,0.007588,0.005882,0.004052,0.003528,0.005140
S2,E51,LAGO MAYOR,2022-08-17,-15.737100,-69.603800,12.000000,0,,,,,,,,2,0.019403,0.013221,0.006416,0.004542,0.002137,0.001909,0.003658,2,0.019403,0.013221,0.006416,0.004542,0.002137,0.001909,0.003658,4,0.018796,0.012896,0.006139,0.004184,0.002111,0.001897,0.003547
S2,E52,LAGO MAYOR,2022-08-17,-15.802800,-69.684300,9.000000,0,,,,,,,,2,0.019542,0.014265,0.006944,0.005124,0.003213,0.002766,0.004574,2,0.019542,0.014265,0.006944,0.005124,0.003213,0.002766,0.004574,4,0.018488,0.013461,0.006096,0.004264,0.002580,0.002346,0.003473
S2,E53,LAGO MAYOR,2022-08-17,-15.868600,-69.763400,11.000000,0,,,,,,,,2,0.022650,0.016642,0.009566,0.006967,0.003703,0.002764,0.006706,2,0.022650,0.016642,0.009566,0.006967,0.003703,0.002764,0.006706,4,0.022441,0.016603,0.009472,0.006895,0.003626,0.002737,0.006689
S2,E58,LAGO MAYOR,2022-08-18,-15.951900,-69.545300,11.000000,0,,,,,,,,1,0.022937,0.019051,0.009466,0.006583,0.003056,0.002612,0.006292,2,0.022167,0.018702,0.009091,0.006295,0.003017,0.002655,0.005908,4,0.021732,0.018238,0.008413,0.005831,0.002815,0.002316,0.005365
S2,E59,LAGO MAYOR,2022-08-18,-15.887600,-69.461500,15.000000,0,,,,,,,,1,0.021694,0.014675,0.007170,0.004644,0.002070,0.001507,0.004305,2,0.019978,0.014097,0.006903,0.004462,0.001897,0.001490,0.004189,4,0.019541,0.014036,0.006865,0.004454,0.001897,0.001497,0.004091
S2,E60,LAGO MAYOR,2022-08-18,-15.827100,-69.377600,16.500000,0,,,,,,,,1,0.022397,0.014547,0.007984,0.005054,0.002610,0.002299,0.005062,2,0.021660,0.014821,0.007888,0.005072,0.002682,0.002250,0.004910,4,0.020401,0.014245,0.007301,0.004479,0.002532,0.002065,0.004508
S2,E61,LAGO MAYOR,2022-08-18,-15.758500,-69.304500,15.000000,0,,,,,,,,1,,,,,,,,2,0.023628,0.018256,0.010334,0.007641,0.004424,0.003210,0.006601,4,0.020091,0.014582,0.006644,0.004799,0.003305,0.003009,0.005021
S2,E72,LAGO MAYOR,2022-08-19,-15.692100,-69.170900,5.000000,1,0.034400,0.032437,0.018821,0.014487,0.013895,0.011923,0.015330,1,0.034400,0.032437,0.018821,0.014487,0.013895,0.011923,0.015330,2,0.027184,0.026680,0.014255,0.010674,0.010708,0.009287,0.011610,4,0.020882,0.020833,0.008968,0.006020,0.006879,0.006326,0.006699
S2,E76,LAGO MAYOR,2022-08-19,-15.812500,-69.044900,10.000000,1,0.024482,0.018018,0.011534,0.008347,0.005153,0.004284,0.008548,1,0.024482,0.018018,0.011534,0.008347,0.005153,0.004284,0.008548,2,0.020199,0.015678,0.009496,0.006726,0.004121,0.003857,0.006947,4,0.016733,0.013343,0.007230,0.005243,0.003705,0.003679,0.005583
S2,E78,LAGO MAYOR,2022-08-19,-15.890300,-69.132700,14.000000,1,0.030243,0.022563,0.015737,0.013104,0.010718,0.009247,0.013276,1,0.030243,0.022563,0.015737,0.013104,0.010718,0.009247,0.013276,2,0.023067,0.017366,0.010799,0.008290,0.006290,0.005434,0.008463,4,0.017445,0.012688,0.006766,0.004524,0.003322,0.002835,0.005070
S2,E79,LAGO MAYOR,2022-08-19,-15.960000,-69.227200,14.000000,1,0.026208,0.019153,0.012769,0.009574,0.008281,0.007519,0.010457,1,0.026208,0.019153,0.012769,0.009574,0.008281,0.007519,0.010457,2,0.021303,0.016093,0.009594,0.007039,0.005603,0.005204,0.007428,4,0.017202,0.012650,0.006278,0.004452,0.003279,0.003120,0.004651
S2,E80,LAGO MAYOR,2022-08-20,-16.031600,-69.319800,15.000000,1,0.065862,0.056671,0.049616,0.049861,0.048250,0.042186,0.044164,1,0.065862,0.056671,0.049616,0.049861,0.048250,0.042186,0.044164,2,0.038551,0.032051,0.025913,0.025584,0.024471,0.021505,0.022727,4,0.019373,0.013471,0.006955,0.004552,0.002929,0.002540,0.004429
S2,E82,LAGO MAYOR,2022-08-20,-16.110900,-69.417300,15.000000,1,0.027716,0.020898,0.014348,0.011884,0.007659,0.006521,0.011121,1,0.027716,0.020898,0.014348,0.011884,0.007659,0.006521,0.011121,2,0.020082,0.015128,0.008975,0.007111,0.004467,0.003923,0.006489,4,0.021034,0.015186,0.007909,0.005433,0.002373,0.001856,0.005636
S2,E83,LAGO MAYOR,2022-08-20,-16.183700,-69.506700,16.000000,1,0.022141,0.016796,0.009878,0.007430,0.004314,0.003432,0.007238,1,0.022141,0.016796,0.009878,0.007430,0.004314,0.003432,0.007238,2,0.018210,0.014568,0.007670,0.005687,0.003746,0.003120,0.005580,4,0.020167,0.016556,0.009481,0.006123,0.003634,0.003008,0.005956
S2,E88,LAGO MAYOR,2022-08-20,-16.206400,-69.378100,14.000000,1,0.025043,0.019651,0.012220,0.009451,0.004991,0.004097,0.009360,1,0.025043,0.019651,0.012220,0.009451,0.004991,0.004097,0.009360,2,0.018981,0.015052,0.008666,0.006496,0.003459,0.002884,0.006624,4,0.019430,0.014904,0.007783,0.005405,0.002452,0.002127,0.005338
S2,E94,LAGO MAYOR,2022-08-20,-16.251000,-69.288400,15.000000,1,0.029022,0.022520,0.014931,0.013857,0.011136,0.008092,0.014830,1,0.029022,0.022520,0.014931,0.013857,0.011136,0.008092,0.014830,2,0.022357,0.018215,0.011819,0.011929,0.010211,0.007691,0.012633,4,0.022493,0.018659,0.011479,0.011667,0.009195,0.007357,0.012508
S2,E97,LAGO MAYOR,2022-08-21,-16.175700,-69.195800,16.000000,0,,,,,,,,1,0.020700,0.015100,0.012700,0.012400,0.011300,0.008800,0.012500,2,0.009082,0.007195,0.002809,0.001683,0.001006,0.001360,0.002038,4,0.014543,0.011489,0.005853,0.003729,0.002026,0.001556,0.003789
S2,E98,LAGO MAYOR,2022-08-22,-16.105600,-69.110300,15.000000,0,,,,,,,,2,0.014565,0.011279,0.006279,0.004389,0.003166,0.002761,0.004669,2,0.014565,0.011279,0.006279,0.004389,0.003166,0.002761,0.004669,4,0.017127,0.013010,0.007670,0.005443,0.003776,0.003030,0.005733
S2,E99,LAGO MAYOR,2022-08-22,-16.074500,-69.074200,15.000000,0,,,,,,,,2,0.018036,0.013061,0.007130,0.004827,0.003166,0.003440,0.005191,2,0.018036,0.013061,0.007130,0.004827,0.003166,0.003440,0.005191,4,0.015303,0.012389,0.006593,0.004616,0.002120,0.001761,0.003870
S2,E100,LAGO MAYOR,2022-08-22,-16.005500,-68.995900,13.000000,0,,,,,,,,4,0.015861,0.010765,0.005173,0.003233,0.001722,0.001103,0.003004,4,0.015861,0.010765,0.005173,0.003233,0.001722,0.001103,0.003004,8,0.012575,0.009411,0.004096,0.002436,0.001370,0.001296,0.002177
S2,E103,LAGO MAYOR,2022-08-22,-15.939400,-68.901700,10.000000,0,,,,,,,,2,0.010813,0.009380,0.004072,0.002775,0.003456,0.003891,0.002498,2,0.010813,0.009380,0.004072,0.002775,0.003456,0.003891,0.002498,4,0.014356,0.012216,0.004858,0.003002,0.003948,0.003965,0.002762
S2,E104,LAGO MAYOR,2022-08-22,-16.029700,-68.883700,13.000000,0,,,,,,,,2,0.014562,0.010046,0.004672,0.003199,0.001750,0.001503,0.002994,2,0.014562,0.010046,0.004672,0.003199,0.001750,0.001503,0.002994,4,0.012010,0.009143,0.003621,0.002671,0.001675,0.001751,0.002330
S2,E113,LAGO MAYOR,2022-08-21,-16.217400,-69.136700,14.000000,0,,,,,,,,1,,,,,,,,2,0.009974,0.008649,0.003753,0.002543,0.001636,0.001453,0.002983,4,0.015498,0.012655,0.006515,0.004197,0.001822,0.001339,0.004088
S2,E117,LAGO MAYOR,2022-08-21,-16.165300,-69.102700,14.000000,0,,,,,,,,1,0.022068,0.015895,0.009244,0.006945,0.003459,0.002865,0.006172,2,0.016281,0.012713,0.006790,0.005128,0.002932,0.002525,0.004706,4,0.018671,0.014380,0.008004,0.006035,0.003400,0.002779,0.005932
S2,E120,LAGO MAYOR,2022-08-22,-16.126400,-68.933700,14.000000,0,,,,,,,,4,0.020065,0.014659,0.008718,0.007206,0.004497,0.003777,0.006739,4,0.020065,0.014659,0.008718,0.007206,0.004497,0.003777,0.006739,8,0.014185,0.010723,0.005429,0.004157,0.002403,0.002544,0.004087
S2,E121,LAGO MAYOR,2022-08-23,-16.206800,-68.864300,11.000000,0,,,,,,,,1,0.001320,0.000646,0.000000,0.000000,0.001596,0.002201,0.000000,2,0.014140,0.010444,0.006484,0.005224,0.004005,0.003629,0.004978,4,0.009245,0.007000,0.002201,0.001606,0.002791,0.002916,0.001838
S2,E122,LAGO MENOR,2022-08-23,-16.227600,-68.836100,10.000000,0,,,,,,,,1,0.000841,0.000827,0.000000,0.000000,0.002610,0.003889,0.000000,2,0.012438,0.009692,0.005184,0.003851,0.004075,0.004166,0.003197,4,0.007644,0.005273,0.000614,0.000000,0.003552,0.004293,0.000508
S2,E123,LAGO MENOR,2022-08-23,-16.192500,-68.797000,6.000000,0,,,,,,,,1,0.008478,0.016328,0.000877,0.000003,0.001104,0.001353,0.000056,2,0.020842,0.026268,0.008877,0.006194,0.005409,0.003816,0.005890,4,0.016793,0.024999,0.006741,0.003633,0.002212,0.001995,0.003447
S2,E125,LAGO MENOR,2022-08-23,-16.262600,-68.784300,8.000000,0,,,,,,,,1,0.016343,0.044053,0.008681,0.001306,0.001366,0.001390,0.000809,2,0.073623,0.092957,0.052023,0.050157,0.041130,0.034746,0.033591,4,0.020557,0.044030,0.010046,0.003289,0.001740,0.002070,0.002530
S2,E132,LAGO MENOR,2022-08-23,-16.333900,-68.780800,4.000000,0,,,,,,,,2,0.015048,0.035490,0.007818,0.001671,0.000977,0.001402,0.001307,4,0.015048,0.035490,0.007818,0.001671,0.000977,0.001402,0.001307,8,0.021396,0.040626,0.011497,0.004104,0.002023,0.001905,0.003635
S2,E130,LAGO MENOR,2022-08-23,-16.314400,-68.845100,5.500000,0,,,,,,,,2,0.015287,0.023828,0.005385,0.002500,0.004532,0.005139,0.002657,4,0.025396,0.031348,0.011848,0.007093,0.005410,0.004541,0.007057,8,0.025888,0.031353,0.012361,0.007528,0.005424,0.004549,0.007444
S2,E136,LAGO MENOR,2022-08-24,-16.265900,-69.060100,5.500000,1,0.010690,0.014809,0.006109,0.003753,0.002222,0.002409,0.003228,1,0.010690,0.014809,0.006109,0.003753,0.002222,0.002409,0.003228,2,0.010690,0.014809,0.006109,0.003753,0.002222,0.002409,0.003228,4,0.016494,0.018194,0.009706,0.006294,0.003155,0.003392,0.006298
S2,E135,LAGO MENOR,2022-08-24,-16.302800,-68.985200,11.000000,4,0.013268,0.016258,0.006502,0.003427,0.001368,0.001359,0.002836,4,0.013268,0.016258,0.006502,0.003427,0.001368,0.001359,0.002836,8,0.022429,0.022797,0.011402,0.007119,0.003243,0.002445,0.006627,16,0.020622,0.021182,0.010281,0.006169,0.003013,0.002301,0.005841
S2,E137,LAGO MENOR,2022-08-24,-16.401100,-68.833400,5.000000,1,0.016431,0.031576,0.009254,0.003555,0.001764,0.001736,0.002907,1,0.016431,0.031576,0.009254,0.003555,0.001764,0.001736,0.002907,2,0.026544,0.039505,0.015260,0.008103,0.003668,0.002674,0.007443,4,0.028077,0.040039,0.016332,0.008872,0.004026,0.003105,0.008450
S2,E141,LAGO MENOR,2022-08-24,-16.376400,-69.007300,5.000000,1,0.016163,0.018910,0.008238,0.004341,0.001748,0.001445,0.004291,1,0.016163,0.018910,0.008238,0.004341,0.001748,0.001445,0.004291,2,0.069807,0.063840,0.047294,0.050443,0.039515,0.028550,0.036466,4,0.025256,0.025812,0.013153,0.008106,0.004217,0.003115,0.007613
S2,E142,LAGO MENOR,2022-08-24,-16.451500,-68.998000,5.000000,2,0.021450,0.024987,0.012660,0.008709,0.005373,0.004806,0.007231,2,0.021450,0.024987,0.012660,0.008709,0.005373,0.004806,0.007231,4,0.025581,0.027016,0.013382,0.008592,0.004308,0.003418,0.007304,8,0.025581,0.027016,0.013382,0.008592,0.004308,0.003420,0.007304
S2,E145,LAGO MENOR,2022-08-24,-16.513900,-68.977000,5.500000,2,0.015460,0.019986,0.006892,0.003372,0.001286,0.001589,0.003253,2,0.015460,0.019986,0.006892,0.003372,0.001286,0.001589,0.003253,4,0.022243,0.024464,0.010643,0.006242,0.002392,0.001811,0.005790,8,0.023775,0.026368,0.010215,0.005344,0.002288,0.001638,0.004897
S2,E147,LAGO MENOR,2022-08-24,-16.493000,-69.059600,5.000000,1,0.020325,0.031252,0.011207,0.005374,0.001941,0.001888,0.004465,1,0.020325,0.031252,0.011207,0.005374,0.001941,0.001888,0.004465,2,0.026250,0.034736,0.014270,0.007692,0.002905,0.002408,0.006931,4,0.026926,0.034783,0.014437,0.007040,0.002819,0.002076,0.006980
S2,E01,BAHIA PUNO,2024-08-21,-15.853000,-69.960500,6.000000,0,,,,,,,,2,0.021358,0.026022,0.012302,0.010002,0.012946,0.010618,0.010097,2,0.021358,0.026022,0.012302,0.010002,0.012946,0.010618,0.010097,4,0.019990,0.024995,0.007554,0.004298,0.008195,0.007156,0.004381
S2,E02,BAHIA PUNO,2024-08-21,-15.846100,-69.927100,9.000000,0,,,,,,,,4,0.021327,0.019012,0.009788,0.008090,0.005954,0.005069,0.008140,4,0.021327,0.019012,0.009788,0.008090,0.005954,0.005069,0.008140,8,0.018494,0.015265,0.005637,0.003633,0.002689,0.002273,0.003790
S2,E03,BAHIA PUNO,2024-08-21,-15.865300,-69.894200,8.000000,0,,,,,,,,4,0.021070,0.019451,0.009913,0.008680,0.006279,0.004910,0.008294,4,0.021070,0.019451,0.009913,0.008680,0.006279,0.004910,0.008294,8,0.018283,0.016064,0.005570,0.003752,0.003032,0.002238,0.003862
S2,E05,BAHIA PUNO,2024-08-21,-15.840000,-69.892300,10.000000,0,,,,,,,,4,0.019532,0.016508,0.008348,0.006862,0.005199,0.003837,0.006764,4,0.019532,0.016508,0.008348,0.006862,0.005199,0.003837,0.006764,8,0.017094,0.013971,0.004943,0.003153,0.003004,0.002345,0.003516
S2,E08,BAHIA PUNO,2024-08-21,-15.780200,-69.868100,9.000000,0,,,,,,,,4,0.025772,0.021709,0.013922,0.013406,0.010722,0.007627,0.011985,4,0.025772,0.021709,0.013922,0.013406,0.010722,0.007627,0.011985,8,0.017901,0.013337,0.004902,0.003249,0.002669,0.002401,0.003468
S2,E15,LAGO MAYOR,2024-08-21,-15.715000,-69.822600,9.000000,0,,,,,,,,2,0.021503,0.018138,0.010427,0.009573,0.009696,0.008173,0.009270,2,0.021503,0.018138,0.010427,0.009573,0.009696,0.008173,0.009270,4,0.014602,0.011953,0.002985,0.000704,0.002254,0.002470,0.000879
S2,E16,LAGO MAYOR,2024-08-21,-15.673700,-69.854100,6.000000,0,,,,,,,,4,0.019200,0.019117,0.009983,0.011002,0.014552,0.012620,0.010929,4,0.019200,0.019117,0.009983,0.011002,0.014552,0.012620,0.010929,8,0.010559,0.009838,0.000191,0.000000,0.002628,0.003901,0.000000
S2,E22,LAGO MAYOR,2024-08-22,-15.618100,-69.807000,14.000000,0,,,,,,,,1,0.024143,0.021683,0.015135,0.013883,0.014054,0.012610,0.014758,2,0.020679,0.016493,0.009110,0.007264,0.008631,0.007980,0.007503,4,0.015137,0.010674,0.002284,0.000322,0.002509,0.003040,0.000138
S2,E27,LAGO MAYOR,2024-08-22,-15.443700,-69.842500,4.000000,0,,,,,,,,4,0.024926,0.031758,0.011403,0.007545,0.004366,0.003543,0.006548,8,0.021192,0.024538,0.007867,0.004510,0.003330,0.002893,0.004776,16,0.019043,0.020526,0.006893,0.003823,0.002384,0.002187,0.003485
S2,E28,LAGO MAYOR,2024-08-22,-15.392800,-69.782200,9.000000,0,,,,,,,,2,0.016617,0.013647,0.005886,0.004778,0.004370,0.003539,0.004542,4,0.022581,0.018425,0.006511,0.003225,0.003161,0.002472,0.003271,8,0.015408,0.013112,0.004264,0.002894,0.001882,0.001416,0.002643
S2,E32,LAGO MAYOR,2024-08-22,-15.338400,-69.720500,12.500000,0,,,,,,,,1,0.016874,0.016159,0.005582,0.004341,0.005220,0.005031,0.005233,2,0.017984,0.015060,0.005367,0.003535,0.003373,0.003851,0.003977,4,0.016966,0.014126,0.004600,0.002499,0.001618,0.002803,0.002552
S2,E36,LAGO MAYOR,2024-08-22,-15.297100,-69.681400,11.500000,0,,,,,,,,1,0.011000,0.009690,0.003088,0.002892,0.003795,0.003893,0.003055,2,0.015400,0.012287,0.004232,0.003123,0.002848,0.002867,0.003540,4,0.013838,0.011847,0.004062,0.002945,0.002190,0.002228,0.003140
S2,E36B,LAGO MAYOR,2024-08-22,-15.262100,-69.703400,13.000000,0,,,,,,,,1,0.012308,0.010492,0.004142,0.003748,0.004305,0.003970,0.003841,2,0.015925,0.012325,0.005074,0.004002,0.003328,0.003002,0.004010,4,0.013514,0.011429,0.004376,0.003296,0.001871,0.001836,0.003408
S2,E39,LAGO MAYOR,2024-08-23,-15.374800,-69.527600,8.000000,1,0.014407,0.017344,0.001530,0.000000,0.006444,0.006574,0.000000,1,0.014407,0.017344,0.001530,0.000000,0.006444,0.006574,0.000000,2,0.017659,0.018855,0.003652,0.000587,0.005999,0.006398,0.000832,4,0.017064,0.018855,0.003608,0.000587,0.005396,0.006139,0.000812
S2,E41,LAGO MAYOR,2024-08-23,-15.439200,-69.600900,10.500000,2,0.011708,0.009921,0.003211,0.002282,0.002166,0.002069,0.001956,2,0.011708,0.009921,0.003211,0.002282,0.002166,0.002069,0.001956,4,0.015470,0.011418,0.004191,0.002066,0.001587,0.001538,0.001628,8,0.012324,0.009527,0.002929,0.001531,0.001592,0.001538,0.001336
S2,E42,LAGO MAYOR,2024-08-23,-15.496700,-69.668500,10.000000,1,0.014411,0.011632,0.004839,0.003042,0.001921,0.001766,0.003171,1,0.014411,0.011632,0.004839,0.003042,0.001921,0.001766,0.003171,2,0.015999,0.011862,0.004831,0.002736,0.002184,0.001791,0.002797,4,0.013111,0.010167,0.003532,0.001686,0.001649,0.001647,0.001620
S2,E43,LAGO MAYOR,2024-08-23,-15.560300,-69.741100,12.500000,1,0.019181,0.015646,0.008697,0.006884,0.005132,0.003575,0.006349,1,0.019181,0.015646,0.008697,0.006884,0.005132,0.003575,0.006349,2,0.018731,0.014503,0.007200,0.005212,0.004347,0.003453,0.004839,4,0.015598,0.012001,0.004949,0.003096,0.002814,0.002642,0.002759
S2,E48,LAGO MAYOR,2024-08-24,-15.536100,-69.359700,9.000000,1,0.013863,0.011038,0.004769,0.003325,0.002990,0.003055,0.003104,1,0.013863,0.011038,0.004769,0.003325,0.002990,0.003055,0.003104,2,0.011587,0.008683,0.002536,0.001667,0.002841,0.002884,0.001792,4,0.014995,0.011462,0.005070,0.003242,0.003103,0.002970,0.003222
S2,E49,LAGO MAYOR,2024-08-24,-15.606300,-69.444900,11.000000,1,0.018553,0.016047,0.009638,0.007854,0.006275,0.005624,0.007266,1,0.018553,0.016047,0.009638,0.007854,0.006275,0.005624,0.007266,2,0.016092,0.012571,0.006455,0.005050,0.005192,0.004864,0.005159,4,0.019409,0.015936,0.009094,0.006832,0.005772,0.005268,0.006593
S2,E50,LAGO MAYOR,2024-08-24,-15.668700,-69.521100,12.000000,1,0.017165,0.014930,0.008099,0.006364,0.005024,0.004281,0.005408,1,0.017165,0.014930,0.008099,0.006364,0.005024,0.004281,0.005408,2,0.017580,0.014412,0.007864,0.006038,0.005997,0.005783,0.006419,4,0.018967,0.015103,0.008298,0.006038,0.006142,0.006066,0.006487
S2,E51,LAGO MAYOR,2024-08-24,-15.737100,-69.603800,11.500000,1,0.018949,0.016520,0.009851,0.007922,0.006245,0.005384,0.007562,1,0.018949,0.016520,0.009851,0.007922,0.006245,0.005384,0.007562,2,0.015876,0.012489,0.005609,0.004146,0.003989,0.003595,0.003914,4,0.018300,0.014777,0.008167,0.006204,0.004440,0.004178,0.006051
S2,E52,LAGO MAYOR,2024-08-24,-15.802800,-69.684300,11.000000,1,0.018386,0.015737,0.007882,0.006866,0.006314,0.004884,0.006693,1,0.018386,0.015737,0.007882,0.006866,0.006314,0.004884,0.006693,2,0.015094,0.011326,0.003941,0.003433,0.003645,0.003108,0.003347,4,0.016778,0.013483,0.005675,0.003876,0.002961,0.002551,0.003619
S2,E53,LAGO MAYOR,2024-08-24,-15.868600,-69.763400,9.000000,1,0.023720,0.019654,0.009664,0.007945,0.005871,0.004675,0.007420,1,0.023720,0.019654,0.009664,0.007945,0.005871,0.004675,0.007420,2,0.022631,0.017257,0.007356,0.005724,0.004644,0.003869,0.005130,4,0.023482,0.018915,0.008234,0.006291,0.004665,0.003880,0.006004
S2,E58,LAGO MAYOR,2024-08-26,-15.951900,-69.545300,9.000000,0,,,,,,,,2,0.018107,0.016395,0.007781,0.005921,0.005299,0.005387,0.006135,2,0.018107,0.016395,0.007781,0.005921,0.005299,0.005387,0.006135,4,0.018652,0.016792,0.008426,0.004668,0.004498,0.004928,0.004841
S2,E59,LAGO MAYOR,2024-08-26,-15.887600,-69.461500,10.500000,0,,,,,,,,2,0.015574,0.012439,0.006037,0.004128,0.003892,0.003767,0.004148,2,0.015574,0.012439,0.006037,0.004128,0.003892,0.003767,0.004148,4,0.016161,0.013100,0.006350,0.004225,0.003892,0.003767,0.004388
S2,E60,LAGO MAYOR,2024-08-25,-15.827100,-69.377600,12.000000,0,,,,,,,,1,0.018305,0.015893,0.009403,0.007486,0.006123,0.004829,0.007510,2,0.015382,0.012088,0.005727,0.004205,0.003926,0.003190,0.004064,4,0.017618,0.014330,0.007630,0.005382,0.004324,0.003420,0.005273
S2,E61,LAGO MAYOR,2024-08-25,-15.758500,-69.304500,12.000000,0,,,,,,,,1,0.016828,0.014819,0.008198,0.006710,0.005536,0.004780,0.006377,2,0.013458,0.010595,0.004294,0.003355,0.003170,0.002799,0.003206,4,0.016828,0.014819,0.008198,0.006710,0.005536,0.004780,0.006377
S2,E72,LAGO MAYOR,2024-08-25,-15.692100,-69.170900,4.800000,0,,,,,,,,1,0.021037,0.024372,0.009191,0.006466,0.011192,0.010183,0.007333,2,0.020362,0.023974,0.004645,0.003233,0.007388,0.007883,0.003667,4,0.021051,0.024372,0.008523,0.000541,0.006125,0.006810,0.000767
S2,E76,LAGO MAYOR,2024-08-25,-15.812500,-69.044900,12.000000,0,,,,,,,,1,0.019228,0.017823,0.011744,0.010396,0.009685,0.008918,0.011328,2,0.014995,0.012138,0.006238,0.005316,0.005659,0.005385,0.005959,4,0.017907,0.014903,0.008738,0.006956,0.005343,0.004406,0.007697
S2,B03,LAGO MAYOR,2024-08-27,-15.994800,-69.427000,11.000000,0,,,,,,,,1,0.018738,0.013749,0.006669,0.005577,0.005480,0.005101,0.005451,2,0.019587,0.015836,0.008400,0.006811,0.005861,0.005092,0.006582,4,0.018820,0.013886,0.006821,0.005577,0.005477,0.004869,0.005451
S2,E78,LAGO MAYOR,2024-08-27,-15.890300,-69.132700,10.500000,0,,,,,,,,1,0.008531,0.004841,0.000000,0.000000,0.000720,0.000816,0.000000,2,0.014108,0.011260,0.006177,0.005211,0.004899,0.004715,0.005569,4,0.018479,0.014701,0.008834,0.006770,0.005652,0.004547,0.007292
S2,E79,LAGO MAYOR,2024-08-27,-15.960000,-69.227200,9.500000,0,,,,,,,,1,0.014385,0.011115,0.005320,0.003515,0.005077,0.004899,0.005125,2,0.015981,0.013511,0.007774,0.005692,0.005954,0.005572,0.006766,4,0.017576,0.015809,0.009710,0.007288,0.006645,0.005959,0.007505
S2,E80,LAGO MAYOR,2024-08-27,-16.031600,-69.319800,15.000000,0,,,,,,,,1,0.012306,0.008488,0.001999,0.000837,0.001956,0.002092,0.000986,2,0.015341,0.011647,0.005183,0.003794,0.003656,0.003314,0.004032,4,0.015019,0.011122,0.003624,0.001756,0.001970,0.002092,0.001864
S2,E82,LAGO MAYOR,2024-08-28,-16.110900,-69.417300,9.000000,1,0.018330,0.013037,0.006351,0.005261,0.004520,0.004614,0.005381,1,0.018330,0.013037,0.006351,0.005261,0.004520,0.004614,0.005381,2,0.018807,0.014489,0.007509,0.006270,0.005021,0.004639,0.006391,4,0.019623,0.015941,0.008750,0.007324,0.005608,0.004826,0.007131
S2,E83,LAGO MAYOR,2024-08-28,-16.183700,-69.506700,8.500000,1,0.018171,0.014083,0.006032,0.004892,0.007690,0.007607,0.004734,1,0.018171,0.014083,0.006032,0.004892,0.007690,0.007607,0.004734,2,0.019682,0.017050,0.008196,0.006642,0.007877,0.007364,0.006573,4,0.021956,0.019053,0.009507,0.007131,0.007877,0.007364,0.007357
S2,E88,LAGO MAYOR,2024-08-29,-16.206400,-69.378100,9.500000,1,0.017658,0.014198,0.006737,0.004630,0.004695,0.004156,0.005221,1,0.017658,0.014198,0.006737,0.004630,0.004695,0.004156,0.005221,2,0.076161,0.068790,0.059581,0.056771,0.055181,0.038109,0.051101,4,0.018034,0.014728,0.006972,0.005158,0.005488,0.005178,0.005810
S2,E94,LAGO MAYOR,2024-08-29,-16.251000,-69.288400,9.500000,1,0.018892,0.014075,0.007296,0.008308,0.010716,0.008928,0.009551,1,0.018892,0.014075,0.007296,0.008308,0.010716,0.008928,0.009551,2,0.018892,0.014075,0.007296,0.008308,0.010716,0.008928,0.009551,4,0.016618,0.013458,0.006891,0.006619,0.007676,0.006020,0.008008
S2,E97,LAGO MAYOR,2024-08-29,-16.175700,-69.195800,13.500000,1,0.011961,0.006603,0.001290,0.000279,0.001332,0.001555,0.000822,1,0.011961,0.006603,0.001290,0.000279,0.001332,0.001555,0.000822,2,0.036395,0.030252,0.022631,0.016234,0.020663,0.021924,0.027731,4,0.013559,0.009470,0.003793,0.002484,0.002480,0.002629,0.002661
S2,E98,LAGO MAYOR,2024-08-29,-16.105600,-69.110300,13.000000,1,0.013350,0.007612,0.002326,0.000693,0.003985,0.004023,0.001697,1,0.013350,0.007612,0.002326,0.000693,0.003985,0.004023,0.001697,2,0.013350,0.007612,0.002326,0.000693,0.003985,0.004023,0.001697,4,0.013350,0.007612,0.002326,0.000693,0.004402,0.005661,0.001697
S2,E99,LAGO MAYOR,2024-08-30,-16.074500,-69.074200,9.500000,0,,,,,,,,1,0.013184,0.008998,0.002249,0.000913,0.001849,0.002083,0.001244,2,0.028779,0.023320,0.013163,0.008589,0.004732,0.003881,0.009346,4,0.015044,0.012406,0.005963,0.004238,0.004137,0.003876,0.004806
S2,E100,LAGO MAYOR,2024-08-30,-16.005500,-68.995900,11.000000,0,,,,,,,,2,0.012771,0.007407,0.000606,0.000090,0.000692,0.000854,0.000338,4,0.012771,0.007407,0.000606,0.000090,0.001877,0.002139,0.000338,8,0.012771,0.007407,0.000606,0.000090,0.003149,0.003569,0.000338
S2,E103,LAGO MAYOR,2024-08-30,-15.939400,-68.901700,11.000000,0,,,,,,,,1,0.006751,0.004637,0.000000,0.000000,0.001002,0.001831,0.000000,2,0.006751,0.004637,0.000000,0.000000,0.001002,0.001831,0.000000,4,0.006751,0.004637,0.000000,0.000000,0.005344,0.006755,0.000000
S2,E105,LAGO MAYOR,2024-08-30,-15.986400,-68.801600,8.500000,0,,,,,,,,1,0.011970,0.012841,0.005746,0.002249,0.002500,0.002280,0.001890,2,0.018521,0.021586,0.010718,0.005705,0.007399,0.006216,0.006566,4,0.021655,0.028312,0.012733,0.004671,0.006734,0.006182,0.006452
S2,E113,LAGO MAYOR,2024-08-29,-16.217400,-69.136700,13.500000,1,0.011643,0.006166,0.001439,0.000635,0.001659,0.001551,0.000667,1,0.011643,0.006166,0.001439,0.000635,0.001659,0.001551,0.000667,2,0.026747,0.020024,0.011592,0.007504,0.003999,0.002174,0.008051,4,0.013114,0.009006,0.004111,0.002546,0.002601,0.002140,0.002951
S2,E117,LAGO MAYOR,2024-08-29,-16.165300,-69.102700,12.000000,1,0.014011,0.009362,0.003023,0.002165,0.003265,0.003122,0.002571,1,0.014011,0.009362,0.003023,0.002165,0.003265,0.003122,0.002571,2,0.024663,0.018283,0.009510,0.006373,0.003818,0.003175,0.006591,4,0.015716,0.012192,0.006288,0.005164,0.003818,0.003175,0.005505
S2,E120,LAGO MAYOR,2024-08-30,-16.126400,-68.933700,10.500000,0,,,,,,,,2,0.013933,0.008788,0.002885,0.001759,0.001859,0.002017,0.001055,4,0.013933,0.008788,0.002885,0.001759,0.001859,0.001949,0.001055,8,0.013933,0.008788,0.002885,0.001759,0.002003,0.001952,0.001068
S2,E121,LAGO MAYOR,2024-08-30,-16.206800,-68.864300,12.700000,0,,,,,,,,1,0.013903,0.010295,0.003409,0.001946,0.004591,0.004364,0.001939,2,0.013903,0.010295,0.003409,0.001946,0.004591,0.004364,0.001939,4,0.013903,0.010295,0.003409,0.001946,0.003677,0.003927,0.001932
S2,E122,LAGO MENOR,2024-08-31,-16.227600,-68.836100,11.000000,0,,,,,,,,2,0.010052,0.005387,0.000000,0.000000,0.002227,0.001519,0.000000,2,0.010052,0.005387,0.000000,0.000000,0.002227,0.001519,0.000000,4,0.010052,0.005387,0.000000,0.000000,0.003144,0.004906,0.000000
S2,E125,LAGO MENOR,2024-09-01,-16.262600,-68.784300,2.500000,0,,,,,,,,1,0.149131,0.215876,0.038000,0.000022,0.004797,0.009034,0.000042,2,0.084637,0.123298,0.022700,0.000981,0.003251,0.005242,0.000572,4,0.029207,0.044780,0.012226,0.000981,0.001661,0.001602,0.000572
S2,P02,LAGO MENOR,2024-09-01,-16.213500,-68.733000,9.500000,0,,,,,,,,1,,,,,,,,2,0.017478,0.019611,0.005903,0.003816,0.003678,0.003035,0.004103,4,0.017478,0.019514,0.005903,0.003816,0.003599,0.002994,0.003847
S2,P03,LAGO MENOR,2024-09-01,-16.215800,-68.691200,3.500000,0,,,,,,,,1,,,,,,,,2,0.015563,0.028213,0.003723,0.000000,0.002536,0.002894,0.000000,4,0.015563,0.028213,0.003723,0.000000,0.002599,0.002894,0.000000
S2,P04,LAGO MENOR,2024-09-01,-16.254400,-68.601200,1.500000,0,,,,,,,,1,0.006483,0.039529,0.003071,0.000000,0.004677,0.006433,0.000000,2,0.011006,0.036335,0.006227,0.000308,0.003246,0.004035,0.000325,4,0.011006,0.034970,0.006271,0.000308,0.002549,0.002574,0.000325
S2,E127,LAGO MENOR,2024-09-01,-16.218000,-68.622600,2.000000,0,,,,,,,,1,,,,,,,,2,0.036631,0.061368,0.013345,0.004063,0.002134,0.002526,0.002741,4,0.036631,0.061175,0.013890,0.006208,0.003407,0.003229,0.006384
S2,E129,LAGO MENOR,2024-08-31,-16.333900,-68.780800,4.500000,0,,,,,,,,4,0.019051,0.037429,0.013702,0.002574,0.001746,0.001590,0.001179,4,0.019051,0.037429,0.013702,0.002574,0.001746,0.001590,0.001179,8,0.019051,0.037429,0.013702,0.002574,0.001761,0.001595,0.001179
S2,E135,LAGO MENOR,2024-08-31,-16.265900,-69.060100,4.000000,0,,,,,,,,2,0.051505,0.045702,0.033328,0.030237,0.021602,0.014073,0.027477,2,0.051505,0.045702,0.033328,0.030237,0.021602,0.014073,0.027477,4,0.016071,0.016714,0.007797,0.005027,0.004651,0.004724,0.004864
S2,E138,LAGO MENOR,2024-08-31,-16.401100,-68.833400,4.500000,0,,,,,,,,2,0.023975,0.034791,0.014712,0.006753,0.003151,0.002787,0.003550,2,0.023975,0.034791,0.014712,0.006753,0.003151,0.002787,0.003550,4,0.021326,0.038143,0.013849,0.004620,0.002968,0.002663,0.003523
S2,P15,LAGO MENOR,2024-08-31,-16.311900,-68.849500,4.000000,0,,,,,,,,4,0.012409,0.021835,0.000791,0.000000,0.003355,0.004446,0.000000,4,0.012409,0.021835,0.000791,0.000000,0.003355,0.004446,0.000000,8,0.012409,0.021835,0.000791,0.000000,0.003355,0.004258,0.000000
S2,E142,LAGO MENOR,2024-08-31,-16.451500,-68.998000,4.000000,0,,,,,,,,4,0.031312,0.032125,0.015467,0.008371,0.003435,0.002783,0.006394,4,0.031312,0.032125,0.015467,0.008371,0.003435,0.002783,0.006394,8,0.018844,0.022290,0.007970,0.003384,0.002265,0.001978,0.003189
S2,E145,LAGO MENOR,2024-09-02,-16.513900,-68.977000,3.500000,2,0.062395,0.061962,0.035727,0.025390,0.010600,0.006211,0.019827,2,0.062395,0.061962,0.035727,0.025390,0.010600,0.006211,0.019827,4,0.041302,0.042779,0.021744,0.014922,0.007016,0.004818,0.011437,8,0.020332,0.024364,0.008096,0.003752,0.002458,0.002317,0.003531
S2,P10,LAGO MENOR,2024-09-02,-16.582100,-68.872300,3.000000,1,0.064944,0.068611,0.048834,0.035478,0.021307,0.018355,0.035353,1,0.064944,0.068611,0.048834,0.035478,0.021307,0.018355,0.035353,2,0.038490,0.043831,0.026907,0.018453,0.011851,0.010557,0.018288,4,0.015197,0.023509,0.008475,0.004007,0.002936,0.003161,0.004120
LS,E02,BAHIA PUNO,2013-10-04,-15.846100,-69.927100,5.000000,0,,,,,,,,0,,,,,,,,0,,,,,,,,0,,,,,,,
LS,E03,BAHIA PUNO,2013-10-04,-15.872800,-69.901200,5.000000,0,,,,,,,,0,,,,,,,,0,,,,,,,,0,,,,,,,
LS,E04,BAHIA PUNO,2013-10-04,-15.862800,-69.871000,6.000000,0,,,,,,,,0,,,,,,,,0,,,,,,,,0,,,,,,,
LS,E05,BAHIA PUNO,2013-10-05,-15.840000,-69.892300,7.000000,0,,,,,,,,0,,,,,,,,0,,,,,,,,0,,,,,,,
LS,E06,BAHIA PUNO,2013-10-05,-15.818300,-69.912400,6.000000,0,,,,,,,,0,,,,,,,,0,,,,,,,,0,,,,,,,
LS,E07,BAHIA PUNO,2013-10-05,-15.797400,-69.887400,7.000000,0,,,,,,,,0,,,,,,,,0,,,,,,,,0,,,,,,,
LS,E09,BAHIA PUNO,2013-10-05,-15.802300,-69.850700,6.900000,0,,,,,,,,0,,,,,,,,0,,,,,,,,0,,,,,,,
LS,E10,BAHIA PUNO,2013-10-05,-15.761100,-69.864200,7.000000,0,,,,,,,,0,,,,,,,,0,,,,,,,,0,,,,,,,
LS,E11,BAHIA PUNO,2013-10-05,-15.779000,-69.822600,6.500000,0,,,,,,,,0,,,,,,,,0,,,,,,,,0,,,,,,,
LS,E12,LAGO MAYOR,2013-10-05,-15.731800,-69.793600,7.000000,0,,,,,,,,0,,,,,,,,0,,,,,,,,0,,,,,,,
LS,E14,LAGO MAYOR,2013-10-05,-15.774000,-69.740000,6.300000,0,,,,,,,,0,,,,,,,,0,,,,,,,,0,,,,,,,
LS,E15,LAGO MAYOR,2013-10-06,-15.294100,-69.670900,5.500000,0,,,,,,,,0,,,,,,,,0,,,,,,,,0,,,,,,,
LS,E16,LAGO MAYOR,2013-10-06,-15.338400,-69.720800,5.500000,0,,,,,,,,0,,,,,,,,0,,,,,,,,0,,,,,,,
LS,E17,LAGO MAYOR,2013-10-06,-15.392800,-69.782200,7.500000,0,,,,,,,,0,,,,,,,,0,,,,,,,,0,,,,,,,
LS,E19,LAGO MAYOR,2013-10-06,-15.543500,-69.839100,7.100000,0,,,,,,,,0,,,,,,,,0,,,,,,,,0,,,,,,,
LS,E20,LAGO MAYOR,2013-10-06,-15.487300,-69.773100,6.500000,0,,,,,,,,0,,,,,,,,0,,,,,,,,0,,,,,,,
LS,E21,LAGO MAYOR,2013-10-06,-15.433900,-69.710500,7.500000,0,,,,,,,,0,,,,,,,,0,,,,,,,,0,,,,,,,
LS,E22,LAGO MAYOR,2013-10-06,-15.372200,-69.638000,7.000000,0,,,,,,,,0,,,,,,,,0,,,,,,,,0,,,,,,,
LS,E23,LAGO MAYOR,2013-10-07,-15.384500,-69.536700,5.400000,0,,,,,,,,0,,,,,,,,0,,,,,,,,0,,,,,,,
LS,E24,LAGO MAYOR,2013-10-07,-15.437400,-69.596600,7.500000,0,,,,,,,,0,,,,,,,,0,,,,,,,,0,,,,,,,
LS,E25,LAGO MAYOR,2013-10-07,-15.494400,-69.661100,7.000000,0,,,,,,,,0,,,,,,,,0,,,,,,,,0,,,,,,,
LS,E26,LAGO MAYOR,2013-10-07,-15.556000,-69.730900,8.700000,0,,,,,,,,0,,,,,,,,0,,,,,,,,0,,,,,,,
LS,E27,LAGO MAYOR,2013-10-07,-15.611200,-69.793500,6.000000,0,,,,,,,,0,,,,,,,,0,,,,,,,,0,,,,,,,
LS,E28,LAGO MAYOR,2013-10-08,-15.710400,-69.738500,7.000000,0,,,,,,,,0,,,,,,,,0,,,,,,,,0,,,,,,,
LS,E29,LAGO MAYOR,2013-10-08,-15.661200,-69.680200,7.500000,0,,,,,,,,0,,,,,,,,0,,,,,,,,0,,,,,,,
LS,E30,LAGO MAYOR,2013-10-08,-15.611900,-69.621700,8.500000,0,,,,,,,,0,,,,,,,,0,,,,,,,,0,,,,,,,
LS,E31,LAGO MAYOR,2013-10-08,-15.563200,-69.563900,8.500000,0,,,,,,,,0,,,,,,,,0,,,,,,,,0,,,,,,,
LS,E32,LAGO MAYOR,2013-10-08,-15.523500,-69.515900,9.000000,0,,,,,,,,0,,,,,,,,0,,,,,,,,0,,,,,,,
LS,E33,LAGO MAYOR,2013-10-08,-15.478300,-69.462100,7.000000,0,,,,,,,,0,,,,,,,,0,,,,,,,,0,,,,,,,
LS,E34,LAGO MAYOR,2013-10-09,-15.537300,-69.360100,7.000000,0,,,,,,,,0,,,,,,,,0,,,,,,,,0,,,,,,,
LS,E35,LAGO MAYOR,2013-10-09,-15.603600,-69.441100,7.500000,0,,,,,,,,0,,,,,,,,0,,,,,,,,0,,,,,,,
LS,E36,LAGO MAYOR,2013-10-09,-15.669800,-69.521900,8.000000,0,,,,,,,,0,,,,,,,,0,,,,,,,,0,,,,,,,
LS,E37,LAGO MAYOR,2013-10-09,-15.736600,-69.603500,6.300000,0,,,,,,,,0,,,,,,,,0,,,,,,,,0,,,,,,,
LS,E38,LAGO MAYOR,2013-10-09,-15.802800,-69.684300,7.100000,0,,,,,,,,0,,,,,,,,0,,,,,,,,0,,,,,,,
LS,E39,LAGO MAYOR,2013-10-09,-15.863900,-69.758000,5.500000,0,,,,,,,,0,,,,,,,,0,,,,,,,,0,,,,,,,
LS,E40,LAGO MAYOR,2013-10-10,-15.914200,-69.660700,5.000000,0,,,,,,,,0,,,,,,,,0,,,,,,,,1,0.028391,0.051263,0.042466,0.053192,0.058414,0.056756,
LS,E41,LAGO MAYOR,2013-10-10,-15.857500,-69.589700,7.000000,0,,,,,,,,0,,,,,,,,0,,,,,,,,1,-0.000848,0.015135,0.005701,0.010159,0.022341,0.024606,
LS,E42,LAGO MAYOR,2013-10-10,-15.799300,-69.516800,8.500000,0,,,,,,,,0,,,,,,,,0,,,,,,,,1,0.001431,0.015663,0.007190,0.011270,0.022520,0.024410,
LS,E43,LAGO MAYOR,2013-10-10,-15.744000,-69.447700,6.500000,0,,,,,,,,0,,,,,,,,0,,,,,,,,1,0.005408,0.015022,0.005927,0.008084,0.016704,0.018409,
LS,E44,LAGO MAYOR,2013-10-10,-15.685700,-69.374800,8.000000,0,,,,,,,,0,,,,,,,,0,,,,,,,,1,0.014626,0.032361,0.024732,0.030247,0.038654,0.039247,
LS,E45,LAGO MAYOR,2013-10-10,-15.627600,-69.302000,9.000000,0,,,,,,,,0,,,,,,,,0,,,,,,,,1,0.049847,0.066284,0.063451,0.070765,0.062916,0.057355,
LS,E46,LAGO MAYOR,2013-10-11,-15.706600,-69.236200,5.900000,0,,,,,,,,0,,,,,,,,0,,,,,,,,1,,,,,,,
LS,E47,LAGO MAYOR,2013-10-11,-15.762900,-69.305900,7.000000,0,,,,,,,,0,,,,,,,,0,,,,,,,,1,0.018865,0.036030,0.027452,0.031728,0.041001,0.040507,
LS,E48,LAGO MAYOR,2013-10-11,-15.822100,-69.380100,8.100000,0,,,,,,,,0,,,,,,,,0,,,,,,,,1,-0.018521,0.005383,-0.004724,0.002620,0.019138,0.021545,
LS,E49,LAGO MAYOR,2013-10-11,-15.888200,-69.461900,7.500000,0,,,,,,,,0,,,,,,,,0,,,,,,,,1,0.011659,0.031931,0.022021,0.028912,0.037565,0.038836,
LS,E50,LAGO MAYOR,2013-10-11,-15.946400,-69.532900,5.700000,0,,,,,,,,0,,,,,,,,0,,,,,,,,1,0.011514,0.023304,0.012295,0.014727,0.024423,0.024060,
LS,E51,LAGO MAYOR,2013-10-12,-15.983100,-69.419400,7.000000,0,,,,,,,,0,,,,,,,,0,,,,,,,,1,0.009527,0.021608,0.012759,0.015047,0.024845,0.025128,
LS,E52,LAGO MAYOR,2013-10-12,-15.938400,-69.363700,6.800000,0,,,,,,,,0,,,,,,,,0,,,,,,,,1,0.005548,0.027280,0.017981,0.025459,0.035801,0.037234,
LS,E53,LAGO MAYOR,2013-10-12,-15.886200,-69.298700,8.000000,0,,,,,,,,0,,,,,,,,0,,,,,,,,1,0.002971,0.015783,0.006665,0.009074,0.018333,0.019976,
LS,E54,LAGO MAYOR,2013-10-12,-15.835300,-69.235300,8.100000,0,,,,,,,,0,,,,,,,,0,,,,,,,,1,0.015107,0.032997,0.024231,0.029554,0.038080,0.038545,
LS,E55,LAGO MAYOR,2013-10-12,-15.790600,-69.180500,8.000000,0,,,,,,,,0,,,,,,,,0,,,,,,,,1,0.020353,0.040073,0.032047,0.036752,0.048283,0.046305,
LS,E56,LAGO MAYOR,2013-10-12,-15.745600,-69.123600,5.500000,0,,,,,,,,0,,,,,,,,0,,,,,,,,1,0.006446,0.024011,0.015900,0.020645,0.033749,0.032895,
LS,E57,LAGO MAYOR,2013-10-12,-15.811600,-69.045600,8.000000,0,,,,,,,,0,,,,,,,,0,,,,,,,,1,0.042436,0.051919,0.047401,0.050450,0.050141,0.043637,
LS,E58,LAGO MAYOR,2013-10-12,-15.885000,-69.136500,9.000000,0,,,,,,,,0,,,,,,,,0,,,,,,,,1,0.018931,0.036791,0.028189,0.031548,0.043086,0.042120,
LS,E59,LAGO MAYOR,2013-10-13,-15.958800,-69.227700,6.000000,0,,,,,,,,0,,,,,,,,0,,,,,,,,1,,,,,,,
LS,E60,LAGO MAYOR,2013-10-13,-16.033400,-69.320000,7.000000,0,,,,,,,,0,,,,,,,,0,,,,,,,,1,0.006603,0.013760,0.005629,0.005592,0.012142,0.012915,
LS,E61,LAGO MAYOR,2013-10-13,-16.108400,-69.412700,6.000000,0,,,,,,,,0,,,,,,,,0,,,,,,,,1,0.010771,0.035671,0.025145,0.032494,0.045346,0.043648,
LS,E62,LAGO MAYOR,2013-10-13,-16.177000,-69.475700,7.000000,0,,,,,,,,0,,,,,,,,0,,,,,,,,1,0.062055,0.075348,0.070388,0.078466,0.074093,0.065086,
LS,E63,LAGO MAYOR,2013-10-13,-16.156600,-69.356200,7.000000,0,,,,,,,,0,,,,,,,,0,,,,,,,,1,0.004874,0.017209,0.008501,0.011540,0.021519,0.022045,
LS,E64,LAGO MAYOR,2013-10-13,-16.229200,-69.272700,7.000000,0,,,,,,,,0,,,,,,,,0,,,,,,,,1,0.002505,0.015559,0.007726,0.011862,0.022225,0.022826,
LS,E65,LAGO MAYOR,2013-10-14,-16.116700,-69.240200,7.000000,0,,,,,,,,0,,,,,,,,0,,,,,,,,1,0.003487,0.018523,0.008684,0.012867,0.020859,0.022981,
LS,E66,LAGO MAYOR,2013-10-14,-16.207600,-69.145700,6.500000,0,,,,,,,,0,,,,,,,,0,,,,,,,,1,0.006577,0.023159,0.013942,0.021121,0.031197,0.032267,
LS,E67,LAGO MAYOR,2013-10-14,-16.070400,-69.148900,7.000000,0,,,,,,,,0,,,,,,,,0,,,,,,,,1,-0.109484,-0.034753,-0.043783,-0.019265,0.011727,0.015097,
LS,E68,LAGO MAYOR,2013-10-14,-16.003300,-69.136500,7.200000,0,,,,,,,,0,,,,,,,,0,,,,,,,,1,0.014498,0.033883,0.024643,0.030899,0.040325,0.041132,
LS,E69,LAGO MAYOR,2013-10-14,-15.948300,-69.066700,6.500000,0,,,,,,,,0,,,,,,,,0,,,,,,,,1,0.025041,0.043612,0.034361,0.039688,0.046433,0.046356,
LS,E70,LAGO MAYOR,2013-10-14,-15.893300,-68.995800,6.000000,0,,,,,,,,0,,,,,,,,0,,,,,,,,1,0.016176,0.035719,0.026294,0.032848,0.042327,0.041386,
LS,E71,LAGO MAYOR,2013-10-14,-15.983300,-68.858300,5.000000,0,,,,,,,,0,,,,,,,,0,,,,,,,,1,0.028839,0.044677,0.037849,0.041882,0.048439,0.045716,
LS,E72,LAGO MAYOR,2013-10-15,-16.038300,-68.925800,6.000000,0,,,,,,,,0,,,,,,,,1,0.008181,0.017061,0.009569,0.011326,0.017487,0.018518,,1,0.008181,0.017061,0.009569,0.011326,0.017487,0.018518,
LS,E73,LAGO MAYOR,2013-10-15,-16.057700,-69.036000,5.500000,0,,,,,,,,0,,,,,,,,1,0.006544,0.013508,0.007468,0.009084,0.015381,0.016141,,1,0.006544,0.013508,0.007468,0.009084,0.015381,0.016141,
LS,E74,LAGO MAYOR,2013-10-15,-16.123200,-68.960200,8.400000,0,,,,,,,,0,,,,,,,,1,0.001495,0.010687,0.002797,0.004580,0.014164,0.015241,,1,0.001495,0.010687,0.002797,0.004580,0.014164,0.015241,
LS,E75,LAGO MAYOR,2013-10-15,-16.180600,-68.892600,6.000000,0,,,,,,,,0,,,,,,,,1,0.020547,0.024960,0.017918,0.019912,0.024667,0.024288,,1,0.020547,0.024960,0.017918,0.019912,0.024667,0.024288,
LS,E76,LAGO MENOR,2013-10-15,-16.232000,-68.829500,5.500000,0,,,,,,,,0,,,,,,,,1,0.058199,0.071278,0.065114,0.066060,0.067160,0.059392,,1,0.058199,0.071278,0.065114,0.066060,0.067160,0.059392,
LS,E77,LAGO MENOR,2013-10-15,-16.188300,-68.795800,5.000000,0,,,,,,,,0,,,,,,,,1,0.035007,0.047660,0.040473,0.040553,0.046072,0.041779,,1,0.035007,0.047660,0.040473,0.040553,0.046072,0.041779,
LS,E79,LAGO MENOR,2013-10-15,-16.242500,-68.768600,5.400000,0,,,,,,,,0,,,,,,,,1,0.005488,0.027888,0.019756,0.021722,0.034830,0.033610,,1,0.005488,0.027888,0.019756,0.021722,0.034830,0.033610,
LS,E80,LAGO MENOR,2013-10-15,-16.270300,-68.827300,5.100000,0,,,,,,,,0,,,,,,,,1,0.015350,0.028834,0.004559,-0.001923,0.004245,0.005690,,1,0.015350,0.028834,0.004559,-0.001923,0.004245,0.005690,
LS,E81,LAGO MENOR,2013-10-15,-16.306600,-68.871600,4.500000,0,,,,,,,,0,,,,,,,,1,0.031349,0.036113,0.023436,0.022707,0.024384,0.022267,,1,0.031349,0.036113,0.023436,0.022707,0.024384,0.022267,
LS,E82,LAGO MENOR,2013-10-16,-16.268200,-68.959800,5.500000,0,,,,,,,,0,,,,,,,,1,0.005561,0.010979,0.000391,-0.000255,0.005300,0.006378,,1,0.005561,0.010979,0.000391,-0.000255,0.005300,0.006378,
LS,E83,LAGO MENOR,2013-10-16,-16.313000,-69.014900,6.000000,0,,,,,,,,0,,,,,,,,1,0.001371,0.024493,0.014395,0.020140,0.031277,0.029904,,1,0.001371,0.024493,0.014395,0.020140,0.031277,0.029904,
LS,E84,LAGO MENOR,2013-10-15,-16.341900,-68.910200,6.000000,0,,,,,,,,0,,,,,,,,1,0.003602,0.011115,0.000400,0.000826,0.007985,0.009232,,1,0.003602,0.011115,0.000400,0.000826,0.007985,0.009232,
LS,E85,LAGO MENOR,2013-10-16,-16.420300,-68.921400,6.300000,0,,,,,,,,0,,,,,,,,1,0.008266,0.014759,0.002860,0.002345,0.008168,0.008872,,1,0.008266,0.014759,0.002860,0.002345,0.008168,0.008872,
LS,E87,LAGO MENOR,2013-10-16,-16.496400,-68.971000,6.000000,0,,,,,,,,0,,,,,,,,1,0.010308,0.019108,0.006240,0.006031,0.013154,0.013620,,1,0.010308,0.019108,0.006240,0.006031,0.013154,0.013620,
LS,E03,BAHIA PUNO,2014-07-19,-15.846100,-69.927100,6.000000,1,0.008149,0.010093,0.000971,-0.001623,0.000577,0.000841,,1,0.008149,0.010093,0.000971,-0.001623,0.000577,0.000841,,1,0.008149,0.010093,0.000971,-0.001623,0.000577,0.000841,,1,0.008149,0.010093,0.000971,-0.001623,0.000577,0.000841,
LS,E05,BAHIA PUNO,2014-07-19,-15.840000,-69.892300,7.000000,1,,,,,,,,1,,,,,,,,1,,,,,,,,1,,,,,,,
LS,E07,BAHIA PUNO,2014-07-19,-15.768200,-69.851800,7.000000,1,0.007399,0.010429,0.000857,-0.001144,0.002532,0.002926,,1,0.007399,0.010429,0.000857,-0.001144,0.002532,0.002926,,1,0.007399,0.010429,0.000857,-0.001144,0.002532,0.002926,,1,0.007399,0.010429,0.000857,-0.001144,0.002532,0.002926,
LS,E08,BAHIA PUNO,2014-07-20,-15.723600,-69.807200,6.500000,0,,,,,,,,1,0.009758,0.016701,0.001780,-0.000665,0.001440,0.001803,,1,0.009758,0.016701,0.001780,-0.000665,0.001440,0.001803,,1,0.009758,0.016701,0.001780,-0.000665,0.001440,0.001803,
LS,E09,LAGO MAYOR,2014-07-20,-15.795400,-69.792200,8.000000,0,,,,,,,,1,0.006662,0.010741,0.003067,0.003154,0.006488,0.006851,,1,0.006662,0.010741,0.003067,0.003154,0.006488,0.006851,,1,0.006662,0.010741,0.003067,0.003154,0.006488,0.006851,
LS,E10,LAGO MAYOR,2014-07-20,-15.774000,-69.740000,8.500000,0,,,,,,,,1,0.004763,0.007481,0.000047,-0.000771,0.002858,0.003317,,1,0.004763,0.007481,0.000047,-0.000771,0.002858,0.003317,,1,0.004763,0.007481,0.000047,-0.000771,0.002858,0.003317,
LS,E12,LAGO MAYOR,2014-07-21,-15.411200,-69.793500,8.000000,0,,,,,,,,1,0.010132,0.009622,0.001509,-0.001083,0.000247,0.000464,,1,0.010132,0.009622,0.001509,-0.001083,0.000247,0.000464,,1,0.010132,0.009622,0.001509,-0.001083,0.000247,0.000464,
LS,E13,LAGO MAYOR,2014-07-21,-15.335800,-69.736300,9.500000,0,,,,,,,,1,0.014363,0.013743,0.002163,-0.000984,0.000537,0.000574,,1,0.014363,0.013743,0.002163,-0.000984,0.000537,0.000574,,1,0.014363,0.013743,0.002163,-0.000984,0.000537,0.000574,
LS,E14,LAGO MAYOR,2014-07-20,-15.350100,-69.643300,9.000000,0,,,,,,,,1,0.010486,0.009487,0.000763,-0.000987,0.000519,0.000714,,1,0.010486,0.009487,0.000763,-0.000987,0.000519,0.000714,,1,0.010486,0.009487,0.000763,-0.000987,0.000519,0.000714,
LS,E15,LAGO MAYOR,2014-07-22,-15.384500,-69.536700,8.000000,0,,,,,,,,0,,,,,,,,1,0.009037,0.009126,0.001091,-0.000326,0.001041,0.000992,,1,0.009037,0.009126,0.001091,-0.000326,0.001041,0.000992,
LS,E16,LAGO MAYOR,2014-07-21,-15.438700,-69.601000,12.200000,0,,,,,,,,1,0.029132,0.037196,0.028179,0.032350,0.052106,0.036361,,1,0.029132,0.037196,0.028179,0.032350,0.052106,0.036361,,1,0.029132,0.037196,0.028179,0.032350,0.052106,0.036361,
LS,E17,LAGO MAYOR,2014-07-22,-15.494600,-69.667400,10.500000,0,,,,,,,,0,,,,,,,,1,0.002471,0.007016,0.000124,0.000373,0.006102,0.005661,,1,0.002471,0.007016,0.000124,0.000373,0.006102,0.005661,
LS,E18,LAGO MAYOR,2014-07-22,-15.550000,-69.733200,12.000000,0,,,,,,,,0,,,,,,,,1,0.009469,0.008024,0.001149,-0.000963,0.000509,0.000495,,1,0.009469,0.008024,0.001149,-0.000963,0.000509,0.000495,
LS,E19,LAGO MAYOR,2014-07-22,-15.604700,-69.798100,12.400000,0,,,,,,,,0,,,,,,,,1,0.011263,0.009817,0.002238,-0.000202,0.000908,0.000820,,1,0.011263,0.009817,0.002238,-0.000202,0.000908,0.000820,
LS,E20,LAGO MAYOR,2014-07-23,-15.710400,-69.738500,8.500000,0,,,,,,,,0,,,,,,,,1,0.016560,0.021829,0.015435,0.017282,0.017150,0.016712,,1,0.016560,0.021829,0.015435,0.017282,0.017150,0.016712,
LS,E21,LAGO MAYOR,2014-07-23,-15.661200,-69.680200,9.400000,0,,,,,,,,0,,,,,,,,1,0.005758,0.007751,0.000789,-0.000075,0.003017,0.003429,,1,0.005758,0.007751,0.000789,-0.000075,0.003017,0.003429,
LS,E22,LAGO MAYOR,2014-07-23,-15.611900,-69.621700,10.000000,0,,,,,,,,0,,,,,,,,1,0.008820,0.008058,0.001387,-0.000761,0.001038,0.001341,,1,0.008820,0.008058,0.001387,-0.000761,0.001038,0.001341,
LS,E23,LAGO MAYOR,2014-07-23,-15.563200,-69.563900,10.200000,0,,,,,,,,0,,,,,,,,1,0.006777,0.007021,0.000331,-0.000987,0.001618,0.002001,,1,0.006777,0.007021,0.000331,-0.000987,0.001618,0.002001,
LS,E24,LAGO MAYOR,2014-07-23,-15.514000,-69.505500,10.600000,0,,,,,,,,0,,,,,,,,1,0.007211,0.006602,-0.000042,-0.001514,0.000367,0.000654,,1,0.007211,0.006602,-0.000042,-0.001514,0.000367,0.000654,
LS,E25,LAGO MAYOR,2014-07-23,-15.466500,-69.449100,9.500000,0,,,,,,,,0,,,,,,,,1,0.006411,0.006936,0.000431,-0.000965,0.000725,0.000848,,1,0.006411,0.006936,0.000431,-0.000965,0.000725,0.000848,
LS,E26,LAGO MAYOR,2014-07-23,-15.537300,-69.360100,8.000000,0,,,,,,,,0,,,,,,,,1,0.004853,0.006386,0.000057,-0.000869,0.001315,0.001600,,1,0.004853,0.006386,0.000057,-0.000869,0.001315,0.001600,
LS,E27,LAGO MAYOR,2014-07-23,-15.603600,-69.441100,10.000000,0,,,,,,,,0,,,,,,,,1,0.005628,0.006737,-0.000067,-0.001593,0.001318,0.001782,,1,0.005628,0.006737,-0.000067,-0.001593,0.001318,0.001782,
LS,E28,LAGO MAYOR,2014-07-24,-15.669800,-69.521900,11.400000,0,,,,,,,,0,,,,,,,,0,,,,,,,,1,0.010722,0.008972,0.002256,-0.000231,0.000872,0.001065,
LS,E29,LAGO MAYOR,2014-07-24,-15.736600,-69.603500,10.400000,0,,,,,,,,0,,,,,,,,0,,,,,,,,1,0.008089,0.008215,0.000456,-0.001429,0.000719,0.001105,
LS,E30,LAGO MAYOR,2014-07-24,-15.802800,-69.684300,11.600000,0,,,,,,,,0,,,,,,,,0,,,,,,,,1,0.004725,0.009453,0.000904,0.000684,0.005137,0.006283,
LS,E31,LAGO MAYOR,2014-07-24,-15.869600,-69.765800,10.800000,0,,,,,,,,0,,,,,,,,0,,,,,,,,1,-0.030009,0.023788,0.017150,0.037617,0.046268,0.041695,
LS,E32,LAGO MAYOR,2014-07-25,-15.926700,-69.677200,10.000000,0,,,,,,,,0,,,,,,,,0,,,,,,,,2,0.007817,0.009189,0.000713,-0.001304,0.000538,0.000923,
LS,E33,LAGO MAYOR,2014-07-25,-15.877900,-69.616200,10.500000,0,,,,,,,,0,,,,,,,,0,,,,,,,,2,0.008787,0.008049,0.001202,-0.000595,0.001009,0.001128,
LS,E34,LAGO MAYOR,2014-07-25,-15.828600,-69.554500,10.000000,0,,,,,,,,0,,,,,,,,0,,,,,,,,2,0.005392,0.006143,-0.000177,-0.001210,0.000571,0.000858,
LS,E35,LAGO MAYOR,2014-07-25,-15.779300,-69.492800,10.000000,0,,,,,,,,0,,,,,,,,0,,,,,,,,2,0.004432,0.004966,-0.000400,-0.001421,0.001442,0.001534,
LS,E36,LAGO MAYOR,2014-07-25,-15.730300,-69.431500,10.500000,0,,,,,,,,0,,,,,,,,0,,,,,,,,2,0.005190,0.006250,0.000725,-0.000335,0.002471,0.002491,
LS,E37,LAGO MAYOR,2014-07-25,-15.681200,-69.370000,11.000000,0,,,,,,,,0,,,,,,,,0,,,,,,,,2,0.006654,0.007971,0.000945,-0.000820,0.001866,0.002057,
LS,E39,LAGO MAYOR,2014-07-25,-15.756800,-69.299300,10.000000,0,,,,,,,,0,,,,,,,,0,,,,,,,,2,0.004435,0.006057,0.000136,-0.000932,0.001754,0.001897,
LS,E40,LAGO MAYOR,2014-07-26,-15.822100,-69.380100,11.000000,0,,,,,,,,0,,,,,,,,0,,,,,,,,2,0.004094,0.005716,-0.000521,-0.001358,0.001061,0.001513,
LS,E41,LAGO MAYOR,2014-07-26,-15.888200,-69.461900,11.000000,0,,,,,,,,0,,,,,,,,0,,,,,,,,2,0.007645,0.007425,0.001433,-0.000420,0.001159,0.001243,
LS,E42,LAGO MAYOR,2014-07-26,-15.953400,-69.542500,7.000000,0,,,,,,,,0,,,,,,,,0,,,,,,,,2,0.009692,0.010905,0.001583,-0.001087,0.000751,0.000957,
LS,E44,LAGO MAYOR,2014-07-27,-15.945500,-69.373500,11.000000,0,,,,,,,,0,,,,,,,,0,,,,,,,,2,0.008655,0.008490,0.001445,-0.000385,0.001124,0.000929,
LS,E45,LAGO MAYOR,2017-07-27,-15.893900,-69.309200,11.000000,1,0.004294,0.005479,-0.000220,-0.001120,0.001354,0.001436,,1,0.004294,0.005479,-0.000220,-0.001120,0.001354,0.001436,,1,0.004294,0.005479,-0.000220,-0.001120,0.001354,0.001436,,1,0.004294,0.005479,-0.000220,-0.001120,0.001354,0.001436,
LS,E46,LAGO MAYOR,2014-07-27,-15.842200,-69.244800,11.000000,0,,,,,,,,0,,,,,,,,0,,,,,,,,2,0.003895,0.007479,0.000381,-0.000275,0.004248,0.004755,
LS,E47,LAGO MAYOR,2014-07-27,-15.790600,-69.180500,11.000000,0,,,,,,,,0,,,,,,,,0,,,,,,,,2,0.003348,0.005889,-0.000333,-0.001081,0.002879,0.003267,
LS,E48,LAGO MAYOR,2014-07-27,-15.738700,-69.115900,7.400000,0,,,,,,,,0,,,,,,,,0,,,,,,,,2,0.004087,0.007656,-0.000899,-0.001742,0.001987,0.002444,
LS,E49,LAGO MAYOR,2014-07-27,-15.811600,-69.045600,10.000000,0,,,,,,,,0,,,,,,,,0,,,,,,,,2,0.003054,0.006369,-0.000330,-0.001134,0.001247,0.001223,
LS,E50,LAGO MAYOR,2014-07-27,-15.885000,-69.136500,10.200000,0,,,,,,,,0,,,,,,,,0,,,,,,,,2,0.003704,0.005420,-0.000439,-0.001203,0.001171,0.001706,
LS,E51,LAGO MAYOR,2014-07-28,-15.958800,-69.227700,11.500000,0,,,,,,,,0,,,,,,,,0,,,,,,,,2,0.009606,0.010389,0.000679,0.000686,0.002915,0.003541,
LS,E52,LAGO MAYOR,2014-07-28,-16.033400,-69.320000,13.000000,0,,,,,,,,0,,,,,,,,0,,,,,,,,2,0.006139,0.007392,0.000628,-0.001224,0.000967,0.001198,
LS,E53,LAGO MAYOR,2014-07-28,-16.108400,-69.412700,11.000000,0,,,,,,,,0,,,,,,,,0,,,,,,,,2,0.006070,0.006846,0.000952,-0.000795,0.000745,0.000748,
LS,E54,LAGO MAYOR,2014-07-28,-16.183900,-69.506100,10.500000,0,,,,,,,,0,,,,,,,,0,,,,,,,,2,0.006917,0.009164,0.001201,-0.000521,0.001636,0.001703,
LS,E55,LAGO MAYOR,2014-07-28,-16.156600,-69.356200,9.500000,0,,,,,,,,0,,,,,,,,0,,,,,,,,2,0.006487,0.007320,0.000744,-0.001048,0.000847,0.000961,
LS,E56,LAGO MAYOR,2014-07-28,-16.229200,-69.272700,9.200000,0,,,,,,,,0,,,,,,,,0,,,,,,,,2,0.006627,0.007780,0.001239,-0.000594,0.001079,0.001075,
LS,E57,LAGO MAYOR,2014-07-20,-16.116700,-69.240200,9.500000,0,,,,,,,,1,0.008278,0.008707,0.001687,-0.000121,0.001446,0.001497,,1,0.008278,0.008707,0.001687,-0.000121,0.001446,0.001497,,1,0.008278,0.008707,0.001687,-0.000121,0.001446,0.001497,
LS,E58,LAGO MAYOR,2014-07-29,-16.207600,-69.145700,10.000000,0,,,,,,,,0,,,,,,,,0,,,,,,,,1,0.006049,0.007364,0.001183,-0.000399,0.000517,0.000604,
LS,E59,LAGO MAYOR,2014-07-29,-16.070400,-69.148900,10.600000,0,,,,,,,,0,,,,,,,,0,,,,,,,,1,0.006401,0.007497,0.000887,-0.000437,0.000645,0.000639,
LS,E60,LAGO MAYOR,2014-07-29,-16.003300,-69.137500,11.200000,0,,,,,,,,0,,,,,,,,0,,,,,,,,1,0.003374,0.005773,-0.000871,-0.001598,0.000894,0.000927,
LS,E61,LAGO MAYOR,2014-07-29,-15.948300,-69.066700,11.000000,0,,,,,,,,0,,,,,,,,0,,,,,,,,1,0.003393,0.006315,-0.000095,-0.001309,0.001388,0.001289,
LS,E62,LAGO MAYOR,2014-07-29,-15.893300,-68.995800,10.000000,0,,,,,,,,0,,,,,,,,0,,,,,,,,1,0.002320,0.005475,0.000503,-0.000544,0.001944,0.002049,
LS,E63,LAGO MAYOR,2014-07-29,-15.938300,-68.927100,10.200000,0,,,,,,,,0,,,,,,,,0,,,,,,,,1,0.004623,0.006016,0.000562,-0.000544,0.000785,0.000911,
LS,E64,LAGO MAYOR,2014-07-29,-15.983300,-68.858300,9.500000,0,,,,,,,,1,,,,,,,,1,,,,,,,,2,0.005909,0.007564,0.001256,-0.000392,0.000833,0.000404,
LS,E65,LAGO MAYOR,2014-07-30,-16.019200,-68.943400,9.500000,0,,,,,,,,0,,,,,,,,1,0.005847,0.006548,0.000939,-0.000297,0.001058,0.000907,,1,0.005847,0.006548,0.000939,-0.000297,0.001058,0.000907,
LS,E66,LAGO MAYOR,2014-07-30,-16.055100,-69.028500,11.000000,0,,,,,,,,0,,,,,,,,1,0.002414,0.005608,-0.000537,-0.001457,0.000835,0.001026,,1,0.002414,0.005608,-0.000537,-0.001457,0.000835,0.001026,
LS,E67,LAGO MAYOR,2014-07-30,-16.120400,-68.957700,9.000000,0,,,,,,,,0,,,,,,,,1,0.006762,0.007709,0.001397,-0.000273,0.000955,0.000758,,1,0.006762,0.007709,0.001397,-0.000273,0.000955,0.000758,
LS,E68,LAGO MAYOR,2014-07-30,-16.180600,-68.892600,10.000000,0,,,,,,,,1,0.001728,0.004536,0.000378,-0.000032,0.000567,0.000423,,2,0.003769,0.006094,0.000923,-0.000147,0.000817,0.000606,,2,0.003769,0.006094,0.000923,-0.000147,0.000817,0.000606,
LS,E69,LAGO MAYOR,2014-07-30,-16.232000,-68.829500,8.000000,0,,,,,,,,1,0.001082,0.005627,0.000600,0.000145,0.001131,0.000876,,2,0.001833,0.005864,-0.000092,-0.000808,0.001123,0.001002,,2,0.001833,0.005864,-0.000092,-0.000808,0.001123,0.001002,
LS,E70,LAGO MAYOR,2014-07-30,-16.188300,-68.795800,5.000000,0,,,,,,,,1,0.000396,0.007559,0.001325,0.000409,0.001158,0.000556,,2,0.002162,0.008904,0.002062,0.000408,0.001317,0.000838,,2,0.002162,0.008904,0.002062,0.000408,0.001317,0.000838,
LS,E71,LAGO MAYOR,2014-07-30,-16.216500,-68.733500,5.500000,0,,,,,,,,1,-0.000749,0.006942,-0.000219,-0.000961,0.000610,0.000510,,1,-0.000749,0.006942,-0.000219,-0.000961,0.000610,0.000510,,1,-0.000749,0.006942,-0.000219,-0.000961,0.000610,0.000510,
LS,E74,LAGO MENOR,2014-07-30,-16.268200,-68.959800,6.500000,0,,,,,,,,1,0.004959,0.010629,0.002237,0.000236,0.000497,0.000406,,2,0.005016,0.010398,0.001226,-0.000782,0.000485,0.000494,,2,0.005016,0.010398,0.001226,-0.000782,0.000485,0.000494,
LS,E75,LAGO MENOR,2014-07-30,-16.313000,-69.014900,6.000000,0,,,,,,,,0,,,,,,,,1,0.005311,0.010842,0.000938,-0.001470,0.000554,0.000954,,1,0.005311,0.010842,0.000938,-0.001470,0.000554,0.000954,
LS,E76,LAGO MENOR,2014-07-30,-16.343900,-68.876000,5.000000,0,,,,,,,,2,0.010003,0.013564,0.002839,0.000377,0.000913,0.000559,,3,0.013813,0.014757,0.002730,-0.000023,0.000779,0.000621,,3,0.013813,0.014757,0.002730,-0.000023,0.000779,0.000621,
LS,E77,LAGO MENOR,2014-07-31,-16.417100,-68.961100,6.000000,0,,,,,,,,0,,,,,,,,3,0.006443,0.011212,0.002040,-0.000465,0.000556,0.000290,,3,0.006443,0.011212,0.002040,-0.000465,0.000556,0.000290,
LS,E79,LAGO MENOR,2014-07-31,-16.509200,-68.967100,6.000000,0,,,,,,,,0,,,,,,,,3,0.009476,0.013737,0.002229,-0.000306,0.000518,0.000440,,3,0.009476,0.013737,0.002229,-0.000306,0.000518,0.000440,
LS,E80,LAGO MENOR,2014-07-31,-16.487700,-69.040600,6.000000,0,,,,,,,,0,,,,,,,,3,0.006919,0.012505,0.001153,-0.001829,0.000468,0.000769,,3,0.006919,0.012505,0.001153,-0.001829,0.000468,0.000769,
LS,E02,BAHIA PUNO,2015-07-14,-15.848200,-69.918200,6.500000,0,,,,,,,,0,,,,,,,,0,,,,,,,,2,0.009958,0.009861,0.001111,-0.000594,0.000920,0.000876,
LS,E05,BAHIA PUNO,2015-07-15,-15.839800,-69.891800,7.000000,0,,,,,,,,0,,,,,,,,0,,,,,,,,2,0.009195,0.009630,0.000880,-0.001140,0.000666,0.000814,
LS,E08,BAHIA PUNO,2015-07-15,-15.801000,-69.872400,8.000000,0,,,,,,,,0,,,,,,,,0,,,,,,,,2,0.008477,0.008895,0.000745,-0.001509,0.000445,0.000748,
LS,E12,BAHIA PUNO,2015-07-15,-15.759100,-69.825300,8.000000,0,,,,,,,,0,,,,,,,,0,,,,,,,,2,0.006849,0.007995,0.000728,-0.001538,0.000661,0.000634,
LS,E13,BAHIA PUNO,2015-07-15,-15.789500,-69.769800,9.000000,0,,,,,,,,0,,,,,,,,0,,,,,,,,2,0.007332,0.007633,0.000766,-0.001268,0.000817,0.000874,
LS,E14,BAHIA PUNO,2015-07-15,-15.748900,-69.783000,9.000000,0,,,,,,,,0,,,,,,,,0,,,,,,,,2,0.006923,0.007784,0.000595,-0.001088,0.000960,0.001023,
LS,E15,BAHIA PUNO,2015-07-15,-15.715000,-69.822600,7.000000,0,,,,,,,,0,,,,,,,,0,,,,,,,,2,0.008141,0.010232,0.001615,-0.000836,0.000818,0.000850,
LS,E16,BAHIA PUNO,2015-07-16,-15.673700,-69.854100,7.000000,0,,,,,,,,0,,,,,,,,0,,,,,,,,1,0.007030,0.010812,0.002566,-0.000028,0.001625,0.001641,
LS,E18,LAGO MAYOR,2015-07-16,-15.732800,-69.747900,10.000000,0,,,,,,,,0,,,,,,,,0,,,,,,,,1,0.007080,0.007842,0.001489,-0.000421,0.001453,0.001762,
LS,E19,LAGO MAYOR,2015-07-16,-15.708800,-69.734300,9.500000,0,,,,,,,,0,,,,,,,,0,,,,,,,,1,0.007046,0.007287,0.000584,-0.000993,0.001039,0.001089,
LS,E20,LAGO MAYOR,2015-07-16,-15.685600,-69.783700,8.500000,0,,,,,,,,0,,,,,,,,0,,,,,,,,1,0.007240,0.008289,0.001098,-0.000398,0.001320,0.001252,
LS,E21,LAGO MAYOR,2015-07-16,-15.646600,-69.762100,9.000000,0,,,,,,,,0,,,,,,,,0,,,,,,,,1,0.008462,0.007770,0.000691,-0.001084,0.000576,0.000681,
LS,E22,LAGO MAYOR,2015-07-16,-15.618100,-69.807000,10.000000,0,,,,,,,,0,,,,,,,,0,,,,,,,,1,0.009449,0.009510,0.001792,-0.000436,0.001223,0.001252,
LS,E23,LAGO MAYOR,2015-07-17,-15.559800,-69.846600,8.000000,0,,,,,,,,0,,,,,,,,1,0.009826,0.009573,0.001874,-0.000014,0.001396,0.001558,,1,0.009826,0.009573,0.001874,-0.000014,0.001396,0.001558,
LS,E24,LAGO MAYOR,2015-07-17,-15.516000,-69.831200,12.000000,0,,,,,,,,0,,,,,,,,1,0.009330,0.009679,0.001240,-0.001194,0.000714,0.000763,,1,0.009330,0.009679,0.001240,-0.001194,0.000714,0.000763,
LS,E27,LAGO MAYOR,2015-07-17,-15.450800,-69.837900,9.000000,0,,,,,,,,0,,,,,,,,1,0.009562,0.009365,0.000626,-0.001365,0.000768,0.000696,,1,0.009562,0.009365,0.000626,-0.001365,0.000768,0.000696,
LS,E28,LAGO MAYOR,2015-07-17,-15.392800,-69.782200,5.500000,0,,,,,,,,0,,,,,,,,1,0.010665,0.012047,0.001150,-0.001680,0.000238,0.000504,,1,0.010665,0.012047,0.001150,-0.001680,0.000238,0.000504,
LS,E29,LAGO MAYOR,2015-07-17,-15.368000,-69.830100,7.000000,0,,,,,,,,0,,,,,,,,1,0.012056,0.012149,0.001144,-0.001158,0.001109,0.001042,,1,0.012056,0.012149,0.001144,-0.001158,0.001109,0.001042,
LS,E31,LAGO MAYOR,2015-07-18,-15.339900,-69.738900,8.000000,0,,,,,,,,0,,,,,,,,1,0.013947,0.017123,0.002501,-0.001376,0.000421,0.000613,,1,0.013947,0.017123,0.002501,-0.001376,0.000421,0.000613,
LS,E32,LAGO MAYOR,2015-07-18,-15.338400,-69.720500,7.000000,0,,,,,,,,0,,,,,,,,1,0.013398,0.014657,0.001714,-0.001537,0.000532,0.000547,,1,0.013398,0.014657,0.001714,-0.001537,0.000532,0.000547,
LS,E35,LAGO MAYOR,2015-07-19,-15.240900,-69.696400,8.000000,0,,,,,,,,2,0.009656,0.012233,0.000994,-0.000968,0.001542,0.001320,,2,0.009656,0.012233,0.000994,-0.000968,0.001542,0.001320,,2,0.009656,0.012233,0.000994,-0.000968,0.001542,0.001320,
LS,E36,LAGO MAYOR,2015-07-19,-15.297100,-69.681400,10.000000,0,,,,,,,,1,0.011472,0.012831,0.001688,-0.001350,0.000684,0.000965,,1,0.011472,0.012831,0.001688,-0.001350,0.000684,0.000965,,1,0.011472,0.012831,0.001688,-0.001350,0.000684,0.000965,
LS,E37,LAGO MAYOR,2015-07-19,-15.341300,-69.637300,10.000000,0,,,,,,,,1,0.009639,0.011260,0.001166,-0.001009,0.001390,0.001355,,1,0.009639,0.011260,0.001166,-0.001009,0.001390,0.001355,,1,0.009639,0.011260,0.001166,-0.001009,0.001390,0.001355,
LS,E38,LAGO MAYOR,2015-07-19,-15.378200,-69.635100,9.000000,0,,,,,,,,1,0.008335,0.009853,0.000733,-0.001409,0.000985,0.001070,,1,0.008335,0.009853,0.000733,-0.001409,0.000985,0.001070,,1,0.008335,0.009853,0.000733,-0.001409,0.000985,0.001070,
LS,E39,LAGO MAYOR,2015-07-19,-15.374800,-69.527600,6.000000,0,,,,,,,,1,0.014889,0.022012,0.003776,-0.000778,0.001515,0.001518,,1,0.014889,0.022012,0.003776,-0.000778,0.001515,0.001518,,1,0.014889,0.022012,0.003776,-0.000778,0.001515,0.001518,
LS,E40,LAGO MAYOR,2015-07-20,-15.395100,-69.536100,10.000000,0,,,,,,,,1,0.005060,0.006152,-0.000440,-0.001491,0.000456,0.000492,,1,0.005060,0.006152,-0.000440,-0.001491,0.000456,0.000492,,1,0.005060,0.006152,-0.000440,-0.001491,0.000456,0.000492,
LS,E41,LAGO MAYOR,2015-07-20,-15.439200,-69.600900,11.000000,0,,,,,,,,1,0.006351,0.006547,0.000293,-0.001224,0.000962,0.001265,,1,0.006351,0.006547,0.000293,-0.001224,0.000962,0.001265,,1,0.006351,0.006547,0.000293,-0.001224,0.000962,0.001265,
LS,E42,LAGO MAYOR,2015-07-20,-15.496700,-69.668500,10.000000,0,,,,,,,,1,0.005987,0.006168,-0.000118,-0.001332,0.000517,0.001005,,1,0.005987,0.006168,-0.000118,-0.001332,0.000517,0.001005,,1,0.005987,0.006168,-0.000118,-0.001332,0.000517,0.001005,
LS,E43,LAGO MAYOR,2015-07-21,-15.560300,-69.741100,9.000000,1,0.007043,0.007165,0.000416,-0.001303,0.000633,0.000823,,1,0.007043,0.007165,0.000416,-0.001303,0.000633,0.000823,,1,0.007043,0.007165,0.000416,-0.001303,0.000633,0.000823,,1,0.007043,0.007165,0.000416,-0.001303,0.000633,0.000823,
LS,E44,LAGO MAYOR,2015-07-21,-15.433300,-69.479800,8.000000,1,0.004419,0.006128,0.000018,-0.001317,0.001156,0.001005,,1,0.004419,0.006128,0.000018,-0.001317,0.001156,0.001005,,1,0.004419,0.006128,0.000018,-0.001317,0.001156,0.001005,,1,0.004419,0.006128,0.000018,-0.001317,0.001156,0.001005,
LS,E45,LAGO MAYOR,2015-07-21,-15.493200,-69.473300,10.000000,1,0.004620,0.004807,-0.000804,-0.002156,0.000440,0.000391,,1,0.004620,0.004807,-0.000804,-0.002156,0.000440,0.000391,,1,0.004620,0.004807,-0.000804,-0.002156,0.000440,0.000391,,1,0.004620,0.004807,-0.000804,-0.002156,0.000440,0.000391,
LS,E46,LAGO MAYOR,2015-07-21,-15.501600,-69.408200,9.000000,1,0.004783,0.005386,-0.000664,-0.001653,0.000566,0.000516,,1,0.004783,0.005386,-0.000664,-0.001653,0.000566,0.000516,,1,0.004783,0.005386,-0.000664,-0.001653,0.000566,0.000516,,1,0.004783,0.005386,-0.000664,-0.001653,0.000566,0.000516,
LS,E48,LAGO MAYOR,2015-07-22,-15.535800,-69.359700,10.000000,1,0.004070,0.005093,-0.000951,-0.001704,0.000645,0.000643,,1,0.004070,0.005093,-0.000951,-0.001704,0.000645,0.000643,,1,0.004070,0.005093,-0.000951,-0.001704,0.000645,0.000643,,1,0.004070,0.005093,-0.000951,-0.001704,0.000645,0.000643,
LS,E49,LAGO MAYOR,2015-07-22,-15.606700,-69.445600,9.000000,1,0.006276,0.006469,0.000283,-0.001060,0.001186,0.001105,,1,0.006276,0.006469,0.000283,-0.001060,0.001186,0.001105,,1,0.006276,0.006469,0.000283,-0.001060,0.001186,0.001105,,1,0.006276,0.006469,0.000283,-0.001060,0.001186,0.001105,
LS,E50,LAGO MAYOR,2015-07-22,-15.668800,-69.521300,10.000000,1,0.006558,0.006587,0.000332,-0.001187,0.000756,0.001132,,1,0.006558,0.006587,0.000332,-0.001187,0.000756,0.001132,,1,0.006558,0.006587,0.000332,-0.001187,0.000756,0.001132,,1,0.006558,0.006587,0.000332,-0.001187,0.000756,0.001132,
LS,E51,LAGO MAYOR,2015-07-23,-15.737100,-69.603800,10.000000,0,,,,,,,,1,0.006553,0.006236,-0.000355,-0.001831,0.000569,0.000691,,1,0.006553,0.006236,-0.000355,-0.001831,0.000569,0.000691,,1,0.006553,0.006236,-0.000355,-0.001831,0.000569,0.000691,
LS,E52,LAGO MAYOR,2015-07-23,-15.802800,-69.684300,9.000000,0,,,,,,,,1,0.007223,0.007012,0.000543,-0.001019,0.000704,0.000910,,1,0.007223,0.007012,0.000543,-0.001019,0.000704,0.000910,,1,0.007223,0.007012,0.000543,-0.001019,0.000704,0.000910,
LS,E53,LAGO MAYOR,2015-07-23,-15.868600,-69.763400,8.000000,0,,,,,,,,1,0.008723,0.009614,0.001280,-0.000831,0.000822,0.000878,,1,0.008723,0.009614,0.001280,-0.000831,0.000822,0.000878,,1,0.008723,0.009614,0.001280,-0.000831,0.000822,0.000878,
LS,E54,LAGO MAYOR,2015-07-23,-15.898300,-69.731700,8.000000,0,,,,,,,,1,0.007808,0.008989,0.001137,-0.000693,0.000863,0.001185,,1,0.007808,0.008989,0.001137,-0.000693,0.000863,0.001185,,1,0.007808,0.008989,0.001137,-0.000693,0.000863,0.001185,
LS,E55,LAGO MAYOR,2015-07-24,-15.873800,-69.677600,11.000000,0,,,,,,,,1,0.006848,0.006773,0.000076,-0.001571,0.000553,0.000564,,1,0.006848,0.006773,0.000076,-0.001571,0.000553,0.000564,,1,0.006848,0.006773,0.000076,-0.001571,0.000553,0.000564,
LS,E56,LAGO MAYOR,2015-07-25,-15.924700,-69.680500,9.000000,0,,,,,,,,0,,,,,,,,1,0.008258,0.009287,0.001310,-0.000397,0.000864,0.001223,,1,0.008258,0.009287,0.001310,-0.000397,0.000864,0.001223,
LS,E57,LAGO MAYOR,2015-07-24,-15.912100,-69.609900,8.000000,0,,,,,,,,1,0.006298,0.006485,0.000271,-0.001561,0.000578,0.000555,,1,0.006298,0.006485,0.000271,-0.001561,0.000578,0.000555,,1,0.006298,0.006485,0.000271,-0.001561,0.000578,0.000555,
LS,E58,LAGO MAYOR,2015-07-24,-15.951900,-69.545300,8.300000,0,,,,,,,,1,0.007230,0.007636,0.000553,-0.001152,0.000625,0.000662,,1,0.007230,0.007636,0.000553,-0.001152,0.000625,0.000662,,1,0.007230,0.007636,0.000553,-0.001152,0.000625,0.000662,
LS,E59,LAGO MAYOR,2015-07-24,-15.887600,-69.461500,8.000000,0,,,,,,,,1,0.005141,0.005151,-0.000150,-0.001635,0.000650,0.000818,,1,0.005141,0.005151,-0.000150,-0.001635,0.000650,0.000818,,1,0.005141,0.005151,-0.000150,-0.001635,0.000650,0.000818,
LS,E60,LAGO MAYOR,2015-07-27,-15.827100,-69.377600,11.000000,0,,,,,,,,0,,,,,,,,0,,,,,,,,1,0.004766,0.005858,-0.000047,-0.001243,0.000784,0.000864,
LS,E61,LAGO MAYOR,2015-07-27,-15.758500,-69.304500,8.000000,0,,,,,,,,0,,,,,,,,0,,,,,,,,1,0.005615,0.006651,0.000532,-0.001266,0.000684,0.001087,
LS,E62,LAGO MAYOR,2015-07-25,-15.643000,-69.265900,9.000000,0,,,,,,,,0,,,,,,,,1,0.004900,0.005490,-0.000201,-0.001072,0.001454,0.001427,,1,0.004900,0.005490,-0.000201,-0.001072,0.001454,0.001427,
LS,E63,LAGO MAYOR,2015-07-25,-15.625900,-69.317100,10.000000,0,,,,,,,,0,,,,,,,,1,0.006633,0.007438,0.001256,-0.000616,0.000595,0.000542,,1,0.006633,0.007438,0.001256,-0.000616,0.000595,0.000542,
LS,E64,LAGO MAYOR,2015-07-23,-15.562500,-69.291500,9.000000,0,,,,,,,,1,0.004916,0.006094,0.000170,-0.001136,0.001233,0.001032,,1,0.004916,0.006094,0.000170,-0.001136,0.001233,0.001032,,1,0.004916,0.006094,0.000170,-0.001136,0.001233,0.001032,
LS,E66,LAGO MAYOR,2015-07-28,-15.951000,-69.473000,11.000000,0,,,,,,,,0,,,,,,,,0,,,,,,,,2,0.006791,0.007119,0.000869,-0.000972,0.000651,0.000625,
LS,E67,LAGO MAYOR,2015-07-27,-15.988900,-69.412700,10.000000,0,,,,,,,,0,,,,,,,,0,,,,,,,,1,0.005579,0.006366,-0.000170,-0.001526,0.000609,0.000786,
LS,E68,LAGO MAYOR,2015-07-28,-15.993500,-69.427800,7.000000,0,,,,,,,,0,,,,,,,,0,,,,,,,,2,0.007511,0.007945,0.001178,-0.000712,0.000774,0.000814,
LS,E72,LAGO MAYOR,2015-07-26,-15.692100,-69.170900,6.000000,0,,,,,,,,0,,,,,,,,1,0.012008,0.019478,0.002507,-0.001763,0.001572,0.001716,,1,0.012008,0.019478,0.002507,-0.001763,0.001572,0.001716,
LS,E73,LAGO MAYOR,2015-07-26,-15.720200,-69.162800,5.200000,0,,,,,,,,0,,,,,,,,1,0.014654,0.021512,0.003487,-0.000626,0.001731,0.001852,,1,0.014654,0.021512,0.003487,-0.000626,0.001731,0.001852,
LS,E74,LAGO MAYOR,2015-07-26,-15.765600,-69.147700,8.000000,0,,,,,,,,0,,,,,,,,1,0.009052,0.010769,0.000890,-0.001382,0.000810,0.001056,,1,0.009052,0.010769,0.000890,-0.001382,0.000810,0.001056,
LS,E75,LAGO MAYOR,2015-07-26,-15.754400,-69.087000,5.000000,0,,,,,,,,0,,,,,,,,1,0.009691,0.011794,0.001301,-0.001439,0.000879,0.000959,,1,0.009691,0.011794,0.001301,-0.001439,0.000879,0.000959,
LS,E76,LAGO MAYOR,2015-07-26,-15.812500,-69.044900,8.000000,0,,,,,,,,0,,,,,,,,1,0.008970,0.010669,0.000956,-0.000874,0.001467,0.001436,,1,0.008970,0.010669,0.000956,-0.000874,0.001467,0.001436,
LS,E77,LAGO MAYOR,2015-07-26,-15.885200,-69.034900,7.500000,0,,,,,,,,0,,,,,,,,1,0.006484,0.007877,0.000390,-0.001104,0.001336,0.001257,,1,0.006484,0.007877,0.000390,-0.001104,0.001336,0.001257,
LS,E78,LAGO MAYOR,2015-07-30,-15.890300,-69.132700,11.000000,0,,,,,,,,0,,,,,,,,0,,,,,,,,2,0.008791,0.009254,0.001298,-0.000629,0.001045,0.001062,
LS,E79,LAGO MAYOR,2015-07-29,-15.960000,-69.227200,9.000000,0,,,,,,,,0,,,,,,,,0,,,,,,,,2,0.006872,0.008082,0.000144,-0.001398,0.001235,0.001403,
LS,E80,LAGO MAYOR,2015-07-29,-16.031600,-69.319800,10.000000,0,,,,,,,,0,,,,,,,,0,,,,,,,,2,0.006684,0.006812,0.000463,-0.001016,0.000761,0.000821,
LS,E81,LAGO MAYOR,2015-07-30,-16.035200,-69.388500,10.000000,0,,,,,,,,0,,,,,,,,0,,,,,,,,2,0.006574,0.007259,0.000883,-0.000767,0.000638,0.000814,
LS,E82,LAGO MAYOR,2015-07-30,-16.110900,-69.417300,9.000000,0,,,,,,,,0,,,,,,,,0,,,,,,,,2,0.006722,0.007448,0.000663,-0.000777,0.000801,0.000887,
LS,E83,LAGO MAYOR,2015-07-31,-16.183700,-69.506700,9.000000,0,,,,,,,,0,,,,,,,,0,,,,,,,,2,0.006537,0.008256,0.000366,-0.001291,0.000969,0.001193,
LS,E85,LAGO MAYOR,2015-07-31,-16.159900,-69.444400,9.000000,0,,,,,,,,0,,,,,,,,0,,,,,,,,2,0.006643,0.007362,0.000748,-0.000799,0.000571,0.000760,
LS,E86,LAGO MAYOR,2015-07-31,-16.148500,-69.387200,9.000000,0,,,,,,,,0,,,,,,,,0,,,,,,,,2,0.006401,0.007076,0.000812,-0.001058,0.000599,0.000666,
LS,E88,LAGO MAYOR,2015-08-03,-16.206400,-69.378100,9.500000,0,,,,,,,,0,,,,,,,,1,0.009062,0.009335,0.001760,-0.000134,0.000686,0.000378,,1,0.009062,0.009335,0.001760,-0.000134,0.000686,0.000378,
LS,E90,LAGO MAYOR,2015-08-02,-16.244600,-69.356900,9.000000,0,,,,,,,,0,,,,,,,,1,0.006718,0.008154,0.000080,-0.001519,0.000676,0.000662,,1,0.006718,0.008154,0.000080,-0.001519,0.000676,0.000662,
LS,E91,LAGO MAYOR,2015-08-02,-16.232000,-69.342800,10.000000,0,,,,,,,,0,,,,,,,,1,0.008743,0.008631,0.001263,-0.000516,0.000446,0.000460,,1,0.008743,0.008631,0.001263,-0.000516,0.000446,0.000460,
LS,E92,LAGO MAYOR,2015-08-02,-16.242800,-69.306500,9.000000,0,,,,,,,,0,,,,,,,,1,0.008940,0.008823,0.001153,-0.000399,0.000426,0.000583,,1,0.008940,0.008823,0.001153,-0.000399,0.000426,0.000583,
LS,E94,LAGO MAYOR,2015-08-02,-16.251000,-69.288400,9.000000,0,,,,,,,,0,,,,,,,,1,0.008721,0.008606,0.001410,-0.000476,0.000640,0.000449,,1,0.008721,0.008606,0.001410,-0.000476,0.000640,0.000449,
LS,E95,LAGO MAYOR,2015-08-03,-16.265700,-69.281500,9.000000,0,,,,,,,,0,,,,,,,,1,0.005442,0.007076,-0.000909,-0.001817,0.000438,0.000695,,1,0.005442,0.007076,-0.000909,-0.001817,0.000438,0.000695,
LS,E96,LAGO MAYOR,2015-08-03,-16.250100,-69.273700,7.500000,0,,,,,,,,0,,,,,,,,1,0.009190,0.008557,0.001695,-0.000394,0.000525,0.000491,,1,0.009190,0.008557,0.001695,-0.000394,0.000525,0.000491,
LS,E97,LAGO MAYOR,2015-08-02,-16.175700,-69.195800,10.000000,0,,,,,,,,0,,,,,,,,1,0.005962,0.006922,0.000299,-0.001342,0.000154,0.000185,,1,0.005962,0.006922,0.000299,-0.001342,0.000154,0.000185,
LS,E98,LAGO MAYOR,2015-08-05,-16.111700,-69.101600,9.000000,0,,,,,,,,1,0.007781,0.007545,0.000170,-0.001013,0.000519,0.000397,,1,0.007781,0.007545,0.000170,-0.001013,0.000519,0.000397,,1,0.007781,0.007545,0.000170,-0.001013,0.000519,0.000397,
LS,E99,LAGO MAYOR,2015-08-05,-16.074500,-69.074200,9.500000,0,,,,,,,,1,0.007185,0.008323,0.000984,-0.000535,0.000579,0.000516,,1,0.007185,0.008323,0.000984,-0.000535,0.000579,0.000516,,1,0.007185,0.008323,0.000984,-0.000535,0.000579,0.000516,
LS,E100,LAGO MAYOR,2015-08-01,-16.005500,-68.995900,10.000000,0,,,,,,,,0,,,,,,,,0,,,,,,,,1,0.007120,0.007336,0.000699,-0.000396,0.000286,0.000247,
LS,E101,LAGO MAYOR,2015-08-01,-15.896200,-68.970700,10.500000,0,,,,,,,,0,,,,,,,,0,,,,,,,,1,0.005983,0.007556,0.000537,-0.000252,0.001561,0.001545,
LS,E102,LAGO MAYOR,2015-08-01,-15.935600,-68.968400,9.000000,0,,,,,,,,0,,,,,,,,0,,,,,,,,1,0.005447,0.006456,0.000216,-0.000719,0.000788,0.000836,
LS,E104,LAGO MAYOR,2015-08-01,-15.994000,-68.880400,11.000000,0,,,,,,,,1,0.006850,0.009092,0.002294,0.000889,0.001151,0.001046,,1,0.006850,0.009092,0.002294,0.000889,0.001151,0.001046,,2,0.006403,0.007791,0.001193,-0.000136,0.000784,0.000649,
LS,E105,LAGO MAYOR,2015-08-01,-15.986400,-68.801600,2.200000,0,,,,,,,,1,0.006348,0.014769,0.004118,0.001222,0.001658,0.001218,,1,0.006348,0.014769,0.004118,0.001222,0.001658,0.001218,,2,0.006637,0.014626,0.003075,-0.000146,0.001321,0.000859,
LS,E107,LAGO MAYOR,2015-08-01,-16.069600,-68.936100,10.500000,0,,,,,,,,1,0.006192,0.009114,0.002267,0.000465,0.001166,0.000765,,1,0.006192,0.009114,0.002267,0.000465,0.001166,0.000765,,2,0.006228,0.008164,0.001446,-0.000311,0.000777,0.000481,
LS,E109,LAGO MAYOR,2015-08-04,-16.261100,-69.261100,10.000000,0,,,,,,,,1,0.008654,0.008083,0.001577,-0.000054,0.000675,0.000439,,1,0.008654,0.008083,0.001577,-0.000054,0.000675,0.000439,,1,0.008654,0.008083,0.001577,-0.000054,0.000675,0.000439,
LS,E110,LAGO MAYOR,2015-08-04,-16.234500,-69.205400,9.000000,0,,,,,,,,1,0.007984,0.007844,0.001284,-0.001014,0.000349,0.000434,,1,0.007984,0.007844,0.001284,-0.001014,0.000349,0.000434,,1,0.007984,0.007844,0.001284,-0.001014,0.000349,0.000434,
LS,E111,LAGO MAYOR,2015-08-04,-16.256500,-69.184600,8.000000,0,,,,,,,,1,0.008346,0.008455,0.001120,-0.000477,0.001009,0.000917,,1,0.008346,0.008455,0.001120,-0.000477,0.001009,0.000917,,1,0.008346,0.008455,0.001120,-0.000477,0.001009,0.000917,
LS,E112,LAGO MAYOR,2015-08-04,-16.246200,-69.141900,9.500000,0,,,,,,,,1,0.008876,0.008756,0.001468,-0.000177,0.000791,0.000798,,1,0.008876,0.008756,0.001468,-0.000177,0.000791,0.000798,,1,0.008876,0.008756,0.001468,-0.000177,0.000791,0.000798,
LS,E113,LAGO MAYOR,2015-08-04,-16.217400,-69.136700,9.500000,0,,,,,,,,1,0.008055,0.008056,0.000428,-0.000998,0.000460,0.000353,,1,0.008055,0.008056,0.000428,-0.000998,0.000460,0.000353,,1,0.008055,0.008056,0.000428,-0.000998,0.000460,0.000353,
LS,E115,LAGO MAYOR,2015-08-04,-16.170900,-69.137500,10.000000,0,,,,,,,,1,0.006427,0.007472,0.000220,-0.000806,0.000268,0.000100,,1,0.006427,0.007472,0.000220,-0.000806,0.000268,0.000100,,1,0.006427,0.007472,0.000220,-0.000806,0.000268,0.000100,
LS,E116,LAGO MAYOR,2015-08-05,-16.150100,-69.120700,9.000000,0,,,,,,,,1,0.006632,0.008160,0.000619,-0.000782,0.000161,0.000261,,1,0.006632,0.008160,0.000619,-0.000782,0.000161,0.000261,,1,0.006632,0.008160,0.000619,-0.000782,0.000161,0.000261,
LS,E117,LAGO MAYOR,2015-08-04,-16.165300,-69.102700,9.000000,0,,,,,,,,1,0.008309,0.008976,0.000975,-0.000612,0.000782,0.000660,,1,0.008309,0.008976,0.000975,-0.000612,0.000782,0.000660,,1,0.008309,0.008976,0.000975,-0.000612,0.000782,0.000660,
LS,E118,LAGO MAYOR,2015-08-05,-16.085100,-69.149900,9.000000,0,,,,,,,,1,0.009420,0.009244,0.001769,-0.000079,0.000454,0.000210,,1,0.009420,0.009244,0.001769,-0.000079,0.000454,0.000210,,1,0.009420,0.009244,0.001769,-0.000079,0.000454,0.000210,
LS,E119,LAGO MAYOR,2015-08-05,-16.043900,-69.130900,9.000000,0,,,,,,,,1,0.006784,0.008080,0.000626,-0.000772,0.000452,0.000501,,1,0.006784,0.008080,0.000626,-0.000772,0.000452,0.000501,,1,0.006784,0.008080,0.000626,-0.000772,0.000452,0.000501,
LS,E120,LAGO MAYOR,2015-08-05,-16.142100,-68.960500,10.000000,0,,,,,,,,1,0.006363,0.008182,0.001130,-0.000502,0.000470,0.000520,,1,0.006363,0.008182,0.001130,-0.000502,0.000470,0.000520,,2,0.006978,0.009429,0.002183,0.000369,0.000992,0.000894,
LS,E121,LAGO MAYOR,2015-08-05,-16.206800,-68.864300,9.000000,0,,,,,,,,1,0.006861,0.008070,0.000562,-0.000518,0.001130,0.000725,,1,0.006861,0.008070,0.000562,-0.000518,0.001130,0.000725,,2,0.006103,0.009270,0.001683,0.000551,0.001565,0.001138,
LS,E125,LAGO MENOR,2015-08-06,-16.213500,-68.733000,8.000000,0,,,,,,,,0,,,,,,,,0,,,,,,,,2,0.005897,0.011635,0.002277,0.001026,0.001298,0.001008,
LS,E130,LAGO MENOR,2015-08-07,-16.217000,-68.935300,4.500000,1,0.005755,0.010316,0.001868,-0.000605,0.000349,0.000418,,1,0.005755,0.010316,0.001868,-0.000605,0.000349,0.000418,,1,0.005755,0.010316,0.001868,-0.000605,0.000349,0.000418,,3,0.005651,0.010316,0.002318,0.000099,0.000707,0.000528,
LS,E131,LAGO MENOR,2015-08-07,-16.287500,-68.904600,5.000000,1,0.006342,0.010635,0.002443,-0.000515,0.000923,0.000416,,1,0.006342,0.010635,0.002443,-0.000515,0.000923,0.000416,,1,0.006342,0.010635,0.002443,-0.000515,0.000923,0.000416,,3,0.005324,0.010635,0.002459,-0.000052,0.000935,0.000425,
LS,E132,LAGO MENOR,2015-08-07,-16.314400,-68.845100,5.000000,1,0.008652,0.016152,0.001451,-0.001326,0.000657,0.000848,,1,0.008652,0.016152,0.001451,-0.001326,0.000657,0.000848,,1,0.008652,0.016152,0.001451,-0.001326,0.000657,0.000848,,3,0.008662,0.017869,0.003071,-0.000314,0.000880,0.000861,
LS,E135,LAGO MENOR,2015-08-07,-16.265900,-69.060100,8.000000,1,0.003973,0.008598,0.000482,-0.001385,0.000950,0.001180,,1,0.003973,0.008598,0.000482,-0.001385,0.000950,0.001180,,1,0.003973,0.008598,0.000482,-0.001385,0.000950,0.001180,,1,0.003973,0.008598,0.000482,-0.001385,0.000950,0.001180,
LS,E136,LAGO MENOR,2015-08-07,-16.302800,-68.985200,5.000000,1,0.006529,0.011111,0.002008,-0.001083,0.000143,0.000114,,1,0.006529,0.011111,0.002008,-0.001083,0.000143,0.000114,,1,0.006529,0.011111,0.002008,-0.001083,0.000143,0.000114,,4,0.006975,0.011475,0.002262,-0.000245,0.000477,0.000240,
LS,E137,LAGO MENOR,2015-08-08,-16.365300,-68.903100,6.000000,0,,,,,,,,1,0.006036,0.010341,0.001286,-0.001098,0.000430,0.000273,,1,0.006036,0.010341,0.001286,-0.001098,0.000430,0.000273,,5,0.006601,0.012391,0.002367,-0.000442,0.000617,0.000403,
LS,E139,LAGO MENOR,2015-08-08,-16.422400,-68.903000,4.000000,0,,,,,,,,1,0.008198,0.014622,0.001957,-0.001076,0.000539,0.000742,,1,0.008198,0.014622,0.001957,-0.001076,0.000539,0.000742,,5,0.009307,0.017705,0.003138,-0.000897,0.000700,0.000745,
LS,E141,LAGO MENOR,2015-08-08,-16.410900,-69.021600,4.000000,0,,,,,,,,1,0.008276,0.015462,0.002934,-0.000207,0.000543,0.000415,,1,0.008276,0.015462,0.002934,-0.000207,0.000543,0.000415,,5,0.012530,0.018832,0.004256,-0.000015,0.000858,0.000493,
LS,E142,LAGO MENOR,2015-08-08,-16.462600,-69.010400,5.000000,0,,,,,,,,1,0.008522,0.013268,0.003159,0.000110,0.000659,0.000304,,1,0.008522,0.013268,0.003159,0.000110,0.000659,0.000304,,5,0.008522,0.013393,0.003055,0.000014,0.000681,0.000527,
LS,E143,LAGO MENOR,2015-08-09,-16.481800,-68.940600,6.000000,0,,,,,,,,1,0.009158,0.015620,0.002249,-0.000780,0.000694,0.000448,,1,0.009158,0.015620,0.002249,-0.000780,0.000694,0.000448,,5,0.009158,0.016139,0.002533,-0.000202,0.000932,0.000560,
LS,E145,LAGO MENOR,2015-08-09,-16.513900,-68.977000,6.000000,0,,,,,,,,1,0.006168,0.011521,0.001677,-0.000970,0.000521,0.000392,,1,0.006168,0.011521,0.001677,-0.000970,0.000521,0.000392,,5,0.007123,0.013428,0.002878,-0.000338,0.000619,0.000536,
LS,E147,LAGO MENOR,2015-08-09,-16.560000,-68.916800,6.000000,0,,,,,,,,1,0.004561,0.012058,0.001318,-0.000372,0.002577,0.002513,,1,0.004561,0.012058,0.001318,-0.000372,0.002577,0.002513,,5,0.007654,0.013689,0.002269,-0.000371,0.000935,0.001032,
LS,E01,BAHIA PUNO,2016-08-03,-15.853000,-69.960500,8.500000,0,,,,,,,,0,,,,,,,,0,,,,,,,,1,0.006532,0.010656,0.001561,-0.000265,0.002788,0.002848,
LS,E02,BAHIA PUNO,2016-08-03,-15.848200,-69.918200,9.500000,0,,,,,,,,0,,,,,,,,0,,,,,,,,1,0.009461,0.010689,0.001293,-0.001065,0.000780,0.000733,
LS,E04,BAHIA PUNO,2016-08-03,-15.878900,-69.890700,7.000000,0,,,,,,,,0,,,,,,,,0,,,,,,,,1,0.010841,0.011873,0.001726,-0.000540,0.000930,0.001101,
LS,E05,BAHIA PUNO,2016-08-03,-15.839800,-69.891800,7.000000,0,,,,,,,,0,,,,,,,,0,,,,,,,,1,0.009506,0.009129,0.000363,-0.001314,0.000562,0.000548,
LS,E07,BAHIA PUNO,2016-08-03,-15.774800,-69.885100,5.000000,0,,,,,,,,0,,,,,,,,0,,,,,,,,1,0.010845,0.013127,0.001226,-0.001400,0.000546,0.000476,
LS,E08,BAHIA PUNO,2016-08-03,-15.801000,-69.872400,8.500000,0,,,,,,,,0,,,,,,,,0,,,,,,,,1,0.011081,0.009877,0.001534,-0.000905,0.000514,0.000614,
LS,E09,BAHIA PUNO,2016-08-03,-15.834200,-69.859200,6.000000,0,,,,,,,,0,,,,,,,,0,,,,,,,,1,0.013150,0.018190,0.001500,-0.001517,0.000522,0.000662,
LS,E13,BAHIA PUNO,2016-08-04,-15.789500,-69.769800,9.000000,0,,,,,,,,0,,,,,,,,1,0.008282,0.007466,0.000844,-0.000993,0.000378,0.000434,,1,0.008282,0.007466,0.000844,-0.000993,0.000378,0.000434,
LS,E14,BAHIA PUNO,2016-08-04,-15.748900,-69.783000,9.500000,0,,,,,,,,0,,,,,,,,1,0.009473,0.009188,0.001674,-0.000573,0.000626,0.000531,,1,0.009473,0.009188,0.001674,-0.000573,0.000626,0.000531,
LS,E15,BAHIA PUNO,2016-08-04,-15.715000,-69.822600,8.500000,0,,,,,,,,0,,,,,,,,1,0.008430,0.011030,0.001774,-0.000905,0.000535,0.000873,,1,0.008430,0.011030,0.001774,-0.000905,0.000535,0.000873,
LS,E16,BAHIA PUNO,2016-08-04,-15.673700,-69.854100,6.500000,0,,,,,,,,0,,,,,,,,1,0.007701,0.014000,0.003894,-0.000887,0.001005,0.001137,,1,0.007701,0.014000,0.003894,-0.000887,0.001005,0.001137,
LS,E17,BAHIA PUNO,2016-08-04,-15.604800,-69.905900,3.500000,0,,,,,,,,0,,,,,,,,1,0.008632,0.015877,0.005433,-0.000701,0.001779,0.001704,,1,0.008632,0.015877,0.005433,-0.000701,0.001779,0.001704,
LS,E27,LAGO MAYOR,2016-08-05,-15.450800,-69.837900,9.800000,0,,,,,,,,0,,,,,,,,1,0.011278,0.010597,0.001686,-0.000903,0.000393,0.000532,,1,0.011278,0.010597,0.001686,-0.000903,0.000393,0.000532,
LS,E28,LAGO MAYOR,2016-08-05,-15.392800,-69.782200,8.800000,0,,,,,,,,0,,,,,,,,1,0.010864,0.011050,0.001278,-0.001542,0.000647,0.000659,,1,0.010864,0.011050,0.001278,-0.001542,0.000647,0.000659,
LS,E32,LAGO MAYOR,2016-08-05,-15.338400,-69.720500,9.800000,0,,,,,,,,0,,,,,,,,1,0.014829,0.015015,0.002028,-0.001329,0.000491,0.000568,,1,0.014829,0.015015,0.002028,-0.001329,0.000491,0.000568,
LS,E33,LAGO MAYOR,2016-08-05,-15.333000,-69.756000,4.600000,0,,,,,,,,0,,,,,,,,1,0.032833,0.052458,0.036951,-0.000573,0.000329,0.000771,,1,0.032833,0.052458,0.036951,-0.000573,0.000329,0.000771,
LS,E36,LAGO MAYOR,2016-08-05,-15.297100,-69.681400,9.000000,0,,,,,,,,0,,,,,,,,1,0.011991,0.012044,0.001686,-0.000953,0.000860,0.000793,,1,0.011991,0.012044,0.001686,-0.000953,0.000860,0.000793,
LS,E39,LAGO MAYOR,2016-08-06,-15.374800,-69.527600,5.000000,0,,,,,,,,1,0.012802,0.017989,0.002441,-0.001224,0.001879,0.001960,,1,0.012802,0.017989,0.002441,-0.001224,0.001879,0.001960,,1,0.012802,0.017989,0.002441,-0.001224,0.001879,0.001960,
LS,E41,LAGO MAYOR,2016-08-06,-15.439200,-69.600900,11.000000,0,,,,,,,,1,0.007984,0.006800,-0.000069,-0.001665,0.000443,0.000427,,1,0.007984,0.006800,-0.000069,-0.001665,0.000443,0.000427,,1,0.007984,0.006800,-0.000069,-0.001665,0.000443,0.000427,
LS,E42,LAGO MAYOR,2016-08-06,-15.496700,-69.668500,11.000000,0,,,,,,,,1,0.008464,0.007691,0.000556,-0.001220,0.000665,0.000491,,1,0.008464,0.007691,0.000556,-0.001220,0.000665,0.000491,,1,0.008464,0.007691,0.000556,-0.001220,0.000665,0.000491,
LS,E43,LAGO MAYOR,2016-08-04,-15.560300,-69.741100,11.000000,0,,,,,,,,0,,,,,,,,1,0.007835,0.007420,0.000209,-0.001532,0.000342,0.000444,,1,0.007835,0.007420,0.000209,-0.001532,0.000342,0.000444,
LS,E22,LAGO MAYOR,2016-08-05,-15.618100,-69.807000,10.200000,0,,,,,,,,0,,,,,,,,1,0.009576,0.008779,0.001700,-0.000138,0.001057,0.001013,,1,0.009576,0.008779,0.001700,-0.000138,0.001057,0.001013,
LS,E48,LAGO MAYOR,2016-08-08,-15.536100,-69.359700,14.500000,1,0.004807,0.004894,-0.000355,-0.001367,0.000883,0.000916,,1,0.004807,0.004894,-0.000355,-0.001367,0.000883,0.000916,,1,0.004807,0.004894,-0.000355,-0.001367,0.000883,0.000916,,1,0.004807,0.004894,-0.000355,-0.001367,0.000883,0.000916,
LS,E49,LAGO MAYOR,2016-08-08,-15.606300,-69.444900,12.800000,1,0.009388,0.008111,0.001235,-0.000307,0.000726,0.000474,,1,0.009388,0.008111,0.001235,-0.000307,0.000726,0.000474,,1,0.009388,0.008111,0.001235,-0.000307,0.000726,0.000474,,1,0.009388,0.008111,0.001235,-0.000307,0.000726,0.000474,
LS,E50,LAGO MAYOR,2016-08-08,-15.668700,-69.521100,11.900000,1,0.008036,0.007938,0.000651,-0.001066,0.000441,0.000630,,1,0.008036,0.007938,0.000651,-0.001066,0.000441,0.000630,,1,0.008036,0.007938,0.000651,-0.001066,0.000441,0.000630,,1,0.008036,0.007938,0.000651,-0.001066,0.000441,0.000630,
LS,E51,LAGO MAYOR,2016-08-06,-15.737100,-69.603800,9.400000,0,,,,,,,,1,0.008903,0.007833,0.000906,-0.000918,0.000454,0.000553,,1,0.008903,0.007833,0.000906,-0.000918,0.000454,0.000553,,1,0.008903,0.007833,0.000906,-0.000918,0.000454,0.000553,
LS,E52,LAGO MAYOR,2016-08-06,-15.802800,-69.684300,10.300000,0,,,,,,,,1,0.007161,0.007674,0.000696,-0.001098,0.000659,0.000783,,1,0.007161,0.007674,0.000696,-0.001098,0.000659,0.000783,,1,0.007161,0.007674,0.000696,-0.001098,0.000659,0.000783,
LS,E58,LAGO MAYOR,2016-08-09,-15.951900,-69.545300,5.000000,1,0.011484,0.013893,0.002127,-0.001523,0.000440,0.000546,,1,0.011484,0.013893,0.002127,-0.001523,0.000440,0.000546,,1,0.011484,0.013893,0.002127,-0.001523,0.000440,0.000546,,1,0.011484,0.013893,0.002127,-0.001523,0.000440,0.000546,
LS,E59,LAGO MAYOR,2016-08-09,-15.887600,-69.461500,13.000000,1,0.007634,0.006755,0.000688,-0.000954,0.000754,0.000663,,1,0.007634,0.006755,0.000688,-0.000954,0.000754,0.000663,,1,0.007634,0.006755,0.000688,-0.000954,0.000754,0.000663,,1,0.007634,0.006755,0.000688,-0.000954,0.000754,0.000663,
LS,E60,LAGO MAYOR,2016-08-09,-15.827100,-69.377600,12.000000,1,0.008220,0.007566,0.000851,-0.000661,0.000459,0.000493,,1,0.008220,0.007566,0.000851,-0.000661,0.000459,0.000493,,1,0.008220,0.007566,0.000851,-0.000661,0.000459,0.000493,,1,0.008220,0.007566,0.000851,-0.000661,0.000459,0.000493,
LS,E61,LAGO MAYOR,2016-08-08,-15.758500,-69.304500,10.200000,1,0.005743,0.005625,-0.000061,-0.001412,0.001069,0.001181,,1,0.005743,0.005625,-0.000061,-0.001412,0.001069,0.001181,,1,0.005743,0.005625,-0.000061,-0.001412,0.001069,0.001181,,1,0.005743,0.005625,-0.000061,-0.001412,0.001069,0.001181,
LS,E68,LAGO MAYOR,2016-08-08,-15.993500,-69.427800,5.500000,1,0.005834,0.006254,-0.000024,-0.001479,0.000283,0.000593,,1,0.005834,0.006254,-0.000024,-0.001479,0.000283,0.000593,,1,0.005834,0.006254,-0.000024,-0.001479,0.000283,0.000593,,1,0.005834,0.006254,-0.000024,-0.001479,0.000283,0.000593,
LS,E72,LAGO MAYOR,2016-08-09,-15.692100,-69.170900,5.800000,1,0.010553,0.019602,0.003304,-0.001415,0.001923,0.002019,,1,0.010553,0.019602,0.003304,-0.001415,0.001923,0.002019,,1,0.010553,0.019602,0.003304,-0.001415,0.001923,0.002019,,1,0.010553,0.019602,0.003304,-0.001415,0.001923,0.002019,
LS,E76,LAGO MAYOR,2016-08-11,-15.812500,-69.044900,12.500000,0,,,,,,,,1,0.003735,0.005741,-0.000519,-0.001477,0.000914,0.000941,,1,0.003735,0.005741,-0.000519,-0.001477,0.000914,0.000941,,1,0.003735,0.005741,-0.000519,-0.001477,0.000914,0.000941,
LS,E78,LAGO MAYOR,2016-08-11,-15.890300,-69.132700,13.500000,0,,,,,,,,1,0.005880,0.006382,0.000282,-0.000883,0.001376,0.001567,,1,0.005880,0.006382,0.000282,-0.000883,0.001376,0.001567,,1,0.005880,0.006382,0.000282,-0.000883,0.001376,0.001567,
LS,E79,LAGO MAYOR,2016-08-11,-15.960000,-69.227200,11.500000,0,,,,,,,,1,0.005563,0.006465,0.000645,-0.000515,0.001545,0.001661,,1,0.005563,0.006465,0.000645,-0.000515,0.001545,0.001661,,1,0.005563,0.006465,0.000645,-0.000515,0.001545,0.001661,
LS,E80,LAGO MAYOR,2016-08-11,-16.031600,-69.319800,10.500000,0,,,,,,,,1,0.008834,0.008017,0.001520,-0.000382,0.000637,0.000328,,1,0.008834,0.008017,0.001520,-0.000382,0.000637,0.000328,,1,0.008834,0.008017,0.001520,-0.000382,0.000637,0.000328,
LS,E82,LAGO MAYOR,2016-08-10,-16.110900,-69.417300,8.200000,0,,,,,,,,1,0.005465,0.006048,-0.000275,-0.001509,0.000400,0.000808,,1,0.005465,0.006048,-0.000275,-0.001509,0.000400,0.000808,,1,0.005465,0.006048,-0.000275,-0.001509,0.000400,0.000808,
LS,E83,LAGO MAYOR,2016-08-10,-16.183700,-69.506700,5.500000,0,,,,,,,,1,0.009583,0.011430,0.001903,-0.000726,0.001175,0.001163,,1,0.009583,0.011430,0.001903,-0.000726,0.001175,0.001163,,1,0.009583,0.011430,0.001903,-0.000726,0.001175,0.001163,
LS,E84,LAGO MAYOR,2016-08-10,-16.200700,-69.462400,4.700000,0,,,,,,,,1,0.011112,0.016148,0.003277,-0.000643,0.001946,0.002400,,1,0.011112,0.016148,0.003277,-0.000643,0.001946,0.002400,,1,0.011112,0.016148,0.003277,-0.000643,0.001946,0.002400,
LS,E85,LAGO MAYOR,2016-08-10,-16.159900,-69.444400,9.800000,0,,,,,,,,1,0.007236,0.007646,0.000932,-0.000938,0.000723,0.000657,,1,0.007236,0.007646,0.000932,-0.000938,0.000723,0.000657,,1,0.007236,0.007646,0.000932,-0.000938,0.000723,0.000657,
LS,E88,LAGO MAYOR,2016-08-10,-16.206400,-69.378100,6.500000,0,,,,,,,,1,0.006319,0.007112,0.000499,-0.001101,0.000984,0.001270,,1,0.006319,0.007112,0.000499,-0.001101,0.000984,0.001270,,1,0.006319,0.007112,0.000499,-0.001101,0.000984,0.001270,
LS,E94,LAGO MAYOR,2016-08-10,-16.251000,-69.288400,7.400000,0,,,,,,,,1,0.006164,0.009229,0.000094,-0.001403,0.001804,0.001835,,1,0.006164,0.009229,0.000094,-0.001403,0.001804,0.001835,,1,0.006164,0.009229,0.000094,-0.001403,0.001804,0.001835,
LS,E97,LAGO MAYOR,2016-08-10,-16.175700,-69.195800,9.500000,0,,,,,,,,1,0.007677,0.007170,0.001376,-0.000302,0.000708,0.000358,,1,0.007677,0.007170,0.001376,-0.000302,0.000708,0.000358,,1,0.007677,0.007170,0.001376,-0.000302,0.000708,0.000358,
LS,E98,LAGO MAYOR,2016-08-10,-16.111700,-69.101600,9.000000,0,,,,,,,,1,0.005052,0.005828,-0.000317,-0.001543,0.000474,0.000495,,1,0.005052,0.005828,-0.000317,-0.001543,0.000474,0.000495,,1,0.005052,0.005828,-0.000317,-0.001543,0.000474,0.000495,
LS,E99,LAGO MAYOR,2016-08-12,-16.074500,-69.074200,9.200000,0,,,,,,,,0,,,,,,,,1,0.005871,0.006107,-0.000354,-0.001207,0.000594,0.000725,,1,0.005871,0.006107,-0.000354,-0.001207,0.000594,0.000725,
LS,E100,LAGO MAYOR,2016-08-12,-16.005500,-68.995900,10.200000,0,,,,,,,,0,,,,,,,,1,0.004551,0.006125,-0.000189,-0.001184,0.001541,0.001565,,1,0.004551,0.006125,-0.000189,-0.001184,0.001541,0.001565,
LS,E104,LAGO MAYOR,2016-08-11,-15.994000,-68.880400,11.500000,0,,,,,,,,1,0.004557,0.005880,-0.000232,-0.001336,0.001013,0.001134,,1,0.004557,0.005880,-0.000232,-0.001336,0.001013,0.001134,,3,0.004165,0.006660,0.001322,0.000360,0.000948,0.000762,
LS,E113,LAGO MAYOR,2016-08-10,-16.217400,-69.136700,9.300000,0,,,,,,,,1,0.005394,0.006135,-0.000088,-0.001290,0.000358,0.000444,,1,0.005394,0.006135,-0.000088,-0.001290,0.000358,0.000444,,1,0.005394,0.006135,-0.000088,-0.001290,0.000358,0.000444,
LS,E117,LAGO MAYOR,2016-08-10,-16.165300,-69.102700,10.000000,0,,,,,,,,1,0.006015,0.007140,0.000252,-0.000959,0.000436,0.000427,,1,0.006015,0.007140,0.000252,-0.000959,0.000436,0.000427,,1,0.006015,0.007140,0.000252,-0.000959,0.000436,0.000427,
LS,E119,LAGO MAYOR,2016-08-10,-16.043900,-69.130900,10.500000,0,,,,,,,,1,0.003416,0.005082,-0.000978,-0.001477,0.002041,0.002235,,1,0.003416,0.005082,-0.000978,-0.001477,0.002041,0.002235,,1,0.003416,0.005082,-0.000978,-0.001477,0.002041,0.002235,
LS,E120,LAGO MAYOR,2016-08-12,-16.126400,-68.933700,14.200000,0,,,,,,,,0,,,,,,,,1,0.004285,0.005365,-0.000529,-0.001600,0.000785,0.000924,,2,0.003836,0.006404,0.000447,-0.000485,0.000870,0.000864,
LS,E121,LAGO MAYOR,2016-08-12,-16.206800,-68.864300,10.500000,0,,,,,,,,0,,,,,,,,1,0.006635,0.007810,0.001396,-0.000348,0.001292,0.000928,,2,0.005843,0.007910,0.002024,0.000829,0.001532,0.001126,
LS,E01,BAHIA PUNO,2017-07-10,-15.853000,-69.960500,5.300000,1,0.011295,0.015045,0.005885,0.002830,0.003354,0.002888,,1,0.011295,0.015045,0.005885,0.002830,0.003354,0.002888,,1,0.011295,0.015045,0.005885,0.002830,0.003354,0.002888,,1,0.011295,0.015045,0.005885,0.002830,0.003354,0.002888,
LS,E02,BAHIA PUNO,2017-07-11,-15.846100,-69.927100,6.000000,1,0.005763,0.009730,0.000651,-0.001675,0.000410,0.000748,,1,0.005763,0.009730,0.000651,-0.001675,0.000410,0.000748,,1,0.005763,0.009730,0.000651,-0.001675,0.000410,0.000748,,1,0.005763,0.009730,0.000651,-0.001675,0.000410,0.000748,
LS,E05,BAHIA PUNO,2017-07-11,-15.840000,-69.892300,6.600000,1,0.006624,0.009240,0.000577,-0.001553,0.000347,0.000615,,1,0.006624,0.009240,0.000577,-0.001553,0.000347,0.000615,,1,0.006624,0.009240,0.000577,-0.001553,0.000347,0.000615,,1,0.006624,0.009240,0.000577,-0.001553,0.000347,0.000615,
LS,E14,BAHIA PUNO,2017-07-12,-15.748900,-69.783000,10.600000,0,,,,,,,,1,0.004049,0.005889,-0.000550,-0.001652,0.000403,0.000731,,1,0.004049,0.005889,-0.000550,-0.001652,0.000403,0.000731,,1,0.004049,0.005889,-0.000550,-0.001652,0.000403,0.000731,
LS,E15,BAHIA PUNO,2017-07-12,-15.715000,-69.822600,6.600000,0,,,,,,,,1,0.006046,0.009647,0.000871,-0.001353,0.000395,0.000983,,1,0.006046,0.009647,0.000871,-0.001353,0.000395,0.000983,,1,0.006046,0.009647,0.000871,-0.001353,0.000395,0.000983,
LS,E16,BAHIA PUNO,2017-07-12,-15.673700,-69.854100,6.000000,0,,,,,,,,1,0.006318,0.012727,0.002683,-0.000787,0.001234,0.001263,,1,0.006318,0.012727,0.002683,-0.000787,0.001234,0.001263,,1,0.006318,0.012727,0.002683,-0.000787,0.001234,0.001263,
LS,E17,BAHIA PUNO,2017-07-11,-15.604800,-69.905900,4.200000,1,0.009556,0.020481,0.006620,-0.001789,0.001457,0.001703,,1,0.009556,0.020481,0.006620,-0.001789,0.001457,0.001703,,1,0.009556,0.020481,0.006620,-0.001789,0.001457,0.001703,,1,0.009556,0.020481,0.006620,-0.001789,0.001457,0.001703,
LS,E28,LAGO MAYOR,2017-07-12,-15.392800,-69.782200,10.300000,0,,,,,,,,1,0.012276,0.013374,0.002344,-0.000333,0.000723,0.000678,,1,0.012276,0.013374,0.002344,-0.000333,0.000723,0.000678,,1,0.012276,0.013374,0.002344,-0.000333,0.000723,0.000678,
LS,E32,LAGO MAYOR,2017-07-12,-15.338400,-69.720500,7.000000,0,,,,,,,,1,0.011658,0.011025,0.002069,-0.000195,0.000573,0.000446,,1,0.011658,0.011025,0.002069,-0.000195,0.000573,0.000446,,1,0.011658,0.011025,0.002069,-0.000195,0.000573,0.000446,
LS,E36,LAGO MAYOR,2017-07-13,-15.297100,-69.681400,10.800000,0,,,,,,,,1,0.010471,0.010889,0.001694,-0.000623,0.000893,0.000685,,1,0.010471,0.010889,0.001694,-0.000623,0.000893,0.000685,,1,0.010471,0.010889,0.001694,-0.000623,0.000893,0.000685,
LS,E39,LAGO MAYOR,2017-07-13,-15.374800,-69.527600,8.400000,0,,,,,,,,1,0.013527,0.019597,0.002798,-0.000877,0.001637,0.001678,,1,0.013527,0.019597,0.002798,-0.000877,0.001637,0.001678,,1,0.013527,0.019597,0.002798,-0.000877,0.001637,0.001678,
LS,E41,LAGO MAYOR,2017-07-13,-15.439200,-69.600900,13.000000,0,,,,,,,,1,0.005386,0.006013,0.000054,-0.001015,0.000916,0.000993,,1,0.005386,0.006013,0.000054,-0.001015,0.000916,0.000993,,1,0.005386,0.006013,0.000054,-0.001015,0.000916,0.000993,
LS,E42,LAGO MAYOR,2017-07-13,-15.496700,-69.668500,14.000000,0,,,,,,,,1,0.005420,0.007071,-0.000558,-0.002165,0.000945,0.001071,,1,0.005420,0.007071,-0.000558,-0.002165,0.000945,0.001071,,1,0.005420,0.007071,-0.000558,-0.002165,0.000945,0.001071,
LS,E43,LAGO MAYOR,2017-07-13,-15.560300,-69.741100,12.000000,0,,,,,,,,1,0.004966,0.005875,-0.000871,-0.001768,0.000474,0.000961,,1,0.004966,0.005875,-0.000871,-0.001768,0.000474,0.000961,,1,0.004966,0.005875,-0.000871,-0.001768,0.000474,0.000961,
LS,E22,LAGO MAYOR,2017-07-13,-15.618100,-69.807000,9.000000,0,,,,,,,,1,0.006471,0.007380,0.000243,-0.001077,0.001031,0.001109,,1,0.006471,0.007380,0.000243,-0.001077,0.001031,0.001109,,1,0.006471,0.007380,0.000243,-0.001077,0.001031,0.001109,
LS,E48,LAGO MAYOR,2017-07-15,-15.536100,-69.359700,12.000000,0,,,,,,,,0,,,,,,,,1,0.006605,0.006982,0.001495,0.000785,0.001861,0.001577,,1,0.006605,0.006982,0.001495,0.000785,0.001861,0.001577,
LS,E49,LAGO MAYOR,2017-07-15,-15.606300,-69.444900,9.000000,0,,,,,,,,0,,,,,,,,1,0.004006,0.005668,0.000466,-0.001001,0.001660,0.001509,,1,0.004006,0.005668,0.000466,-0.001001,0.001660,0.001509,
LS,E50,LAGO MAYOR,2017-07-15,-15.668700,-69.521100,12.000000,0,,,,,,,,0,,,,,,,,1,0.007520,0.010597,0.004014,0.004138,0.006714,0.005896,,1,0.007520,0.010597,0.004014,0.004138,0.006714,0.005896,
LS,E51,LAGO MAYOR,2017-07-15,-15.737100,-69.603800,9.800000,0,,,,,,,,0,,,,,,,,1,0.004908,0.005275,-0.000736,-0.001574,0.000807,0.001156,,1,0.004908,0.005275,-0.000736,-0.001574,0.000807,0.001156,
LS,E52,LAGO MAYOR,2017-07-15,-15.802800,-69.684300,9.000000,0,,,,,,,,0,,,,,,,,1,0.005752,0.006854,0.000847,-0.001056,0.000835,0.000770,,1,0.005752,0.006854,0.000847,-0.001056,0.000835,0.000770,
LS,E59,LAGO MAYOR,2017-07-16,-15.887600,-69.461500,10.000000,0,,,,,,,,0,,,,,,,,0,,,,,,,,1,0.005152,0.005919,-0.000151,-0.001450,0.000812,0.001031,
LS,E60,LAGO MAYOR,2017-07-16,-15.827100,-69.377600,10.000000,0,,,,,,,,0,,,,,,,,0,,,,,,,,1,0.003812,0.004871,-0.000986,-0.001726,0.000702,0.001076,
LS,E61,LAGO MAYOR,2017-07-16,-15.758500,-69.304500,12.800000,0,,,,,,,,0,,,,,,,,0,,,,,,,,1,0.003618,0.004952,-0.000751,-0.001603,0.001206,0.001520,
LS,E72,LAGO MAYOR,2017-07-16,-15.692100,-69.170900,5.800000,0,,,,,,,,0,,,,,,,,0,,,,,,,,1,0.009425,0.019355,0.003145,-0.001231,0.001672,0.001766,
LS,E76,LAGO MAYOR,2017-07-19,-15.812500,-69.044900,9.000000,0,,,,,,,,0,,,,,,,,0,,,,,,,,2,0.003971,0.006590,0.000167,-0.000532,0.001486,0.001436,
LS,E78,LAGO MAYOR,2017-07-19,-15.890300,-69.132700,10.300000,0,,,,,,,,0,,,,,,,,0,,,,,,,,2,0.003721,0.005047,-0.000569,-0.001508,0.000585,0.000700,
LS,E79,LAGO MAYOR,2017-07-16,-15.960000,-69.227200,10.000000,0,,,,,,,,0,,,,,,,,0,,,,,,,,1,0.003596,0.004733,-0.000925,-0.001673,0.001063,0.001304,
LS,E80,LAGO MAYOR,2017-07-17,-16.031600,-69.319800,10.000000,0,,,,,,,,0,,,,,,,,0,,,,,,,,2,0.004394,0.005677,0.000031,-0.000935,0.001632,0.001838,
LS,E82,LAGO MAYOR,2017-07-17,-16.110900,-69.417300,10.000000,0,,,,,,,,0,,,,,,,,0,,,,,,,,2,0.006212,0.007356,0.001171,-0.000380,0.001206,0.001151,
LS,E83,LAGO MAYOR,2017-07-17,-16.183700,-69.506700,8.000000,0,,,,,,,,0,,,,,,,,0,,,,,,,,2,0.006201,0.008541,0.001223,-0.000001,0.001864,0.001788,
LS,E88,LAGO MAYOR,2017-07-20,-16.206400,-69.378100,8.000000,0,,,,,,,,0,,,,,,,,0,,,,,,,,2,0.006095,0.008216,0.001386,-0.000492,0.001228,0.001150,
LS,E94,LAGO MAYOR,2017-07-20,-16.251000,-69.288400,9.000000,0,,,,,,,,0,,,,,,,,0,,,,,,,,2,0.005883,0.008152,0.002527,0.003209,0.005137,0.004007,
LS,E97,LAGO MAYOR,2017-07-20,-16.175700,-69.195800,10.000000,0,,,,,,,,0,,,,,,,,0,,,,,,,,2,0.004633,0.006073,0.000335,-0.001049,0.000874,0.000942,
LS,E98,LAGO MAYOR,2017-07-19,-16.105600,-69.110300,9.500000,0,,,,,,,,0,,,,,,,,0,,,,,,,,2,0.004385,0.005254,-0.000176,-0.000968,0.001134,0.001248,
LS,E99,LAGO MAYOR,2017-07-19,-16.074500,-69.074200,11.000000,0,,,,,,,,0,,,,,,,,0,,,,,,,,2,0.004438,0.006670,0.000669,-0.000414,0.001489,0.001312,
LS,E100,LAGO MAYOR,2017-07-19,-16.005500,-68.995900,10.000000,0,,,,,,,,0,,,,,,,,0,,,,,,,,2,0.003338,0.004852,-0.000714,-0.001435,0.000839,0.000772,
LS,E104,LAGO MAYOR,2017-07-19,-16.029700,-68.883700,10.200000,1,0.001710,0.004360,0.000806,0.000185,0.000921,0.000437,,1,0.001710,0.004360,0.000806,0.000185,0.000921,0.000437,,1,0.001710,0.004360,0.000806,0.000185,0.000921,0.000437,,3,0.003804,0.005357,0.000309,-0.000712,0.000921,0.000620,
LS,E113,LAGO MAYOR,2017-07-20,-16.217400,-69.136700,10.000000,0,,,,,,,,0,,,,,,,,0,,,,,,,,2,0.003536,0.005742,-0.000074,-0.001150,0.001005,0.001098,
LS,E117,LAGO MAYOR,2017-07-19,-16.165300,-69.102700,8.500000,0,,,,,,,,0,,,,,,,,0,,,,,,,,2,0.003405,0.005561,-0.000427,-0.001312,0.001125,0.001263,
LS,E120,LAGO MAYOR,2017-07-21,-16.126400,-68.933700,9.500000,0,,,,,,,,1,0.001853,0.004430,0.000661,0.000466,0.001174,0.000877,,1,0.001853,0.004430,0.000661,0.000466,0.001174,0.000877,,2,0.003036,0.005528,0.000924,0.000200,0.001664,0.001574,
LS,E121,LAGO MAYOR,2017-07-21,-16.206800,-68.864300,9.000000,0,,,,,,,,1,0.001324,0.005141,0.000962,0.001143,0.001870,0.001272,,1,0.001324,0.005141,0.000962,0.001143,0.001870,0.001272,,2,0.001901,0.004819,-0.000024,0.000053,0.001741,0.001477,
LS,E122,LAGO MENOR,2017-07-21,-16.227600,-68.836100,9.000000,0,,,,,,,,1,-0.000380,0.004239,0.000645,0.000366,0.001808,0.001481,,1,-0.000380,0.004239,0.000645,0.000366,0.001808,0.001481,,2,0.001030,0.004660,0.000276,0.000081,0.002056,0.001860,
LS,E123,LAGO MENOR,2017-07-21,-16.192500,-68.797000,6.500000,0,,,,,,,,1,-0.001908,0.005633,0.000716,0.000172,0.001396,0.000901,,1,-0.001908,0.005633,0.000716,0.000172,0.001396,0.000901,,2,0.000021,0.006293,0.000099,-0.000545,0.001394,0.001116,
LS,E125,LAGO MENOR,2017-07-21,-16.262600,-68.784300,8.000000,0,,,,,,,,1,0.010020,0.022430,0.003465,0.000883,0.001240,0.000952,,1,0.010020,0.022430,0.003465,0.000883,0.001240,0.000952,,2,0.010288,0.022014,0.002455,-0.000063,0.001173,0.001102,
LS,E130,LAGO MENOR,2017-07-22,-16.314400,-68.845100,5.400000,0,,,,,,,,1,0.004581,0.013953,0.001024,0.000179,0.001153,0.000915,,2,0.005886,0.014461,0.000812,-0.000605,0.001275,0.001216,,2,0.005886,0.014461,0.000812,-0.000605,0.001275,0.001216,
LS,E136,LAGO MENOR,2017-07-22,-16.265900,-69.060100,7.000000,0,,,,,,,,0,,,,,,,,1,0.002661,0.009406,0.001528,-0.000534,0.001808,0.001797,,1,0.002661,0.009406,0.001528,-0.000534,0.001808,0.001797,
LS,E135,LAGO MENOR,2017-07-22,-16.302800,-68.985200,6.000000,0,,,,,,,,2,0.008405,0.011836,0.002917,0.000544,0.001071,0.000817,,3,0.006408,0.011440,0.002191,-0.000414,0.001162,0.000865,,3,0.006408,0.011440,0.002191,-0.000414,0.001162,0.000865,
LS,E137,LAGO MENOR,2017-07-22,-16.401100,-68.833400,6.000000,0,,,,,,,,2,0.006743,0.018492,0.003470,-0.000583,0.000659,0.000473,,3,0.005419,0.017798,0.003251,-0.001067,0.000961,0.000532,,3,0.005419,0.017798,0.003251,-0.001067,0.000961,0.000532,
LS,E142,LAGO MENOR,2017-07-22,-16.451500,-68.998000,6.000000,0,,,,,,,,2,0.009690,0.013079,0.002577,-0.000188,0.000997,0.000882,,3,0.006952,0.012261,0.001921,-0.001133,0.001039,0.000954,,3,0.006952,0.012261,0.001921,-0.001133,0.001039,0.000954,
LS,E-148,LAGO MENOR,2017-07-22,-16.518700,-68.877300,6.000000,0,,,,,,,,2,0.011938,0.030567,0.007070,-0.000614,0.000781,0.000599,,3,0.011040,0.030124,0.006621,-0.001108,0.000862,0.000682,,3,0.011040,0.030124,0.006621,-0.001108,0.000862,0.000682,
LS,E-145,LAGO MENOR,2017-07-23,-16.513900,-68.977000,6.500000,0,,,,,,,,0,,,,,,,,3,0.007597,0.013155,0.002754,0.000083,0.001051,0.000638,,3,0.007597,0.013155,0.002754,0.000083,0.001051,0.000638,
LS,E-147,LAGO MENOR,2017-07-23,-16.493000,-69.059600,6.500000,0,,,,,,,,0,,,,,,,,1,0.009702,0.024276,0.005828,-0.000809,0.001113,0.001281,,1,0.009702,0.024276,0.005828,-0.000809,0.001113,0.001281,
LS,E01,BAHIA PUNO,2018-07-18,-15.853000,-69.960500,5.400000,0,,,,,,,,0,,,,,,,,1,0.008829,0.013987,0.003333,0.001025,0.004059,0.004110,,1,0.008829,0.013987,0.003333,0.001025,0.004059,0.004110,
LS,E02,BAHIA PUNO,2018-07-18,-15.846100,-69.927100,6.000000,0,,,,,,,,0,,,,,,,,1,0.005123,0.007872,0.001424,0.000705,0.006311,0.005382,,1,0.005123,0.007872,0.001424,0.000705,0.006311,0.005382,
LS,E03,BAHIA PUNO,2018-07-18,-15.874500,-69.907900,7.500000,0,,,,,,,,0,,,,,,,,1,0.011160,0.013256,0.007389,0.010280,0.011310,0.010454,,1,0.011160,0.013256,0.007389,0.010280,0.011310,0.010454,
LS,E05,BAHIA PUNO,2018-07-18,-15.840000,-69.892300,7.500000,0,,,,,,,,0,,,,,,,,1,,,,,,,,1,,,,,,,
LS,E08,BAHIA PUNO,2018-07-18,-15.780200,-69.868100,10.000000,0,,,,,,,,0,,,,,,,,1,,,,,,,,1,,,,,,,
LS,E14,BAHIA PUNO,2018-07-19,-15.748900,-69.783000,7.000000,0,,,,,,,,0,,,,,,,,0,,,,,,,,1,,,,,,,
LS,E16,BAHIA PUNO,2018-07-19,-15.673700,-69.854100,7.000000,0,,,,,,,,0,,,,,,,,0,,,,,,,,1,0.005858,0.012962,0.002945,0.003010,0.011021,0.010466,
LS,E17,BAHIA PUNO,2018-07-19,-15.604800,-69.905900,1.500000,0,,,,,,,,0,,,,,,,,0,,,,,,,,1,-0.002104,0.007274,0.002267,-0.000587,0.005252,0.005452,
LS,E28,LAGO MAYOR,2018-07-20,-15.392800,-69.782200,8.000000,0,,,,,,,,0,,,,,,,,0,,,,,,,,2,0.014535,0.015512,0.002765,-0.000830,0.000647,0.000524,
LS,E32,LAGO MAYOR,2018-07-20,-15.338400,-69.720500,7.000000,0,,,,,,,,0,,,,,,,,0,,,,,,,,2,0.014150,0.014371,0.002113,-0.001109,0.000299,0.000409,
LS,E36,LAGO MAYOR,2018-07-20,-15.297100,-69.681400,7.500000,0,,,,,,,,0,,,,,,,,0,,,,,,,,2,0.014731,0.015937,0.003252,-0.000329,0.000834,0.000572,
LS,E39,LAGO MAYOR,2018-07-21,-15.374800,-69.527600,7.000000,0,,,,,,,,0,,,,,,,,0,,,,,,,,2,0.014947,0.019714,0.003290,-0.000811,0.001551,0.001580,
LS,E41,LAGO MAYOR,2018-07-21,-15.439200,-69.600900,8.500000,0,,,,,,,,0,,,,,,,,0,,,,,,,,2,0.004583,0.005346,-0.000620,-0.000879,0.002790,0.002882,
LS,E42,LAGO MAYOR,2018-07-21,-15.496700,-69.668500,10.000000,0,,,,,,,,0,,,,,,,,0,,,,,,,,2,0.009351,0.007815,0.001118,-0.000211,0.001333,0.001055,
LS,E43,LAGO MAYOR,2018-07-21,-15.560300,-69.741100,11.000000,0,,,,,,,,0,,,,,,,,0,,,,,,,,2,0.009744,0.007775,0.001354,-0.000338,0.000939,0.000912,
LS,E22,LAGO MAYOR,2018-07-21,-15.618100,-69.807000,8.000000,0,,,,,,,,0,,,,,,,,0,,,,,,,,2,0.008232,0.011335,0.004766,0.007209,0.013496,0.013284,
LS,E48,LAGO MAYOR,2018-07-22,-15.528900,-69.365400,11.000000,0,,,,,,,,0,,,,,,,,0,,,,,,,,2,0.005276,0.005642,0.000307,0.003726,0.001298,0.001176,
LS,E49,LAGO MAYOR,2018-07-22,-15.606300,-69.444900,13.000000,0,,,,,,,,0,,,,,,,,0,,,,,,,,2,0.008245,0.006597,0.000455,-0.000976,0.000476,0.000517,
LS,E50,LAGO MAYOR,2018-07-22,-15.668700,-69.521100,11.000000,0,,,,,,,,0,,,,,,,,0,,,,,,,,2,0.008320,0.006781,0.000532,-0.000845,0.000628,0.000418,
LS,E51,LAGO MAYOR,2018-07-23,-15.737100,-69.603800,10.500000,0,,,,,,,,0,,,,,,,,0,,,,,,,,2,0.005218,0.005091,0.000009,-0.000370,0.002911,0.002991,
LS,E52,LAGO MAYOR,2018-07-23,-15.802800,-69.684300,12.000000,0,,,,,,,,0,,,,,,,,0,,,,,,,,2,0.008319,0.007850,0.000980,-0.000581,0.000654,0.000510,
LS,E53,LAGO MAYOR,2018-07-23,-15.868600,-69.763400,9.500000,0,,,,,,,,0,,,,,,,,0,,,,,,,,2,0.010533,0.010102,0.001267,-0.000597,0.000596,0.000624,
LS,E60,LAGO MAYOR,2018-07-24,-15.827100,-69.377600,13.500000,0,,,,,,,,0,,,,,,,,0,,,,,,,,1,0.007826,0.006780,0.000781,-0.000062,0.001091,0.001097,
LS,E61,LAGO MAYOR,2018-07-24,-15.758500,-69.304500,13.000000,0,,,,,,,,0,,,,,,,,0,,,,,,,,1,0.007449,0.006125,0.000043,-0.000780,0.000360,0.000477,
LS,E72,LAGO MAYOR,2018-07-24,-15.692100,-69.170900,4.000000,0,,,,,,,,0,,,,,,,,0,,,,,,,,1,0.007384,0.010895,-0.000004,-0.001364,0.001913,0.001790,
LS,E76,LAGO MAYOR,2018-07-24,-15.812500,-69.044900,13.000000,0,,,,,,,,0,,,,,,,,0,,,,,,,,1,0.005412,0.006347,0.000290,-0.000722,0.000769,0.000721,
LS,E78,LAGO MAYOR,2018-07-24,-15.890300,-69.132700,13.000000,0,,,,,,,,0,,,,,,,,0,,,,,,,,1,0.006107,0.005903,0.000211,-0.000987,0.000402,0.000288,
LS,E79,LAGO MAYOR,2018-07-25,-15.960000,-69.227200,10.500000,0,,,,,,,,0,,,,,,,,1,0.006580,0.005860,0.000226,-0.001176,0.000354,0.000358,,1,0.006580,0.005860,0.000226,-0.001176,0.000354,0.000358,
LS,E80,LAGO MAYOR,2018-07-25,-16.031600,-69.319800,12.300000,0,,,,,,,,0,,,,,,,,1,0.007080,0.006184,0.000252,-0.000968,0.000384,0.000337,,1,0.007080,0.006184,0.000252,-0.000968,0.000384,0.000337,
LS,E82,LAGO MAYOR,2018-07-25,-16.110900,-69.417300,11.000000,0,,,,,,,,0,,,,,,,,1,0.007296,0.007162,0.000825,-0.000774,0.000840,0.000808,,1,0.007296,0.007162,0.000825,-0.000774,0.000840,0.000808,
LS,E83,LAGO MAYOR,2018-07-25,-16.183700,-69.506700,7.000000,0,,,,,,,,0,,,,,,,,1,0.005475,0.006826,0.000182,-0.000802,0.001267,0.001118,,1,0.005475,0.006826,0.000182,-0.000802,0.001267,0.001118,
LS,E88,LAGO MAYOR,2018-07-25,-16.206400,-69.378100,9.400000,0,,,,,,,,0,,,,,,,,1,0.004132,0.005589,-0.000511,-0.001733,0.000687,0.000690,,1,0.004132,0.005589,-0.000511,-0.001733,0.000687,0.000690,
LS,E94,LAGO MAYOR,2018-07-26,-16.251000,-69.288400,9.000000,0,,,,,,,,0,,,,,,,,1,0.007788,0.009652,0.004471,0.005990,0.007938,0.005856,,1,0.007788,0.009652,0.004471,0.005990,0.007938,0.005856,
LS,E97,LAGO MAYOR,2018-07-26,-16.175700,-69.195800,10.500000,0,,,,,,,,0,,,,,,,,1,0.006228,0.006439,0.000470,-0.000853,0.000552,0.000541,,1,0.006228,0.006439,0.000470,-0.000853,0.000552,0.000541,
LS,E98,LAGO MAYOR,2018-07-26,-16.105600,-69.110300,12.000000,0,,,,,,,,0,,,,,,,,1,0.005750,0.006046,0.000556,-0.000656,0.000853,0.000823,,1,0.005750,0.006046,0.000556,-0.000656,0.000853,0.000823,
LS,E99,LAGO MAYOR,2018-07-28,-16.074500,-69.074200,11.000000,0,,,,,,,,1,0.006558,0.007475,0.001418,-0.000607,0.000618,0.000630,,1,0.006558,0.007475,0.001418,-0.000607,0.000618,0.000630,,1,0.006558,0.007475,0.001418,-0.000607,0.000618,0.000630,
LS,E100,LAGO MAYOR,2018-07-28,-16.005500,-68.995900,13.000000,0,,,,,,,,1,0.005815,0.005461,-0.000052,-0.001037,0.000457,0.000596,,1,0.005815,0.005461,-0.000052,-0.001037,0.000457,0.000596,,1,0.005815,0.005461,-0.000052,-0.001037,0.000457,0.000596,
LS,E104,LAGO MAYOR,2018-07-28,-16.029700,-68.883700,12.000000,0,,,,,,,,1,0.006049,0.005978,0.000361,-0.000609,0.000597,0.000421,,1,0.006049,0.005978,0.000361,-0.000609,0.000597,0.000421,,2,0.007288,0.009720,0.003731,0.003900,0.005255,0.005111,
LS,E117,LAGO MAYOR,2018-07-26,-16.165300,-69.102700,9.100000,0,,,,,,,,0,,,,,,,,1,0.006310,0.007296,0.000586,-0.000503,0.000820,0.000792,,1,0.006310,0.007296,0.000586,-0.000503,0.000820,0.000792,
LS,E120,LAGO MAYOR,2018-07-28,-16.126400,-68.933700,9.500000,0,,,,,,,,1,0.006315,0.007086,0.000702,-0.000669,0.000590,0.000462,,1,0.006315,0.007086,0.000702,-0.000669,0.000590,0.000462,,2,0.006315,0.007086,0.000702,-0.000669,0.000590,0.000462,
LS,E121,LAGO MAYOR,2018-07-28,-16.206800,-68.864300,8.000000,0,,,,,,,,1,0.005172,0.008384,0.001377,-0.000341,0.001209,0.000899,,1,0.005172,0.008384,0.001377,-0.000341,0.001209,0.000899,,2,0.005253,0.007462,0.000784,-0.000287,0.000985,0.000887,
LS,E122,LAGO MENOR,2018-07-29,-16.227600,-68.836100,9.000000,1,0.003339,0.006929,0.000177,-0.000895,0.001601,0.001291,,1,0.003339,0.006929,0.000177,-0.000895,0.001601,0.001291,,1,0.003339,0.006929,0.000177,-0.000895,0.001601,0.001291,,3,0.003283,0.006539,0.000329,-0.000123,0.001494,0.001373,
LS,E123,LAGO MENOR,2018-07-29,-16.192500,-68.797000,9.000000,1,0.005055,0.006981,0.000356,-0.000540,0.000877,0.000826,,1,0.005055,0.006981,0.000356,-0.000540,0.000877,0.000826,,1,0.005055,0.006981,0.000356,-0.000540,0.000877,0.000826,,3,0.005055,0.006981,0.000524,0.000253,0.001301,0.001095,
LS,E125,LAGO MENOR,2018-07-29,-16.262600,-68.784300,7.500000,1,0.005416,0.008979,0.000481,-0.000705,0.000498,0.000668,,1,0.005416,0.008979,0.000481,-0.000705,0.000498,0.000668,,1,0.005416,0.008979,0.000481,-0.000705,0.000498,0.000668,,3,0.005357,0.009931,0.001476,0.000155,0.001101,0.001135,
LS,E132,LAGO MENOR,2018-07-29,-16.333900,-68.780800,7.000000,1,0.008705,0.021840,0.004283,-0.000665,0.000816,0.000411,,1,0.008705,0.021840,0.004283,-0.000665,0.000816,0.000411,,1,0.008705,0.021840,0.004283,-0.000665,0.000816,0.000411,,3,0.006275,0.020712,0.003716,-0.000675,0.001206,0.001048,
LS,E130,LAGO MENOR,2018-07-29,-16.314400,-68.845100,6.000000,1,0.008356,0.014513,0.001580,-0.000445,0.000989,0.000981,,1,0.008356,0.014513,0.001580,-0.000445,0.000989,0.000981,,1,0.008356,0.014513,0.001580,-0.000445,0.000989,0.000981,,3,0.006843,0.015865,0.004204,0.004086,0.006336,0.006024,
LS,E136,LAGO MENOR,2018-07-29,-16.265900,-69.060100,8.000000,1,0.003045,0.009038,0.001207,-0.000777,0.001508,0.001520,,1,0.003045,0.009038,0.001207,-0.000777,0.001508,0.001520,,1,0.003045,0.009038,0.001207,-0.000777,0.001508,0.001520,,1,0.003045,0.009038,0.001207,-0.000777,0.001508,0.001520,
LS,E137,LAGO MENOR,2018-07-29,-16.401100,-68.833400,5.000000,1,0.008691,0.025343,0.005418,-0.000971,0.000568,0.000658,,1,0.008691,0.025343,0.005418,-0.000971,0.000568,0.000658,,1,0.008691,0.025343,0.005418,-0.000971,0.000568,0.000658,,5,0.010940,0.029170,0.008713,0.000229,0.003188,0.002565,
LS,E141,LAGO MENOR,2018-07-30,-16.376400,-69.007300,5.500000,1,0.007960,0.011417,0.002763,-0.000448,0.000714,0.000576,,1,0.007960,0.011417,0.002763,-0.000448,0.000714,0.000576,,1,0.007960,0.011417,0.002763,-0.000448,0.000714,0.000576,,5,0.007960,0.011417,0.002558,-0.000155,0.001810,0.002070,
LS,E142,LAGO MENOR,2018-07-30,-16.451500,-68.998000,7.000000,1,0.007429,0.011664,0.002021,-0.000742,0.000563,0.000562,,1,0.007429,0.011664,0.002021,-0.000742,0.000563,0.000562,,1,0.007429,0.011664,0.002021,-0.000742,0.000563,0.000562,,5,0.007094,0.009764,0.001044,-0.000797,0.002121,0.002858,
LS,E145,LAGO MENOR,2018-07-30,-16.513900,-68.977000,6.500000,1,0.009122,0.013084,0.002563,-0.000538,0.000494,0.000575,,1,0.009122,0.013084,0.002563,-0.000538,0.000494,0.000575,,1,0.009122,0.013084,0.002563,-0.000538,0.000494,0.000575,,5,0.009122,0.013084,0.002563,-0.000602,0.001814,0.002013,
LS,E01,BAHIA PUNO,2019-07-11,-15.852200,-69.960700,8.000000,0,,,,,,,,0,,,,,,,,0,,,,,,,,1,0.024240,0.023590,0.013077,0.009088,0.005792,0.004347,
LS,E02,BAHIA PUNO,2019-07-11,-15.846400,-69.927600,8.000000,0,,,,,,,,0,,,,,,,,0,,,,,,,,1,0.010237,0.012393,0.002422,-0.000472,0.001781,0.002070,
LS,E04,BAHIA PUNO,2019-07-11,-15.875200,-69.871700,1.500000,0,,,,,,,,0,,,,,,,,0,,,,,,,,1,0.007147,0.018838,0.002167,-0.001267,0.001671,0.002081,
LS,E05,BAHIA PUNO,2019-07-11,-15.840000,-69.892000,8.000000,0,,,,,,,,0,,,,,,,,0,,,,,,,,1,0.008216,0.009930,0.000681,-0.001601,0.001416,0.001639,
LS,E08,BAHIA PUNO,2019-07-11,-15.779800,-69.869100,10.000000,0,,,,,,,,0,,,,,,,,0,,,,,,,,1,0.023845,0.028249,0.020533,0.023656,0.036502,0.025577,
LS,E14,BAHIA PUNO,2019-07-12,-15.748900,-69.783000,9.000000,0,,,,,,,,0,,,,,,,,1,0.009770,0.013486,0.004862,0.005138,0.012316,0.009882,,1,0.009770,0.013486,0.004862,0.005138,0.012316,0.009882,
LS,E16,BAHIA PUNO,2019-07-11,-15.672800,-69.853900,3.500000,0,,,,,,,,0,,,,,,,,0,,,,,,,,1,0.019851,0.028064,0.017584,0.019907,0.025874,0.020655,
LS,E17,BAHIA PUNO,2019-07-12,-15.605400,-69.904900,3.000000,0,,,,,,,,0,,,,,,,,1,0.008405,0.017534,0.011539,0.010455,0.011113,0.007890,,1,0.008405,0.017534,0.011539,0.010455,0.011113,0.007890,
LS,E25,LAGO MAYOR,2019-07-12,-15.491100,-69.893100,6.100000,0,,,,,,,,0,,,,,,,,1,0.005770,0.009422,0.000521,-0.001052,0.002292,0.002599,,1,0.005770,0.009422,0.000521,-0.001052,0.002292,0.002599,
LS,E28,LAGO MAYOR,2019-07-12,-15.392800,-69.782200,7.000000,0,,,,,,,,0,,,,,,,,1,0.010243,0.010407,0.000430,-0.001909,0.001161,0.001408,,1,0.010243,0.010407,0.000430,-0.001909,0.001161,0.001408,
LS,E32,LAGO MAYOR,2019-07-12,-15.338200,-69.720500,6.000000,0,,,,,,,,0,,,,,,,,1,0.010155,0.010099,0.000826,-0.001860,0.000977,0.001701,,1,0.010155,0.010099,0.000826,-0.001860,0.000977,0.001701,
LS,E36,LAGO MAYOR,2019-07-12,-15.296400,-69.681600,11.000000,0,,,,,,,,0,,,,,,,,1,0.001995,0.010416,0.004505,0.007069,0.019849,0.016735,,1,0.001995,0.010416,0.004505,0.007069,0.019849,0.016735,
LS,E39,LAGO MAYOR,2019-07-13,-15.342300,-69.529000,8.000000,0,,,,,,,,0,,,,,,,,1,0.032222,0.046677,0.059629,0.096783,0.125625,0.094342,,1,0.032222,0.046677,0.059629,0.096783,0.125625,0.094342,
LS,E41,LAGO MAYOR,2019-07-13,-15.439500,-69.600600,9.500000,0,,,,,,,,0,,,,,,,,1,0.008406,0.008643,0.000379,-0.001623,0.001329,0.001768,,1,0.008406,0.008643,0.000379,-0.001623,0.001329,0.001768,
LS,E42,LAGO MAYOR,2019-07-13,-15.496700,-69.668700,10.000000,0,,,,,,,,0,,,,,,,,1,0.009921,0.009721,0.001198,-0.000951,0.001594,0.002008,,1,0.009921,0.009721,0.001198,-0.000951,0.001594,0.002008,
LS,E43,LAGO MAYOR,2019-07-13,-15.560300,-69.741300,12.000000,0,,,,,,,,0,,,,,,,,1,0.010017,0.009673,0.000843,-0.001483,0.001256,0.001712,,1,0.010017,0.009673,0.000843,-0.001483,0.001256,0.001712,
LS,E22,LAGO MAYOR,2019-07-13,-15.620000,-69.813300,6.000000,0,,,,,,,,0,,,,,,,,1,0.005348,0.008199,0.000345,-0.000578,0.003219,0.003526,,1,0.005348,0.008199,0.000345,-0.000578,0.003219,0.003526,
LS,E49,LAGO MAYOR,2019-07-14,-15.606300,-69.444900,12.000000,0,,,,,,,,1,0.011317,0.010346,0.002519,-0.000136,0.001698,0.001865,,1,0.011317,0.010346,0.002519,-0.000136,0.001698,0.001865,,1,0.011317,0.010346,0.002519,-0.000136,0.001698,0.001865,
LS,E50,LAGO MAYOR,2019-07-14,-15.668500,-69.521000,12.000000,0,,,,,,,,1,0.010360,0.011333,0.002114,-0.000351,0.003498,0.003773,,1,0.010360,0.011333,0.002114,-0.000351,0.003498,0.003773,,1,0.010360,0.011333,0.002114,-0.000351,0.003498,0.003773,
LS,E51,LAGO MAYOR,2019-07-14,-15.737100,-69.603700,11.000000,0,,,,,,,,1,,,,,,,,1,,,,,,,,1,,,,,,,
LS,E52,LAGO MAYOR,2019-07-14,-15.801700,-69.683800,10.000000,0,,,,,,,,1,0.071385,0.072127,0.067272,0.074182,0.095558,0.074525,,1,0.071385,0.072127,0.067272,0.074182,0.095558,0.074525,,1,0.071385,0.072127,0.067272,0.074182,0.095558,0.074525,
LS,E53,LAGO MAYOR,2019-07-14,-15.870300,-69.769400,9.000000,0,,,,,,,,1,0.031277,0.050337,0.051658,0.069559,0.101162,0.089733,,1,0.031277,0.050337,0.051658,0.069559,0.101162,0.089733,,1,0.031277,0.050337,0.051658,0.069559,0.101162,0.089733,
LS,E59,LAGO MAYOR,2019-07-15,-15.887400,-69.461400,11.000000,0,,,,,,,,1,0.012326,0.013142,0.003333,0.000072,0.003483,0.003257,,1,0.012326,0.013142,0.003333,0.000072,0.003483,0.003257,,1,0.012326,0.013142,0.003333,0.000072,0.003483,0.003257,
LS,E60,LAGO MAYOR,2019-07-15,-15.826700,-69.376400,11.000000,0,,,,,,,,1,0.011002,0.011709,0.002463,-0.000665,0.002899,0.003030,,1,0.011002,0.011709,0.002463,-0.000665,0.002899,0.003030,,1,0.011002,0.011709,0.002463,-0.000665,0.002899,0.003030,
LS,E61,LAGO MAYOR,2019-07-15,-15.758900,-69.304200,11.000000,0,,,,,,,,1,0.003712,0.006312,-0.001856,-0.004036,0.001319,0.002102,,1,0.003712,0.006312,-0.001856,-0.004036,0.001319,0.002102,,1,0.003712,0.006312,-0.001856,-0.004036,0.001319,0.002102,
LS,E72,LAGO MAYOR,2019-07-15,-15.693100,-69.170700,6.000000,0,,,,,,,,1,0.017856,0.028132,0.012631,0.007817,0.006609,0.004896,,1,0.017856,0.028132,0.012631,0.007817,0.006609,0.004896,,1,0.017856,0.028132,0.012631,0.007817,0.006609,0.004896,
LS,E76,LAGO MAYOR,2019-07-19,-15.807700,-69.041400,9.900000,0,,,,,,,,1,0.004316,0.007700,-0.000776,-0.001825,0.002376,0.002790,,1,0.004316,0.007700,-0.000776,-0.001825,0.002376,0.002790,,1,0.004316,0.007700,-0.000776,-0.001825,0.002376,0.002790,
LS,E78,LAGO MAYOR,2019-07-19,-15.889400,-69.132500,12.000000,0,,,,,,,,1,0.011778,0.011001,0.002679,-0.000363,0.001864,0.001968,,1,0.011778,0.011001,0.002679,-0.000363,0.001864,0.001968,,1,0.011778,0.011001,0.002679,-0.000363,0.001864,0.001968,
LS,E79,LAGO MAYOR,2019-07-19,-15.960500,-69.227500,9.000000,0,,,,,,,,1,,,,,,,,1,,,,,,,,1,,,,,,,
LS,E80,LAGO MAYOR,2019-07-16,-16.031700,-69.319400,11.000000,1,,,,,,,,1,,,,,,,,1,,,,,,,,1,,,,,,,
LS,E82,LAGO MAYOR,2019-07-16,-16.112100,-69.417500,9.000000,1,0.007327,0.008804,-0.000396,-0.002343,0.001875,0.002430,,1,0.007327,0.008804,-0.000396,-0.002343,0.001875,0.002430,,1,0.007327,0.008804,-0.000396,-0.002343,0.001875,0.002430,,1,0.007327,0.008804,-0.000396,-0.002343,0.001875,0.002430,
LS,E83,LAGO MAYOR,2019-07-16,-16.184900,-69.507900,10.000000,1,0.004509,0.007989,-0.000131,-0.000537,0.003935,0.004086,,1,0.004509,0.007989,-0.000131,-0.000537,0.003935,0.004086,,1,0.004509,0.007989,-0.000131,-0.000537,0.003935,0.004086,,1,0.004509,0.007989,-0.000131,-0.000537,0.003935,0.004086,
LS,E88,LAGO MAYOR,2019-07-17,-16.203100,-69.382200,11.000000,1,0.006958,0.009310,0.000392,-0.001518,0.002542,0.002473,,1,0.006958,0.009310,0.000392,-0.001518,0.002542,0.002473,,1,0.006958,0.009310,0.000392,-0.001518,0.002542,0.002473,,1,0.006958,0.009310,0.000392,-0.001518,0.002542,0.002473,
LS,E94,LAGO MAYOR,2019-07-17,-16.254500,-69.291700,8.000000,1,0.003898,0.007571,-0.000925,-0.002067,0.002695,0.003075,,1,0.003898,0.007571,-0.000925,-0.002067,0.002695,0.003075,,1,0.003898,0.007571,-0.000925,-0.002067,0.002695,0.003075,,1,0.003898,0.007571,-0.000925,-0.002067,0.002695,0.003075,
LS,E97,LAGO MAYOR,2019-07-17,-16.175400,-69.195100,10.000000,1,0.008392,0.010324,0.001304,-0.001097,0.002589,0.002985,,1,0.008392,0.010324,0.001304,-0.001097,0.002589,0.002985,,1,0.008392,0.010324,0.001304,-0.001097,0.002589,0.002985,,1,0.008392,0.010324,0.001304,-0.001097,0.002589,0.002985,
LS,E98,LAGO MAYOR,2019-07-18,-16.103400,-69.108900,7.000000,0,,,,,,,,1,0.007988,0.008720,0.000702,-0.001023,0.002095,0.002384,,1,0.007988,0.008720,0.000702,-0.001023,0.002095,0.002384,,1,0.007988,0.008720,0.000702,-0.001023,0.002095,0.002384,
LS,E99,LAGO MAYOR,2019-07-20,-16.082400,-69.081700,13.000000,0,,,,,,,,0,,,,,,,,1,0.011029,0.013482,0.005124,0.003512,0.006776,0.006816,,1,0.011029,0.013482,0.005124,0.003512,0.006776,0.006816,
LS,E100,LAGO MAYOR,2019-07-20,-16.005000,-68.996400,11.000000,0,,,,,,,,0,,,,,,,,1,0.005061,0.006054,-0.001092,-0.002532,0.002400,0.002620,,1,0.005061,0.006054,-0.001092,-0.002532,0.002400,0.002620,
LS,E104,LAGO MAYOR,2019-07-20,-16.038400,-68.857700,10.000000,0,,,,,,,,0,,,,,,,,1,0.007308,0.007728,0.000202,-0.001082,0.002555,0.002902,,2,0.012002,0.015603,0.001788,-0.000634,0.002743,0.002939,
LS,E113,LAGO MAYOR,2019-07-17,-16.229800,-69.113500,9.000000,1,0.006041,0.009810,0.001351,-0.000801,0.003108,0.003313,,1,0.006041,0.009810,0.001351,-0.000801,0.003108,0.003313,,1,0.006041,0.009810,0.001351,-0.000801,0.003108,0.003313,,1,0.006041,0.009810,0.001351,-0.000801,0.003108,0.003313,
LS,E117,LAGO MAYOR,2019-07-18,-16.168600,-69.097900,10.000000,0,,,,,,,,1,0.006150,0.008778,0.000372,-0.000773,0.002838,0.003084,,1,0.006150,0.008778,0.000372,-0.000773,0.002838,0.003084,,1,0.006150,0.008778,0.000372,-0.000773,0.002838,0.003084,
LS,E120,LAGO MAYOR,2019-07-20,-16.126200,-68.933400,11.500000,0,,,,,,,,0,,,,,,,,1,0.005004,0.006387,-0.001203,-0.002762,0.001366,0.001864,,2,0.005235,0.006062,0.000464,-0.000511,0.001694,0.001695,
LS,E121,LAGO MAYOR,2019-07-21,-16.207700,-68.862600,11.000000,0,,,,,,,,0,,,,,,,,2,0.005437,0.007809,0.002165,0.001408,0.002883,0.002442,,2,0.005437,0.007809,0.002165,0.001408,0.002883,0.002442,
LS,E122,LAGO MENOR,2019-07-21,-16.228100,-68.835100,11.000000,0,,,,,,,,0,,,,,,,,2,0.005754,0.008373,0.001352,0.000437,0.002652,0.002318,,2,0.005754,0.008373,0.001352,0.000437,0.002652,0.002318,
LS,E123,LAGO MENOR,2019-07-21,-16.192200,-68.796800,9.000000,0,,,,,,,,0,,,,,,,,2,0.004078,0.006933,0.001348,0.000658,0.002628,0.002423,,2,0.004078,0.006933,0.001348,0.000658,0.002628,0.002423,
LS,E125,LAGO MENOR,2019-07-21,-16.213200,-68.732500,8.500000,0,,,,,,,,0,,,,,,,,1,0.003277,0.006700,0.002470,0.002112,0.002881,0.002405,,1,0.003277,0.006700,0.002470,0.002112,0.002881,0.002405,
LS,E132,LAGO MENOR,2019-07-21,-16.315000,-68.847900,7.000000,0,,,,,,,,0,,,,,,,,2,0.007463,0.015195,0.001681,-0.000700,0.002074,0.002288,,2,0.007463,0.015195,0.001681,-0.000700,0.002074,0.002288,
LS,E130,LAGO MENOR,2019-07-22,-16.214200,-68.939300,10.000000,0,,,,,,,,0,,,,,,,,1,0.006495,0.011990,0.004819,0.002588,0.002141,0.001635,,2,0.005735,0.012104,0.003036,0.000371,0.002081,0.001986,
LS,E136,LAGO MENOR,2019-07-22,-16.303400,-68.985400,6.500000,0,,,,,,,,0,,,,,,,,2,0.008762,0.013224,0.004129,0.000465,0.001690,0.001419,,3,0.008999,0.013409,0.004156,0.000879,0.002074,0.001521,
LS,E137,LAGO MENOR,2019-07-22,-16.365500,-68.902500,5.000000,0,,,,,,,,0,,,,,,,,2,0.009287,0.014080,0.004387,0.000563,0.001762,0.001410,,3,0.007321,0.013760,0.003190,-0.001153,0.001501,0.001514,
LS,E141,LAGO MENOR,2019-07-23,-16.376000,-69.007800,10.000000,0,,,,,,,,0,,,,,,,,0,,,,,,,,2,0.007547,0.013141,0.002027,-0.001587,0.001400,0.001705,
LS,E142,LAGO MENOR,2019-07-23,-16.448900,-68.996900,11.000000,0,,,,,,,,2,0.012782,0.019028,0.004887,-0.000196,0.001153,0.000816,,2,0.012782,0.019028,0.004887,-0.000196,0.001153,0.000816,,4,0.008347,0.015971,0.003320,-0.000953,0.001165,0.000861,
LS,E145,LAGO MENOR,2019-07-23,-16.517900,-68.978100,6.000000,0,,,,,,,,2,0.011204,0.015913,0.003120,-0.000499,0.000859,0.000619,,2,0.011204,0.015913,0.003120,-0.000499,0.000859,0.000619,,4,0.010519,0.017600,0.003220,-0.000606,0.000885,0.000650,
LS,E147,LAGO MENOR,2019-07-24,-16.559000,-68.917400,5.500000,0,,,,,,,,2,0.012303,0.018178,0.003482,-0.000660,0.000427,0.000651,,2,0.012303,0.018178,0.003482,-0.000660,0.000427,0.000651,,4,0.008030,0.016404,0.003541,0.000101,0.001694,0.001621,
LS,E01,BAHIA PUNO,2022-08-12,-15.853000,-69.960500,5.500000,0,,,,,,,,1,0.012885,0.015784,0.008211,0.005860,0.004905,0.003653,,1,0.012885,0.015784,0.008211,0.005860,0.004905,0.003653,,2,0.008501,0.013538,0.005404,0.003281,0.003913,0.003168,
LS,E02,BAHIA PUNO,2022-08-12,-15.846100,-69.927100,8.000000,0,,,,,,,,1,0.005913,0.009300,0.001262,-0.000273,0.001701,0.001416,,1,0.005913,0.009300,0.001262,-0.000273,0.001701,0.001416,,2,0.005543,0.009764,0.001484,-0.000059,0.002028,0.001889,
LS,E05,BAHIA PUNO,2022-08-12,-15.840000,-69.892300,8.500000,0,,,,,,,,1,0.005576,0.007567,-0.000137,-0.000995,0.001164,0.001246,,1,0.005576,0.007567,-0.000137,-0.000995,0.001164,0.001246,,2,0.005992,0.007785,0.000248,-0.000510,0.001713,0.001812,
LS,E08,BAHIA PUNO,2022-08-12,-15.780200,-69.868100,11.000000,0,,,,,,,,1,0.006464,0.006909,-0.000380,-0.001434,0.000859,0.001005,,1,0.006464,0.006909,-0.000380,-0.001434,0.000859,0.001005,,2,0.006416,0.006639,-0.000280,-0.001135,0.001239,0.001488,
LS,E28,LAGO MAYOR,2022-08-14,-15.392800,-69.782200,10.000000,0,,,,,,,,0,,,,,,,,2,0.009510,0.008715,0.000090,-0.001236,0.001029,0.001009,,2,0.009510,0.008715,0.000090,-0.001236,0.001029,0.001009,
LS,E32,LAGO MAYOR,2022-08-14,-15.338400,-69.720500,9.000000,0,,,,,,,,0,,,,,,,,2,0.017948,0.018105,0.002729,-0.000666,0.001415,0.001478,,2,0.017948,0.018105,0.002729,-0.000666,0.001415,0.001478,
LS,E36,LAGO MAYOR,2022-08-14,-15.297100,-69.681400,9.000000,0,,,,,,,,0,,,,,,,,2,0.016376,0.016531,0.002294,-0.000421,0.001455,0.001524,,2,0.016376,0.016531,0.002294,-0.000421,0.001455,0.001524,
LS,E39,LAGO MAYOR,2022-08-15,-15.374800,-69.527600,7.000000,0,,,,,,,,1,0.015249,0.024598,0.006490,0.002537,0.005885,0.005540,,1,0.015249,0.024598,0.006490,0.002537,0.005885,0.005540,,2,0.013297,0.022157,0.004942,0.000684,0.003766,0.003653,
LS,341,LAGO MAYOR,2022-08-15,-15.439200,-69.600900,14.000000,0,,,,,,,,1,0.005563,0.004888,-0.001334,-0.001690,0.001738,0.002102,,1,0.005563,0.004888,-0.001334,-0.001690,0.001738,0.002102,,2,0.007224,0.005860,-0.000815,-0.001635,0.001153,0.001321,
LS,E42,LAGO MAYOR,2022-08-15,-15.496700,-69.668500,16.000000,0,,,,,,,,1,0.007059,0.005642,-0.000455,-0.001235,0.001787,0.002090,,1,0.007059,0.005642,-0.000455,-0.001235,0.001787,0.002090,,2,0.008408,0.006718,-0.000048,-0.001033,0.001400,0.001680,
LS,E43,LAGO MAYOR,2022-08-15,-15.560300,-69.741100,14.000000,0,,,,,,,,1,0.005852,0.005887,-0.000642,-0.001149,0.001927,0.002342,,1,0.005852,0.005887,-0.000642,-0.001149,0.001927,0.002342,,2,0.006223,0.005642,-0.000730,0.000067,0.003460,0.004007,
LS,E22,LAGO MAYOR,2022-08-15,-15.618100,-69.807000,14.000000,0,,,,,,,,1,0.006064,0.006467,0.000180,-0.000513,0.002178,0.002252,,1,0.006064,0.006467,0.000180,-0.000513,0.002178,0.002252,,2,0.007053,0.006959,0.000152,-0.000745,0.001693,0.001755,
LS,E48,LAGO MAYOR,2022-08-16,-15.536100,-69.359700,8.000000,0,,,,,,,,1,0.007909,0.008919,0.003072,0.003397,0.006343,0.006474,,1,0.007909,0.008919,0.003072,0.003397,0.006343,0.006474,,3,0.005217,0.006423,0.000345,0.000194,0.005405,0.005516,
LS,E49,LAGO MAYOR,2022-08-16,-15.606300,-69.444900,15.000000,0,,,,,,,,1,0.006881,0.007096,0.001401,0.001210,0.004745,0.004909,,1,0.006881,0.007096,0.001401,0.001210,0.004745,0.004909,,3,0.005924,0.006160,0.000085,-0.000647,0.003342,0.003877,
LS,E50,LAGO MAYOR,2022-08-16,-15.668700,-69.521100,16.000000,0,,,,,,,,1,0.004481,0.005361,-0.000626,-0.000540,0.004833,0.005096,,1,0.004481,0.005361,-0.000626,-0.000540,0.004833,0.005096,,3,0.006150,0.005777,-0.000282,-0.000686,0.003269,0.003505,
LS,E51,LAGO MAYOR,2022-08-17,-15.737100,-69.603800,12.000000,1,0.007634,0.006567,0.000639,0.000369,0.003692,0.003915,,1,0.007634,0.006567,0.000639,0.000369,0.003692,0.003915,,1,0.007634,0.006567,0.000639,0.000369,0.003692,0.003915,,3,0.007198,0.005914,-0.000312,-0.001418,0.001248,0.001637,
LS,E52,LAGO MAYOR,2022-08-17,-15.802800,-69.684300,9.000000,1,0.007303,0.006618,0.000362,0.000150,0.003362,0.003498,,1,0.007303,0.006618,0.000362,0.000150,0.003362,0.003498,,1,0.007303,0.006618,0.000362,0.000150,0.003362,0.003498,,3,0.008570,0.007229,0.000383,-0.000396,0.001235,0.001426,
LS,E53,LAGO MAYOR,2022-08-17,-15.868600,-69.763400,11.000000,1,0.004940,0.005991,-0.000739,-0.000436,0.003019,0.003291,,1,0.004940,0.005991,-0.000739,-0.000436,0.003019,0.003291,,1,0.004940,0.005991,-0.000739,-0.000436,0.003019,0.003291,,3,0.006819,0.007118,0.000035,-0.000281,0.002459,0.002636,
LS,E58,LAGO MAYOR,2022-08-18,-15.951900,-69.545300,11.000000,1,0.005214,0.009400,0.001375,0.000022,0.003036,0.003185,,1,0.005214,0.009400,0.001375,0.000022,0.003036,0.003185,,1,0.005214,0.009400,0.001375,0.000022,0.003036,0.003185,,3,0.005771,0.009515,0.000959,-0.000827,0.002289,0.002667,
LS,E59,LAGO MAYOR,2022-08-18,-15.887600,-69.461500,15.000000,1,0.006538,0.006075,0.000167,-0.000362,0.002963,0.003069,,1,0.006538,0.006075,0.000167,-0.000362,0.002963,0.003069,,1,0.006538,0.006075,0.000167,-0.000362,0.002963,0.003069,,3,0.006538,0.005787,0.000017,-0.000913,0.001750,0.001972,
LS,E60,LAGO MAYOR,2022-08-18,-15.827100,-69.377600,16.500000,1,0.006426,0.005754,-0.000258,-0.000350,0.002929,0.003363,,1,0.006426,0.005754,-0.000258,-0.000350,0.002929,0.003363,,1,0.006426,0.005754,-0.000258,-0.000350,0.002929,0.003363,,3,0.006745,0.006824,0.000111,-0.000497,0.002737,0.002947,
LS,E61,LAGO MAYOR,2022-08-18,-15.758500,-69.304500,15.000000,1,0.006676,0.006563,0.000616,0.000502,0.004283,0.004499,,1,0.006676,0.006563,0.000616,0.000502,0.004283,0.004499,,1,0.006676,0.006563,0.000616,0.000502,0.004283,0.004499,,3,0.006883,0.006563,0.000616,0.000502,0.004283,0.004499,
LS,E72,LAGO MAYOR,2022-08-19,-15.692100,-69.170900,5.000000,0,,,,,,,,1,0.017326,0.019177,0.009536,0.006949,0.007181,0.006064,,1,0.017326,0.019177,0.009536,0.006949,0.007181,0.006064,,3,0.013195,0.019389,0.006255,0.003074,0.004741,0.003911,
LS,E76,LAGO MAYOR,2022-08-19,-15.812500,-69.044900,10.000000,0,,,,,,,,1,0.006652,0.007019,0.001953,0.001768,0.004047,0.003788,,1,0.006652,0.007019,0.001953,0.001768,0.004047,0.003788,,3,0.005331,0.006643,0.001211,0.000752,0.003172,0.002984,
LS,E78,LAGO MAYOR,2022-08-19,-15.890300,-69.132700,14.000000,0,,,,,,,,1,0.004901,0.004911,-0.000077,0.000385,0.003533,0.003793,,1,0.004901,0.004911,-0.000077,0.000385,0.003533,0.003793,,3,0.006939,0.005751,0.000373,-0.000127,0.002104,0.002300,
LS,E79,LAGO MAYOR,2022-08-19,-15.960000,-69.227200,14.000000,0,,,,,,,,1,0.005375,0.005603,0.000527,0.000382,0.004194,0.004214,,1,0.005375,0.005603,0.000527,0.000382,0.004194,0.004214,,3,0.005706,0.005448,-0.000451,-0.001067,0.002238,0.002715,
LS,E80,LAGO MAYOR,2022-08-20,-16.031600,-69.319800,15.000000,0,,,,,,,,1,0.005317,0.005967,0.000297,0.000314,0.004192,0.004113,,1,0.005317,0.005967,0.000297,0.000314,0.004192,0.004113,,2,0.005903,0.005699,0.000182,-0.000288,0.003045,0.003035,
LS,E82,LAGO MAYOR,2022-08-20,-16.110900,-69.417300,15.000000,0,,,,,,,,1,0.006250,0.006983,0.000950,0.000935,0.003414,0.003756,,1,0.006250,0.006983,0.000950,0.000935,0.003414,0.003756,,2,0.005761,0.006280,0.000440,0.000099,0.002468,0.002788,
LS,E83,LAGO MAYOR,2022-08-20,-16.183700,-69.506700,16.000000,0,,,,,,,,1,0.004775,0.006596,0.000206,0.000053,0.002349,0.002177,,1,0.004775,0.006596,0.000206,0.000053,0.002349,0.002177,,2,0.012526,0.013098,0.006578,0.005758,0.005752,0.004686,
LS,E88,LAGO MAYOR,2022-08-20,-16.206400,-69.378100,14.000000,0,,,,,,,,1,0.003652,0.004905,-0.000976,-0.001401,0.000903,0.001261,,1,0.003652,0.004905,-0.000976,-0.001401,0.000903,0.001261,,2,0.009331,0.009897,0.003970,0.003173,0.004799,0.004365,
LS,E94,LAGO MAYOR,2022-08-20,-16.251000,-69.288400,15.000000,0,,,,,,,,1,0.007294,0.008518,0.002759,0.003626,0.004969,0.003660,,1,0.007294,0.008518,0.002759,0.003626,0.004969,0.003660,,2,0.006986,0.008393,0.002930,0.004322,0.006310,0.004728,
LS,E97,LAGO MAYOR,2022-08-21,-16.175700,-69.195800,16.000000,0,,,,,,,,0,,,,,,,,2,0.003461,0.004457,-0.000208,-0.000656,0.002304,0.002578,,2,0.003461,0.004457,-0.000208,-0.000656,0.002304,0.002578,
LS,E98,LAGO MAYOR,2022-08-22,-16.105600,-69.110300,15.000000,0,,,,,,,,0,,,,,,,,2,0.008884,0.008077,0.003433,0.002575,0.003845,0.003443,,2,0.008884,0.008077,0.003433,0.002575,0.003845,0.003443,
LS,E99,LAGO MAYOR,2022-08-22,-16.074500,-69.074200,15.000000,0,,,,,,,,0,,,,,,,,2,0.006766,0.007873,0.002806,0.002676,0.006081,0.006002,,2,0.006766,0.007873,0.002806,0.002676,0.006081,0.006002,
LS,E100,LAGO MAYOR,2022-08-22,-16.005500,-68.995900,13.000000,0,,,,,,,,0,,,,,,,,2,0.004422,0.005894,0.000661,0.000367,0.003836,0.003979,,2,0.004422,0.005894,0.000661,0.000367,0.003836,0.003979,
LS,E103,LAGO MAYOR,2022-08-22,-15.939400,-68.901700,10.000000,0,,,,,,,,0,,,,,,,,4,0.005324,0.008487,0.002636,0.002219,0.003227,0.002706,,4,0.005324,0.008487,0.002636,0.002219,0.003227,0.002706,
LS,E104,LAGO MAYOR,2022-08-22,-16.029700,-68.883700,13.000000,0,,,,,,,,0,,,,,,,,4,0.005380,0.005817,0.001162,0.001014,0.002009,0.001755,,4,0.005380,0.005817,0.001162,0.001014,0.002009,0.001755,
LS,E113,LAGO MAYOR,2022-08-21,-16.217400,-69.136700,14.000000,0,,,,,,,,0,,,,,,,,2,0.005172,0.006575,0.001398,0.001310,0.004684,0.004518,,2,0.005172,0.006575,0.001398,0.001310,0.004684,0.004518,
LS,E117,LAGO MAYOR,2022-08-21,-16.165300,-69.102700,14.000000,0,,,,,,,,0,,,,,,,,2,0.005475,0.006262,0.000972,0.000784,0.002957,0.002696,,2,0.005475,0.006262,0.000972,0.000784,0.002957,0.002696,
LS,E120,LAGO MAYOR,2022-08-22,-16.126400,-68.933700,14.000000,0,,,,,,,,0,,,,,,,,4,0.005924,0.007240,0.002457,0.002099,0.003460,0.003195,,4,0.005924,0.007240,0.002457,0.002099,0.003460,0.003195,
LS,E121,LAGO MAYOR,2022-08-23,-16.206800,-68.864300,11.000000,0,,,,,,,,1,0.005023,0.006443,0.000676,0.000504,0.002981,0.002986,,3,0.005023,0.006443,0.001423,0.001716,0.002981,0.002687,,4,0.004749,0.006725,0.001887,0.002316,0.003230,0.002837,
LS,E122,LAGO MENOR,2022-08-23,-16.227600,-68.836100,10.000000,0,,,,,,,,1,0.004166,0.006016,-0.000250,-0.000424,0.002850,0.002780,,3,0.004166,0.006095,0.001804,0.001862,0.002850,0.002780,,4,0.005391,0.007219,0.002040,0.002009,0.003478,0.003070,
LS,E123,LAGO MENOR,2022-08-23,-16.192500,-68.797000,6.000000,0,,,,,,,,1,0.007266,0.018089,0.001540,-0.000915,0.001877,0.001931,,3,0.007266,0.018089,0.003127,0.001464,0.001883,0.001931,,4,0.006777,0.017742,0.002643,0.000760,0.002306,0.002185,
LS,E125,LAGO MENOR,2022-08-23,-16.262600,-68.784300,8.000000,0,,,,,,,,1,0.013205,0.043108,0.010153,-0.000800,0.001190,0.001523,,3,0.011588,0.043108,0.010153,0.001071,0.001190,0.001510,,4,0.011391,0.039006,0.009078,0.000230,0.001090,0.001123,
LS,E132,LAGO MENOR,2022-08-23,-16.333900,-68.780800,4.000000,0,,,,,,,,0,,,,,,,,2,0.008719,0.033756,0.008370,0.000112,0.001496,0.001115,,2,0.008719,0.033756,0.008370,0.000112,0.001496,0.001115,
LS,E130,LAGO MENOR,2022-08-23,-16.314400,-68.845100,5.500000,0,,,,,,,,1,0.010016,0.021484,0.003718,-0.000264,0.002318,0.002304,,3,0.008175,0.021483,0.004286,0.001037,0.002317,0.002304,,4,0.008784,0.021269,0.004004,0.000387,0.001884,0.001695,
LS,E136,LAGO MENOR,2022-08-24,-16.265900,-69.060100,5.500000,0,,,,,,,,1,0.006149,0.014519,0.006455,0.004499,0.006778,0.006203,,1,0.006149,0.014519,0.006455,0.004499,0.006778,0.006203,,3,0.006149,0.014172,0.006335,0.004500,0.006778,0.006203,
LS,E135,LAGO MENOR,2022-08-24,-16.302800,-68.985200,11.000000,0,,,,,,,,2,0.011436,0.017469,0.007861,0.004283,0.003773,0.003068,,2,0.011436,0.017469,0.007861,0.004283,0.003773,0.003068,,5,0.006040,0.013248,0.004445,0.001870,0.001846,0.001308,
LS,E137,LAGO MENOR,2022-08-24,-16.401100,-68.833400,5.000000,0,,,,,,,,3,0.009075,0.027341,0.006638,0.000013,0.001859,0.001995,,3,0.009075,0.027341,0.006638,0.000013,0.001859,0.001995,,7,0.009061,0.028076,0.007597,-0.000144,0.001189,0.001286,
LS,E141,LAGO MENOR,2022-08-24,-16.376400,-69.007300,5.000000,0,,,,,,,,3,0.008749,0.015354,0.004895,0.001673,0.002433,0.002158,,3,0.008749,0.015354,0.004895,0.001673,0.002433,0.002158,,7,0.007120,0.015055,0.003623,-0.000450,0.001377,0.001884,
LS,E142,LAGO MENOR,2022-08-24,-16.451500,-68.998000,5.000000,0,,,,,,,,3,0.008995,0.016258,0.004792,0.001391,0.002109,0.001909,,3,0.008995,0.016258,0.004792,0.001391,0.002109,0.001909,,7,0.008992,0.016192,0.004549,-0.000066,0.001364,0.001628,
LS,E145,LAGO MENOR,2022-08-24,-16.513900,-68.977000,5.500000,0,,,,,,,,3,0.008111,0.017590,0.003468,-0.000325,0.001448,0.001708,,3,0.008111,0.017590,0.003468,-0.000325,0.001448,0.001708,,7,0.008568,0.017590,0.003644,-0.000318,0.001310,0.001525,
LS,E147,LAGO MENOR,2022-08-24,-16.493000,-69.059600,5.000000,0,,,,,,,,3,0.009466,0.026739,0.008659,0.000231,0.002360,0.002296,,3,0.009466,0.026739,0.008659,0.000231,0.002360,0.002296,,7,0.009438,0.025003,0.006964,0.000152,0.001742,0.001817,
LS,E01,BAHIA PUNO,2024-08-21,-15.853000,-69.960500,6.000000,0,,,,,,,,1,0.006925,0.014187,0.001773,-0.000656,0.003336,0.003519,,1,0.006925,0.014187,0.001773,-0.000656,0.003336,0.003519,,3,0.010586,0.016840,0.004671,0.002018,0.004376,0.004217,
LS,E02,BAHIA PUNO,2024-08-21,-15.846100,-69.927100,9.000000,0,,,,,,,,1,0.012224,0.012999,0.002387,-0.000057,0.000757,0.000754,,1,0.012224,0.012999,0.002387,-0.000057,0.000757,0.000754,,3,0.010668,0.012992,0.001205,-0.000850,0.001285,0.001127,
LS,E03,BAHIA PUNO,2024-08-21,-15.865300,-69.894200,8.000000,0,,,,,,,,1,0.009686,0.011463,0.001239,-0.001001,0.000602,0.000644,,1,0.009686,0.011463,0.001239,-0.001001,0.000602,0.000644,,3,0.009050,0.011162,0.000913,-0.001025,0.000827,0.000998,
LS,E05,BAHIA PUNO,2024-08-21,-15.840000,-69.892300,10.000000,0,,,,,,,,1,0.010623,0.010203,0.001367,-0.000586,0.000591,0.000659,,1,0.010623,0.010203,0.001367,-0.000586,0.000591,0.000659,,3,0.009472,0.009482,0.000556,-0.001163,0.000723,0.000891,
LS,E08,BAHIA PUNO,2024-08-21,-15.780200,-69.868100,9.000000,0,,,,,,,,1,0.009740,0.009407,0.000812,-0.000641,0.001818,0.001920,,1,0.009740,0.009407,0.000812,-0.000641,0.001818,0.001920,,3,0.009555,0.009030,0.000422,-0.001239,0.000702,0.001418,
LS,E15,LAGO MAYOR,2024-08-21,-15.715000,-69.822600,9.000000,0,,,,,,,,1,0.007788,0.009206,0.000794,-0.000717,0.001450,0.001558,,1,0.007788,0.009206,0.000794,-0.000717,0.001450,0.001558,,3,0.008031,0.010590,0.001240,-0.000701,0.001453,0.001558,
LS,E16,LAGO MAYOR,2024-08-21,-15.673700,-69.854100,6.000000,0,,,,,,,,1,0.004389,0.008707,-0.000355,-0.001652,0.001730,0.001998,,1,0.004389,0.008707,-0.000355,-0.001652,0.001730,0.001998,,3,0.004390,0.010273,0.000998,-0.000886,0.001902,0.002271,
LS,E22,LAGO MAYOR,2024-08-22,-15.618100,-69.807000,14.000000,1,0.008662,0.008390,0.000852,-0.000545,0.001543,0.001889,,1,0.008662,0.008390,0.000852,-0.000545,0.001543,0.001889,,1,0.008662,0.008390,0.000852,-0.000545,0.001543,0.001889,,3,0.008775,0.008954,0.001013,-0.000546,0.001612,0.001889,
LS,E27,LAGO MAYOR,2024-08-22,-15.443700,-69.842500,4.000000,1,0.021919,0.034699,0.006958,-0.000736,0.001365,0.001610,,1,0.021919,0.034699,0.006958,-0.000736,0.001365,0.001610,,1,0.021919,0.034699,0.006958,-0.000736,0.001365,0.001610,,3,0.019192,0.030176,0.004205,-0.001489,0.001307,0.001225,
LS,E28,LAGO MAYOR,2024-08-22,-15.392800,-69.782200,9.000000,1,0.010469,0.009768,-0.000038,-0.001504,0.000751,0.000905,,1,0.010469,0.009768,-0.000038,-0.001504,0.000751,0.000905,,1,0.010469,0.009768,-0.000038,-0.001504,0.000751,0.000905,,3,0.010469,0.009904,-0.000038,-0.001504,0.000810,0.000921,
LS,E32,LAGO MAYOR,2024-08-22,-15.338400,-69.720500,12.500000,1,0.011955,0.010717,0.001340,-0.000557,0.000869,0.000870,,1,0.011955,0.010717,0.001340,-0.000557,0.000869,0.000870,,1,0.011955,0.010717,0.001340,-0.000557,0.000869,0.000870,,3,0.011840,0.010701,0.001324,-0.000622,0.000838,0.000996,
LS,E36,LAGO MAYOR,2024-08-22,-15.297100,-69.681400,11.500000,1,0.010629,0.009618,0.001503,-0.000265,0.001134,0.000989,,1,0.010629,0.009618,0.001503,-0.000265,0.001134,0.000989,,1,0.010629,0.009618,0.001503,-0.000265,0.001134,0.000989,,3,0.008441,0.008078,-0.000235,-0.001745,0.000845,0.001141,
LS,E36B,LAGO MAYOR,2024-08-22,-15.262100,-69.703400,13.000000,2,0.007952,0.007768,0.000041,-0.001256,0.001020,0.001237,,2,0.007952,0.007768,0.000041,-0.001256,0.001020,0.001237,,2,0.007952,0.007768,0.000041,-0.001256,0.001020,0.001237,,6,0.007631,0.007447,0.000071,-0.001191,0.001013,0.001244,
LS,E39,LAGO MAYOR,2024-08-23,-15.374800,-69.527600,8.000000,1,0.009827,0.016029,0.000924,-0.001159,0.002795,0.003122,,1,0.009827,0.016029,0.000924,-0.001159,0.002795,0.003122,,1,0.009827,0.016029,0.000924,-0.001159,0.002795,0.003122,,3,0.009640,0.016014,0.000975,-0.000840,0.003343,0.003774,
LS,E41,LAGO MAYOR,2024-08-23,-15.439200,-69.600900,10.500000,1,0.009768,0.008543,0.001223,-0.000220,0.001334,0.001385,,1,0.009768,0.008543,0.001223,-0.000220,0.001334,0.001385,,1,0.009768,0.008543,0.001223,-0.000220,0.001334,0.001385,,3,0.008820,0.007582,0.000882,-0.000477,0.001334,0.001389,
LS,E42,LAGO MAYOR,2024-08-23,-15.496700,-69.668500,10.000000,1,0.006440,0.006900,-0.000659,-0.001506,0.001634,0.002031,,1,0.006440,0.006900,-0.000659,-0.001506,0.001634,0.002031,,1,0.006440,0.006900,-0.000659,-0.001506,0.001634,0.002031,,3,0.008934,0.007744,0.000607,-0.000854,0.001623,0.001857,
LS,E43,LAGO MAYOR,2024-08-23,-15.560300,-69.741100,12.500000,1,0.007809,0.007548,0.000465,-0.000647,0.002333,0.002447,,1,0.007809,0.007548,0.000465,-0.000647,0.002333,0.002447,,1,0.007809,0.007548,0.000465,-0.000647,0.002333,0.002447,,3,0.009914,0.008135,0.001099,-0.000553,0.001570,0.001514,
LS,E48,LAGO MAYOR,2024-08-24,-15.536100,-69.359700,9.000000,0,,,,,,,,1,0.005641,0.006983,0.000799,0.000218,0.002939,0.003019,,1,0.005641,0.006983,0.000799,0.000218,0.002939,0.003019,,3,0.005631,0.006983,0.000183,-0.000370,0.002912,0.002859,
LS,E49,LAGO MAYOR,2024-08-24,-15.606300,-69.444900,11.000000,0,,,,,,,,1,0.004550,0.006597,-0.000000,-0.000503,0.004331,0.004508,,1,0.004550,0.006597,-0.000000,-0.000503,0.004331,0.004508,,3,0.007658,0.007042,0.000237,-0.000879,0.003082,0.003464,
LS,E50,LAGO MAYOR,2024-08-24,-15.668700,-69.521100,12.000000,0,,,,,,,,1,0.004279,0.006781,-0.000132,-0.000894,0.003512,0.004097,,1,0.004279,0.006781,-0.000132,-0.000894,0.003512,0.004097,,3,0.008250,0.007396,0.000376,-0.001081,0.001599,0.001921,
LS,E51,LAGO MAYOR,2024-08-24,-15.737100,-69.603800,11.500000,0,,,,,,,,1,0.003720,0.005992,-0.001115,-0.001521,0.003188,0.003560,,1,0.003720,0.005992,-0.001115,-0.001521,0.003188,0.003560,,3,0.008348,0.007828,0.000894,-0.000938,0.002490,0.002581,
LS,E52,LAGO MAYOR,2024-08-24,-15.802800,-69.684300,11.000000,0,,,,,,,,1,0.007449,0.007542,0.000412,-0.000386,0.002619,0.002889,,1,0.007449,0.007542,0.000412,-0.000386,0.002619,0.002889,,3,0.007663,0.007565,0.000061,-0.001465,0.001798,0.002187,
LS,E53,LAGO MAYOR,2024-08-24,-15.868600,-69.763400,9.000000,0,,,,,,,,1,0.009924,0.011212,-0.000186,-0.001654,0.002050,0.002480,,1,0.009924,0.011212,-0.000186,-0.001654,0.002050,0.002480,,3,0.012559,0.012900,0.001574,-0.000902,0.002015,0.002444,
LS,E58,LAGO MAYOR,2024-08-26,-15.951900,-69.545300,9.000000,0,,,,,,,,0,,,,,,,,2,0.010784,0.015620,0.001939,-0.001937,0.001232,0.001500,,2,0.010784,0.015620,0.001939,-0.001937,0.001232,0.001500,
LS,E59,LAGO MAYOR,2024-08-26,-15.887600,-69.461500,10.500000,0,,,,,,,,0,,,,,,,,2,0.008816,0.008677,0.000765,-0.001177,0.001656,0.001833,,2,0.008816,0.008677,0.000765,-0.001177,0.001656,0.001833,
LS,E60,LAGO MAYOR,2024-08-25,-15.827100,-69.377600,12.000000,0,,,,,,,,1,0.005705,0.006576,0.000061,-0.000691,0.002546,0.002779,,1,0.005705,0.006576,0.000061,-0.000691,0.002546,0.002779,,2,0.005388,0.007455,-0.000087,-0.000795,0.004310,0.004627,
LS,E61,LAGO MAYOR,2024-08-25,-15.758500,-69.304500,12.000000,0,,,,,,,,1,0.005453,0.006978,0.000653,-0.000030,0.003279,0.003464,,1,0.005453,0.006978,0.000653,-0.000030,0.003279,0.003464,,2,0.007465,0.008744,0.000981,-0.000449,0.003359,0.003528,
LS,E72,LAGO MAYOR,2024-08-25,-15.692100,-69.170900,4.800000,0,,,,,,,,1,0.016046,0.025372,0.007145,0.002204,0.005228,0.005056,,1,0.016046,0.025372,0.007145,0.002204,0.005228,0.005056,,2,0.029556,0.040799,0.021544,0.014345,0.014448,0.012278,
LS,E76,LAGO MAYOR,2024-08-25,-15.812500,-69.044900,12.000000,0,,,,,,,,1,0.005007,0.006866,0.000208,-0.000248,0.003194,0.003410,,1,0.005007,0.006866,0.000208,-0.000248,0.003194,0.003410,,2,0.015537,0.017471,0.010767,0.010277,0.012137,0.010620,
LS,B03,LAGO MAYOR,2024-08-27,-15.994800,-69.427000,11.000000,0,,,,,,,,0,,,,,,,,2,0.009771,0.010035,0.001090,-0.001145,0.001201,0.001354,,2,0.009771,0.010035,0.001090,-0.001145,0.001201,0.001354,
LS,E78,LAGO MAYOR,2024-08-27,-15.890300,-69.132700,10.500000,0,,,,,,,,0,,,,,,,,2,0.004768,0.007104,0.000123,-0.000183,0.004613,0.005098,,2,0.004768,0.007104,0.000123,-0.000183,0.004613,0.005098,
LS,E79,LAGO MAYOR,2024-08-27,-15.960000,-69.227200,9.500000,0,,,,,,,,0,,,,,,,,2,0.005550,0.008128,0.000704,-0.000237,0.004477,0.004649,,2,0.005550,0.008128,0.000704,-0.000237,0.004477,0.004649,
LS,E80,LAGO MAYOR,2024-08-27,-16.031600,-69.319800,15.000000,0,,,,,,,,0,,,,,,,,2,0.007972,0.008021,0.000454,-0.001087,0.002218,0.002300,,2,0.007972,0.008021,0.000454,-0.001087,0.002218,0.002300,
LS,E82,LAGO MAYOR,2024-08-28,-16.110900,-69.417300,9.000000,0,,,,,,,,1,,,,,,,,1,,,,,,,,2,0.007497,0.008999,0.000853,-0.000299,0.002902,0.003156,
LS,E83,LAGO MAYOR,2024-08-28,-16.183700,-69.506700,8.500000,0,,,,,,,,1,,,,,,,,1,,,,,,,,2,0.008226,0.011023,0.000292,-0.001514,0.001667,0.001915,
LS,E88,LAGO MAYOR,2024-08-29,-16.206400,-69.378100,9.500000,0,,,,,,,,1,0.009802,0.010657,0.000880,-0.001270,0.001924,0.002185,,1,0.009802,0.010657,0.000880,-0.001270,0.001924,0.002185,,3,0.009468,0.010663,0.001330,-0.000107,0.001924,0.002185,
LS,E94,LAGO MAYOR,2024-08-29,-16.251000,-69.288400,9.500000,0,,,,,,,,1,0.009897,0.011803,0.002417,0.003470,0.007130,0.005778,,1,0.009897,0.011803,0.002417,0.003470,0.007130,0.005778,,3,0.008857,0.011630,0.001776,0.002448,0.005996,0.004847,
LS,E97,LAGO MAYOR,2024-08-29,-16.175700,-69.195800,13.500000,0,,,,,,,,1,0.008141,0.008602,0.000797,-0.000128,0.004719,0.004878,,1,0.008141,0.008602,0.000797,-0.000128,0.004719,0.004878,,3,0.008359,0.008606,0.000740,-0.000238,0.001691,0.001789,
LS,E98,LAGO MAYOR,2024-08-29,-16.105600,-69.110300,13.000000,0,,,,,,,,1,0.006847,0.007177,-0.000127,-0.000941,0.003188,0.003336,,1,0.006847,0.007177,-0.000127,-0.000941,0.003188,0.003336,,3,0.006672,0.007177,-0.000127,-0.000832,0.003188,0.003336,
LS,E99,LAGO MAYOR,2024-08-30,-16.074500,-69.074200,9.500000,1,0.010282,0.010442,0.000929,-0.001193,0.002194,0.002307,,1,0.010282,0.010442,0.000929,-0.001193,0.002194,0.002307,,1,0.010282,0.010442,0.000929,-0.001193,0.002194,0.002307,,3,0.009063,0.009983,0.001118,-0.000834,0.002194,0.002307,
LS,E100,LAGO MAYOR,2024-08-30,-16.005500,-68.995900,11.000000,1,0.008540,0.009131,0.000198,-0.002317,0.001466,0.002029,,1,0.008540,0.009131,0.000198,-0.002317,0.001466,0.002029,,1,0.008540,0.009131,0.000198,-0.002317,0.001466,0.002029,,3,0.007896,0.009131,0.001322,0.000373,0.004419,0.004615,
LS,E103,LAGO MAYOR,2024-08-30,-15.939400,-68.901700,11.000000,1,0.005161,0.009226,0.000171,-0.000585,0.003262,0.003247,,2,0.004937,0.010895,0.001334,0.000532,0.003071,0.002840,,2,0.004937,0.010895,0.001334,0.000532,0.003071,0.002840,,6,0.006983,0.012276,0.004971,0.004869,0.005441,0.004684,
LS,E105,LAGO MAYOR,2024-08-30,-15.986400,-68.801600,8.500000,1,0.007808,0.023537,0.008386,0.001955,0.011590,0.011847,,2,0.008353,0.021907,0.007550,-0.000117,0.006368,0.006676,,2,0.008353,0.021907,0.007550,-0.000117,0.006368,0.006676,,6,0.009286,0.021770,0.008087,-0.000078,0.002671,0.002626,
LS,E113,LAGO MAYOR,2024-08-29,-16.217400,-69.136700,13.500000,0,,,,,,,,1,0.007792,0.008164,0.000681,-0.000518,0.003559,0.003621,,1,0.007792,0.008164,0.000681,-0.000518,0.003559,0.003621,,3,0.007155,0.007895,-0.000303,-0.000901,0.002222,0.002217,
LS,E117,LAGO MAYOR,2024-08-29,-16.165300,-69.102700,12.000000,0,,,,,,,,1,0.007537,0.008383,0.001045,-0.000272,0.003747,0.003808,,1,0.007537,0.008383,0.001045,-0.000272,0.003747,0.003808,,3,0.007537,0.008383,0.000870,-0.000667,0.002002,0.002225,
LS,E120,LAGO MAYOR,2024-08-30,-16.126400,-68.933700,10.500000,1,0.008316,0.008607,0.000266,-0.001291,0.002056,0.002574,,2,0.006346,0.007747,0.000393,-0.000758,0.001838,0.002084,,2,0.006346,0.007747,0.000393,-0.000758,0.001838,0.002084,,6,0.006267,0.008015,0.000837,0.000308,0.002642,0.002708,
LS,E121,LAGO MAYOR,2024-08-30,-16.206800,-68.864300,12.700000,1,0.007073,0.008826,0.000280,-0.000425,0.002667,0.002897,,2,0.007051,0.009336,0.002216,0.001538,0.002912,0.002637,,2,0.007051,0.009336,0.002216,0.001538,0.002912,0.002637,,6,0.006958,0.009224,0.002790,0.002578,0.003701,0.003126,
LS,E122,LAGO MENOR,2024-08-31,-16.227600,-68.836100,11.000000,2,0.010764,0.013623,0.004953,0.004200,0.004612,0.003814,,2,0.010764,0.013623,0.004953,0.004200,0.004612,0.003814,,2,0.010764,0.013623,0.004953,0.004200,0.004612,0.003814,,6,0.008087,0.011224,0.003327,0.002822,0.004563,0.004026,
LS,E125,LAGO MENOR,2024-09-01,-16.262600,-68.784300,2.500000,1,0.035016,0.079138,0.020514,-0.002309,0.001057,0.001632,,2,0.042955,0.087799,0.026837,-0.001622,0.001204,0.001767,,2,0.042955,0.087799,0.026837,-0.001622,0.001204,0.001767,,5,0.021905,0.056688,0.014524,-0.000894,0.001356,0.001902,
LS,P02,LAGO MENOR,2024-09-01,-16.213500,-68.733000,9.500000,1,0.008160,0.012987,0.004606,0.002917,0.003159,0.002290,,1,0.008160,0.012987,0.004606,0.002917,0.003159,0.002290,,1,0.008160,0.012987,0.004606,0.002917,0.003159,0.002290,,3,0.007681,0.014815,0.005502,0.004536,0.005460,0.004290,
LS,P03,LAGO MENOR,2024-09-01,-16.215800,-68.691200,3.500000,1,0.012626,0.029741,0.009536,0.003583,0.004248,0.003238,,1,0.012626,0.029741,0.009536,0.003583,0.004248,0.003238,,1,0.012626,0.029741,0.009536,0.003583,0.004248,0.003238,,3,0.015055,0.037702,0.013628,0.007576,0.006151,0.004501,
LS,P04,LAGO MENOR,2024-09-01,-16.254400,-68.601200,1.500000,1,0.007688,0.032182,0.013071,0.002033,0.002445,0.002026,,1,0.007688,0.032182,0.013071,0.002033,0.002445,0.002026,,1,0.007688,0.032182,0.013071,0.002033,0.002445,0.002026,,3,0.008336,0.031573,0.013079,0.002049,0.002445,0.002026,
LS,E127,LAGO MENOR,2024-09-01,-16.218000,-68.622600,2.000000,1,0.021088,0.050337,0.011680,0.001653,0.002382,0.002073,,1,0.021088,0.050337,0.011680,0.001653,0.002382,0.002073,,1,0.021088,0.050337,0.011680,0.001653,0.002382,0.002073,,3,0.020980,0.050385,0.013515,0.001808,0.002391,0.002073,
LS,E129,LAGO MENOR,2024-08-31,-16.333900,-68.780800,4.500000,1,0.014659,0.039709,0.018629,0.001076,0.002175,0.001769,,1,0.014659,0.039709,0.018629,0.001076,0.002175,0.001769,,1,0.014659,0.039709,0.018629,0.001076,0.002175,0.001769,,4,0.012025,0.035300,0.015116,0.000533,0.001898,0.001661,
LS,E135,LAGO MENOR,2024-08-31,-16.265900,-69.060100,4.000000,1,0.006839,0.014184,0.004423,0.002514,0.005172,0.005007,,1,0.006839,0.014184,0.004423,0.002514,0.005172,0.005007,,1,0.006839,0.014184,0.004423,0.002514,0.005172,0.005007,,3,0.006845,0.014184,0.004423,0.002514,0.005172,0.004474,
LS,E138,LAGO MENOR,2024-08-31,-16.401100,-68.833400,4.500000,3,0.013017,0.036426,0.011470,-0.000707,0.001539,0.001547,,3,0.013017,0.036426,0.011470,-0.000707,0.001539,0.001547,,3,0.013017,0.036426,0.011470,-0.000707,0.001539,0.001547,,9,0.010727,0.034249,0.011316,-0.000713,0.001120,0.001295,
LS,P15,LAGO MENOR,2024-08-31,-16.311900,-68.849500,4.000000,2,0.012093,0.027794,0.008969,0.003783,0.005378,0.004738,,2,0.012093,0.027794,0.008969,0.003783,0.005378,0.004738,,2,0.012093,0.027794,0.008969,0.003783,0.005378,0.004738,,6,0.011058,0.026551,0.007998,0.003792,0.005315,0.004120,
LS,E142,LAGO MENOR,2024-08-31,-16.451500,-68.998000,4.000000,3,0.006763,0.019566,0.005929,-0.000329,0.002689,0.002312,,3,0.006763,0.019566,0.005929,-0.000329,0.002689,0.002312,,3,0.006763,0.019566,0.005929,-0.000329,0.002689,0.002312,,9,0.008874,0.019561,0.003868,-0.000863,0.002051,0.002145,
LS,E145,LAGO MENOR,2024-09-02,-16.513900,-68.977000,3.500000,0,,,,,,,,3,0.012634,0.027570,0.006451,-0.001974,0.001811,0.001576,,3,0.012634,0.027570,0.006451,-0.001974,0.001811,0.001576,,8,0.013107,0.023031,0.006029,-0.000231,0.001751,0.001583,
LS,P10,LAGO MENOR,2024-09-02,-16.582100,-68.872300,3.000000,0,,,,,,,,3,0.011768,0.026411,0.011535,0.004607,0.003630,0.002711,,3,0.011768,0.026411,0.011535,0.004607,0.003630,0.002711,,8,0.009799,0.024920,0.008073,0.001500,0.002346,0.002269,
