{
  "n": 662,
  "pearson_r": 0.1421565538695723,
  "rmse_C": 1.9862373528237418
}