{
  "R2_oof": 0.5958604208720453,
  "RMSE_oof": 1.8097423345586996,
  "MAE_oof": 1.3992576111332304,
  "n": 812,
  "n_stations": 143,
  "years": [
    2013,
    2024
  ]
}