station,zona,campaign_date,year,sensor,secchi,zone_label,method,predicted,lower,upper,width,covered
E45,LAGO MAYOR,2017-07-27,2017,S2,11.000000,Lago Mayor,split,10.974772,7.432120,14.517424,7.085304,True
E01,BAHIA PUNO,2016-08-03,2016,S2,8.500000,Bahia de Puno,split,7.158052,3.291921,11.024183,7.732261,True
E02,BAHIA PUNO,2016-08-03,2016,S2,9.500000,Bahia de Puno,split,7.159886,3.293755,11.026017,7.732261,True
E04,BAHIA PUNO,2016-08-03,2016,S2,7.000000,Bahia de Puno,split,7.131078,3.264947,10.997209,7.732261,True
E05,BAHIA PUNO,2016-08-03,2016,S2,7.000000,Bahia de Puno,split,7.131980,3.265849,10.998110,7.732261,True
E07,BAHIA PUNO,2016-08-03,2016,S2,5.000000,Bahia de Puno,split,6.478363,2.612232,10.344493,7.732261,True
E08,BAHIA PUNO,2016-08-03,2016,S2,8.500000,Bahia de Puno,split,9.748091,5.881960,13.614222,7.732261,True
E09,BAHIA PUNO,2016-08-03,2016,S2,6.000000,Bahia de Puno,split,5.838115,1.971985,9.704246,7.732261,True
E13,BAHIA PUNO,2016-08-04,2016,S2,9.000000,Bahia de Puno,split,10.433975,6.567844,14.300106,7.732261,True
E14,BAHIA PUNO,2016-08-04,2016,S2,9.500000,Bahia de Puno,split,9.810855,5.944724,13.676985,7.732261,True
E15,BAHIA PUNO,2016-08-04,2016,S2,8.500000,Bahia de Puno,split,7.931298,4.065167,11.797429,7.732261,True
E16,BAHIA PUNO,2016-08-04,2016,S2,6.500000,Bahia de Puno,split,7.187720,3.321589,11.053851,7.732261,True
E17,BAHIA PUNO,2016-08-04,2016,S2,3.500000,Bahia de Puno,split,4.965555,1.099424,8.831685,7.732261,True
E27,LAGO MAYOR,2016-08-05,2016,S2,9.800000,Lago Mayor,split,8.654533,5.952268,11.356798,5.404530,True
E28,LAGO MAYOR,2016-08-05,2016,S2,8.800000,Lago Mayor,split,7.277131,4.574867,9.979396,5.404530,True
E32,LAGO MAYOR,2016-08-05,2016,S2,9.800000,Lago Mayor,split,8.280999,5.578734,10.983264,5.404530,True
E33,LAGO MAYOR,2016-08-05,2016,S2,4.600000,Lago Mayor,split,3.790892,1.088627,6.493157,5.404530,True
E36,LAGO MAYOR,2016-08-05,2016,S2,9.000000,Lago Mayor,split,8.082393,5.380128,10.784658,5.404530,True
E39,LAGO MAYOR,2016-08-06,2016,S2,5.000000,Lago Mayor,split,6.674985,2.637280,10.712689,8.075409,True
E41,LAGO MAYOR,2016-08-06,2016,S2,11.000000,Lago Mayor,split,10.082902,6.045198,14.120607,8.075409,True
E42,LAGO MAYOR,2016-08-06,2016,S2,11.000000,Lago Mayor,split,10.557937,6.520233,14.595642,8.075409,True
E43,LAGO MAYOR,2016-08-04,2016,S2,11.000000,Lago Mayor,split,8.422555,4.556425,12.288686,7.732261,True
E22,LAGO MAYOR,2016-08-05,2016,S2,10.200000,Lago Mayor,split,9.572416,6.870151,12.274681,5.404530,True
E48,LAGO MAYOR,2016-08-08,2016,S2,14.500000,Lago Mayor,split,10.660671,6.794540,14.526801,7.732261,True
E49,LAGO MAYOR,2016-08-08,2016,S2,12.800000,Lago Mayor,split,9.793885,5.927754,13.660016,7.732261,True
E50,LAGO MAYOR,2016-08-08,2016,S2,11.900000,Lago Mayor,split,8.504311,4.638181,12.370442,7.732261,True
E51,LAGO MAYOR,2016-08-06,2016,S2,9.400000,Lago Mayor,split,10.938190,6.900486,14.975895,8.075409,True
E52,LAGO MAYOR,2016-08-06,2016,S2,10.300000,Lago Mayor,split,10.630230,6.592525,14.667934,8.075409,True
E58,LAGO MAYOR,2016-08-09,2016,S2,5.000000,Lago Mayor,split,7.978060,3.940355,12.015764,8.075409,True
E59,LAGO MAYOR,2016-08-09,2016,S2,13.000000,Lago Mayor,split,10.868752,6.831047,14.906457,8.075409,True
E60,LAGO MAYOR,2016-08-09,2016,S2,12.000000,Lago Mayor,split,11.071251,7.033547,15.108956,8.075409,True
E61,LAGO MAYOR,2016-08-08,2016,S2,10.200000,Lago Mayor,split,9.865449,5.999318,13.731580,7.732261,True
E68,LAGO MAYOR,2016-08-08,2016,S2,5.500000,Lago Mayor,split,7.874594,4.008463,11.740724,7.732261,True
E72,LAGO MAYOR,2016-08-09,2016,S2,5.800000,Lago Mayor,split,5.689828,1.652123,9.727533,8.075409,True
E76,LAGO MAYOR,2016-08-11,2016,S2,12.500000,Lago Mayor,split,9.406884,6.704619,12.109149,5.404530,False
E78,LAGO MAYOR,2016-08-11,2016,S2,13.500000,Lago Mayor,split,9.622821,6.920557,12.325086,5.404530,False
E79,LAGO MAYOR,2016-08-11,2016,S2,11.500000,Lago Mayor,split,10.119381,7.417116,12.821646,5.404530,True
E80,LAGO MAYOR,2016-08-11,2016,S2,10.500000,Lago Mayor,split,10.226757,7.524492,12.929022,5.404530,True
E82,LAGO MAYOR,2016-08-10,2016,S2,8.200000,Lago Mayor,split,8.877450,4.839746,12.915155,8.075409,True
E83,LAGO MAYOR,2016-08-10,2016,S2,5.500000,Lago Mayor,split,8.146625,4.108921,12.184330,8.075409,True
E84,LAGO MAYOR,2016-08-10,2016,S2,4.700000,Lago Mayor,split,8.460170,4.422466,12.497875,8.075409,True
E85,LAGO MAYOR,2016-08-10,2016,S2,9.800000,Lago Mayor,split,8.348447,4.310742,12.386151,8.075409,True
E88,LAGO MAYOR,2016-08-10,2016,S2,6.500000,Lago Mayor,split,7.880995,3.843290,11.918699,8.075409,True
E94,LAGO MAYOR,2016-08-10,2016,S2,7.400000,Lago Mayor,split,9.578303,5.540598,13.616007,8.075409,True
E97,LAGO MAYOR,2016-08-10,2016,S2,9.500000,Lago Mayor,split,10.756847,6.719142,14.794552,8.075409,True
E98,LAGO MAYOR,2016-08-10,2016,S2,9.000000,Lago Mayor,split,11.369604,7.331899,15.407308,8.075409,True
E99,LAGO MAYOR,2016-08-12,2016,S2,9.200000,Lago Mayor,split,9.672350,6.084056,13.260644,7.176588,True
E100,LAGO MAYOR,2016-08-12,2016,S2,10.200000,Lago Mayor,split,11.123414,7.535120,14.711708,7.176588,True
E104,LAGO MAYOR,2016-08-11,2016,S2,11.500000,Lago Mayor,split,10.173571,7.471306,12.875836,5.404530,True
E113,LAGO MAYOR,2016-08-10,2016,S2,9.300000,Lago Mayor,split,11.051596,7.013891,15.089300,8.075409,True
E117,LAGO MAYOR,2016-08-10,2016,S2,10.000000,Lago Mayor,split,10.852719,6.815014,14.890424,8.075409,True
E119,LAGO MAYOR,2016-08-10,2016,S2,10.500000,Lago Mayor,split,10.812082,6.774377,14.849787,8.075409,True
E120,LAGO MAYOR,2016-08-12,2016,S2,14.200000,Lago Mayor,split,10.189471,6.601177,13.777765,7.176588,False
E121,LAGO MAYOR,2016-08-12,2016,S2,10.500000,Lago Mayor,split,10.612558,7.024264,14.200853,7.176588,True
E01,BAHIA PUNO,2017-07-10,2017,S2,5.300000,Bahia de Puno,split,6.730342,3.142048,10.318636,7.176588,True
E02,BAHIA PUNO,2017-07-11,2017,S2,6.000000,Bahia de Puno,split,8.128792,5.426527,10.831057,5.404530,True
E05,BAHIA PUNO,2017-07-11,2017,S2,6.600000,Bahia de Puno,split,7.629197,4.926932,10.331462,5.404530,True
E14,BAHIA PUNO,2017-07-12,2017,S2,10.600000,Bahia de Puno,split,10.242630,6.654336,13.830924,7.176588,True
E15,BAHIA PUNO,2017-07-12,2017,S2,6.600000,Bahia de Puno,split,7.321946,3.733652,10.910240,7.176588,True
E16,BAHIA PUNO,2017-07-12,2017,S2,6.000000,Bahia de Puno,split,5.303918,1.715624,8.892212,7.176588,True
E17,BAHIA PUNO,2017-07-11,2017,S2,4.200000,Bahia de Puno,split,6.239402,3.537137,8.941667,5.404530,True
E28,LAGO MAYOR,2017-07-12,2017,S2,10.300000,Lago Mayor,split,7.032835,3.444540,10.621129,7.176588,True
E32,LAGO MAYOR,2017-07-12,2017,S2,7.000000,Lago Mayor,split,8.436691,4.848397,12.024985,7.176588,True
E36,LAGO MAYOR,2017-07-13,2017,S2,10.800000,Lago Mayor,split,9.665128,6.076834,13.253422,7.176588,True
E39,LAGO MAYOR,2017-07-13,2017,S2,8.400000,Lago Mayor,split,7.724214,4.135920,11.312508,7.176588,True
E41,LAGO MAYOR,2017-07-13,2017,S2,13.000000,Lago Mayor,split,8.891130,5.302836,12.479424,7.176588,False
E42,LAGO MAYOR,2017-07-13,2017,S2,14.000000,Lago Mayor,split,9.972482,6.384188,13.560777,7.176588,False
E43,LAGO MAYOR,2017-07-13,2017,S2,12.000000,Lago Mayor,split,10.279442,6.691148,13.867736,7.176588,True
E22,LAGO MAYOR,2017-07-13,2017,S2,9.000000,Lago Mayor,split,9.778921,6.190627,13.367215,7.176588,True
E48,LAGO MAYOR,2017-07-15,2017,S2,12.000000,Lago Mayor,split,10.460961,6.918308,14.003613,7.085304,True
E49,LAGO MAYOR,2017-07-15,2017,S2,9.000000,Lago Mayor,split,10.730177,7.187525,14.272829,7.085304,True
E50,LAGO MAYOR,2017-07-15,2017,S2,12.000000,Lago Mayor,split,11.519341,7.976689,15.061993,7.085304,True
E51,LAGO MAYOR,2017-07-15,2017,S2,9.800000,Lago Mayor,split,10.751381,7.208728,14.294033,7.085304,True
E52,LAGO MAYOR,2017-07-15,2017,S2,9.000000,Lago Mayor,split,10.192922,6.650270,13.735574,7.085304,True
E59,LAGO MAYOR,2017-07-16,2017,S2,10.000000,Lago Mayor,split,10.920305,7.377653,14.462957,7.085304,True
E60,LAGO MAYOR,2017-07-16,2017,S2,10.000000,Lago Mayor,split,10.871372,7.328720,14.414024,7.085304,True
E61,LAGO MAYOR,2017-07-16,2017,S2,12.800000,Lago Mayor,split,10.593339,7.050687,14.135991,7.085304,True
E72,LAGO MAYOR,2017-07-16,2017,S2,5.800000,Lago Mayor,split,5.913234,2.370582,9.455886,7.085304,True
E76,LAGO MAYOR,2017-07-19,2017,S2,9.000000,Lago Mayor,split,9.545250,6.842986,12.247515,5.404530,True
E78,LAGO MAYOR,2017-07-19,2017,S2,10.300000,Lago Mayor,split,10.983454,8.281189,13.685719,5.404530,True
E79,LAGO MAYOR,2017-07-16,2017,S2,10.000000,Lago Mayor,split,10.531230,6.988578,14.073882,7.085304,True
E80,LAGO MAYOR,2017-07-17,2017,S2,10.000000,Lago Mayor,split,11.037160,6.999455,15.074865,8.075409,True
E82,LAGO MAYOR,2017-07-17,2017,S2,10.000000,Lago Mayor,split,11.049556,7.011852,15.087261,8.075409,True
E83,LAGO MAYOR,2017-07-17,2017,S2,8.000000,Lago Mayor,split,8.992422,4.954718,13.030127,8.075409,True
E88,LAGO MAYOR,2017-07-20,2017,S2,8.000000,Lago Mayor,split,9.870290,6.327638,13.412942,7.085304,True
E94,LAGO MAYOR,2017-07-20,2017,S2,9.000000,Lago Mayor,split,10.798457,7.255805,14.341109,7.085304,True
E97,LAGO MAYOR,2017-07-20,2017,S2,10.000000,Lago Mayor,split,11.098684,7.556032,14.641336,7.085304,True
E98,LAGO MAYOR,2017-07-19,2017,S2,9.500000,Lago Mayor,split,10.872000,8.169735,13.574265,5.404530,True
E99,LAGO MAYOR,2017-07-19,2017,S2,11.000000,Lago Mayor,split,11.513600,8.811335,14.215864,5.404530,True
E100,LAGO MAYOR,2017-07-19,2017,S2,10.000000,Lago Mayor,split,10.834412,8.132147,13.536677,5.404530,True
E104,LAGO MAYOR,2017-07-19,2017,S2,10.200000,Lago Mayor,split,10.241345,7.539080,12.943610,5.404530,True
E113,LAGO MAYOR,2017-07-20,2017,S2,10.000000,Lago Mayor,split,11.187320,7.644668,14.729972,7.085304,True
E117,LAGO MAYOR,2017-07-19,2017,S2,8.500000,Lago Mayor,split,10.731369,8.029104,13.433634,5.404530,True
E120,LAGO MAYOR,2017-07-21,2017,S2,9.500000,Lago Mayor,split,10.794003,6.756298,14.831707,8.075409,True
E121,LAGO MAYOR,2017-07-21,2017,S2,9.000000,Lago Mayor,split,9.268162,5.230457,13.305867,8.075409,True
E122,LAGO MENOR,2017-07-21,2017,S2,9.000000,Lago Menor,split,8.330870,4.293165,12.368575,8.075409,True
E123,LAGO MENOR,2017-07-21,2017,S2,6.500000,Lago Menor,split,6.149009,2.111304,10.186713,8.075409,True
E125,LAGO MENOR,2017-07-21,2017,S2,8.000000,Lago Menor,split,6.213714,2.176009,10.251419,8.075409,True
E130,LAGO MENOR,2017-07-22,2017,S2,5.400000,Lago Menor,split,5.709852,1.672147,9.747557,8.075409,True
E136,LAGO MENOR,2017-07-22,2017,S2,7.000000,Lago Menor,split,5.720021,1.682316,9.757726,8.075409,True
E135,LAGO MENOR,2017-07-22,2017,S2,6.000000,Lago Menor,split,7.703547,3.665842,11.741251,8.075409,True
E137,LAGO MENOR,2017-07-22,2017,S2,6.000000,Lago Menor,split,5.482790,1.445085,9.520495,8.075409,True
E142,LAGO MENOR,2017-07-22,2017,S2,6.000000,Lago Menor,split,7.251918,3.214214,11.289623,8.075409,True
E-148,LAGO MENOR,2017-07-22,2017,S2,6.000000,Lago Menor,split,5.625593,1.587889,9.663298,8.075409,True
E-145,LAGO MENOR,2017-07-23,2017,S2,6.500000,Lago Menor,split,7.282383,3.416253,11.148514,7.732261,True
E-147,LAGO MENOR,2017-07-23,2017,S2,6.500000,Lago Menor,split,4.746722,0.880592,8.612853,7.732261,True
E59,LAGO MAYOR,2017-07-16,2017,S2,10.000000,Lago Mayor,split,10.920305,7.377653,14.462957,7.085304,True
E01,BAHIA PUNO,2019-07-11,2019,S2,8.000000,Bahia de Puno,split,8.613992,4.747861,12.480123,7.732261,True
E02,BAHIA PUNO,2019-07-11,2019,S2,8.000000,Bahia de Puno,split,6.929015,3.062885,10.795146,7.732261,True
E04,BAHIA PUNO,2019-07-11,2019,S2,1.500000,Bahia de Puno,split,5.418417,1.552286,9.284548,7.732261,False
E05,BAHIA PUNO,2019-07-11,2019,S2,8.000000,Bahia de Puno,split,9.907672,6.041542,13.773803,7.732261,True
E08,BAHIA PUNO,2019-07-11,2019,S2,10.000000,Bahia de Puno,split,10.101734,6.235604,13.967865,7.732261,True
E14,BAHIA PUNO,2019-07-12,2019,S2,9.000000,Bahia de Puno,split,10.580971,7.878706,13.283236,5.404530,True
E16,BAHIA PUNO,2019-07-11,2019,S2,3.500000,Bahia de Puno,split,5.879766,2.013635,9.745897,7.732261,True
E17,BAHIA PUNO,2019-07-12,2019,S2,3.000000,Bahia de Puno,split,6.120932,3.418667,8.823197,5.404530,False
E25,LAGO MAYOR,2019-07-12,2019,S2,6.100000,Lago Mayor,split,7.764885,5.062620,10.467150,5.404530,True
E28,LAGO MAYOR,2019-07-12,2019,S2,7.000000,Lago Mayor,split,9.098994,6.396729,11.801259,5.404530,True
E32,LAGO MAYOR,2019-07-12,2019,S2,6.000000,Lago Mayor,split,7.197450,4.495185,9.899715,5.404530,True
E36,LAGO MAYOR,2019-07-12,2019,S2,11.000000,Lago Mayor,split,7.104777,4.402512,9.807042,5.404530,False
E39,LAGO MAYOR,2019-07-13,2019,S2,8.000000,Lago Mayor,split,7.502868,3.636737,11.368999,7.732261,True
E41,LAGO MAYOR,2019-07-13,2019,S2,9.500000,Lago Mayor,split,9.730875,5.864744,13.597005,7.732261,True
E42,LAGO MAYOR,2019-07-13,2019,S2,10.000000,Lago Mayor,split,10.343784,6.477654,14.209915,7.732261,True
E43,LAGO MAYOR,2019-07-13,2019,S2,12.000000,Lago Mayor,split,10.566966,6.700835,14.433097,7.732261,True
E22,LAGO MAYOR,2019-07-13,2019,S2,6.000000,Lago Mayor,split,9.435105,5.568974,13.301236,7.732261,True
E49,LAGO MAYOR,2019-07-14,2019,S2,12.000000,Lago Mayor,split,10.920298,8.218033,13.622563,5.404530,True
E50,LAGO MAYOR,2019-07-14,2019,S2,12.000000,Lago Mayor,split,10.512445,7.810180,13.214710,5.404530,True
E51,LAGO MAYOR,2019-07-14,2019,S2,11.000000,Lago Mayor,split,11.374120,8.671855,14.076385,5.404530,True
E52,LAGO MAYOR,2019-07-14,2019,S2,10.000000,Lago Mayor,split,10.765853,8.063588,13.468118,5.404530,True
E53,LAGO MAYOR,2019-07-14,2019,S2,9.000000,Lago Mayor,split,10.429869,7.727604,13.132134,5.404530,True
E59,LAGO MAYOR,2019-07-15,2019,S2,11.000000,Lago Mayor,split,11.265026,8.562761,13.967291,5.404530,True
E60,LAGO MAYOR,2019-07-15,2019,S2,11.000000,Lago Mayor,split,11.688498,8.986233,14.390762,5.404530,True
E61,LAGO MAYOR,2019-07-15,2019,S2,11.000000,Lago Mayor,split,11.110885,8.408620,13.813150,5.404530,True
E72,LAGO MAYOR,2019-07-15,2019,S2,6.000000,Lago Mayor,split,7.753128,5.050863,10.455393,5.404530,True
E76,LAGO MAYOR,2019-07-19,2019,S2,9.900000,Lago Mayor,split,10.074796,6.486501,13.663090,7.176588,True
E78,LAGO MAYOR,2019-07-19,2019,S2,12.000000,Lago Mayor,split,10.259487,6.671193,13.847781,7.176588,True
E79,LAGO MAYOR,2019-07-19,2019,S2,9.000000,Lago Mayor,split,12.277747,8.689453,15.866041,7.176588,True
E80,LAGO MAYOR,2019-07-16,2019,S2,11.000000,Lago Mayor,split,11.090350,7.052645,15.128055,8.075409,True
E82,LAGO MAYOR,2019-07-16,2019,S2,9.000000,Lago Mayor,split,10.896381,6.858676,14.934085,8.075409,True
E83,LAGO MAYOR,2019-07-16,2019,S2,10.000000,Lago Mayor,split,10.206375,6.168671,14.244080,8.075409,True
E88,LAGO MAYOR,2019-07-17,2019,S2,11.000000,Lago Mayor,split,10.398825,6.532694,14.264955,7.732261,True
E94,LAGO MAYOR,2019-07-17,2019,S2,8.000000,Lago Mayor,split,12.233320,8.367189,16.099451,7.732261,False
E97,LAGO MAYOR,2019-07-17,2019,S2,10.000000,Lago Mayor,split,11.283099,7.416969,15.149230,7.732261,True
E98,LAGO MAYOR,2019-07-18,2019,S2,7.000000,Lago Mayor,split,11.581672,7.543967,15.619377,8.075409,False
E99,LAGO MAYOR,2019-07-20,2019,S2,13.000000,Lago Mayor,split,11.635220,7.597516,15.672925,8.075409,True
E100,LAGO MAYOR,2019-07-20,2019,S2,11.000000,Lago Mayor,split,11.018006,6.980302,15.055711,8.075409,True
E104,LAGO MAYOR,2019-07-20,2019,S2,10.000000,Lago Mayor,split,10.174483,6.136778,14.212188,8.075409,True
E113,LAGO MAYOR,2019-07-17,2019,S2,9.000000,Lago Mayor,split,7.206675,3.340544,11.072806,7.732261,True
E117,LAGO MAYOR,2019-07-18,2019,S2,10.000000,Lago Mayor,split,9.423037,5.385333,13.460742,8.075409,True
E120,LAGO MAYOR,2019-07-20,2019,S2,11.500000,Lago Mayor,split,11.556669,7.518964,15.594373,8.075409,True
E121,LAGO MAYOR,2019-07-21,2019,S2,11.000000,Lago Mayor,split,7.906514,5.204249,10.608779,5.404530,False
E122,LAGO MENOR,2019-07-21,2019,S2,11.000000,Lago Menor,split,8.424423,5.722158,11.126688,5.404530,True
E123,LAGO MENOR,2019-07-21,2019,S2,9.000000,Lago Menor,split,7.703768,5.001503,10.406033,5.404530,True
E125,LAGO MENOR,2019-07-21,2019,S2,8.500000,Lago Menor,split,7.697333,4.995068,10.399597,5.404530,True
E132,LAGO MENOR,2019-07-21,2019,S2,7.000000,Lago Menor,split,6.732309,4.030045,9.434574,5.404530,True
E130,LAGO MENOR,2019-07-22,2019,S2,10.000000,Lago Menor,split,6.841939,3.253645,10.430233,7.176588,True
E136,LAGO MENOR,2019-07-22,2019,S2,6.500000,Lago Menor,split,5.824565,2.236271,9.412859,7.176588,True
E137,LAGO MENOR,2019-07-22,2019,S2,5.000000,Lago Menor,split,4.802199,1.213905,8.390493,7.176588,True
E141,LAGO MENOR,2019-07-23,2019,S2,10.000000,Lago Menor,split,6.959877,3.417225,10.502529,7.085304,True
E142,LAGO MENOR,2019-07-23,2019,S2,11.000000,Lago Menor,split,6.025768,2.483116,9.568420,7.085304,False
E145,LAGO MENOR,2019-07-23,2019,S2,6.000000,Lago Menor,split,5.680755,2.138103,9.223407,7.085304,True
E147,LAGO MENOR,2019-07-24,2019,S2,5.500000,Lago Menor,split,7.535094,4.832829,10.237359,5.404530,True
E01,BAHIA PUNO,2022-08-12,2022,S2,5.500000,Bahia de Puno,split,5.711020,2.122726,9.299314,7.176588,True
E02,BAHIA PUNO,2022-08-12,2022,S2,8.000000,Bahia de Puno,split,10.012900,6.424606,13.601194,7.176588,True
E05,BAHIA PUNO,2022-08-12,2022,S2,8.500000,Bahia de Puno,split,10.860919,7.272625,14.449213,7.176588,True
E08,BAHIA PUNO,2022-08-12,2022,S2,11.000000,Bahia de Puno,split,11.283569,7.695275,14.871863,7.176588,True
E28,LAGO MAYOR,2022-08-14,2022,S2,10.000000,Lago Mayor,split,9.427061,5.560930,13.293191,7.732261,True
E32,LAGO MAYOR,2022-08-14,2022,S2,9.000000,Lago Mayor,split,9.974397,6.108266,13.840528,7.732261,True
E36,LAGO MAYOR,2022-08-14,2022,S2,9.000000,Lago Mayor,split,10.181779,6.315649,14.047910,7.732261,True
E39,LAGO MAYOR,2022-08-15,2022,S2,7.000000,Lago Mayor,split,6.470635,2.882341,10.058929,7.176588,True
341,LAGO MAYOR,2022-08-15,2022,S2,14.000000,Lago Mayor,split,11.335236,7.746942,14.923530,7.176588,True
E42,LAGO MAYOR,2022-08-15,2022,S2,16.000000,Lago Mayor,split,10.278301,6.690006,13.866595,7.176588,False
E43,LAGO MAYOR,2022-08-15,2022,S2,14.000000,Lago Mayor,split,10.401842,6.813548,13.990136,7.176588,False
E22,LAGO MAYOR,2022-08-15,2022,S2,14.000000,Lago Mayor,split,12.046794,8.458500,15.635088,7.176588,True
E48,LAGO MAYOR,2022-08-16,2022,S2,8.000000,Lago Mayor,split,13.588045,10.885780,16.290310,5.404530,False
E49,LAGO MAYOR,2022-08-16,2022,S2,15.000000,Lago Mayor,split,13.951861,11.249597,16.654126,5.404530,True
E50,LAGO MAYOR,2022-08-16,2022,S2,16.000000,Lago Mayor,split,13.738719,11.036454,16.440984,5.404530,True
E51,LAGO MAYOR,2022-08-17,2022,S2,12.000000,Lago Mayor,split,10.730408,6.692703,14.768112,8.075409,True
E52,LAGO MAYOR,2022-08-17,2022,S2,9.000000,Lago Mayor,split,10.445732,6.408027,14.483437,8.075409,True
E53,LAGO MAYOR,2022-08-17,2022,S2,11.000000,Lago Mayor,split,12.635070,8.597365,16.672774,8.075409,True
E58,LAGO MAYOR,2022-08-18,2022,S2,11.000000,Lago Mayor,split,9.365688,5.823036,12.908340,7.085304,True
E59,LAGO MAYOR,2022-08-18,2022,S2,15.000000,Lago Mayor,split,11.118257,7.575604,14.660909,7.085304,False
E60,LAGO MAYOR,2022-08-18,2022,S2,16.500000,Lago Mayor,split,11.392364,7.849712,14.935016,7.085304,False
E61,LAGO MAYOR,2022-08-18,2022,S2,15.000000,Lago Mayor,split,10.297124,6.754472,13.839776,7.085304,False
E72,LAGO MAYOR,2022-08-19,2022,S2,5.000000,Lago Mayor,split,7.484104,4.781839,10.186369,5.404530,True
E76,LAGO MAYOR,2022-08-19,2022,S2,10.000000,Lago Mayor,split,12.464421,9.762156,15.166686,5.404530,True
E78,LAGO MAYOR,2022-08-19,2022,S2,14.000000,Lago Mayor,split,13.788523,11.086258,16.490788,5.404530,True
E79,LAGO MAYOR,2022-08-19,2022,S2,14.000000,Lago Mayor,split,13.147390,10.445125,15.849655,5.404530,True
E80,LAGO MAYOR,2022-08-20,2022,S2,15.000000,Lago Mayor,split,11.677282,8.134630,15.219935,7.085304,True
E82,LAGO MAYOR,2022-08-20,2022,S2,15.000000,Lago Mayor,split,11.268780,7.726127,14.811432,7.085304,False
E83,LAGO MAYOR,2022-08-20,2022,S2,16.000000,Lago Mayor,split,11.293050,7.750398,14.835702,7.085304,False
E88,LAGO MAYOR,2022-08-20,2022,S2,14.000000,Lago Mayor,split,11.476630,7.933978,15.019282,7.085304,True
E94,LAGO MAYOR,2022-08-20,2022,S2,15.000000,Lago Mayor,split,10.710491,7.167838,14.253143,7.085304,False
E97,LAGO MAYOR,2022-08-21,2022,S2,16.000000,Lago Mayor,split,11.916606,9.214341,14.618871,5.404530,False
E98,LAGO MAYOR,2022-08-22,2022,S2,15.000000,Lago Mayor,split,12.734076,9.145782,16.322370,7.176588,True
E99,LAGO MAYOR,2022-08-22,2022,S2,15.000000,Lago Mayor,split,13.038162,9.449868,16.626456,7.176588,True
E100,LAGO MAYOR,2022-08-22,2022,S2,13.000000,Lago Mayor,split,10.408308,6.820014,13.996602,7.176588,True
E103,LAGO MAYOR,2022-08-22,2022,S2,10.000000,Lago Mayor,split,10.347615,6.759321,13.935909,7.176588,True
E104,LAGO MAYOR,2022-08-22,2022,S2,13.000000,Lago Mayor,split,10.101261,6.512967,13.689555,7.176588,True
E113,LAGO MAYOR,2022-08-21,2022,S2,14.000000,Lago Mayor,split,10.967653,8.265388,13.669918,5.404530,False
E117,LAGO MAYOR,2022-08-21,2022,S2,14.000000,Lago Mayor,split,13.317854,10.615589,16.020119,5.404530,True
E120,LAGO MAYOR,2022-08-22,2022,S2,14.000000,Lago Mayor,split,13.096209,9.507915,16.684503,7.176588,True
E121,LAGO MAYOR,2022-08-23,2022,S2,11.000000,Lago Mayor,split,11.508437,7.965785,15.051089,7.085304,True
E122,LAGO MENOR,2022-08-23,2022,S2,10.000000,Lago Menor,split,11.670113,8.127461,15.212765,7.085304,True
E123,LAGO MENOR,2022-08-23,2022,S2,6.000000,Lago Menor,split,4.664633,1.121981,8.207285,7.085304,True
E125,LAGO MENOR,2022-08-23,2022,S2,8.000000,Lago Menor,split,5.031044,1.488392,8.573696,7.085304,True
E132,LAGO MENOR,2022-08-23,2022,S2,4.000000,Lago Menor,split,4.909682,1.367029,8.452334,7.085304,True
E130,LAGO MENOR,2022-08-23,2022,S2,5.500000,Lago Menor,split,5.996937,2.454285,9.539589,7.085304,True
E136,LAGO MENOR,2022-08-24,2022,S2,5.500000,Lago Menor,split,5.030157,1.441863,8.618451,7.176588,True
E135,LAGO MENOR,2022-08-24,2022,S2,11.000000,Lago Menor,split,7.951876,4.363582,11.540170,7.176588,True
E137,LAGO MENOR,2022-08-24,2022,S2,5.000000,Lago Menor,split,5.285680,1.697386,8.873974,7.176588,True
E141,LAGO MENOR,2022-08-24,2022,S2,5.000000,Lago Menor,split,8.619708,5.031414,12.208002,7.176588,False
E142,LAGO MENOR,2022-08-24,2022,S2,5.000000,Lago Menor,split,7.993360,4.405066,11.581654,7.176588,True
E145,LAGO MENOR,2022-08-24,2022,S2,5.500000,Lago Menor,split,7.727582,4.139288,11.315876,7.176588,True
E147,LAGO MENOR,2022-08-24,2022,S2,5.000000,Lago Menor,split,5.239792,1.651498,8.828086,7.176588,True
E01,BAHIA PUNO,2024-08-21,2024,S2,6.000000,Bahia de Puno,split,5.528067,1.985415,9.070719,7.085304,True
E02,BAHIA PUNO,2024-08-21,2024,S2,9.000000,Bahia de Puno,split,9.705498,6.162846,13.248150,7.085304,True
E03,BAHIA PUNO,2024-08-21,2024,S2,8.000000,Bahia de Puno,split,9.086544,5.543892,12.629196,7.085304,True
E05,BAHIA PUNO,2024-08-21,2024,S2,10.000000,Bahia de Puno,split,10.152172,6.609520,13.694824,7.085304,True
E08,BAHIA PUNO,2024-08-21,2024,S2,9.000000,Bahia de Puno,split,10.486430,6.943778,14.029082,7.085304,True
E15,LAGO MAYOR,2024-08-21,2024,S2,9.000000,Lago Mayor,split,10.348315,6.805663,13.890967,7.085304,True
E16,LAGO MAYOR,2024-08-21,2024,S2,6.000000,Lago Mayor,split,8.954593,5.411941,12.497245,7.085304,True
E22,LAGO MAYOR,2024-08-22,2024,S2,14.000000,Lago Mayor,split,11.786942,7.749237,15.824647,8.075409,True
E27,LAGO MAYOR,2024-08-22,2024,S2,4.000000,Lago Mayor,split,6.320890,2.283185,10.358594,8.075409,True
E28,LAGO MAYOR,2024-08-22,2024,S2,9.000000,Lago Mayor,split,8.685088,4.647383,12.722792,8.075409,True
E32,LAGO MAYOR,2024-08-22,2024,S2,12.500000,Lago Mayor,split,9.669545,5.631840,13.707249,8.075409,True
E36,LAGO MAYOR,2024-08-22,2024,S2,11.500000,Lago Mayor,split,10.597731,6.560026,14.635435,8.075409,True
E36B,LAGO MAYOR,2024-08-22,2024,S2,13.000000,Lago Mayor,split,11.218325,7.180620,15.256029,8.075409,True
E39,LAGO MAYOR,2024-08-23,2024,S2,8.000000,Lago Mayor,split,5.489768,1.623637,9.355899,7.732261,True
E41,LAGO MAYOR,2024-08-23,2024,S2,10.500000,Lago Mayor,split,10.212608,6.346478,14.078739,7.732261,True
E42,LAGO MAYOR,2024-08-23,2024,S2,10.000000,Lago Mayor,split,10.425495,6.559364,14.291625,7.732261,True
E43,LAGO MAYOR,2024-08-23,2024,S2,12.500000,Lago Mayor,split,11.590003,7.723872,15.456134,7.732261,True
E48,LAGO MAYOR,2024-08-24,2024,S2,9.000000,Lago Mayor,split,11.985896,8.119766,15.852027,7.732261,True
E49,LAGO MAYOR,2024-08-24,2024,S2,11.000000,Lago Mayor,split,11.611382,7.745251,15.477513,7.732261,True
E50,LAGO MAYOR,2024-08-24,2024,S2,12.000000,Lago Mayor,split,12.664773,8.798642,16.530904,7.732261,True
E51,LAGO MAYOR,2024-08-24,2024,S2,11.500000,Lago Mayor,split,12.255036,8.388905,16.121167,7.732261,True
E52,LAGO MAYOR,2024-08-24,2024,S2,11.000000,Lago Mayor,split,10.633774,6.767643,14.499905,7.732261,True
E53,LAGO MAYOR,2024-08-24,2024,S2,9.000000,Lago Mayor,split,11.104850,7.238720,14.970981,7.732261,True
E58,LAGO MAYOR,2024-08-26,2024,S2,9.000000,Lago Mayor,split,9.986758,6.444106,13.529410,7.085304,True
E59,LAGO MAYOR,2024-08-26,2024,S2,10.500000,Lago Mayor,split,10.444238,6.901586,13.986890,7.085304,True
E60,LAGO MAYOR,2024-08-25,2024,S2,12.000000,Lago Mayor,split,11.908150,7.870445,15.945855,8.075409,True
E61,LAGO MAYOR,2024-08-25,2024,S2,12.000000,Lago Mayor,split,9.772322,5.734618,13.810027,8.075409,True
E72,LAGO MAYOR,2024-08-25,2024,S2,4.800000,Lago Mayor,split,6.409484,2.371780,10.447189,8.075409,True
E76,LAGO MAYOR,2024-08-25,2024,S2,12.000000,Lago Mayor,split,10.872385,6.834681,14.910090,8.075409,True
B03,LAGO MAYOR,2024-08-27,2024,S2,11.000000,Lago Mayor,split,12.930994,9.064863,16.797125,7.732261,True
E78,LAGO MAYOR,2024-08-27,2024,S2,10.500000,Lago Mayor,split,12.947863,9.081733,16.813994,7.732261,True
E79,LAGO MAYOR,2024-08-27,2024,S2,9.500000,Lago Mayor,split,9.809207,5.943076,13.675338,7.732261,True
E80,LAGO MAYOR,2024-08-27,2024,S2,15.000000,Lago Mayor,split,10.043428,6.177298,13.909559,7.732261,False
E82,LAGO MAYOR,2024-08-28,2024,S2,9.000000,Lago Mayor,split,12.575531,8.709400,16.441662,7.732261,True
E83,LAGO MAYOR,2024-08-28,2024,S2,8.500000,Lago Mayor,split,9.845249,5.979118,13.711379,7.732261,True
E88,LAGO MAYOR,2024-08-29,2024,S2,9.500000,Lago Mayor,split,11.224450,8.522185,13.926715,5.404530,True
E94,LAGO MAYOR,2024-08-29,2024,S2,9.500000,Lago Mayor,split,11.534551,8.832286,14.236816,5.404530,True
E97,LAGO MAYOR,2024-08-29,2024,S2,13.500000,Lago Mayor,split,12.285146,9.582881,14.987411,5.404530,True
E98,LAGO MAYOR,2024-08-29,2024,S2,13.000000,Lago Mayor,split,13.006375,10.304110,15.708640,5.404530,True
E99,LAGO MAYOR,2024-08-30,2024,S2,9.500000,Lago Mayor,split,10.799282,7.210988,14.387576,7.176588,True
E100,LAGO MAYOR,2024-08-30,2024,S2,11.000000,Lago Mayor,split,12.136646,8.548351,15.724940,7.176588,True
E103,LAGO MAYOR,2024-08-30,2024,S2,11.000000,Lago Mayor,split,9.143399,5.555105,12.731693,7.176588,True
E105,LAGO MAYOR,2024-08-30,2024,S2,8.500000,Lago Mayor,split,5.549160,1.960866,9.137455,7.176588,True
E113,LAGO MAYOR,2024-08-29,2024,S2,13.500000,Lago Mayor,split,12.879108,10.176844,15.581373,5.404530,True
E117,LAGO MAYOR,2024-08-29,2024,S2,12.000000,Lago Mayor,split,12.510828,9.808563,15.213093,5.404530,True
E120,LAGO MAYOR,2024-08-30,2024,S2,10.500000,Lago Mayor,split,11.516192,7.927898,15.104486,7.176588,True
E121,LAGO MAYOR,2024-08-30,2024,S2,12.700000,Lago Mayor,split,10.737721,7.149427,14.326015,7.176588,True
E122,LAGO MENOR,2024-08-31,2024,S2,11.000000,Lago Menor,split,12.417043,8.874391,15.959695,7.085304,True
E125,LAGO MENOR,2024-09-01,2024,S2,2.500000,Lago Menor,split,5.593528,1.555824,9.631233,8.075409,True
P02,LAGO MENOR,2024-09-01,2024,S2,9.500000,Lago Menor,split,6.377532,2.339828,10.415237,8.075409,True
P03,LAGO MENOR,2024-09-01,2024,S2,3.500000,Lago Menor,split,5.935124,1.897420,9.972829,8.075409,True
P04,LAGO MENOR,2024-09-01,2024,S2,1.500000,Lago Menor,split,5.628404,1.590699,9.666109,8.075409,False
E127,LAGO MENOR,2024-09-01,2024,S2,2.000000,Lago Menor,split,6.072164,2.034459,10.109868,8.075409,False
E129,LAGO MENOR,2024-08-31,2024,S2,4.500000,Lago Menor,split,4.908923,1.366271,8.451575,7.085304,True
E135,LAGO MENOR,2024-08-31,2024,S2,4.000000,Lago Menor,split,6.237304,2.694652,9.779956,7.085304,True
E138,LAGO MENOR,2024-08-31,2024,S2,4.500000,Lago Menor,split,4.728725,1.186073,8.271377,7.085304,True
P15,LAGO MENOR,2024-08-31,2024,S2,4.000000,Lago Menor,split,6.503045,2.960393,10.045697,7.085304,True
E142,LAGO MENOR,2024-08-31,2024,S2,4.000000,Lago Menor,split,4.920964,1.378312,8.463616,7.085304,True
E145,LAGO MENOR,2024-09-02,2024,S2,3.500000,Lago Menor,split,5.791847,3.089582,8.494112,5.404530,True
P10,LAGO MENOR,2024-09-02,2024,S2,3.000000,Lago Menor,split,5.859270,3.157005,8.561535,5.404530,False
E40,LAGO MAYOR,2013-10-10,2013,LS,5.000000,Lago Mayor,split,7.569234,4.026582,11.111886,7.085304,True
E41,LAGO MAYOR,2013-10-10,2013,LS,7.000000,Lago Mayor,split,7.386547,3.843895,10.929199,7.085304,True
E42,LAGO MAYOR,2013-10-10,2013,LS,8.500000,Lago Mayor,split,7.185878,3.643226,10.728530,7.085304,True
E43,LAGO MAYOR,2013-10-10,2013,LS,6.500000,Lago Mayor,split,7.143154,3.600502,10.685806,7.085304,True
E44,LAGO MAYOR,2013-10-10,2013,LS,8.000000,Lago Mayor,split,7.226663,3.684011,10.769315,7.085304,True
E45,LAGO MAYOR,2013-10-10,2013,LS,9.000000,Lago Mayor,split,7.875292,4.332640,11.417944,7.085304,True
E47,LAGO MAYOR,2013-10-11,2013,LS,7.000000,Lago Mayor,split,8.465493,4.877198,12.053787,7.176588,True
E48,LAGO MAYOR,2013-10-11,2013,LS,8.100000,Lago Mayor,split,8.679095,5.090801,12.267389,7.176588,True
E49,LAGO MAYOR,2013-10-11,2013,LS,7.500000,Lago Mayor,split,7.531937,3.943643,11.120231,7.176588,True
E50,LAGO MAYOR,2013-10-11,2013,LS,5.700000,Lago Mayor,split,6.516063,2.927769,10.104358,7.176588,True
E51,LAGO MAYOR,2013-10-12,2013,LS,7.000000,Lago Mayor,split,6.158297,3.456032,8.860562,5.404530,True
E52,LAGO MAYOR,2013-10-12,2013,LS,6.800000,Lago Mayor,split,6.365313,3.663048,9.067578,5.404530,True
E53,LAGO MAYOR,2013-10-12,2013,LS,8.000000,Lago Mayor,split,6.630550,3.928285,9.332815,5.404530,True
E54,LAGO MAYOR,2013-10-12,2013,LS,8.100000,Lago Mayor,split,6.731824,4.029559,9.434088,5.404530,True
E55,LAGO MAYOR,2013-10-12,2013,LS,8.000000,Lago Mayor,split,6.626750,3.924485,9.329015,5.404530,True
E56,LAGO MAYOR,2013-10-12,2013,LS,5.500000,Lago Mayor,split,6.275319,3.573054,8.977584,5.404530,True
E57,LAGO MAYOR,2013-10-12,2013,LS,8.000000,Lago Mayor,split,8.842701,6.140436,11.544966,5.404530,True
E58,LAGO MAYOR,2013-10-12,2013,LS,9.000000,Lago Mayor,split,6.704486,4.002221,9.406751,5.404530,True
E60,LAGO MAYOR,2013-10-13,2013,LS,7.000000,Lago Mayor,split,6.605656,3.017362,10.193950,7.176588,True
E61,LAGO MAYOR,2013-10-13,2013,LS,6.000000,Lago Mayor,split,8.045248,4.456954,11.633542,7.176588,True
E62,LAGO MAYOR,2013-10-13,2013,LS,7.000000,Lago Mayor,split,9.898744,6.310450,13.487038,7.176588,True
E63,LAGO MAYOR,2013-10-13,2013,LS,7.000000,Lago Mayor,split,6.872315,3.284021,10.460610,7.176588,True
E64,LAGO MAYOR,2013-10-13,2013,LS,7.000000,Lago Mayor,split,7.296284,3.707990,10.884578,7.176588,True
E65,LAGO MAYOR,2013-10-14,2013,LS,7.000000,Lago Mayor,split,6.793145,3.204851,10.381439,7.176588,True
E66,LAGO MAYOR,2013-10-14,2013,LS,6.500000,Lago Mayor,split,6.626295,3.038001,10.214589,7.176588,True
E67,LAGO MAYOR,2013-10-14,2013,LS,7.000000,Lago Mayor,split,10.042196,6.453901,13.630490,7.176588,True
E68,LAGO MAYOR,2013-10-14,2013,LS,7.200000,Lago Mayor,split,8.265560,4.677266,11.853854,7.176588,True
E69,LAGO MAYOR,2013-10-14,2013,LS,6.500000,Lago Mayor,split,8.461621,4.873327,12.049915,7.176588,True
E70,LAGO MAYOR,2013-10-14,2013,LS,6.000000,Lago Mayor,split,8.379436,4.791142,11.967730,7.176588,True
E71,LAGO MAYOR,2013-10-14,2013,LS,5.000000,Lago Mayor,split,8.445354,4.857060,12.033648,7.176588,True
E72,LAGO MAYOR,2013-10-15,2013,LS,6.000000,Lago Mayor,split,6.348553,2.760259,9.936847,7.176588,True
E73,LAGO MAYOR,2013-10-15,2013,LS,5.500000,Lago Mayor,split,7.059241,3.470947,10.647535,7.176588,True
E74,LAGO MAYOR,2013-10-15,2013,LS,8.400000,Lago Mayor,split,9.012328,5.424034,12.600622,7.176588,True
E75,LAGO MAYOR,2013-10-15,2013,LS,6.000000,Lago Mayor,split,9.835347,6.247053,13.423641,7.176588,False
E76,LAGO MENOR,2013-10-15,2013,LS,5.500000,Lago Menor,split,9.787030,6.198736,13.375324,7.176588,False
E77,LAGO MENOR,2013-10-15,2013,LS,5.000000,Lago Menor,split,8.936869,5.348575,12.525163,7.176588,False
E79,LAGO MENOR,2013-10-15,2013,LS,5.400000,Lago Menor,split,7.133276,3.544982,10.721570,7.176588,True
E80,LAGO MENOR,2013-10-15,2013,LS,5.100000,Lago Menor,split,6.262048,2.673754,9.850342,7.176588,True
E81,LAGO MENOR,2013-10-15,2013,LS,4.500000,Lago Menor,split,10.825769,7.237475,14.414063,7.176588,False
E82,LAGO MENOR,2013-10-16,2013,LS,5.500000,Lago Menor,split,7.066717,3.524065,10.609369,7.085304,True
E83,LAGO MENOR,2013-10-16,2013,LS,6.000000,Lago Menor,split,6.883746,3.341094,10.426398,7.085304,True
E84,LAGO MENOR,2013-10-15,2013,LS,6.000000,Lago Menor,split,7.132457,3.544163,10.720751,7.176588,True
E85,LAGO MENOR,2013-10-16,2013,LS,6.300000,Lago Menor,split,6.516763,2.974111,10.059415,7.085304,True
E87,LAGO MENOR,2013-10-16,2013,LS,6.000000,Lago Menor,split,6.882280,3.339628,10.424932,7.085304,True
E03,BAHIA PUNO,2014-07-19,2014,LS,6.000000,Bahia de Puno,split,7.987129,4.444477,11.529781,7.085304,True
E07,BAHIA PUNO,2014-07-19,2014,LS,7.000000,Bahia de Puno,split,8.006165,4.463513,11.548817,7.085304,True
E08,BAHIA PUNO,2014-07-20,2014,LS,6.500000,Bahia de Puno,split,6.268824,2.231120,10.306529,8.075409,True
E09,LAGO MAYOR,2014-07-20,2014,LS,8.000000,Lago Mayor,split,9.347915,5.310211,13.385620,8.075409,True
E10,LAGO MAYOR,2014-07-20,2014,LS,8.500000,Lago Mayor,split,9.069333,5.031628,13.107037,8.075409,True
E12,LAGO MAYOR,2014-07-21,2014,LS,8.000000,Lago Mayor,split,9.361092,5.323388,13.398797,8.075409,True
E13,LAGO MAYOR,2014-07-21,2014,LS,9.500000,Lago Mayor,split,8.610762,4.573057,12.648466,8.075409,True
E14,LAGO MAYOR,2014-07-20,2014,LS,9.000000,Lago Mayor,split,9.558974,5.521269,13.596679,8.075409,True
E15,LAGO MAYOR,2014-07-22,2014,LS,8.000000,Lago Mayor,split,9.545178,5.679047,13.411309,7.732261,True
E16,LAGO MAYOR,2014-07-21,2014,LS,12.200000,Lago Mayor,split,6.779270,2.741566,10.816975,8.075409,False
E17,LAGO MAYOR,2014-07-22,2014,LS,10.500000,Lago Mayor,split,8.439619,4.573489,12.305750,7.732261,True
E18,LAGO MAYOR,2014-07-22,2014,LS,12.000000,Lago Mayor,split,10.136969,6.270839,14.003100,7.732261,True
E19,LAGO MAYOR,2014-07-22,2014,LS,12.400000,Lago Mayor,split,10.131708,6.265577,13.997839,7.732261,True
E20,LAGO MAYOR,2014-07-23,2014,LS,8.500000,Lago Mayor,split,7.607279,3.741148,11.473410,7.732261,True
E21,LAGO MAYOR,2014-07-23,2014,LS,9.400000,Lago Mayor,split,10.801738,6.935607,14.667869,7.732261,True
E22,LAGO MAYOR,2014-07-23,2014,LS,10.000000,Lago Mayor,split,10.466287,6.600156,14.332418,7.732261,True
E23,LAGO MAYOR,2014-07-23,2014,LS,10.200000,Lago Mayor,split,11.113055,7.246924,14.979186,7.732261,True
E24,LAGO MAYOR,2014-07-23,2014,LS,10.600000,Lago Mayor,split,11.491904,7.625773,15.358035,7.732261,True
E25,LAGO MAYOR,2014-07-23,2014,LS,9.500000,Lago Mayor,split,9.747524,5.881394,13.613655,7.732261,True
E26,LAGO MAYOR,2014-07-23,2014,LS,8.000000,Lago Mayor,split,9.943860,6.077730,13.809991,7.732261,True
E27,LAGO MAYOR,2014-07-23,2014,LS,10.000000,Lago Mayor,split,10.430151,6.564020,14.296282,7.732261,True
E28,LAGO MAYOR,2014-07-24,2014,LS,11.400000,Lago Mayor,split,11.899817,9.197552,14.602082,5.404530,True
E29,LAGO MAYOR,2014-07-24,2014,LS,10.400000,Lago Mayor,split,9.740279,7.038014,12.442544,5.404530,True
E30,LAGO MAYOR,2014-07-24,2014,LS,11.600000,Lago Mayor,split,7.999062,5.296797,10.701327,5.404530,False
E31,LAGO MAYOR,2014-07-24,2014,LS,10.800000,Lago Mayor,split,6.401889,3.699624,9.104154,5.404530,False
E32,LAGO MAYOR,2014-07-25,2014,LS,10.000000,Lago Mayor,split,8.295355,4.752703,11.838007,7.085304,True
E33,LAGO MAYOR,2014-07-25,2014,LS,10.500000,Lago Mayor,split,10.309718,6.767066,13.852370,7.085304,True
E34,LAGO MAYOR,2014-07-25,2014,LS,10.000000,Lago Mayor,split,10.023459,6.480807,13.566111,7.085304,True
E35,LAGO MAYOR,2014-07-25,2014,LS,10.000000,Lago Mayor,split,10.903542,7.360890,14.446194,7.085304,True
E36,LAGO MAYOR,2014-07-25,2014,LS,10.500000,Lago Mayor,split,11.509118,7.966466,15.051770,7.085304,True
E37,LAGO MAYOR,2014-07-25,2014,LS,11.000000,Lago Mayor,split,10.429557,6.886905,13.972209,7.085304,True
E39,LAGO MAYOR,2014-07-25,2014,LS,10.000000,Lago Mayor,split,10.246001,6.703349,13.788653,7.085304,True
E40,LAGO MAYOR,2014-07-26,2014,LS,11.000000,Lago Mayor,split,10.203479,6.615185,13.791773,7.176588,True
E41,LAGO MAYOR,2014-07-26,2014,LS,11.000000,Lago Mayor,split,9.826806,6.238512,13.415101,7.176588,True
E42,LAGO MAYOR,2014-07-26,2014,LS,7.000000,Lago Mayor,split,9.048858,5.460563,12.637152,7.176588,True
E44,LAGO MAYOR,2014-07-27,2014,LS,11.000000,Lago Mayor,split,9.784463,5.918332,13.650594,7.732261,True
E45,LAGO MAYOR,2017-07-27,2017,LS,11.000000,Lago Mayor,split,10.128288,6.585636,13.670940,7.085304,True
E46,LAGO MAYOR,2014-07-27,2014,LS,11.000000,Lago Mayor,split,8.984576,5.118446,12.850707,7.732261,True
E47,LAGO MAYOR,2014-07-27,2014,LS,11.000000,Lago Mayor,split,9.737754,5.871624,13.603885,7.732261,True
E48,LAGO MAYOR,2014-07-27,2014,LS,7.400000,Lago Mayor,split,9.334138,5.468007,13.200268,7.732261,True
E49,LAGO MAYOR,2014-07-27,2014,LS,10.000000,Lago Mayor,split,9.394730,5.528599,13.260861,7.732261,True
E50,LAGO MAYOR,2014-07-27,2014,LS,10.200000,Lago Mayor,split,10.082411,6.216280,13.948542,7.732261,True
E51,LAGO MAYOR,2014-07-28,2014,LS,11.500000,Lago Mayor,split,11.099347,8.397082,13.801612,5.404530,True
E52,LAGO MAYOR,2014-07-28,2014,LS,13.000000,Lago Mayor,split,8.964236,6.261971,11.666501,5.404530,False
E53,LAGO MAYOR,2014-07-28,2014,LS,11.000000,Lago Mayor,split,9.729149,7.026884,12.431414,5.404530,True
E54,LAGO MAYOR,2014-07-28,2014,LS,10.500000,Lago Mayor,split,9.626814,6.924549,12.329079,5.404530,True
E55,LAGO MAYOR,2014-07-28,2014,LS,9.500000,Lago Mayor,split,9.214453,6.512188,11.916718,5.404530,True
E56,LAGO MAYOR,2014-07-28,2014,LS,9.200000,Lago Mayor,split,9.776848,7.074583,12.479113,5.404530,True
E57,LAGO MAYOR,2014-07-20,2014,LS,9.500000,Lago Mayor,split,10.287656,6.249951,14.325360,8.075409,True
E58,LAGO MAYOR,2014-07-29,2014,LS,10.000000,Lago Mayor,split,10.090493,6.224362,13.956624,7.732261,True
E59,LAGO MAYOR,2014-07-29,2014,LS,10.600000,Lago Mayor,split,9.884433,6.018302,13.750564,7.732261,True
E60,LAGO MAYOR,2014-07-29,2014,LS,11.200000,Lago Mayor,split,10.355088,6.488957,14.221219,7.732261,True
E61,LAGO MAYOR,2014-07-29,2014,LS,11.000000,Lago Mayor,split,9.569079,5.702948,13.435210,7.732261,True
E62,LAGO MAYOR,2014-07-29,2014,LS,10.000000,Lago Mayor,split,9.250092,5.383961,13.116223,7.732261,True
E63,LAGO MAYOR,2014-07-29,2014,LS,10.200000,Lago Mayor,split,10.429926,6.563795,14.296056,7.732261,True
E64,LAGO MAYOR,2014-07-29,2014,LS,9.500000,Lago Mayor,split,9.886267,6.020136,13.752397,7.732261,True
E65,LAGO MAYOR,2014-07-30,2014,LS,9.500000,Lago Mayor,split,10.271053,6.728401,13.813705,7.085304,True
E66,LAGO MAYOR,2014-07-30,2014,LS,11.000000,Lago Mayor,split,10.026506,6.483854,13.569158,7.085304,True
E67,LAGO MAYOR,2014-07-30,2014,LS,9.000000,Lago Mayor,split,9.986743,6.444091,13.529395,7.085304,True
E68,LAGO MAYOR,2014-07-30,2014,LS,10.000000,Lago Mayor,split,11.240079,7.697427,14.782731,7.085304,True
E69,LAGO MAYOR,2014-07-30,2014,LS,8.000000,Lago Mayor,split,9.650462,6.107810,13.193114,7.085304,True
E70,LAGO MAYOR,2014-07-30,2014,LS,5.000000,Lago Mayor,split,9.228318,5.685666,12.770970,7.085304,False
E71,LAGO MAYOR,2014-07-30,2014,LS,5.500000,Lago Mayor,split,8.019542,4.476890,11.562194,7.085304,True
E74,LAGO MENOR,2014-07-30,2014,LS,6.500000,Lago Menor,split,7.057647,3.514995,10.600299,7.085304,True
E75,LAGO MENOR,2014-07-30,2014,LS,6.000000,Lago Menor,split,6.245986,2.703334,9.788638,7.085304,True
E76,LAGO MENOR,2014-07-30,2014,LS,5.000000,Lago Menor,split,9.639444,6.096792,13.182097,7.085304,False
E77,LAGO MENOR,2014-07-31,2014,LS,6.000000,Lago Menor,split,6.300477,2.757825,9.843129,7.085304,True
E79,LAGO MENOR,2014-07-31,2014,LS,6.000000,Lago Menor,split,6.493661,2.951009,10.036313,7.085304,True
E80,LAGO MENOR,2014-07-31,2014,LS,6.000000,Lago Menor,split,6.069448,2.526796,9.612100,7.085304,True
E02,BAHIA PUNO,2015-07-14,2015,LS,6.500000,Bahia de Puno,split,9.644805,5.607101,13.682510,8.075409,True
E05,BAHIA PUNO,2015-07-15,2015,LS,7.000000,Bahia de Puno,split,10.026281,5.988577,14.063986,8.075409,True
E08,BAHIA PUNO,2015-07-15,2015,LS,8.000000,Bahia de Puno,split,9.100815,5.063110,13.138520,8.075409,True
E12,BAHIA PUNO,2015-07-15,2015,LS,8.000000,Bahia de Puno,split,9.457290,5.419585,13.494995,8.075409,True
E13,BAHIA PUNO,2015-07-15,2015,LS,9.000000,Bahia de Puno,split,9.671469,5.633764,13.709174,8.075409,True
E14,BAHIA PUNO,2015-07-15,2015,LS,9.000000,Bahia de Puno,split,9.519817,5.482112,13.557521,8.075409,True
E15,BAHIA PUNO,2015-07-15,2015,LS,7.000000,Bahia de Puno,split,8.908310,4.870606,12.946015,8.075409,True
E16,BAHIA PUNO,2015-07-16,2015,LS,7.000000,Bahia de Puno,split,6.371244,2.782950,9.959538,7.176588,True
E18,LAGO MAYOR,2015-07-16,2015,LS,10.000000,Lago Mayor,split,9.930778,6.342484,13.519072,7.176588,True
E19,LAGO MAYOR,2015-07-16,2015,LS,9.500000,Lago Mayor,split,9.931482,6.343188,13.519776,7.176588,True
E20,LAGO MAYOR,2015-07-16,2015,LS,8.500000,Lago Mayor,split,9.279733,5.691439,12.868027,7.176588,True
E21,LAGO MAYOR,2015-07-16,2015,LS,9.000000,Lago Mayor,split,10.463443,6.875149,14.051737,7.176588,True
E22,LAGO MAYOR,2015-07-16,2015,LS,10.000000,Lago Mayor,split,9.387272,5.798978,12.975566,7.176588,True
E23,LAGO MAYOR,2015-07-17,2015,LS,8.000000,Lago Mayor,split,10.586004,7.043352,14.128656,7.085304,True
E24,LAGO MAYOR,2015-07-17,2015,LS,12.000000,Lago Mayor,split,8.807447,5.264795,12.350099,7.085304,True
E27,LAGO MAYOR,2015-07-17,2015,LS,9.000000,Lago Mayor,split,8.708234,5.165582,12.250886,7.085304,True
E28,LAGO MAYOR,2015-07-17,2015,LS,5.500000,Lago Mayor,split,8.006065,4.463412,11.548717,7.085304,True
E29,LAGO MAYOR,2015-07-17,2015,LS,7.000000,Lago Mayor,split,8.885315,5.342663,12.427967,7.085304,True
E31,LAGO MAYOR,2015-07-18,2015,LS,8.000000,Lago Mayor,split,7.503772,3.637641,11.369902,7.732261,True
E32,LAGO MAYOR,2015-07-18,2015,LS,7.000000,Lago Mayor,split,7.625728,3.759598,11.491859,7.732261,True
E35,LAGO MAYOR,2015-07-19,2015,LS,8.000000,Lago Mayor,split,7.373661,3.507531,11.239792,7.732261,True
E36,LAGO MAYOR,2015-07-19,2015,LS,10.000000,Lago Mayor,split,8.119092,4.252961,11.985222,7.732261,True
E37,LAGO MAYOR,2015-07-19,2015,LS,10.000000,Lago Mayor,split,7.979792,4.113662,11.845923,7.732261,True
E38,LAGO MAYOR,2015-07-19,2015,LS,9.000000,Lago Mayor,split,8.343369,4.477239,12.209500,7.732261,True
E39,LAGO MAYOR,2015-07-19,2015,LS,6.000000,Lago Mayor,split,5.278683,1.412552,9.144814,7.732261,True
E40,LAGO MAYOR,2015-07-20,2015,LS,10.000000,Lago Mayor,split,9.744262,5.878131,13.610393,7.732261,True
E41,LAGO MAYOR,2015-07-20,2015,LS,11.000000,Lago Mayor,split,9.545430,5.679299,13.411560,7.732261,True
E42,LAGO MAYOR,2015-07-20,2015,LS,10.000000,Lago Mayor,split,10.105612,6.239482,13.971743,7.732261,True
E43,LAGO MAYOR,2015-07-21,2015,LS,9.000000,Lago Mayor,split,9.596396,5.558691,13.634100,8.075409,True
E44,LAGO MAYOR,2015-07-21,2015,LS,8.000000,Lago Mayor,split,9.883380,5.845675,13.921084,8.075409,True
E45,LAGO MAYOR,2015-07-21,2015,LS,10.000000,Lago Mayor,split,10.571245,6.533541,14.608950,8.075409,True
E46,LAGO MAYOR,2015-07-21,2015,LS,9.000000,Lago Mayor,split,10.214323,6.176618,14.252028,8.075409,True
E48,LAGO MAYOR,2015-07-22,2015,LS,10.000000,Lago Mayor,split,10.345777,7.643512,13.048042,5.404530,True
E49,LAGO MAYOR,2015-07-22,2015,LS,9.000000,Lago Mayor,split,9.978606,7.276342,12.680871,5.404530,True
E50,LAGO MAYOR,2015-07-22,2015,LS,10.000000,Lago Mayor,split,10.312830,7.610565,13.015095,5.404530,True
E51,LAGO MAYOR,2015-07-23,2015,LS,10.000000,Lago Mayor,split,10.518021,7.815756,13.220286,5.404530,True
E52,LAGO MAYOR,2015-07-23,2015,LS,9.000000,Lago Mayor,split,9.942586,7.240321,12.644851,5.404530,True
E53,LAGO MAYOR,2015-07-23,2015,LS,8.000000,Lago Mayor,split,9.487237,6.784972,12.189502,5.404530,True
E54,LAGO MAYOR,2015-07-23,2015,LS,8.000000,Lago Mayor,split,9.377069,6.674804,12.079334,5.404530,True
E55,LAGO MAYOR,2015-07-24,2015,LS,11.000000,Lago Mayor,split,9.790333,6.202039,13.378627,7.176588,True
E56,LAGO MAYOR,2015-07-25,2015,LS,9.000000,Lago Mayor,split,9.362647,5.324943,13.400352,8.075409,True
E57,LAGO MAYOR,2015-07-24,2015,LS,8.000000,Lago Mayor,split,9.922412,6.334117,13.510706,7.176588,True
E58,LAGO MAYOR,2015-07-24,2015,LS,8.300000,Lago Mayor,split,9.766712,6.178418,13.355006,7.176588,True
E59,LAGO MAYOR,2015-07-24,2015,LS,8.000000,Lago Mayor,split,10.398467,6.810173,13.986761,7.176588,True
E60,LAGO MAYOR,2015-07-27,2015,LS,11.000000,Lago Mayor,split,9.814709,6.226415,13.403003,7.176588,True
E61,LAGO MAYOR,2015-07-27,2015,LS,8.000000,Lago Mayor,split,10.099928,6.511634,13.688222,7.176588,True
E62,LAGO MAYOR,2015-07-25,2015,LS,9.000000,Lago Mayor,split,10.707944,6.670239,14.745648,8.075409,True
E63,LAGO MAYOR,2015-07-25,2015,LS,10.000000,Lago Mayor,split,9.942620,5.904915,13.980325,8.075409,True
E64,LAGO MAYOR,2015-07-23,2015,LS,9.000000,Lago Mayor,split,10.142707,7.440442,12.844972,5.404530,True
E66,LAGO MAYOR,2015-07-28,2015,LS,11.000000,Lago Mayor,split,9.653449,6.951184,12.355714,5.404530,True
E67,LAGO MAYOR,2015-07-27,2015,LS,10.000000,Lago Mayor,split,9.660120,6.071825,13.248414,7.176588,True
E68,LAGO MAYOR,2015-07-28,2015,LS,7.000000,Lago Mayor,split,9.841065,7.138800,12.543330,5.404530,False
E72,LAGO MAYOR,2015-07-26,2015,LS,6.000000,Lago Mayor,split,6.158698,2.616046,9.701350,7.085304,True
E73,LAGO MAYOR,2015-07-26,2015,LS,5.200000,Lago Mayor,split,5.392459,1.849807,8.935111,7.085304,True
E74,LAGO MAYOR,2015-07-26,2015,LS,8.000000,Lago Mayor,split,8.048538,4.505886,11.591190,7.085304,True
E75,LAGO MAYOR,2015-07-26,2015,LS,5.000000,Lago Mayor,split,7.434863,3.892211,10.977515,7.085304,True
E76,LAGO MAYOR,2015-07-26,2015,LS,8.000000,Lago Mayor,split,8.799230,5.256578,12.341882,7.085304,True
E77,LAGO MAYOR,2015-07-26,2015,LS,7.500000,Lago Mayor,split,9.242623,5.699971,12.785275,7.085304,True
E78,LAGO MAYOR,2015-07-30,2015,LS,11.000000,Lago Mayor,split,9.001680,5.459028,12.544332,7.085304,True
E79,LAGO MAYOR,2015-07-29,2015,LS,9.000000,Lago Mayor,split,9.556130,5.518425,13.593834,8.075409,True
E80,LAGO MAYOR,2015-07-29,2015,LS,10.000000,Lago Mayor,split,9.801572,5.763867,13.839277,8.075409,True
E81,LAGO MAYOR,2015-07-30,2015,LS,10.000000,Lago Mayor,split,9.620429,6.077777,13.163081,7.085304,True
E82,LAGO MAYOR,2015-07-30,2015,LS,9.000000,Lago Mayor,split,9.668065,6.125413,13.210717,7.085304,True
E83,LAGO MAYOR,2015-07-31,2015,LS,9.000000,Lago Mayor,split,8.779250,4.913119,12.645381,7.732261,True
E85,LAGO MAYOR,2015-07-31,2015,LS,9.000000,Lago Mayor,split,9.913366,6.047235,13.779497,7.732261,True
E86,LAGO MAYOR,2015-07-31,2015,LS,9.000000,Lago Mayor,split,9.631099,5.764969,13.497230,7.732261,True
E88,LAGO MAYOR,2015-08-03,2015,LS,9.500000,Lago Mayor,split,9.641597,6.939332,12.343862,5.404530,True
E90,LAGO MAYOR,2015-08-02,2015,LS,9.000000,Lago Mayor,split,8.752927,5.164633,12.341221,7.176588,True
E91,LAGO MAYOR,2015-08-02,2015,LS,10.000000,Lago Mayor,split,9.500954,5.912660,13.089249,7.176588,True
E92,LAGO MAYOR,2015-08-02,2015,LS,9.000000,Lago Mayor,split,9.329550,5.741256,12.917844,7.176588,True
E94,LAGO MAYOR,2015-08-02,2015,LS,9.000000,Lago Mayor,split,9.552416,5.964122,13.140710,7.176588,True
E95,LAGO MAYOR,2015-08-03,2015,LS,9.000000,Lago Mayor,split,10.214250,7.511985,12.916514,5.404530,True
E96,LAGO MAYOR,2015-08-03,2015,LS,7.500000,Lago Mayor,split,9.887775,7.185510,12.590040,5.404530,True
E97,LAGO MAYOR,2015-08-02,2015,LS,10.000000,Lago Mayor,split,9.570728,5.982434,13.159022,7.176588,True
E98,LAGO MAYOR,2015-08-05,2015,LS,9.000000,Lago Mayor,split,10.214789,6.626495,13.803083,7.176588,True
E99,LAGO MAYOR,2015-08-05,2015,LS,9.500000,Lago Mayor,split,9.341954,5.753660,12.930248,7.176588,True
E100,LAGO MAYOR,2015-08-01,2015,LS,10.000000,Lago Mayor,split,10.091975,6.225845,13.958106,7.732261,True
E101,LAGO MAYOR,2015-08-01,2015,LS,10.500000,Lago Mayor,split,9.655609,5.789478,13.521740,7.732261,True
E102,LAGO MAYOR,2015-08-01,2015,LS,9.000000,Lago Mayor,split,9.875400,6.009269,13.741530,7.732261,True
E104,LAGO MAYOR,2015-08-01,2015,LS,11.000000,Lago Mayor,split,9.409619,5.543488,13.275749,7.732261,True
E105,LAGO MAYOR,2015-08-01,2015,LS,2.200000,Lago Mayor,split,5.759020,1.892890,9.625151,7.732261,True
E107,LAGO MAYOR,2015-08-01,2015,LS,10.500000,Lago Mayor,split,9.325749,5.459618,13.191880,7.732261,True
E109,LAGO MAYOR,2015-08-04,2015,LS,10.000000,Lago Mayor,split,10.764623,6.726918,14.802328,8.075409,True
E110,LAGO MAYOR,2015-08-04,2015,LS,9.000000,Lago Mayor,split,10.032471,5.994767,14.070176,8.075409,True
E111,LAGO MAYOR,2015-08-04,2015,LS,8.000000,Lago Mayor,split,10.184467,6.146763,14.222172,8.075409,True
E112,LAGO MAYOR,2015-08-04,2015,LS,9.500000,Lago Mayor,split,9.870378,5.832673,13.908083,8.075409,True
E113,LAGO MAYOR,2015-08-04,2015,LS,9.500000,Lago Mayor,split,9.864234,5.826529,13.901938,8.075409,True
E115,LAGO MAYOR,2015-08-04,2015,LS,10.000000,Lago Mayor,split,9.450535,5.412831,13.488240,8.075409,True
E116,LAGO MAYOR,2015-08-05,2015,LS,9.000000,Lago Mayor,split,9.291443,5.703149,12.879737,7.176588,True
E117,LAGO MAYOR,2015-08-04,2015,LS,9.000000,Lago Mayor,split,9.283583,5.245878,13.321287,8.075409,True
E118,LAGO MAYOR,2015-08-05,2015,LS,9.000000,Lago Mayor,split,9.438521,5.850226,13.026815,7.176588,True
E119,LAGO MAYOR,2015-08-05,2015,LS,9.000000,Lago Mayor,split,9.616162,6.027867,13.204456,7.176588,True
E120,LAGO MAYOR,2015-08-05,2015,LS,10.000000,Lago Mayor,split,9.100489,5.512195,12.688784,7.176588,True
E121,LAGO MAYOR,2015-08-05,2015,LS,9.000000,Lago Mayor,split,9.808449,6.220155,13.396743,7.176588,True
E125,LAGO MENOR,2015-08-06,2015,LS,8.000000,Lago Menor,split,6.864837,3.276542,10.453131,7.176588,True
E130,LAGO MENOR,2015-08-07,2015,LS,4.500000,Lago Menor,split,7.654243,3.616539,11.691948,8.075409,True
E131,LAGO MENOR,2015-08-07,2015,LS,5.000000,Lago Menor,split,7.597789,3.560084,11.635494,8.075409,True
E132,LAGO MENOR,2015-08-07,2015,LS,5.000000,Lago Menor,split,5.365911,1.328206,9.403615,8.075409,True
E135,LAGO MENOR,2015-08-07,2015,LS,8.000000,Lago Menor,split,8.147439,4.109734,12.185143,8.075409,True
E136,LAGO MENOR,2015-08-07,2015,LS,5.000000,Lago Menor,split,6.891130,2.853425,10.928835,8.075409,True
E137,LAGO MENOR,2015-08-08,2015,LS,6.000000,Lago Menor,split,6.031124,2.488472,9.573776,7.085304,True
E139,LAGO MENOR,2015-08-08,2015,LS,4.000000,Lago Menor,split,5.512295,1.969643,9.054947,7.085304,True
E141,LAGO MENOR,2015-08-08,2015,LS,4.000000,Lago Menor,split,6.053155,2.510503,9.595807,7.085304,True
E142,LAGO MENOR,2015-08-08,2015,LS,5.000000,Lago Menor,split,5.977707,2.435055,9.520359,7.085304,True
E143,LAGO MENOR,2015-08-09,2015,LS,6.000000,Lago Menor,split,5.636303,1.598598,9.674007,8.075409,True
E145,LAGO MENOR,2015-08-09,2015,LS,6.000000,Lago Menor,split,5.805290,1.767585,9.842994,8.075409,True
E147,LAGO MENOR,2015-08-09,2015,LS,6.000000,Lago Menor,split,6.062637,2.024932,10.100342,8.075409,True
E01,BAHIA PUNO,2016-08-03,2016,LS,8.500000,Bahia de Puno,split,6.830404,2.964273,10.696534,7.732261,True
E02,BAHIA PUNO,2016-08-03,2016,LS,9.500000,Bahia de Puno,split,8.910656,5.044525,12.776787,7.732261,True
E04,BAHIA PUNO,2016-08-03,2016,LS,7.000000,Bahia de Puno,split,8.529075,4.662944,12.395205,7.732261,True
E05,BAHIA PUNO,2016-08-03,2016,LS,7.000000,Bahia de Puno,split,9.466889,5.600759,13.333020,7.732261,True
E07,BAHIA PUNO,2016-08-03,2016,LS,5.000000,Bahia de Puno,split,6.908958,3.042827,10.775089,7.732261,True
E08,BAHIA PUNO,2016-08-03,2016,LS,8.500000,Bahia de Puno,split,9.880476,6.014345,13.746606,7.732261,True
E09,BAHIA PUNO,2016-08-03,2016,LS,6.000000,Bahia de Puno,split,6.717167,2.851036,10.583298,7.732261,True
E13,BAHIA PUNO,2016-08-04,2016,LS,9.000000,Bahia de Puno,split,11.160685,7.294554,15.026816,7.732261,True
E14,BAHIA PUNO,2016-08-04,2016,LS,9.500000,Bahia de Puno,split,9.719885,5.853754,13.586015,7.732261,True
E15,BAHIA PUNO,2016-08-04,2016,LS,8.500000,Bahia de Puno,split,7.830724,3.964593,11.696855,7.732261,True
E16,BAHIA PUNO,2016-08-04,2016,LS,6.500000,Bahia de Puno,split,6.554443,2.688313,10.420574,7.732261,True
E17,BAHIA PUNO,2016-08-04,2016,LS,3.500000,Bahia de Puno,split,5.842046,1.975916,9.708177,7.732261,True
E27,LAGO MAYOR,2016-08-05,2016,LS,9.800000,Lago Mayor,split,9.095991,6.393726,11.798256,5.404530,True
E28,LAGO MAYOR,2016-08-05,2016,LS,8.800000,Lago Mayor,split,8.682944,5.980679,11.385209,5.404530,True
E32,LAGO MAYOR,2016-08-05,2016,LS,9.800000,Lago Mayor,split,7.763489,5.061224,10.465754,5.404530,True
E33,LAGO MAYOR,2016-08-05,2016,LS,4.600000,Lago Mayor,split,3.840760,1.138495,6.543025,5.404530,True
E36,LAGO MAYOR,2016-08-05,2016,LS,9.000000,Lago Mayor,split,8.327509,5.625244,11.029774,5.404530,True
E39,LAGO MAYOR,2016-08-06,2016,LS,5.000000,Lago Mayor,split,7.361107,3.323402,11.398811,8.075409,True
E41,LAGO MAYOR,2016-08-06,2016,LS,11.000000,Lago Mayor,split,11.373132,7.335428,15.410837,8.075409,True
E42,LAGO MAYOR,2016-08-06,2016,LS,11.000000,Lago Mayor,split,10.314833,6.277129,14.352538,8.075409,True
E43,LAGO MAYOR,2016-08-04,2016,LS,11.000000,Lago Mayor,split,10.233595,6.367465,14.099726,7.732261,True
E22,LAGO MAYOR,2016-08-05,2016,LS,10.200000,Lago Mayor,split,10.347247,7.644982,13.049512,5.404530,True
E48,LAGO MAYOR,2016-08-08,2016,LS,14.500000,Lago Mayor,split,9.745236,5.879105,13.611366,7.732261,False
E49,LAGO MAYOR,2016-08-08,2016,LS,12.800000,Lago Mayor,split,10.256433,6.390302,14.122563,7.732261,True
E50,LAGO MAYOR,2016-08-08,2016,LS,11.900000,Lago Mayor,split,9.565925,5.699795,13.432056,7.732261,True
E51,LAGO MAYOR,2016-08-06,2016,LS,9.400000,Lago Mayor,split,11.367877,7.330172,15.405581,8.075409,True
E52,LAGO MAYOR,2016-08-06,2016,LS,10.300000,Lago Mayor,split,9.353118,5.315413,13.390823,8.075409,True
E58,LAGO MAYOR,2016-08-09,2016,LS,5.000000,Lago Mayor,split,7.269317,3.231612,11.307022,8.075409,True
E59,LAGO MAYOR,2016-08-09,2016,LS,13.000000,Lago Mayor,split,11.154193,7.116489,15.191898,8.075409,True
E60,LAGO MAYOR,2016-08-09,2016,LS,12.000000,Lago Mayor,split,10.819008,6.781303,14.856713,8.075409,True
E61,LAGO MAYOR,2016-08-08,2016,LS,10.200000,Lago Mayor,split,10.832893,6.966762,14.699024,7.732261,True
E68,LAGO MAYOR,2016-08-08,2016,LS,5.500000,Lago Mayor,split,9.786063,5.919932,13.652194,7.732261,False
E72,LAGO MAYOR,2016-08-09,2016,LS,5.800000,Lago Mayor,split,5.508309,1.470604,9.546013,8.075409,True
E76,LAGO MAYOR,2016-08-11,2016,LS,12.500000,Lago Mayor,split,10.792198,8.089933,13.494463,5.404530,True
E78,LAGO MAYOR,2016-08-11,2016,LS,13.500000,Lago Mayor,split,9.826504,7.124239,12.528769,5.404530,False
E79,LAGO MAYOR,2016-08-11,2016,LS,11.500000,Lago Mayor,split,9.851188,7.148923,12.553453,5.404530,True
E80,LAGO MAYOR,2016-08-11,2016,LS,10.500000,Lago Mayor,split,10.294863,7.592598,12.997128,5.404530,True
E82,LAGO MAYOR,2016-08-10,2016,LS,8.200000,Lago Mayor,split,10.656321,6.618616,14.694025,8.075409,True
E83,LAGO MAYOR,2016-08-10,2016,LS,5.500000,Lago Mayor,split,8.963278,4.925574,13.000983,8.075409,True
E84,LAGO MAYOR,2016-08-10,2016,LS,4.700000,Lago Mayor,split,6.648455,2.610750,10.686160,8.075409,True
E85,LAGO MAYOR,2016-08-10,2016,LS,9.800000,Lago Mayor,split,9.710083,5.672378,13.747788,8.075409,True
E88,LAGO MAYOR,2016-08-10,2016,LS,6.500000,Lago Mayor,split,9.958006,5.920301,13.995710,8.075409,True
E94,LAGO MAYOR,2016-08-10,2016,LS,7.400000,Lago Mayor,split,7.313555,3.275851,11.351260,8.075409,True
E97,LAGO MAYOR,2016-08-10,2016,LS,9.500000,Lago Mayor,split,10.914399,6.876694,14.952103,8.075409,True
E98,LAGO MAYOR,2016-08-10,2016,LS,9.000000,Lago Mayor,split,10.404568,6.366864,14.442273,8.075409,True
E99,LAGO MAYOR,2016-08-12,2016,LS,9.200000,Lago Mayor,split,10.216742,6.628448,13.805036,7.176588,True
E100,LAGO MAYOR,2016-08-12,2016,LS,10.200000,Lago Mayor,split,9.795032,6.206738,13.383326,7.176588,True
E104,LAGO MAYOR,2016-08-11,2016,LS,11.500000,Lago Mayor,split,10.548738,7.846473,13.251003,5.404530,True
E113,LAGO MAYOR,2016-08-10,2016,LS,9.300000,Lago Mayor,split,10.338506,6.300801,14.376211,8.075409,True
E117,LAGO MAYOR,2016-08-10,2016,LS,10.000000,Lago Mayor,split,9.786150,5.748445,13.823854,8.075409,True
E119,LAGO MAYOR,2016-08-10,2016,LS,10.500000,Lago Mayor,split,10.611531,6.573827,14.649236,8.075409,True
E120,LAGO MAYOR,2016-08-12,2016,LS,14.200000,Lago Mayor,split,9.657650,6.069356,13.245944,7.176588,False
E121,LAGO MAYOR,2016-08-12,2016,LS,10.500000,Lago Mayor,split,9.789932,6.201638,13.378226,7.176588,True
E01,BAHIA PUNO,2017-07-10,2017,LS,5.300000,Bahia de Puno,split,8.258935,4.670641,11.847229,7.176588,True
E02,BAHIA PUNO,2017-07-11,2017,LS,6.000000,Bahia de Puno,split,8.159875,5.457610,10.862140,5.404530,True
E05,BAHIA PUNO,2017-07-11,2017,LS,6.600000,Bahia de Puno,split,8.302758,5.600493,11.005023,5.404530,True
E14,BAHIA PUNO,2017-07-12,2017,LS,10.600000,Bahia de Puno,split,10.594013,7.005719,14.182307,7.176588,True
E15,BAHIA PUNO,2017-07-12,2017,LS,6.600000,Bahia de Puno,split,7.064769,3.476475,10.653063,7.176588,True
E16,BAHIA PUNO,2017-07-12,2017,LS,6.000000,Bahia de Puno,split,7.092073,3.503779,10.680367,7.176588,True
E17,BAHIA PUNO,2017-07-11,2017,LS,4.200000,Bahia de Puno,split,5.463144,2.760879,8.165409,5.404530,True
E28,LAGO MAYOR,2017-07-12,2017,LS,10.300000,Lago Mayor,split,7.741077,4.152783,11.329371,7.176588,True
E32,LAGO MAYOR,2017-07-12,2017,LS,7.000000,Lago Mayor,split,9.917693,6.329399,13.505987,7.176588,True
E36,LAGO MAYOR,2017-07-13,2017,LS,10.800000,Lago Mayor,split,8.923632,5.335338,12.511926,7.176588,True
E39,LAGO MAYOR,2017-07-13,2017,LS,8.400000,Lago Mayor,split,5.724080,2.135786,9.312374,7.176588,True
E41,LAGO MAYOR,2017-07-13,2017,LS,13.000000,Lago Mayor,split,9.801374,6.213080,13.389668,7.176588,True
E42,LAGO MAYOR,2017-07-13,2017,LS,14.000000,Lago Mayor,split,9.629437,6.041143,13.217731,7.176588,False
E43,LAGO MAYOR,2017-07-13,2017,LS,12.000000,Lago Mayor,split,9.797990,6.209696,13.386284,7.176588,True
E22,LAGO MAYOR,2017-07-13,2017,LS,9.000000,Lago Mayor,split,9.485259,5.896965,13.073553,7.176588,True
E48,LAGO MAYOR,2017-07-15,2017,LS,12.000000,Lago Mayor,split,11.191130,7.648478,14.733782,7.085304,True
E49,LAGO MAYOR,2017-07-15,2017,LS,9.000000,Lago Mayor,split,9.814179,6.271527,13.356831,7.085304,True
E50,LAGO MAYOR,2017-07-15,2017,LS,12.000000,Lago Mayor,split,9.940141,6.397489,13.482793,7.085304,True
E51,LAGO MAYOR,2017-07-15,2017,LS,9.800000,Lago Mayor,split,10.709452,7.166800,14.252105,7.085304,True
E52,LAGO MAYOR,2017-07-15,2017,LS,9.000000,Lago Mayor,split,9.360487,5.817835,12.903139,7.085304,True
E59,LAGO MAYOR,2017-07-16,2017,LS,10.000000,Lago Mayor,split,9.918063,6.375411,13.460716,7.085304,True
E60,LAGO MAYOR,2017-07-16,2017,LS,10.000000,Lago Mayor,split,10.958095,7.415443,14.500747,7.085304,True
E61,LAGO MAYOR,2017-07-16,2017,LS,12.800000,Lago Mayor,split,10.433703,6.891051,13.976355,7.085304,True
E72,LAGO MAYOR,2017-07-16,2017,LS,5.800000,Lago Mayor,split,5.324652,1.781999,8.867304,7.085304,True
E76,LAGO MAYOR,2017-07-19,2017,LS,9.000000,Lago Mayor,split,9.809350,7.107085,12.511615,5.404530,True
E78,LAGO MAYOR,2017-07-19,2017,LS,10.300000,Lago Mayor,split,10.441356,7.739091,13.143621,5.404530,True
E79,LAGO MAYOR,2017-07-16,2017,LS,10.000000,Lago Mayor,split,10.724731,7.182079,14.267384,7.085304,True
E80,LAGO MAYOR,2017-07-17,2017,LS,10.000000,Lago Mayor,split,10.216007,6.178302,14.253712,8.075409,True
E82,LAGO MAYOR,2017-07-17,2017,LS,10.000000,Lago Mayor,split,9.700069,5.662364,13.737773,8.075409,True
E83,LAGO MAYOR,2017-07-17,2017,LS,8.000000,Lago Mayor,split,9.578101,5.540396,13.615806,8.075409,True
E88,LAGO MAYOR,2017-07-20,2017,LS,8.000000,Lago Mayor,split,9.571043,6.028391,13.113695,7.085304,True
E94,LAGO MAYOR,2017-07-20,2017,LS,9.000000,Lago Mayor,split,10.765857,7.223205,14.308509,7.085304,True
E97,LAGO MAYOR,2017-07-20,2017,LS,10.000000,Lago Mayor,split,10.353460,6.810808,13.896112,7.085304,True
E98,LAGO MAYOR,2017-07-19,2017,LS,9.500000,Lago Mayor,split,10.249908,7.547643,12.952173,5.404530,True
E99,LAGO MAYOR,2017-07-19,2017,LS,11.000000,Lago Mayor,split,9.597869,6.895604,12.300134,5.404530,True
E100,LAGO MAYOR,2017-07-19,2017,LS,10.000000,Lago Mayor,split,11.152447,8.450182,13.854712,5.404530,True
E104,LAGO MAYOR,2017-07-19,2017,LS,10.200000,Lago Mayor,split,10.478662,7.776397,13.180927,5.404530,True
E113,LAGO MAYOR,2017-07-20,2017,LS,10.000000,Lago Mayor,split,10.268727,6.726075,13.811379,7.085304,True
E117,LAGO MAYOR,2017-07-19,2017,LS,8.500000,Lago Mayor,split,10.482647,7.780382,13.184912,5.404530,True
E120,LAGO MAYOR,2017-07-21,2017,LS,9.500000,Lago Mayor,split,9.785222,5.747517,13.822927,8.075409,True
E121,LAGO MAYOR,2017-07-21,2017,LS,9.000000,Lago Mayor,split,9.534674,5.496969,13.572379,8.075409,True
E122,LAGO MENOR,2017-07-21,2017,LS,9.000000,Lago Menor,split,8.528760,4.491056,12.566465,8.075409,True
E123,LAGO MENOR,2017-07-21,2017,LS,6.500000,Lago Menor,split,7.859652,3.821947,11.897356,8.075409,True
E125,LAGO MENOR,2017-07-21,2017,LS,8.000000,Lago Menor,split,6.114978,2.077273,10.152682,8.075409,True
E130,LAGO MENOR,2017-07-22,2017,LS,5.400000,Lago Menor,split,6.581600,2.543895,10.619304,8.075409,True
E136,LAGO MENOR,2017-07-22,2017,LS,7.000000,Lago Menor,split,7.471507,3.433802,11.509212,8.075409,True
E135,LAGO MENOR,2017-07-22,2017,LS,6.000000,Lago Menor,split,6.834985,2.797280,10.872690,8.075409,True
E137,LAGO MENOR,2017-07-22,2017,LS,6.000000,Lago Menor,split,6.288762,2.251057,10.326466,8.075409,True
E142,LAGO MENOR,2017-07-22,2017,LS,6.000000,Lago Menor,split,6.402315,2.364610,10.440019,8.075409,True
E-148,LAGO MENOR,2017-07-22,2017,LS,6.000000,Lago Menor,split,5.915488,1.877784,9.953193,8.075409,True
E-145,LAGO MENOR,2017-07-23,2017,LS,6.500000,Lago Menor,split,6.213566,2.347436,10.079697,7.732261,True
E-147,LAGO MENOR,2017-07-23,2017,LS,6.500000,Lago Menor,split,5.026061,1.159930,8.892191,7.732261,True
E01,BAHIA PUNO,2018-07-18,2018,LS,5.400000,Bahia de Puno,split,6.147476,2.559182,9.735770,7.176588,True
E02,BAHIA PUNO,2018-07-18,2018,LS,6.000000,Bahia de Puno,split,10.470902,6.882607,14.059196,7.176588,False
E03,BAHIA PUNO,2018-07-18,2018,LS,7.500000,Bahia de Puno,split,9.515817,5.927523,13.104111,7.176588,True
E16,BAHIA PUNO,2018-07-19,2018,LS,7.000000,Bahia de Puno,split,7.099079,3.232949,10.965210,7.732261,True
E17,BAHIA PUNO,2018-07-19,2018,LS,1.500000,Bahia de Puno,split,8.741182,4.875051,12.607313,7.732261,False
E28,LAGO MAYOR,2018-07-20,2018,LS,8.000000,Lago Mayor,split,9.451909,5.909257,12.994561,7.085304,True
E32,LAGO MAYOR,2018-07-20,2018,LS,7.000000,Lago Mayor,split,9.270582,5.727930,12.813235,7.085304,True
E36,LAGO MAYOR,2018-07-20,2018,LS,7.500000,Lago Mayor,split,9.400444,5.857792,12.943096,7.085304,True
E39,LAGO MAYOR,2018-07-21,2018,LS,7.000000,Lago Mayor,split,6.495571,2.952919,10.038223,7.085304,True
E41,LAGO MAYOR,2018-07-21,2018,LS,8.500000,Lago Mayor,split,12.140627,8.597975,15.683280,7.085304,False
E42,LAGO MAYOR,2018-07-21,2018,LS,10.000000,Lago Mayor,split,11.274520,7.731868,14.817172,7.085304,True
E43,LAGO MAYOR,2018-07-21,2018,LS,11.000000,Lago Mayor,split,11.209692,7.667040,14.752344,7.085304,True
E22,LAGO MAYOR,2018-07-21,2018,LS,8.000000,Lago Mayor,split,9.876892,6.334239,13.419544,7.085304,True
E48,LAGO MAYOR,2018-07-22,2018,LS,11.000000,Lago Mayor,split,11.124793,7.258662,14.990923,7.732261,True
E49,LAGO MAYOR,2018-07-22,2018,LS,13.000000,Lago Mayor,split,11.415566,7.549435,15.281697,7.732261,True
E50,LAGO MAYOR,2018-07-22,2018,LS,11.000000,Lago Mayor,split,11.245989,7.379858,15.112119,7.732261,True
E51,LAGO MAYOR,2018-07-23,2018,LS,10.500000,Lago Mayor,split,12.842840,10.140575,15.545105,5.404530,True
E52,LAGO MAYOR,2018-07-23,2018,LS,12.000000,Lago Mayor,split,9.988563,7.286298,12.690828,5.404530,True
E53,LAGO MAYOR,2018-07-23,2018,LS,9.500000,Lago Mayor,split,8.824864,6.122599,11.527129,5.404530,True
E59,LAGO MAYOR,2017-07-16,2017,LS,10.000000,Lago Mayor,split,9.918063,6.375411,13.460716,7.085304,True
E60,LAGO MAYOR,2018-07-24,2018,LS,13.500000,Lago Mayor,split,11.253122,7.386991,15.119253,7.732261,True
E61,LAGO MAYOR,2018-07-24,2018,LS,13.000000,Lago Mayor,split,11.798641,7.932510,15.664772,7.732261,True
E72,LAGO MAYOR,2018-07-24,2018,LS,4.000000,Lago Mayor,split,7.479503,3.613372,11.345634,7.732261,True
E76,LAGO MAYOR,2018-07-24,2018,LS,13.000000,Lago Mayor,split,10.078797,6.212666,13.944928,7.732261,True
E78,LAGO MAYOR,2018-07-24,2018,LS,13.000000,Lago Mayor,split,10.912471,7.046340,14.778602,7.732261,True
E79,LAGO MAYOR,2018-07-25,2018,LS,10.500000,Lago Mayor,split,11.741753,9.039488,14.444018,5.404530,True
E80,LAGO MAYOR,2018-07-25,2018,LS,12.300000,Lago Mayor,split,12.511100,9.808835,15.213365,5.404530,True
E82,LAGO MAYOR,2018-07-25,2018,LS,11.000000,Lago Mayor,split,9.989602,7.287337,12.691867,5.404530,True
E83,LAGO MAYOR,2018-07-25,2018,LS,7.000000,Lago Mayor,split,9.781596,7.079331,12.483861,5.404530,False
E88,LAGO MAYOR,2018-07-25,2018,LS,9.400000,Lago Mayor,split,10.567419,7.865154,13.269684,5.404530,True
E94,LAGO MAYOR,2018-07-26,2018,LS,9.000000,Lago Mayor,split,12.450416,9.748151,15.152681,5.404530,False
E97,LAGO MAYOR,2018-07-26,2018,LS,10.500000,Lago Mayor,split,9.696191,6.993926,12.398456,5.404530,True
E98,LAGO MAYOR,2018-07-26,2018,LS,12.000000,Lago Mayor,split,9.946396,7.244131,12.648661,5.404530,True
E99,LAGO MAYOR,2018-07-28,2018,LS,11.000000,Lago Mayor,split,9.773796,6.185502,13.362090,7.176588,True
E100,LAGO MAYOR,2018-07-28,2018,LS,13.000000,Lago Mayor,split,11.058659,7.470365,14.646953,7.176588,True
E104,LAGO MAYOR,2018-07-28,2018,LS,12.000000,Lago Mayor,split,10.844119,7.255825,14.432413,7.176588,True
E117,LAGO MAYOR,2018-07-26,2018,LS,9.100000,Lago Mayor,split,9.557864,6.855599,12.260129,5.404530,True
E120,LAGO MAYOR,2018-07-28,2018,LS,9.500000,Lago Mayor,split,9.890290,6.301996,13.478584,7.176588,True
E121,LAGO MAYOR,2018-07-28,2018,LS,8.000000,Lago Mayor,split,9.621010,6.032716,13.209304,7.176588,True
E122,LAGO MENOR,2018-07-29,2018,LS,9.000000,Lago Menor,split,9.975477,6.432825,13.518129,7.085304,True
E123,LAGO MENOR,2018-07-29,2018,LS,9.000000,Lago Menor,split,9.587734,6.045082,13.130386,7.085304,True
E125,LAGO MENOR,2018-07-29,2018,LS,7.500000,Lago Menor,split,7.806315,4.263663,11.348967,7.085304,True
E132,LAGO MENOR,2018-07-29,2018,LS,7.000000,Lago Menor,split,5.404296,1.861644,8.946948,7.085304,True
E130,LAGO MENOR,2018-07-29,2018,LS,6.000000,Lago Menor,split,6.323450,2.780798,9.866102,7.085304,True
E136,LAGO MENOR,2018-07-29,2018,LS,8.000000,Lago Menor,split,8.317598,4.774946,11.860250,7.085304,True
E137,LAGO MENOR,2018-07-29,2018,LS,5.000000,Lago Menor,split,5.002510,1.459858,8.545162,7.085304,True
E141,LAGO MENOR,2018-07-30,2018,LS,5.500000,Lago Menor,split,8.154947,4.117242,12.192652,8.075409,True
E142,LAGO MENOR,2018-07-30,2018,LS,7.000000,Lago Menor,split,8.343491,4.305786,12.381195,8.075409,True
E145,LAGO MENOR,2018-07-30,2018,LS,6.500000,Lago Menor,split,7.361147,3.323442,11.398852,8.075409,True
E01,BAHIA PUNO,2019-07-11,2019,LS,8.000000,Bahia de Puno,split,10.377043,6.510912,14.243173,7.732261,True
E02,BAHIA PUNO,2019-07-11,2019,LS,8.000000,Bahia de Puno,split,7.943629,4.077498,11.809760,7.732261,True
E04,BAHIA PUNO,2019-07-11,2019,LS,1.500000,Bahia de Puno,split,5.971061,2.104930,9.837192,7.732261,False
E05,BAHIA PUNO,2019-07-11,2019,LS,8.000000,Bahia de Puno,split,7.885360,4.019229,11.751491,7.732261,True
E08,BAHIA PUNO,2019-07-11,2019,LS,10.000000,Bahia de Puno,split,7.800174,3.934043,11.666305,7.732261,True
E14,BAHIA PUNO,2019-07-12,2019,LS,9.000000,Bahia de Puno,split,7.794565,5.092300,10.496830,5.404530,True
E16,BAHIA PUNO,2019-07-11,2019,LS,3.500000,Bahia de Puno,split,6.203075,2.336944,10.069206,7.732261,True
E17,BAHIA PUNO,2019-07-12,2019,LS,3.000000,Bahia de Puno,split,6.374994,3.672729,9.077259,5.404530,False
E25,LAGO MAYOR,2019-07-12,2019,LS,6.100000,Lago Mayor,split,8.146360,5.444095,10.848624,5.404530,True
E28,LAGO MAYOR,2019-07-12,2019,LS,7.000000,Lago Mayor,split,9.785387,7.083122,12.487652,5.404530,False
E32,LAGO MAYOR,2019-07-12,2019,LS,6.000000,Lago Mayor,split,10.052835,7.350570,12.755100,5.404530,False
E36,LAGO MAYOR,2019-07-12,2019,LS,11.000000,Lago Mayor,split,8.011257,5.308992,10.713522,5.404530,False
E39,LAGO MAYOR,2019-07-13,2019,LS,8.000000,Lago Mayor,split,7.825917,3.959786,11.692048,7.732261,True
E41,LAGO MAYOR,2019-07-13,2019,LS,9.500000,Lago Mayor,split,9.639827,5.773696,13.505958,7.732261,True
E42,LAGO MAYOR,2019-07-13,2019,LS,10.000000,Lago Mayor,split,9.971399,6.105268,13.837530,7.732261,True
E43,LAGO MAYOR,2019-07-13,2019,LS,12.000000,Lago Mayor,split,8.510850,4.644719,12.376981,7.732261,True
E22,LAGO MAYOR,2019-07-13,2019,LS,6.000000,Lago Mayor,split,8.977279,5.111148,12.843410,7.732261,True
E49,LAGO MAYOR,2019-07-14,2019,LS,12.000000,Lago Mayor,split,12.158185,9.455920,14.860450,5.404530,True
E50,LAGO MAYOR,2019-07-14,2019,LS,12.000000,Lago Mayor,split,9.523472,6.821207,12.225736,5.404530,True
E52,LAGO MAYOR,2019-07-14,2019,LS,10.000000,Lago Mayor,split,11.188790,8.486525,13.891055,5.404530,True
E53,LAGO MAYOR,2019-07-14,2019,LS,9.000000,Lago Mayor,split,6.213542,3.511277,8.915807,5.404530,False
E59,LAGO MAYOR,2019-07-15,2019,LS,11.000000,Lago Mayor,split,9.549274,6.847009,12.251539,5.404530,True
E60,LAGO MAYOR,2019-07-15,2019,LS,11.000000,Lago Mayor,split,9.491711,6.789446,12.193976,5.404530,True
E61,LAGO MAYOR,2019-07-15,2019,LS,11.000000,Lago Mayor,split,10.458462,7.756197,13.160727,5.404530,True
E72,LAGO MAYOR,2019-07-15,2019,LS,6.000000,Lago Mayor,split,6.366262,3.663997,9.068527,5.404530,True
E76,LAGO MAYOR,2019-07-19,2019,LS,9.900000,Lago Mayor,split,8.959105,5.370811,12.547399,7.176588,True
E78,LAGO MAYOR,2019-07-19,2019,LS,12.000000,Lago Mayor,split,11.118283,7.529989,14.706577,7.176588,True
E82,LAGO MAYOR,2019-07-16,2019,LS,9.000000,Lago Mayor,split,10.471226,6.433522,14.508931,8.075409,True
E83,LAGO MAYOR,2019-07-16,2019,LS,10.000000,Lago Mayor,split,9.173210,5.135506,13.210915,8.075409,True
E88,LAGO MAYOR,2019-07-17,2019,LS,11.000000,Lago Mayor,split,9.686964,5.820833,13.553095,7.732261,True
E94,LAGO MAYOR,2019-07-17,2019,LS,8.000000,Lago Mayor,split,9.300769,5.434638,13.166899,7.732261,True
E97,LAGO MAYOR,2019-07-17,2019,LS,10.000000,Lago Mayor,split,9.604670,5.738539,13.470801,7.732261,True
E98,LAGO MAYOR,2019-07-18,2019,LS,7.000000,Lago Mayor,split,11.629038,7.591334,15.666743,8.075409,False
E99,LAGO MAYOR,2019-07-20,2019,LS,13.000000,Lago Mayor,split,8.759143,4.721438,12.796848,8.075409,False
E100,LAGO MAYOR,2019-07-20,2019,LS,11.000000,Lago Mayor,split,11.472654,7.434949,15.510358,8.075409,True
E104,LAGO MAYOR,2019-07-20,2019,LS,10.000000,Lago Mayor,split,7.868714,3.831010,11.906419,8.075409,True
E113,LAGO MAYOR,2019-07-17,2019,LS,9.000000,Lago Mayor,split,7.353587,3.487457,11.219718,7.732261,True
E117,LAGO MAYOR,2019-07-18,2019,LS,10.000000,Lago Mayor,split,7.870989,3.833284,11.908693,8.075409,True
E120,LAGO MAYOR,2019-07-20,2019,LS,11.500000,Lago Mayor,split,10.970658,6.932953,15.008363,8.075409,True
E121,LAGO MAYOR,2019-07-21,2019,LS,11.000000,Lago Mayor,split,10.032131,7.329866,12.734396,5.404530,True
E122,LAGO MENOR,2019-07-21,2019,LS,11.000000,Lago Menor,split,8.910136,6.207871,11.612401,5.404530,True
E123,LAGO MENOR,2019-07-21,2019,LS,9.000000,Lago Menor,split,9.680640,6.978375,12.382905,5.404530,True
E125,LAGO MENOR,2019-07-21,2019,LS,8.500000,Lago Menor,split,10.195338,7.493073,12.897603,5.404530,True
E132,LAGO MENOR,2019-07-21,2019,LS,7.000000,Lago Menor,split,5.985711,3.283446,8.687976,5.404530,True
E130,LAGO MENOR,2019-07-22,2019,LS,10.000000,Lago Menor,split,6.004811,2.416517,9.593105,7.176588,False
E136,LAGO MENOR,2019-07-22,2019,LS,6.500000,Lago Menor,split,5.607419,2.019124,9.195713,7.176588,True
E137,LAGO MENOR,2019-07-22,2019,LS,5.000000,Lago Menor,split,6.530439,2.942145,10.118733,7.176588,True
E141,LAGO MENOR,2019-07-23,2019,LS,10.000000,Lago Menor,split,5.967892,2.425240,9.510544,7.085304,False
E142,LAGO MENOR,2019-07-23,2019,LS,11.000000,Lago Menor,split,5.228753,1.686101,8.771405,7.085304,False
E145,LAGO MENOR,2019-07-23,2019,LS,6.000000,Lago Menor,split,5.583567,2.040915,9.126219,7.085304,True
E147,LAGO MENOR,2019-07-24,2019,LS,5.500000,Lago Menor,split,5.243605,2.541340,7.945870,5.404530,True
E01,BAHIA PUNO,2022-08-12,2022,LS,5.500000,Bahia de Puno,split,5.894545,2.306251,9.482839,7.176588,True
E02,BAHIA PUNO,2022-08-12,2022,LS,8.000000,Bahia de Puno,split,7.740522,4.152228,11.328816,7.176588,True
E05,BAHIA PUNO,2022-08-12,2022,LS,8.500000,Bahia de Puno,split,10.305231,6.716937,13.893525,7.176588,True
E08,BAHIA PUNO,2022-08-12,2022,LS,11.000000,Bahia de Puno,split,10.162537,6.574243,13.750831,7.176588,True
E28,LAGO MAYOR,2022-08-14,2022,LS,10.000000,Lago Mayor,split,10.857963,6.991832,14.724093,7.732261,True
E32,LAGO MAYOR,2022-08-14,2022,LS,9.000000,Lago Mayor,split,9.028427,5.162296,12.894557,7.732261,True
E36,LAGO MAYOR,2022-08-14,2022,LS,9.000000,Lago Mayor,split,9.066445,5.200314,12.932576,7.732261,True
E39,LAGO MAYOR,2022-08-15,2022,LS,7.000000,Lago Mayor,split,5.846947,2.258653,9.435242,7.176588,True
341,LAGO MAYOR,2022-08-15,2022,LS,14.000000,Lago Mayor,split,11.527842,7.939547,15.116136,7.176588,True
E42,LAGO MAYOR,2022-08-15,2022,LS,16.000000,Lago Mayor,split,11.520499,7.932205,15.108793,7.176588,False
E43,LAGO MAYOR,2022-08-15,2022,LS,14.000000,Lago Mayor,split,12.681223,9.092929,16.269517,7.176588,True
E22,LAGO MAYOR,2022-08-15,2022,LS,14.000000,Lago Mayor,split,11.324157,7.735863,14.912451,7.176588,True
E48,LAGO MAYOR,2022-08-16,2022,LS,8.000000,Lago Mayor,split,11.640076,8.937811,14.342341,5.404530,False
E49,LAGO MAYOR,2022-08-16,2022,LS,15.000000,Lago Mayor,split,12.436311,9.734046,15.138576,5.404530,True
E50,LAGO MAYOR,2022-08-16,2022,LS,16.000000,Lago Mayor,split,13.237946,10.535681,15.940211,5.404530,False
E51,LAGO MAYOR,2022-08-17,2022,LS,12.000000,Lago Mayor,split,11.705373,7.667669,15.743078,8.075409,True
E52,LAGO MAYOR,2022-08-17,2022,LS,9.000000,Lago Mayor,split,11.215917,7.178212,15.253622,8.075409,True
E53,LAGO MAYOR,2022-08-17,2022,LS,11.000000,Lago Mayor,split,12.707263,8.669559,16.744968,8.075409,True
E58,LAGO MAYOR,2022-08-18,2022,LS,11.000000,Lago Mayor,split,7.604582,4.061930,11.147234,7.085304,True
E59,LAGO MAYOR,2022-08-18,2022,LS,15.000000,Lago Mayor,split,12.245806,8.703154,15.788458,7.085304,True
E60,LAGO MAYOR,2022-08-18,2022,LS,16.500000,Lago Mayor,split,11.406666,7.864014,14.949318,7.085304,False
E61,LAGO MAYOR,2022-08-18,2022,LS,15.000000,Lago Mayor,split,12.409421,8.866769,15.952073,7.085304,True
E72,LAGO MAYOR,2022-08-19,2022,LS,5.000000,Lago Mayor,split,6.356436,3.654171,9.058701,5.404530,True
E76,LAGO MAYOR,2022-08-19,2022,LS,10.000000,Lago Mayor,split,11.206996,8.504731,13.909261,5.404530,True
E78,LAGO MAYOR,2022-08-19,2022,LS,14.000000,Lago Mayor,split,13.049814,10.347549,15.752079,5.404530,True
E79,LAGO MAYOR,2022-08-19,2022,LS,14.000000,Lago Mayor,split,12.953668,10.251403,15.655933,5.404530,True
E80,LAGO MAYOR,2022-08-20,2022,LS,15.000000,Lago Mayor,split,11.969045,8.426393,15.511697,7.085304,True
E82,LAGO MAYOR,2022-08-20,2022,LS,15.000000,Lago Mayor,split,11.922997,8.380345,15.465649,7.085304,True
E83,LAGO MAYOR,2022-08-20,2022,LS,16.000000,Lago Mayor,split,10.107267,6.564615,13.649919,7.085304,False
E88,LAGO MAYOR,2022-08-20,2022,LS,14.000000,Lago Mayor,split,11.966713,8.424061,15.509365,7.085304,True
E94,LAGO MAYOR,2022-08-20,2022,LS,15.000000,Lago Mayor,split,12.095696,8.553044,15.638348,7.085304,True
E97,LAGO MAYOR,2022-08-21,2022,LS,16.000000,Lago Mayor,split,10.439034,7.736770,13.141299,5.404530,False
E98,LAGO MAYOR,2022-08-22,2022,LS,15.000000,Lago Mayor,split,12.888175,9.299881,16.476469,7.176588,True
E99,LAGO MAYOR,2022-08-22,2022,LS,15.000000,Lago Mayor,split,12.662198,9.073904,16.250492,7.176588,True
E100,LAGO MAYOR,2022-08-22,2022,LS,13.000000,Lago Mayor,split,10.990711,7.402417,14.579005,7.176588,True
E103,LAGO MAYOR,2022-08-22,2022,LS,10.000000,Lago Mayor,split,10.355025,6.766731,13.943319,7.176588,True
E104,LAGO MAYOR,2022-08-22,2022,LS,13.000000,Lago Mayor,split,11.974482,8.386188,15.562776,7.176588,True
E113,LAGO MAYOR,2022-08-21,2022,LS,14.000000,Lago Mayor,split,11.849525,9.147260,14.551790,5.404530,True
E117,LAGO MAYOR,2022-08-21,2022,LS,14.000000,Lago Mayor,split,11.427412,8.725147,14.129677,5.404530,True
E120,LAGO MAYOR,2022-08-22,2022,LS,14.000000,Lago Mayor,split,11.384199,7.795905,14.972493,7.176588,True
E121,LAGO MAYOR,2022-08-23,2022,LS,11.000000,Lago Mayor,split,10.524360,6.981708,14.067012,7.085304,True
E122,LAGO MENOR,2022-08-23,2022,LS,10.000000,Lago Menor,split,11.947855,8.405203,15.490507,7.085304,True
E123,LAGO MENOR,2022-08-23,2022,LS,6.000000,Lago Menor,split,6.163657,2.621005,9.706309,7.085304,True
E125,LAGO MENOR,2022-08-23,2022,LS,8.000000,Lago Menor,split,4.964009,1.421357,8.506661,7.085304,True
E132,LAGO MENOR,2022-08-23,2022,LS,4.000000,Lago Menor,split,4.687295,1.144642,8.229947,7.085304,True
E130,LAGO MENOR,2022-08-23,2022,LS,5.500000,Lago Menor,split,5.371612,1.828960,8.914264,7.085304,True
E136,LAGO MENOR,2022-08-24,2022,LS,5.500000,Lago Menor,split,6.356205,2.767911,9.944499,7.176588,True
E135,LAGO MENOR,2022-08-24,2022,LS,11.000000,Lago Menor,split,5.758283,2.169989,9.346577,7.176588,False
E137,LAGO MENOR,2022-08-24,2022,LS,5.000000,Lago Menor,split,5.384760,1.796466,8.973054,7.176588,True
E141,LAGO MENOR,2022-08-24,2022,LS,5.000000,Lago Menor,split,6.209893,2.621599,9.798187,7.176588,True
E142,LAGO MENOR,2022-08-24,2022,LS,5.000000,Lago Menor,split,5.729458,2.141163,9.317752,7.176588,True
E145,LAGO MENOR,2022-08-24,2022,LS,5.500000,Lago Menor,split,5.924472,2.336178,9.512766,7.176588,True
E147,LAGO MENOR,2022-08-24,2022,LS,5.000000,Lago Menor,split,4.974563,1.386269,8.562857,7.176588,True
E01,BAHIA PUNO,2024-08-21,2024,LS,6.000000,Bahia de Puno,split,5.906078,2.363426,9.448730,7.085304,True
E02,BAHIA PUNO,2024-08-21,2024,LS,9.000000,Bahia de Puno,split,6.638927,3.096275,10.181579,7.085304,True
E03,BAHIA PUNO,2024-08-21,2024,LS,8.000000,Bahia de Puno,split,8.016981,4.474329,11.559633,7.085304,True
E05,BAHIA PUNO,2024-08-21,2024,LS,10.000000,Bahia de Puno,split,8.541853,4.999201,12.084505,7.085304,True
E08,BAHIA PUNO,2024-08-21,2024,LS,9.000000,Bahia de Puno,split,9.470774,5.928122,13.013426,7.085304,True
E15,LAGO MAYOR,2024-08-21,2024,LS,9.000000,Lago Mayor,split,8.782673,5.240021,12.325325,7.085304,True
E16,LAGO MAYOR,2024-08-21,2024,LS,6.000000,Lago Mayor,split,7.515410,3.972758,11.058062,7.085304,True
E22,LAGO MAYOR,2024-08-22,2024,LS,14.000000,Lago Mayor,split,9.905095,5.867390,13.942799,8.075409,False
E27,LAGO MAYOR,2024-08-22,2024,LS,4.000000,Lago Mayor,split,5.785818,1.748113,9.823523,8.075409,True
E28,LAGO MAYOR,2024-08-22,2024,LS,9.000000,Lago Mayor,split,9.169679,5.131974,13.207384,8.075409,True
E32,LAGO MAYOR,2024-08-22,2024,LS,12.500000,Lago Mayor,split,9.910221,5.872516,13.947925,8.075409,True
E36,LAGO MAYOR,2024-08-22,2024,LS,11.500000,Lago Mayor,split,10.089451,6.051746,14.127156,8.075409,True
E36B,LAGO MAYOR,2024-08-22,2024,LS,13.000000,Lago Mayor,split,10.353019,6.315314,14.390723,8.075409,True
E39,LAGO MAYOR,2024-08-23,2024,LS,8.000000,Lago Mayor,split,6.576275,2.710144,10.442406,7.732261,True
E41,LAGO MAYOR,2024-08-23,2024,LS,10.500000,Lago Mayor,split,11.006753,7.140622,14.872884,7.732261,True
E42,LAGO MAYOR,2024-08-23,2024,LS,10.000000,Lago Mayor,split,11.598267,7.732136,15.464398,7.732261,True
E43,LAGO MAYOR,2024-08-23,2024,LS,12.500000,Lago Mayor,split,10.669158,6.803028,14.535289,7.732261,True
E48,LAGO MAYOR,2024-08-24,2024,LS,9.000000,Lago Mayor,split,10.732115,6.865984,14.598245,7.732261,True
E49,LAGO MAYOR,2024-08-24,2024,LS,11.000000,Lago Mayor,split,13.476793,9.610662,17.342923,7.732261,True
E50,LAGO MAYOR,2024-08-24,2024,LS,12.000000,Lago Mayor,split,11.895187,8.029056,15.761317,7.732261,True
E51,LAGO MAYOR,2024-08-24,2024,LS,11.500000,Lago Mayor,split,12.959509,9.093378,16.825639,7.732261,True
E52,LAGO MAYOR,2024-08-24,2024,LS,11.000000,Lago Mayor,split,12.353741,8.487611,16.219872,7.732261,True
E53,LAGO MAYOR,2024-08-24,2024,LS,9.000000,Lago Mayor,split,10.780066,6.913935,14.646197,7.732261,True
E58,LAGO MAYOR,2024-08-26,2024,LS,9.000000,Lago Mayor,split,6.417754,2.875102,9.960406,7.085304,True
E59,LAGO MAYOR,2024-08-26,2024,LS,10.500000,Lago Mayor,split,11.292192,7.749540,14.834844,7.085304,True
E60,LAGO MAYOR,2024-08-25,2024,LS,12.000000,Lago Mayor,split,9.354878,5.317173,13.392582,8.075409,True
E61,LAGO MAYOR,2024-08-25,2024,LS,12.000000,Lago Mayor,split,10.835906,6.798202,14.873611,8.075409,True
E72,LAGO MAYOR,2024-08-25,2024,LS,4.800000,Lago Mayor,split,6.364567,2.326862,10.402272,8.075409,True
E76,LAGO MAYOR,2024-08-25,2024,LS,12.000000,Lago Mayor,split,9.100117,5.062412,13.137822,8.075409,True
B03,LAGO MAYOR,2024-08-27,2024,LS,11.000000,Lago Mayor,split,7.888284,4.022153,11.754415,7.732261,True
E78,LAGO MAYOR,2024-08-27,2024,LS,10.500000,Lago Mayor,split,9.572741,5.706610,13.438872,7.732261,True
E79,LAGO MAYOR,2024-08-27,2024,LS,9.500000,Lago Mayor,split,9.468161,5.602030,13.334291,7.732261,True
E80,LAGO MAYOR,2024-08-27,2024,LS,15.000000,Lago Mayor,split,12.528574,8.662444,16.394705,7.732261,True
E82,LAGO MAYOR,2024-08-28,2024,LS,9.000000,Lago Mayor,split,10.883527,7.017396,14.749658,7.732261,True
E83,LAGO MAYOR,2024-08-28,2024,LS,8.500000,Lago Mayor,split,8.243278,4.377147,12.109408,7.732261,True
E88,LAGO MAYOR,2024-08-29,2024,LS,9.500000,Lago Mayor,split,9.850368,7.148103,12.552632,5.404530,True
E94,LAGO MAYOR,2024-08-29,2024,LS,9.500000,Lago Mayor,split,8.733919,6.031654,11.436183,5.404530,True
E97,LAGO MAYOR,2024-08-29,2024,LS,13.500000,Lago Mayor,split,10.877225,8.174960,13.579490,5.404530,True
E98,LAGO MAYOR,2024-08-29,2024,LS,13.000000,Lago Mayor,split,11.394540,8.692275,14.096805,5.404530,True
E99,LAGO MAYOR,2024-08-30,2024,LS,9.500000,Lago Mayor,split,10.100584,6.512290,13.688878,7.176588,True
E100,LAGO MAYOR,2024-08-30,2024,LS,11.000000,Lago Mayor,split,11.082393,7.494098,14.670687,7.176588,True
E103,LAGO MAYOR,2024-08-30,2024,LS,11.000000,Lago Mayor,split,6.968059,3.379765,10.556354,7.176588,False
E105,LAGO MAYOR,2024-08-30,2024,LS,8.500000,Lago Mayor,split,3.883055,0.294761,7.471349,7.176588,False
E113,LAGO MAYOR,2024-08-29,2024,LS,13.500000,Lago Mayor,split,10.296255,7.593990,12.998520,5.404530,False
E117,LAGO MAYOR,2024-08-29,2024,LS,12.000000,Lago Mayor,split,9.749527,7.047262,12.451792,5.404530,True
E120,LAGO MAYOR,2024-08-30,2024,LS,10.500000,Lago Mayor,split,10.745076,7.156782,14.333370,7.176588,True
E121,LAGO MAYOR,2024-08-30,2024,LS,12.700000,Lago Mayor,split,10.217788,6.629494,13.806082,7.176588,True
E122,LAGO MENOR,2024-08-31,2024,LS,11.000000,Lago Menor,split,9.935279,6.392627,13.477932,7.085304,True
E125,LAGO MENOR,2024-09-01,2024,LS,2.500000,Lago Menor,split,5.713701,1.675997,9.751406,8.075409,True
P02,LAGO MENOR,2024-09-01,2024,LS,9.500000,Lago Menor,split,6.279509,2.241804,10.317214,8.075409,True
P03,LAGO MENOR,2024-09-01,2024,LS,3.500000,Lago Menor,split,6.277346,2.239641,10.315051,8.075409,True
P04,LAGO MENOR,2024-09-01,2024,LS,1.500000,Lago Menor,split,5.086786,1.049082,9.124491,8.075409,True
E127,LAGO MENOR,2024-09-01,2024,LS,2.000000,Lago Menor,split,5.723914,1.686210,9.761619,8.075409,True
E129,LAGO MENOR,2024-08-31,2024,LS,4.500000,Lago Menor,split,4.700033,1.157381,8.242685,7.085304,True
E135,LAGO MENOR,2024-08-31,2024,LS,4.000000,Lago Menor,split,5.742377,2.199725,9.285029,7.085304,True
E138,LAGO MENOR,2024-08-31,2024,LS,4.500000,Lago Menor,split,4.782491,1.239839,8.325143,7.085304,True
P15,LAGO MENOR,2024-08-31,2024,LS,4.000000,Lago Menor,split,4.959950,1.417298,8.502602,7.085304,True
E142,LAGO MENOR,2024-08-31,2024,LS,4.000000,Lago Menor,split,5.342999,1.800347,8.885651,7.085304,True
E145,LAGO MENOR,2024-09-02,2024,LS,3.500000,Lago Menor,split,5.472005,2.769740,8.174270,5.404530,True
P10,LAGO MENOR,2024-09-02,2024,LS,3.000000,Lago Menor,split,5.401048,2.698783,8.103313,5.404530,True
E45,LAGO MAYOR,2017-07-27,2017,S2,11.000000,Lago Mayor,mondrian,10.974772,6.572011,15.377532,8.805521,True
E01,BAHIA PUNO,2016-08-03,2016,S2,8.500000,Bahia de Puno,mondrian,7.158052,3.048235,11.267869,8.219634,True
E02,BAHIA PUNO,2016-08-03,2016,S2,9.500000,Bahia de Puno,mondrian,7.159886,3.050069,11.269703,8.219634,True
E04,BAHIA PUNO,2016-08-03,2016,S2,7.000000,Bahia de Puno,mondrian,7.131078,3.021261,11.240895,8.219634,True
E05,BAHIA PUNO,2016-08-03,2016,S2,7.000000,Bahia de Puno,mondrian,7.131980,3.022163,11.241797,8.219634,True
E07,BAHIA PUNO,2016-08-03,2016,S2,5.000000,Bahia de Puno,mondrian,6.478363,2.368546,10.588180,8.219634,True
E08,BAHIA PUNO,2016-08-03,2016,S2,8.500000,Bahia de Puno,mondrian,9.748091,7.029710,12.466473,5.436763,True
E09,BAHIA PUNO,2016-08-03,2016,S2,6.000000,Bahia de Puno,mondrian,5.838115,1.728298,9.947932,8.219634,True
E13,BAHIA PUNO,2016-08-04,2016,S2,9.000000,Bahia de Puno,mondrian,10.433975,6.098934,14.769016,8.670082,True
E14,BAHIA PUNO,2016-08-04,2016,S2,9.500000,Bahia de Puno,mondrian,9.810855,7.092473,12.529236,5.436763,True
E15,BAHIA PUNO,2016-08-04,2016,S2,8.500000,Bahia de Puno,mondrian,7.931298,5.212917,10.649679,5.436763,True
E16,BAHIA PUNO,2016-08-04,2016,S2,6.500000,Bahia de Puno,mondrian,7.187720,3.077903,11.297537,8.219634,True
E17,BAHIA PUNO,2016-08-04,2016,S2,3.500000,Bahia de Puno,mondrian,4.965555,1.099424,8.831685,7.732261,True
E27,LAGO MAYOR,2016-08-05,2016,S2,9.800000,Lago Mayor,mondrian,8.654533,5.859359,11.449707,5.590348,True
E28,LAGO MAYOR,2016-08-05,2016,S2,8.800000,Lago Mayor,mondrian,7.277131,4.155612,10.398651,6.243039,True
E32,LAGO MAYOR,2016-08-05,2016,S2,9.800000,Lago Mayor,mondrian,8.280999,5.485825,11.076173,5.590348,True
E33,LAGO MAYOR,2016-08-05,2016,S2,4.600000,Lago Mayor,mondrian,3.790892,1.088627,6.493157,5.404530,True
E36,LAGO MAYOR,2016-08-05,2016,S2,9.000000,Lago Mayor,mondrian,8.082393,5.287219,10.877567,5.590348,True
E39,LAGO MAYOR,2016-08-06,2016,S2,5.000000,Lago Mayor,mondrian,6.674985,2.404448,10.945521,8.541074,True
E41,LAGO MAYOR,2016-08-06,2016,S2,11.000000,Lago Mayor,mondrian,10.082902,5.606379,14.559425,8.953046,True
E42,LAGO MAYOR,2016-08-06,2016,S2,11.000000,Lago Mayor,mondrian,10.557937,6.081414,15.034460,8.953046,True
E43,LAGO MAYOR,2016-08-04,2016,S2,11.000000,Lago Mayor,mondrian,8.422555,5.704174,11.140937,5.436763,True
E22,LAGO MAYOR,2016-08-05,2016,S2,10.200000,Lago Mayor,mondrian,9.572416,6.777242,12.367590,5.590348,True
E48,LAGO MAYOR,2016-08-08,2016,S2,14.500000,Lago Mayor,mondrian,10.660671,6.325630,14.995711,8.670082,True
E49,LAGO MAYOR,2016-08-08,2016,S2,12.800000,Lago Mayor,mondrian,9.793885,7.075504,12.512266,5.436763,False
E50,LAGO MAYOR,2016-08-08,2016,S2,11.900000,Lago Mayor,mondrian,8.504311,5.785930,11.222693,5.436763,False
E51,LAGO MAYOR,2016-08-06,2016,S2,9.400000,Lago Mayor,mondrian,10.938190,6.461667,15.414713,8.953046,True
E52,LAGO MAYOR,2016-08-06,2016,S2,10.300000,Lago Mayor,mondrian,10.630230,6.153707,15.106753,8.953046,True
E58,LAGO MAYOR,2016-08-09,2016,S2,5.000000,Lago Mayor,mondrian,7.978060,4.941092,11.015027,6.073935,True
E59,LAGO MAYOR,2016-08-09,2016,S2,13.000000,Lago Mayor,mondrian,10.868752,6.392229,15.345275,8.953046,True
E60,LAGO MAYOR,2016-08-09,2016,S2,12.000000,Lago Mayor,mondrian,11.071251,6.594728,15.547774,8.953046,True
E61,LAGO MAYOR,2016-08-08,2016,S2,10.200000,Lago Mayor,mondrian,9.865449,7.147068,12.583830,5.436763,True
E68,LAGO MAYOR,2016-08-08,2016,S2,5.500000,Lago Mayor,mondrian,7.874594,5.156212,10.592975,5.436763,True
E72,LAGO MAYOR,2016-08-09,2016,S2,5.800000,Lago Mayor,mondrian,5.689828,1.419291,9.960365,8.541074,True
E76,LAGO MAYOR,2016-08-11,2016,S2,12.500000,Lago Mayor,mondrian,9.406884,6.611710,12.202058,5.590348,False
E78,LAGO MAYOR,2016-08-11,2016,S2,13.500000,Lago Mayor,mondrian,9.622821,6.827648,12.417995,5.590348,False
E79,LAGO MAYOR,2016-08-11,2016,S2,11.500000,Lago Mayor,mondrian,10.119381,7.494385,12.744378,5.249993,True
E80,LAGO MAYOR,2016-08-11,2016,S2,10.500000,Lago Mayor,mondrian,10.226757,7.601761,12.851754,5.249993,True
E82,LAGO MAYOR,2016-08-10,2016,S2,8.200000,Lago Mayor,mondrian,8.877450,5.840483,11.914418,6.073935,True
E83,LAGO MAYOR,2016-08-10,2016,S2,5.500000,Lago Mayor,mondrian,8.146625,5.109658,11.183593,6.073935,True
E84,LAGO MAYOR,2016-08-10,2016,S2,4.700000,Lago Mayor,mondrian,8.460170,5.423203,11.497138,6.073935,False
E85,LAGO MAYOR,2016-08-10,2016,S2,9.800000,Lago Mayor,mondrian,8.348447,5.311479,11.385414,6.073935,True
E88,LAGO MAYOR,2016-08-10,2016,S2,6.500000,Lago Mayor,mondrian,7.880995,4.844027,10.917962,6.073935,True
E94,LAGO MAYOR,2016-08-10,2016,S2,7.400000,Lago Mayor,mondrian,9.578303,6.541335,12.615270,6.073935,True
E97,LAGO MAYOR,2016-08-10,2016,S2,9.500000,Lago Mayor,mondrian,10.756847,6.280324,15.233370,8.953046,True
E98,LAGO MAYOR,2016-08-10,2016,S2,9.000000,Lago Mayor,mondrian,11.369604,6.893081,15.846127,8.953046,True
E99,LAGO MAYOR,2016-08-12,2016,S2,9.200000,Lago Mayor,mondrian,9.672350,6.302888,13.041812,6.738924,True
E100,LAGO MAYOR,2016-08-12,2016,S2,10.200000,Lago Mayor,mondrian,11.123414,7.535120,14.711708,7.176588,True
E104,LAGO MAYOR,2016-08-11,2016,S2,11.500000,Lago Mayor,mondrian,10.173571,7.548575,12.798568,5.249993,True
E113,LAGO MAYOR,2016-08-10,2016,S2,9.300000,Lago Mayor,mondrian,11.051596,6.575072,15.528119,8.953046,True
E117,LAGO MAYOR,2016-08-10,2016,S2,10.000000,Lago Mayor,mondrian,10.852719,6.376196,15.329242,8.953046,True
E119,LAGO MAYOR,2016-08-10,2016,S2,10.500000,Lago Mayor,mondrian,10.812082,6.335559,15.288605,8.953046,True
E120,LAGO MAYOR,2016-08-12,2016,S2,14.200000,Lago Mayor,mondrian,10.189471,6.601177,13.777765,7.176588,False
E121,LAGO MAYOR,2016-08-12,2016,S2,10.500000,Lago Mayor,mondrian,10.612558,7.024264,14.200853,7.176588,True
E01,BAHIA PUNO,2017-07-10,2017,S2,5.300000,Bahia de Puno,mondrian,6.730342,2.652947,10.807737,8.154789,True
E02,BAHIA PUNO,2017-07-11,2017,S2,6.000000,Bahia de Puno,mondrian,8.128792,5.333618,10.923966,5.590348,True
E05,BAHIA PUNO,2017-07-11,2017,S2,6.600000,Bahia de Puno,mondrian,7.629197,4.834023,10.424371,5.590348,True
E14,BAHIA PUNO,2017-07-12,2017,S2,10.600000,Bahia de Puno,mondrian,10.242630,6.654336,13.830924,7.176588,True
E15,BAHIA PUNO,2017-07-12,2017,S2,6.600000,Bahia de Puno,mondrian,7.321946,3.244552,11.399341,8.154789,True
E16,BAHIA PUNO,2017-07-12,2017,S2,6.000000,Bahia de Puno,mondrian,5.303918,1.226523,9.381313,8.154789,True
E17,BAHIA PUNO,2017-07-11,2017,S2,4.200000,Bahia de Puno,mondrian,6.239402,3.117883,9.360922,6.243039,True
E28,LAGO MAYOR,2017-07-12,2017,S2,10.300000,Lago Mayor,mondrian,7.032835,2.955440,11.110229,8.154789,True
E32,LAGO MAYOR,2017-07-12,2017,S2,7.000000,Lago Mayor,mondrian,8.436691,5.067229,11.806153,6.738924,True
E36,LAGO MAYOR,2017-07-13,2017,S2,10.800000,Lago Mayor,mondrian,9.665128,6.295666,13.034590,6.738924,True
E39,LAGO MAYOR,2017-07-13,2017,S2,8.400000,Lago Mayor,mondrian,7.724214,4.354752,11.093676,6.738924,True
E41,LAGO MAYOR,2017-07-13,2017,S2,13.000000,Lago Mayor,mondrian,8.891130,5.521668,12.260592,6.738924,False
E42,LAGO MAYOR,2017-07-13,2017,S2,14.000000,Lago Mayor,mondrian,9.972482,6.603021,13.341944,6.738924,False
E43,LAGO MAYOR,2017-07-13,2017,S2,12.000000,Lago Mayor,mondrian,10.279442,6.691148,13.867736,7.176588,True
E22,LAGO MAYOR,2017-07-13,2017,S2,9.000000,Lago Mayor,mondrian,9.778921,6.409459,13.148383,6.738924,True
E48,LAGO MAYOR,2017-07-15,2017,S2,12.000000,Lago Mayor,mondrian,10.460961,6.058200,14.863721,8.805521,True
E49,LAGO MAYOR,2017-07-15,2017,S2,9.000000,Lago Mayor,mondrian,10.730177,6.327417,15.132938,8.805521,True
E50,LAGO MAYOR,2017-07-15,2017,S2,12.000000,Lago Mayor,mondrian,11.519341,7.116580,15.922101,8.805521,True
E51,LAGO MAYOR,2017-07-15,2017,S2,9.800000,Lago Mayor,mondrian,10.751381,6.348620,15.154141,8.805521,True
E52,LAGO MAYOR,2017-07-15,2017,S2,9.000000,Lago Mayor,mondrian,10.192922,5.790161,14.595682,8.805521,True
E59,LAGO MAYOR,2017-07-16,2017,S2,10.000000,Lago Mayor,mondrian,10.920305,6.517544,15.323065,8.805521,True
E60,LAGO MAYOR,2017-07-16,2017,S2,10.000000,Lago Mayor,mondrian,10.871372,6.468612,15.274133,8.805521,True
E61,LAGO MAYOR,2017-07-16,2017,S2,12.800000,Lago Mayor,mondrian,10.593339,6.190578,14.996100,8.805521,True
E72,LAGO MAYOR,2017-07-16,2017,S2,5.800000,Lago Mayor,mondrian,5.913234,1.983421,9.843047,7.859626,True
E76,LAGO MAYOR,2017-07-19,2017,S2,9.000000,Lago Mayor,mondrian,9.545250,6.750077,12.340424,5.590348,True
E78,LAGO MAYOR,2017-07-19,2017,S2,10.300000,Lago Mayor,mondrian,10.983454,8.358458,13.608451,5.249993,True
E79,LAGO MAYOR,2017-07-16,2017,S2,10.000000,Lago Mayor,mondrian,10.531230,6.128469,14.933991,8.805521,True
E80,LAGO MAYOR,2017-07-17,2017,S2,10.000000,Lago Mayor,mondrian,11.037160,6.560637,15.513683,8.953046,True
E82,LAGO MAYOR,2017-07-17,2017,S2,10.000000,Lago Mayor,mondrian,11.049556,6.573033,15.526079,8.953046,True
E83,LAGO MAYOR,2017-07-17,2017,S2,8.000000,Lago Mayor,mondrian,8.992422,5.955455,12.029390,6.073935,True
E88,LAGO MAYOR,2017-07-20,2017,S2,8.000000,Lago Mayor,mondrian,9.870290,7.198036,12.542543,5.344507,True
E94,LAGO MAYOR,2017-07-20,2017,S2,9.000000,Lago Mayor,mondrian,10.798457,6.395696,15.201218,8.805521,True
E97,LAGO MAYOR,2017-07-20,2017,S2,10.000000,Lago Mayor,mondrian,11.098684,6.695923,15.501444,8.805521,True
E98,LAGO MAYOR,2017-07-19,2017,S2,9.500000,Lago Mayor,mondrian,10.872000,8.247003,13.496996,5.249993,True
E99,LAGO MAYOR,2017-07-19,2017,S2,11.000000,Lago Mayor,mondrian,11.513600,8.888603,14.138596,5.249993,True
E100,LAGO MAYOR,2017-07-19,2017,S2,10.000000,Lago Mayor,mondrian,10.834412,8.209415,13.459409,5.249993,True
E104,LAGO MAYOR,2017-07-19,2017,S2,10.200000,Lago Mayor,mondrian,10.241345,7.616349,12.866342,5.249993,True
E113,LAGO MAYOR,2017-07-20,2017,S2,10.000000,Lago Mayor,mondrian,11.187320,6.784560,15.590081,8.805521,True
E117,LAGO MAYOR,2017-07-19,2017,S2,8.500000,Lago Mayor,mondrian,10.731369,8.106373,13.356366,5.249993,True
E120,LAGO MAYOR,2017-07-21,2017,S2,9.500000,Lago Mayor,mondrian,10.794003,6.317480,15.270526,8.953046,True
E121,LAGO MAYOR,2017-07-21,2017,S2,9.000000,Lago Mayor,mondrian,9.268162,6.231194,12.305130,6.073935,True
E122,LAGO MENOR,2017-07-21,2017,S2,9.000000,Lago Menor,mondrian,8.330870,5.293902,11.367838,6.073935,True
E123,LAGO MENOR,2017-07-21,2017,S2,6.500000,Lago Menor,mondrian,6.149009,1.878472,10.419545,8.541074,True
E125,LAGO MENOR,2017-07-21,2017,S2,8.000000,Lago Menor,mondrian,6.213714,1.943177,10.484251,8.541074,True
E130,LAGO MENOR,2017-07-22,2017,S2,5.400000,Lago Menor,mondrian,5.709852,1.439315,9.980389,8.541074,True
E136,LAGO MENOR,2017-07-22,2017,S2,7.000000,Lago Menor,mondrian,5.720021,1.449484,9.990558,8.541074,True
E135,LAGO MENOR,2017-07-22,2017,S2,6.000000,Lago Menor,mondrian,7.703547,4.666579,10.740514,6.073935,True
E137,LAGO MENOR,2017-07-22,2017,S2,6.000000,Lago Menor,mondrian,5.482790,1.212253,9.753327,8.541074,True
E142,LAGO MENOR,2017-07-22,2017,S2,6.000000,Lago Menor,mondrian,7.251918,2.981381,11.522455,8.541074,True
E-148,LAGO MENOR,2017-07-22,2017,S2,6.000000,Lago Menor,mondrian,5.625593,1.355057,9.896130,8.541074,True
E-145,LAGO MENOR,2017-07-23,2017,S2,6.500000,Lago Menor,mondrian,7.282383,3.172567,11.392200,8.219634,True
E-147,LAGO MENOR,2017-07-23,2017,S2,6.500000,Lago Menor,mondrian,4.746722,0.880592,8.612853,7.732261,True
E59,LAGO MAYOR,2017-07-16,2017,S2,10.000000,Lago Mayor,mondrian,10.920305,6.517544,15.323065,8.805521,True
E01,BAHIA PUNO,2019-07-11,2019,S2,8.000000,Bahia de Puno,mondrian,8.613992,5.895611,11.332373,5.436763,True
E02,BAHIA PUNO,2019-07-11,2019,S2,8.000000,Bahia de Puno,mondrian,6.929015,2.819199,11.038832,8.219634,True
E04,BAHIA PUNO,2019-07-11,2019,S2,1.500000,Bahia de Puno,mondrian,5.418417,1.308600,9.528234,8.219634,True
E05,BAHIA PUNO,2019-07-11,2019,S2,8.000000,Bahia de Puno,mondrian,9.907672,7.189291,12.626054,5.436763,True
E08,BAHIA PUNO,2019-07-11,2019,S2,10.000000,Bahia de Puno,mondrian,10.101734,5.766693,14.436775,8.670082,True
E14,BAHIA PUNO,2019-07-12,2019,S2,9.000000,Bahia de Puno,mondrian,10.580971,7.955974,13.205967,5.249993,True
E16,BAHIA PUNO,2019-07-11,2019,S2,3.500000,Bahia de Puno,mondrian,5.879766,1.769949,9.989583,8.219634,True
E17,BAHIA PUNO,2019-07-12,2019,S2,3.000000,Bahia de Puno,mondrian,6.120932,2.999412,9.242451,6.243039,True
E25,LAGO MAYOR,2019-07-12,2019,S2,6.100000,Lago Mayor,mondrian,7.764885,4.969711,10.560059,5.590348,True
E28,LAGO MAYOR,2019-07-12,2019,S2,7.000000,Lago Mayor,mondrian,9.098994,6.303820,11.894168,5.590348,True
E32,LAGO MAYOR,2019-07-12,2019,S2,6.000000,Lago Mayor,mondrian,7.197450,4.075931,10.318969,6.243039,True
E36,LAGO MAYOR,2019-07-12,2019,S2,11.000000,Lago Mayor,mondrian,7.104777,3.983258,10.226296,6.243039,False
E39,LAGO MAYOR,2019-07-13,2019,S2,8.000000,Lago Mayor,mondrian,7.502868,4.784487,10.221249,5.436763,True
E41,LAGO MAYOR,2019-07-13,2019,S2,9.500000,Lago Mayor,mondrian,9.730875,7.012493,12.449256,5.436763,True
E42,LAGO MAYOR,2019-07-13,2019,S2,10.000000,Lago Mayor,mondrian,10.343784,6.008744,14.678825,8.670082,True
E43,LAGO MAYOR,2019-07-13,2019,S2,12.000000,Lago Mayor,mondrian,10.566966,6.231925,14.902007,8.670082,True
E22,LAGO MAYOR,2019-07-13,2019,S2,6.000000,Lago Mayor,mondrian,9.435105,6.716723,12.153486,5.436763,False
E49,LAGO MAYOR,2019-07-14,2019,S2,12.000000,Lago Mayor,mondrian,10.920298,8.295301,13.545295,5.249993,True
E50,LAGO MAYOR,2019-07-14,2019,S2,12.000000,Lago Mayor,mondrian,10.512445,7.887448,13.137442,5.249993,True
E51,LAGO MAYOR,2019-07-14,2019,S2,11.000000,Lago Mayor,mondrian,11.374120,8.749124,13.999117,5.249993,True
E52,LAGO MAYOR,2019-07-14,2019,S2,10.000000,Lago Mayor,mondrian,10.765853,8.140856,13.390849,5.249993,True
E53,LAGO MAYOR,2019-07-14,2019,S2,9.000000,Lago Mayor,mondrian,10.429869,7.804872,13.054866,5.249993,True
E59,LAGO MAYOR,2019-07-15,2019,S2,11.000000,Lago Mayor,mondrian,11.265026,8.640030,13.890023,5.249993,True
E60,LAGO MAYOR,2019-07-15,2019,S2,11.000000,Lago Mayor,mondrian,11.688498,9.063501,14.313494,5.249993,True
E61,LAGO MAYOR,2019-07-15,2019,S2,11.000000,Lago Mayor,mondrian,11.110885,8.485888,13.735881,5.249993,True
E72,LAGO MAYOR,2019-07-15,2019,S2,6.000000,Lago Mayor,mondrian,7.753128,4.957954,10.548302,5.590348,True
E76,LAGO MAYOR,2019-07-19,2019,S2,9.900000,Lago Mayor,mondrian,10.074796,6.486501,13.663090,7.176588,True
E78,LAGO MAYOR,2019-07-19,2019,S2,12.000000,Lago Mayor,mondrian,10.259487,6.671193,13.847781,7.176588,True
E79,LAGO MAYOR,2019-07-19,2019,S2,9.000000,Lago Mayor,mondrian,12.277747,8.689453,15.866041,7.176588,True
E80,LAGO MAYOR,2019-07-16,2019,S2,11.000000,Lago Mayor,mondrian,11.090350,6.613827,15.566873,8.953046,True
E82,LAGO MAYOR,2019-07-16,2019,S2,9.000000,Lago Mayor,mondrian,10.896381,6.419858,15.372904,8.953046,True
E83,LAGO MAYOR,2019-07-16,2019,S2,10.000000,Lago Mayor,mondrian,10.206375,5.729852,14.682898,8.953046,True
E88,LAGO MAYOR,2019-07-17,2019,S2,11.000000,Lago Mayor,mondrian,10.398825,6.063784,14.733865,8.670082,True
E94,LAGO MAYOR,2019-07-17,2019,S2,8.000000,Lago Mayor,mondrian,12.233320,7.898279,16.568361,8.670082,True
E97,LAGO MAYOR,2019-07-17,2019,S2,10.000000,Lago Mayor,mondrian,11.283099,6.948059,15.618140,8.670082,True
E98,LAGO MAYOR,2019-07-18,2019,S2,7.000000,Lago Mayor,mondrian,11.581672,7.105149,16.058195,8.953046,False
E99,LAGO MAYOR,2019-07-20,2019,S2,13.000000,Lago Mayor,mondrian,11.635220,7.158697,16.111743,8.953046,True
E100,LAGO MAYOR,2019-07-20,2019,S2,11.000000,Lago Mayor,mondrian,11.018006,6.541483,15.494529,8.953046,True
E104,LAGO MAYOR,2019-07-20,2019,S2,10.000000,Lago Mayor,mondrian,10.174483,5.697960,14.651006,8.953046,True
E113,LAGO MAYOR,2019-07-17,2019,S2,9.000000,Lago Mayor,mondrian,7.206675,3.096858,11.316492,8.219634,True
E117,LAGO MAYOR,2019-07-18,2019,S2,10.000000,Lago Mayor,mondrian,9.423037,6.386070,12.460005,6.073935,True
E120,LAGO MAYOR,2019-07-20,2019,S2,11.500000,Lago Mayor,mondrian,11.556669,7.080146,16.033192,8.953046,True
E121,LAGO MAYOR,2019-07-21,2019,S2,11.000000,Lago Mayor,mondrian,7.906514,5.111340,10.701688,5.590348,False
E122,LAGO MENOR,2019-07-21,2019,S2,11.000000,Lago Menor,mondrian,8.424423,5.629249,11.219597,5.590348,True
E123,LAGO MENOR,2019-07-21,2019,S2,9.000000,Lago Menor,mondrian,7.703768,4.908594,10.498942,5.590348,True
E125,LAGO MENOR,2019-07-21,2019,S2,8.500000,Lago Menor,mondrian,7.697333,4.902159,10.492506,5.590348,True
E132,LAGO MENOR,2019-07-21,2019,S2,7.000000,Lago Menor,mondrian,6.732309,3.610790,9.853829,6.243039,True
E130,LAGO MENOR,2019-07-22,2019,S2,10.000000,Lago Menor,mondrian,6.841939,2.764545,10.919334,8.154789,True
E136,LAGO MENOR,2019-07-22,2019,S2,6.500000,Lago Menor,mondrian,5.824565,1.747170,9.901959,8.154789,True
E137,LAGO MENOR,2019-07-22,2019,S2,5.000000,Lago Menor,mondrian,4.802199,1.213905,8.390493,7.176588,True
E141,LAGO MENOR,2019-07-23,2019,S2,10.000000,Lago Menor,mondrian,6.959877,3.030064,10.889690,7.859626,True
E142,LAGO MENOR,2019-07-23,2019,S2,11.000000,Lago Menor,mondrian,6.025768,2.095955,9.955581,7.859626,False
E145,LAGO MENOR,2019-07-23,2019,S2,6.000000,Lago Menor,mondrian,5.680755,1.750942,9.610568,7.859626,True
E147,LAGO MENOR,2019-07-24,2019,S2,5.500000,Lago Menor,mondrian,7.535094,4.739920,10.330268,5.590348,True
E01,BAHIA PUNO,2022-08-12,2022,S2,5.500000,Bahia de Puno,mondrian,5.711020,1.633625,9.788415,8.154789,True
E02,BAHIA PUNO,2022-08-12,2022,S2,8.000000,Bahia de Puno,mondrian,10.012900,6.424606,13.601194,7.176588,True
E05,BAHIA PUNO,2022-08-12,2022,S2,8.500000,Bahia de Puno,mondrian,10.860919,7.272625,14.449213,7.176588,True
E08,BAHIA PUNO,2022-08-12,2022,S2,11.000000,Bahia de Puno,mondrian,11.283569,7.695275,14.871863,7.176588,True
E28,LAGO MAYOR,2022-08-14,2022,S2,10.000000,Lago Mayor,mondrian,9.427061,6.708679,12.145442,5.436763,True
E32,LAGO MAYOR,2022-08-14,2022,S2,9.000000,Lago Mayor,mondrian,9.974397,7.256016,12.692778,5.436763,True
E36,LAGO MAYOR,2022-08-14,2022,S2,9.000000,Lago Mayor,mondrian,10.181779,5.846739,14.516820,8.670082,True
E39,LAGO MAYOR,2022-08-15,2022,S2,7.000000,Lago Mayor,mondrian,6.470635,2.393240,10.548029,8.154789,True
341,LAGO MAYOR,2022-08-15,2022,S2,14.000000,Lago Mayor,mondrian,11.335236,7.746942,14.923530,7.176588,True
E42,LAGO MAYOR,2022-08-15,2022,S2,16.000000,Lago Mayor,mondrian,10.278301,6.690006,13.866595,7.176588,False
E43,LAGO MAYOR,2022-08-15,2022,S2,14.000000,Lago Mayor,mondrian,10.401842,6.813548,13.990136,7.176588,False
E22,LAGO MAYOR,2022-08-15,2022,S2,14.000000,Lago Mayor,mondrian,12.046794,8.458500,15.635088,7.176588,True
E48,LAGO MAYOR,2022-08-16,2022,S2,8.000000,Lago Mayor,mondrian,13.588045,10.885780,16.290310,5.404530,False
E49,LAGO MAYOR,2022-08-16,2022,S2,15.000000,Lago Mayor,mondrian,13.951861,11.249597,16.654126,5.404530,True
E50,LAGO MAYOR,2022-08-16,2022,S2,16.000000,Lago Mayor,mondrian,13.738719,11.036454,16.440984,5.404530,True
E51,LAGO MAYOR,2022-08-17,2022,S2,12.000000,Lago Mayor,mondrian,10.730408,6.253885,15.206931,8.953046,True
E52,LAGO MAYOR,2022-08-17,2022,S2,9.000000,Lago Mayor,mondrian,10.445732,5.969209,14.922255,8.953046,True
E53,LAGO MAYOR,2022-08-17,2022,S2,11.000000,Lago Mayor,mondrian,12.635070,8.597365,16.672774,8.075409,True
E58,LAGO MAYOR,2022-08-18,2022,S2,11.000000,Lago Mayor,mondrian,9.365688,6.693434,12.037941,5.344507,True
E59,LAGO MAYOR,2022-08-18,2022,S2,15.000000,Lago Mayor,mondrian,11.118257,6.715496,15.521017,8.805521,True
E60,LAGO MAYOR,2022-08-18,2022,S2,16.500000,Lago Mayor,mondrian,11.392364,6.989603,15.795124,8.805521,False
E61,LAGO MAYOR,2022-08-18,2022,S2,15.000000,Lago Mayor,mondrian,10.297124,5.894363,14.699885,8.805521,False
E72,LAGO MAYOR,2022-08-19,2022,S2,5.000000,Lago Mayor,mondrian,7.484104,4.362585,10.605623,6.243039,True
E76,LAGO MAYOR,2022-08-19,2022,S2,10.000000,Lago Mayor,mondrian,12.464421,9.839424,15.089417,5.249993,True
E78,LAGO MAYOR,2022-08-19,2022,S2,14.000000,Lago Mayor,mondrian,13.788523,11.086258,16.490788,5.404530,True
E79,LAGO MAYOR,2022-08-19,2022,S2,14.000000,Lago Mayor,mondrian,13.147390,10.445125,15.849655,5.404530,True
E80,LAGO MAYOR,2022-08-20,2022,S2,15.000000,Lago Mayor,mondrian,11.677282,7.274522,16.080043,8.805521,True
E82,LAGO MAYOR,2022-08-20,2022,S2,15.000000,Lago Mayor,mondrian,11.268780,6.866019,15.671540,8.805521,True
E83,LAGO MAYOR,2022-08-20,2022,S2,16.000000,Lago Mayor,mondrian,11.293050,6.890289,15.695811,8.805521,False
E88,LAGO MAYOR,2022-08-20,2022,S2,14.000000,Lago Mayor,mondrian,11.476630,7.073870,15.879391,8.805521,True
E94,LAGO MAYOR,2022-08-20,2022,S2,15.000000,Lago Mayor,mondrian,10.710491,6.307730,15.113251,8.805521,True
E97,LAGO MAYOR,2022-08-21,2022,S2,16.000000,Lago Mayor,mondrian,11.916606,9.291609,14.541602,5.249993,False
E98,LAGO MAYOR,2022-08-22,2022,S2,15.000000,Lago Mayor,mondrian,12.734076,9.145782,16.322370,7.176588,True
E99,LAGO MAYOR,2022-08-22,2022,S2,15.000000,Lago Mayor,mondrian,13.038162,9.449868,16.626456,7.176588,True
E100,LAGO MAYOR,2022-08-22,2022,S2,13.000000,Lago Mayor,mondrian,10.408308,6.820014,13.996602,7.176588,True
E103,LAGO MAYOR,2022-08-22,2022,S2,10.000000,Lago Mayor,mondrian,10.347615,6.759321,13.935909,7.176588,True
E104,LAGO MAYOR,2022-08-22,2022,S2,13.000000,Lago Mayor,mondrian,10.101261,6.512967,13.689555,7.176588,True
E113,LAGO MAYOR,2022-08-21,2022,S2,14.000000,Lago Mayor,mondrian,10.967653,8.342657,13.592650,5.249993,False
E117,LAGO MAYOR,2022-08-21,2022,S2,14.000000,Lago Mayor,mondrian,13.317854,10.615589,16.020119,5.404530,True
E120,LAGO MAYOR,2022-08-22,2022,S2,14.000000,Lago Mayor,mondrian,13.096209,9.507915,16.684503,7.176588,True
E121,LAGO MAYOR,2022-08-23,2022,S2,11.000000,Lago Mayor,mondrian,11.508437,7.105677,15.911198,8.805521,True
E122,LAGO MENOR,2022-08-23,2022,S2,10.000000,Lago Menor,mondrian,11.670113,7.267353,16.072874,8.805521,True
E123,LAGO MENOR,2022-08-23,2022,S2,6.000000,Lago Menor,mondrian,4.664633,1.121981,8.207285,7.085304,True
E125,LAGO MENOR,2022-08-23,2022,S2,8.000000,Lago Menor,mondrian,5.031044,1.101231,8.960857,7.859626,True
E132,LAGO MENOR,2022-08-23,2022,S2,4.000000,Lago Menor,mondrian,4.909682,1.367029,8.452334,7.085304,True
E130,LAGO MENOR,2022-08-23,2022,S2,5.500000,Lago Menor,mondrian,5.996937,2.067124,9.926750,7.859626,True
E136,LAGO MENOR,2022-08-24,2022,S2,5.500000,Lago Menor,mondrian,5.030157,0.952762,9.107552,8.154789,True
E135,LAGO MENOR,2022-08-24,2022,S2,11.000000,Lago Menor,mondrian,7.951876,4.582414,11.321338,6.738924,True
E137,LAGO MENOR,2022-08-24,2022,S2,5.000000,Lago Menor,mondrian,5.285680,1.208285,9.363075,8.154789,True
E141,LAGO MENOR,2022-08-24,2022,S2,5.000000,Lago Menor,mondrian,8.619708,5.250246,11.989170,6.738924,False
E142,LAGO MENOR,2022-08-24,2022,S2,5.000000,Lago Menor,mondrian,7.993360,4.623898,11.362821,6.738924,True
E145,LAGO MENOR,2022-08-24,2022,S2,5.500000,Lago Menor,mondrian,7.727582,4.358121,11.097044,6.738924,True
E147,LAGO MENOR,2022-08-24,2022,S2,5.000000,Lago Menor,mondrian,5.239792,1.162397,9.317186,8.154789,True
E01,BAHIA PUNO,2024-08-21,2024,S2,6.000000,Bahia de Puno,mondrian,5.528067,1.598254,9.457880,7.859626,True
E02,BAHIA PUNO,2024-08-21,2024,S2,9.000000,Bahia de Puno,mondrian,9.705498,7.033245,12.377752,5.344507,True
E03,BAHIA PUNO,2024-08-21,2024,S2,8.000000,Bahia de Puno,mondrian,9.086544,6.414291,11.758798,5.344507,True
E05,BAHIA PUNO,2024-08-21,2024,S2,10.000000,Bahia de Puno,mondrian,10.152172,5.749411,14.554933,8.805521,True
E08,BAHIA PUNO,2024-08-21,2024,S2,9.000000,Bahia de Puno,mondrian,10.486430,6.083670,14.889191,8.805521,True
E15,LAGO MAYOR,2024-08-21,2024,S2,9.000000,Lago Mayor,mondrian,10.348315,5.945554,14.751075,8.805521,True
E16,LAGO MAYOR,2024-08-21,2024,S2,6.000000,Lago Mayor,mondrian,8.954593,6.282340,11.626847,5.344507,False
E22,LAGO MAYOR,2024-08-22,2024,S2,14.000000,Lago Mayor,mondrian,11.786942,7.310419,16.263465,8.953046,True
E27,LAGO MAYOR,2024-08-22,2024,S2,4.000000,Lago Mayor,mondrian,6.320890,2.050353,10.591427,8.541074,True
E28,LAGO MAYOR,2024-08-22,2024,S2,9.000000,Lago Mayor,mondrian,8.685088,5.648120,11.722055,6.073935,True
E32,LAGO MAYOR,2024-08-22,2024,S2,12.500000,Lago Mayor,mondrian,9.669545,6.632577,12.706512,6.073935,True
E36,LAGO MAYOR,2024-08-22,2024,S2,11.500000,Lago Mayor,mondrian,10.597731,6.121208,15.074254,8.953046,True
E36B,LAGO MAYOR,2024-08-22,2024,S2,13.000000,Lago Mayor,mondrian,11.218325,6.741801,15.694848,8.953046,True
E39,LAGO MAYOR,2024-08-23,2024,S2,8.000000,Lago Mayor,mondrian,5.489768,1.379951,9.599585,8.219634,True
E41,LAGO MAYOR,2024-08-23,2024,S2,10.500000,Lago Mayor,mondrian,10.212608,5.877568,14.547649,8.670082,True
E42,LAGO MAYOR,2024-08-23,2024,S2,10.000000,Lago Mayor,mondrian,10.425495,6.090454,14.760535,8.670082,True
E43,LAGO MAYOR,2024-08-23,2024,S2,12.500000,Lago Mayor,mondrian,11.590003,7.254962,15.925044,8.670082,True
E48,LAGO MAYOR,2024-08-24,2024,S2,9.000000,Lago Mayor,mondrian,11.985896,7.650856,16.320937,8.670082,True
E49,LAGO MAYOR,2024-08-24,2024,S2,11.000000,Lago Mayor,mondrian,11.611382,7.276341,15.946423,8.670082,True
E50,LAGO MAYOR,2024-08-24,2024,S2,12.000000,Lago Mayor,mondrian,12.664773,8.798642,16.530904,7.732261,True
E51,LAGO MAYOR,2024-08-24,2024,S2,11.500000,Lago Mayor,mondrian,12.255036,7.919995,16.590077,8.670082,True
E52,LAGO MAYOR,2024-08-24,2024,S2,11.000000,Lago Mayor,mondrian,10.633774,6.298733,14.968815,8.670082,True
E53,LAGO MAYOR,2024-08-24,2024,S2,9.000000,Lago Mayor,mondrian,11.104850,6.769810,15.439891,8.670082,True
E58,LAGO MAYOR,2024-08-26,2024,S2,9.000000,Lago Mayor,mondrian,9.986758,7.314505,12.659012,5.344507,True
E59,LAGO MAYOR,2024-08-26,2024,S2,10.500000,Lago Mayor,mondrian,10.444238,6.041478,14.846999,8.805521,True
E60,LAGO MAYOR,2024-08-25,2024,S2,12.000000,Lago Mayor,mondrian,11.908150,7.431627,16.384673,8.953046,True
E61,LAGO MAYOR,2024-08-25,2024,S2,12.000000,Lago Mayor,mondrian,9.772322,6.735355,12.809290,6.073935,True
E72,LAGO MAYOR,2024-08-25,2024,S2,4.800000,Lago Mayor,mondrian,6.409484,2.138948,10.680021,8.541074,True
E76,LAGO MAYOR,2024-08-25,2024,S2,12.000000,Lago Mayor,mondrian,10.872385,6.395862,15.348908,8.953046,True
B03,LAGO MAYOR,2024-08-27,2024,S2,11.000000,Lago Mayor,mondrian,12.930994,9.064863,16.797125,7.732261,True
E78,LAGO MAYOR,2024-08-27,2024,S2,10.500000,Lago Mayor,mondrian,12.947863,9.081733,16.813994,7.732261,True
E79,LAGO MAYOR,2024-08-27,2024,S2,9.500000,Lago Mayor,mondrian,9.809207,7.090826,12.527588,5.436763,True
E80,LAGO MAYOR,2024-08-27,2024,S2,15.000000,Lago Mayor,mondrian,10.043428,5.708388,14.378469,8.670082,False
E82,LAGO MAYOR,2024-08-28,2024,S2,9.000000,Lago Mayor,mondrian,12.575531,8.709400,16.441662,7.732261,True
E83,LAGO MAYOR,2024-08-28,2024,S2,8.500000,Lago Mayor,mondrian,9.845249,7.126867,12.563630,5.436763,True
E88,LAGO MAYOR,2024-08-29,2024,S2,9.500000,Lago Mayor,mondrian,11.224450,8.599454,13.849447,5.249993,True
E94,LAGO MAYOR,2024-08-29,2024,S2,9.500000,Lago Mayor,mondrian,11.534551,8.909554,14.159547,5.249993,True
E97,LAGO MAYOR,2024-08-29,2024,S2,13.500000,Lago Mayor,mondrian,12.285146,9.660149,14.910143,5.249993,True
E98,LAGO MAYOR,2024-08-29,2024,S2,13.000000,Lago Mayor,mondrian,13.006375,10.304110,15.708640,5.404530,True
E99,LAGO MAYOR,2024-08-30,2024,S2,9.500000,Lago Mayor,mondrian,10.799282,7.210988,14.387576,7.176588,True
E100,LAGO MAYOR,2024-08-30,2024,S2,11.000000,Lago Mayor,mondrian,12.136646,8.548351,15.724940,7.176588,True
E103,LAGO MAYOR,2024-08-30,2024,S2,11.000000,Lago Mayor,mondrian,9.143399,5.773937,12.512861,6.738924,True
E105,LAGO MAYOR,2024-08-30,2024,S2,8.500000,Lago Mayor,mondrian,5.549160,1.471766,9.626555,8.154789,True
E113,LAGO MAYOR,2024-08-29,2024,S2,13.500000,Lago Mayor,mondrian,12.879108,10.176844,15.581373,5.404530,True
E117,LAGO MAYOR,2024-08-29,2024,S2,12.000000,Lago Mayor,mondrian,12.510828,9.808563,15.213093,5.404530,True
E120,LAGO MAYOR,2024-08-30,2024,S2,10.500000,Lago Mayor,mondrian,11.516192,7.927898,15.104486,7.176588,True
E121,LAGO MAYOR,2024-08-30,2024,S2,12.700000,Lago Mayor,mondrian,10.737721,7.149427,14.326015,7.176588,True
E122,LAGO MENOR,2024-08-31,2024,S2,11.000000,Lago Menor,mondrian,12.417043,8.014283,16.819804,8.805521,True
E125,LAGO MENOR,2024-09-01,2024,S2,2.500000,Lago Menor,mondrian,5.593528,1.322992,9.864065,8.541074,True
P02,LAGO MENOR,2024-09-01,2024,S2,9.500000,Lago Menor,mondrian,6.377532,2.106996,10.648069,8.541074,True
P03,LAGO MENOR,2024-09-01,2024,S2,3.500000,Lago Menor,mondrian,5.935124,1.664588,10.205661,8.541074,True
P04,LAGO MENOR,2024-09-01,2024,S2,1.500000,Lago Menor,mondrian,5.628404,1.357867,9.898941,8.541074,True
E127,LAGO MENOR,2024-09-01,2024,S2,2.000000,Lago Menor,mondrian,6.072164,1.801627,10.342701,8.541074,True
E129,LAGO MENOR,2024-08-31,2024,S2,4.500000,Lago Menor,mondrian,4.908923,1.366271,8.451575,7.085304,True
E135,LAGO MENOR,2024-08-31,2024,S2,4.000000,Lago Menor,mondrian,6.237304,2.307491,10.167117,7.859626,True
E138,LAGO MENOR,2024-08-31,2024,S2,4.500000,Lago Menor,mondrian,4.728725,1.186073,8.271377,7.085304,True
P15,LAGO MENOR,2024-08-31,2024,S2,4.000000,Lago Menor,mondrian,6.503045,2.573232,10.432858,7.859626,True
E142,LAGO MENOR,2024-08-31,2024,S2,4.000000,Lago Menor,mondrian,4.920964,1.378312,8.463616,7.085304,True
E145,LAGO MENOR,2024-09-02,2024,S2,3.500000,Lago Menor,mondrian,5.791847,2.670327,8.913366,6.243039,True
P10,LAGO MENOR,2024-09-02,2024,S2,3.000000,Lago Menor,mondrian,5.859270,2.737750,8.980789,6.243039,True
E40,LAGO MAYOR,2013-10-10,2013,LS,5.000000,Lago Mayor,mondrian,7.569234,4.896981,10.241488,5.344507,True
E41,LAGO MAYOR,2013-10-10,2013,LS,7.000000,Lago Mayor,mondrian,7.386547,3.456734,11.316360,7.859626,True
E42,LAGO MAYOR,2013-10-10,2013,LS,8.500000,Lago Mayor,mondrian,7.185878,3.256065,11.115691,7.859626,True
E43,LAGO MAYOR,2013-10-10,2013,LS,6.500000,Lago Mayor,mondrian,7.143154,3.213341,11.072967,7.859626,True
E44,LAGO MAYOR,2013-10-10,2013,LS,8.000000,Lago Mayor,mondrian,7.226663,3.296850,11.156476,7.859626,True
E45,LAGO MAYOR,2013-10-10,2013,LS,9.000000,Lago Mayor,mondrian,7.875292,5.203038,10.547545,5.344507,True
E47,LAGO MAYOR,2013-10-11,2013,LS,7.000000,Lago Mayor,mondrian,8.465493,5.096031,11.834954,6.738924,True
E48,LAGO MAYOR,2013-10-11,2013,LS,8.100000,Lago Mayor,mondrian,8.679095,5.309633,12.048557,6.738924,True
E49,LAGO MAYOR,2013-10-11,2013,LS,7.500000,Lago Mayor,mondrian,7.531937,4.162476,10.901399,6.738924,True
E50,LAGO MAYOR,2013-10-11,2013,LS,5.700000,Lago Mayor,mondrian,6.516063,2.438669,10.593458,8.154789,True
E51,LAGO MAYOR,2013-10-12,2013,LS,7.000000,Lago Mayor,mondrian,6.158297,3.036778,9.279817,6.243039,True
E52,LAGO MAYOR,2013-10-12,2013,LS,6.800000,Lago Mayor,mondrian,6.365313,3.243793,9.486832,6.243039,True
E53,LAGO MAYOR,2013-10-12,2013,LS,8.000000,Lago Mayor,mondrian,6.630550,3.509031,9.752069,6.243039,True
E54,LAGO MAYOR,2013-10-12,2013,LS,8.100000,Lago Mayor,mondrian,6.731824,3.610304,9.853343,6.243039,True
E55,LAGO MAYOR,2013-10-12,2013,LS,8.000000,Lago Mayor,mondrian,6.626750,3.505231,9.748270,6.243039,True
E56,LAGO MAYOR,2013-10-12,2013,LS,5.500000,Lago Mayor,mondrian,6.275319,3.153799,9.396838,6.243039,True
E57,LAGO MAYOR,2013-10-12,2013,LS,8.000000,Lago Mayor,mondrian,8.842701,6.047527,11.637875,5.590348,True
E58,LAGO MAYOR,2013-10-12,2013,LS,9.000000,Lago Mayor,mondrian,6.704486,3.582966,9.826005,6.243039,True
E60,LAGO MAYOR,2013-10-13,2013,LS,7.000000,Lago Mayor,mondrian,6.605656,2.528261,10.683050,8.154789,True
E61,LAGO MAYOR,2013-10-13,2013,LS,6.000000,Lago Mayor,mondrian,8.045248,4.675786,11.414710,6.738924,True
E62,LAGO MAYOR,2013-10-13,2013,LS,7.000000,Lago Mayor,mondrian,9.898744,6.529283,13.268206,6.738924,True
E63,LAGO MAYOR,2013-10-13,2013,LS,7.000000,Lago Mayor,mondrian,6.872315,2.794921,10.949710,8.154789,True
E64,LAGO MAYOR,2013-10-13,2013,LS,7.000000,Lago Mayor,mondrian,7.296284,3.218890,11.373679,8.154789,True
E65,LAGO MAYOR,2013-10-14,2013,LS,7.000000,Lago Mayor,mondrian,6.793145,2.715750,10.870540,8.154789,True
E66,LAGO MAYOR,2013-10-14,2013,LS,6.500000,Lago Mayor,mondrian,6.626295,2.548901,10.703690,8.154789,True
E67,LAGO MAYOR,2013-10-14,2013,LS,7.000000,Lago Mayor,mondrian,10.042196,6.453901,13.630490,7.176588,True
E68,LAGO MAYOR,2013-10-14,2013,LS,7.200000,Lago Mayor,mondrian,8.265560,4.896098,11.635021,6.738924,True
E69,LAGO MAYOR,2013-10-14,2013,LS,6.500000,Lago Mayor,mondrian,8.461621,5.092159,11.831083,6.738924,True
E70,LAGO MAYOR,2013-10-14,2013,LS,6.000000,Lago Mayor,mondrian,8.379436,5.009974,11.748898,6.738924,True
E71,LAGO MAYOR,2013-10-14,2013,LS,5.000000,Lago Mayor,mondrian,8.445354,5.075892,11.814816,6.738924,False
E72,LAGO MAYOR,2013-10-15,2013,LS,6.000000,Lago Mayor,mondrian,6.348553,2.271158,10.425948,8.154789,True
E73,LAGO MAYOR,2013-10-15,2013,LS,5.500000,Lago Mayor,mondrian,7.059241,2.981847,11.136636,8.154789,True
E74,LAGO MAYOR,2013-10-15,2013,LS,8.400000,Lago Mayor,mondrian,9.012328,5.642867,12.381790,6.738924,True
E75,LAGO MAYOR,2013-10-15,2013,LS,6.000000,Lago Mayor,mondrian,9.835347,6.465885,13.204809,6.738924,False
E76,LAGO MENOR,2013-10-15,2013,LS,5.500000,Lago Menor,mondrian,9.787030,6.417568,13.156492,6.738924,False
E77,LAGO MENOR,2013-10-15,2013,LS,5.000000,Lago Menor,mondrian,8.936869,5.567407,12.306331,6.738924,False
E79,LAGO MENOR,2013-10-15,2013,LS,5.400000,Lago Menor,mondrian,7.133276,3.055881,11.210671,8.154789,True
E80,LAGO MENOR,2013-10-15,2013,LS,5.100000,Lago Menor,mondrian,6.262048,2.184653,10.339442,8.154789,True
E81,LAGO MENOR,2013-10-15,2013,LS,4.500000,Lago Menor,mondrian,10.825769,7.237475,14.414063,7.176588,False
E82,LAGO MENOR,2013-10-16,2013,LS,5.500000,Lago Menor,mondrian,7.066717,3.136904,10.996530,7.859626,True
E83,LAGO MENOR,2013-10-16,2013,LS,6.000000,Lago Menor,mondrian,6.883746,2.953933,10.813559,7.859626,True
E84,LAGO MENOR,2013-10-15,2013,LS,6.000000,Lago Menor,mondrian,7.132457,3.055062,11.209852,8.154789,True
E85,LAGO MENOR,2013-10-16,2013,LS,6.300000,Lago Menor,mondrian,6.516763,2.586950,10.446576,7.859626,True
E87,LAGO MENOR,2013-10-16,2013,LS,6.000000,Lago Menor,mondrian,6.882280,2.952467,10.812093,7.859626,True
E03,BAHIA PUNO,2014-07-19,2014,LS,6.000000,Bahia de Puno,mondrian,7.987129,5.314876,10.659383,5.344507,True
E07,BAHIA PUNO,2014-07-19,2014,LS,7.000000,Bahia de Puno,mondrian,8.006165,5.333911,10.678419,5.344507,True
E08,BAHIA PUNO,2014-07-20,2014,LS,6.500000,Bahia de Puno,mondrian,6.268824,1.998288,10.539361,8.541074,True
E09,LAGO MAYOR,2014-07-20,2014,LS,8.000000,Lago Mayor,mondrian,9.347915,6.310948,12.384883,6.073935,True
E10,LAGO MAYOR,2014-07-20,2014,LS,8.500000,Lago Mayor,mondrian,9.069333,6.032365,12.106300,6.073935,True
E12,LAGO MAYOR,2014-07-21,2014,LS,8.000000,Lago Mayor,mondrian,9.361092,6.324125,12.398060,6.073935,True
E13,LAGO MAYOR,2014-07-21,2014,LS,9.500000,Lago Mayor,mondrian,8.610762,5.573794,11.647729,6.073935,True
E14,LAGO MAYOR,2014-07-20,2014,LS,9.000000,Lago Mayor,mondrian,9.558974,6.522006,12.595942,6.073935,True
E15,LAGO MAYOR,2014-07-22,2014,LS,8.000000,Lago Mayor,mondrian,9.545178,6.826797,12.263559,5.436763,True
E16,LAGO MAYOR,2014-07-21,2014,LS,12.200000,Lago Mayor,mondrian,6.779270,2.508734,11.049807,8.541074,False
E17,LAGO MAYOR,2014-07-22,2014,LS,10.500000,Lago Mayor,mondrian,8.439619,5.721238,11.158001,5.436763,True
E18,LAGO MAYOR,2014-07-22,2014,LS,12.000000,Lago Mayor,mondrian,10.136969,5.801929,14.472010,8.670082,True
E19,LAGO MAYOR,2014-07-22,2014,LS,12.400000,Lago Mayor,mondrian,10.131708,5.796667,14.466749,8.670082,True
E20,LAGO MAYOR,2014-07-23,2014,LS,8.500000,Lago Mayor,mondrian,7.607279,4.888898,10.325660,5.436763,True
E21,LAGO MAYOR,2014-07-23,2014,LS,9.400000,Lago Mayor,mondrian,10.801738,6.466697,15.136779,8.670082,True
E22,LAGO MAYOR,2014-07-23,2014,LS,10.000000,Lago Mayor,mondrian,10.466287,6.131246,14.801328,8.670082,True
E23,LAGO MAYOR,2014-07-23,2014,LS,10.200000,Lago Mayor,mondrian,11.113055,6.778014,15.448096,8.670082,True
E24,LAGO MAYOR,2014-07-23,2014,LS,10.600000,Lago Mayor,mondrian,11.491904,7.156863,15.826945,8.670082,True
E25,LAGO MAYOR,2014-07-23,2014,LS,9.500000,Lago Mayor,mondrian,9.747524,7.029143,12.465906,5.436763,True
E26,LAGO MAYOR,2014-07-23,2014,LS,8.000000,Lago Mayor,mondrian,9.943860,7.225479,12.662242,5.436763,True
E27,LAGO MAYOR,2014-07-23,2014,LS,10.000000,Lago Mayor,mondrian,10.430151,6.095110,14.765192,8.670082,True
E28,LAGO MAYOR,2014-07-24,2014,LS,11.400000,Lago Mayor,mondrian,11.899817,9.274820,14.524813,5.249993,True
E29,LAGO MAYOR,2014-07-24,2014,LS,10.400000,Lago Mayor,mondrian,9.740279,6.945105,12.535453,5.590348,True
E30,LAGO MAYOR,2014-07-24,2014,LS,11.600000,Lago Mayor,mondrian,7.999062,5.203888,10.794236,5.590348,False
E31,LAGO MAYOR,2014-07-24,2014,LS,10.800000,Lago Mayor,mondrian,6.401889,3.280370,9.523408,6.243039,False
E32,LAGO MAYOR,2014-07-25,2014,LS,10.000000,Lago Mayor,mondrian,8.295355,5.623102,10.967609,5.344507,True
E33,LAGO MAYOR,2014-07-25,2014,LS,10.500000,Lago Mayor,mondrian,10.309718,5.906957,14.712479,8.805521,True
E34,LAGO MAYOR,2014-07-25,2014,LS,10.000000,Lago Mayor,mondrian,10.023459,5.620698,14.426219,8.805521,True
E35,LAGO MAYOR,2014-07-25,2014,LS,10.000000,Lago Mayor,mondrian,10.903542,6.500782,15.306303,8.805521,True
E36,LAGO MAYOR,2014-07-25,2014,LS,10.500000,Lago Mayor,mondrian,11.509118,7.106357,15.911879,8.805521,True
E37,LAGO MAYOR,2014-07-25,2014,LS,11.000000,Lago Mayor,mondrian,10.429557,6.026796,14.832317,8.805521,True
E39,LAGO MAYOR,2014-07-25,2014,LS,10.000000,Lago Mayor,mondrian,10.246001,5.843241,14.648762,8.805521,True
E40,LAGO MAYOR,2014-07-26,2014,LS,11.000000,Lago Mayor,mondrian,10.203479,6.615185,13.791773,7.176588,True
E41,LAGO MAYOR,2014-07-26,2014,LS,11.000000,Lago Mayor,mondrian,9.826806,6.457345,13.196268,6.738924,True
E42,LAGO MAYOR,2014-07-26,2014,LS,7.000000,Lago Mayor,mondrian,9.048858,5.679396,12.418319,6.738924,True
E44,LAGO MAYOR,2014-07-27,2014,LS,11.000000,Lago Mayor,mondrian,9.784463,7.066082,12.502844,5.436763,True
E45,LAGO MAYOR,2017-07-27,2017,LS,11.000000,Lago Mayor,mondrian,10.128288,5.725527,14.531048,8.805521,True
E46,LAGO MAYOR,2014-07-27,2014,LS,11.000000,Lago Mayor,mondrian,8.984576,6.266195,11.702958,5.436763,True
E47,LAGO MAYOR,2014-07-27,2014,LS,11.000000,Lago Mayor,mondrian,9.737754,7.019373,12.456136,5.436763,True
E48,LAGO MAYOR,2014-07-27,2014,LS,7.400000,Lago Mayor,mondrian,9.334138,6.615756,12.052519,5.436763,True
E49,LAGO MAYOR,2014-07-27,2014,LS,10.000000,Lago Mayor,mondrian,9.394730,6.676349,12.113111,5.436763,True
E50,LAGO MAYOR,2014-07-27,2014,LS,10.200000,Lago Mayor,mondrian,10.082411,5.747370,14.417452,8.670082,True
E51,LAGO MAYOR,2014-07-28,2014,LS,11.500000,Lago Mayor,mondrian,11.099347,8.474350,13.724344,5.249993,True
E52,LAGO MAYOR,2014-07-28,2014,LS,13.000000,Lago Mayor,mondrian,8.964236,6.169062,11.759410,5.590348,False
E53,LAGO MAYOR,2014-07-28,2014,LS,11.000000,Lago Mayor,mondrian,9.729149,6.933975,12.524323,5.590348,True
E54,LAGO MAYOR,2014-07-28,2014,LS,10.500000,Lago Mayor,mondrian,9.626814,6.831640,12.421988,5.590348,True
E55,LAGO MAYOR,2014-07-28,2014,LS,9.500000,Lago Mayor,mondrian,9.214453,6.419279,12.009627,5.590348,True
E56,LAGO MAYOR,2014-07-28,2014,LS,9.200000,Lago Mayor,mondrian,9.776848,6.981674,12.572022,5.590348,True
E57,LAGO MAYOR,2014-07-20,2014,LS,9.500000,Lago Mayor,mondrian,10.287656,5.811133,14.764179,8.953046,True
E58,LAGO MAYOR,2014-07-29,2014,LS,10.000000,Lago Mayor,mondrian,10.090493,5.755452,14.425534,8.670082,True
E59,LAGO MAYOR,2014-07-29,2014,LS,10.600000,Lago Mayor,mondrian,9.884433,7.166051,12.602814,5.436763,True
E60,LAGO MAYOR,2014-07-29,2014,LS,11.200000,Lago Mayor,mondrian,10.355088,6.020047,14.690129,8.670082,True
E61,LAGO MAYOR,2014-07-29,2014,LS,11.000000,Lago Mayor,mondrian,9.569079,6.850698,12.287460,5.436763,True
E62,LAGO MAYOR,2014-07-29,2014,LS,10.000000,Lago Mayor,mondrian,9.250092,6.531711,11.968473,5.436763,True
E63,LAGO MAYOR,2014-07-29,2014,LS,10.200000,Lago Mayor,mondrian,10.429926,6.094885,14.764966,8.670082,True
E64,LAGO MAYOR,2014-07-29,2014,LS,9.500000,Lago Mayor,mondrian,9.886267,7.167885,12.604648,5.436763,True
E65,LAGO MAYOR,2014-07-30,2014,LS,9.500000,Lago Mayor,mondrian,10.271053,5.868292,14.673813,8.805521,True
E66,LAGO MAYOR,2014-07-30,2014,LS,11.000000,Lago Mayor,mondrian,10.026506,5.623745,14.429267,8.805521,True
E67,LAGO MAYOR,2014-07-30,2014,LS,9.000000,Lago Mayor,mondrian,9.986743,7.314490,12.658997,5.344507,True
E68,LAGO MAYOR,2014-07-30,2014,LS,10.000000,Lago Mayor,mondrian,11.240079,6.837318,15.642840,8.805521,True
E69,LAGO MAYOR,2014-07-30,2014,LS,8.000000,Lago Mayor,mondrian,9.650462,6.978208,12.322715,5.344507,True
E70,LAGO MAYOR,2014-07-30,2014,LS,5.000000,Lago Mayor,mondrian,9.228318,6.556064,11.900571,5.344507,False
E71,LAGO MAYOR,2014-07-30,2014,LS,5.500000,Lago Mayor,mondrian,8.019542,5.347288,10.691796,5.344507,True
E74,LAGO MENOR,2014-07-30,2014,LS,6.500000,Lago Menor,mondrian,7.057647,3.127834,10.987460,7.859626,True
E75,LAGO MENOR,2014-07-30,2014,LS,6.000000,Lago Menor,mondrian,6.245986,2.316173,10.175799,7.859626,True
E76,LAGO MENOR,2014-07-30,2014,LS,5.000000,Lago Menor,mondrian,9.639444,6.967191,12.311698,5.344507,False
E77,LAGO MENOR,2014-07-31,2014,LS,6.000000,Lago Menor,mondrian,6.300477,2.370664,10.230290,7.859626,True
E79,LAGO MENOR,2014-07-31,2014,LS,6.000000,Lago Menor,mondrian,6.493661,2.563848,10.423474,7.859626,True
E80,LAGO MENOR,2014-07-31,2014,LS,6.000000,Lago Menor,mondrian,6.069448,2.139635,9.999261,7.859626,True
E02,BAHIA PUNO,2015-07-14,2015,LS,6.500000,Bahia de Puno,mondrian,9.644805,6.607838,12.681773,6.073935,False
E05,BAHIA PUNO,2015-07-15,2015,LS,7.000000,Bahia de Puno,mondrian,10.026281,5.549758,14.502804,8.953046,True
E08,BAHIA PUNO,2015-07-15,2015,LS,8.000000,Bahia de Puno,mondrian,9.100815,6.063847,12.137783,6.073935,True
E12,BAHIA PUNO,2015-07-15,2015,LS,8.000000,Bahia de Puno,mondrian,9.457290,6.420322,12.494258,6.073935,True
E13,BAHIA PUNO,2015-07-15,2015,LS,9.000000,Bahia de Puno,mondrian,9.671469,6.634501,12.708437,6.073935,True
E14,BAHIA PUNO,2015-07-15,2015,LS,9.000000,Bahia de Puno,mondrian,9.519817,6.482849,12.556784,6.073935,True
E15,BAHIA PUNO,2015-07-15,2015,LS,7.000000,Bahia de Puno,mondrian,8.908310,5.871343,11.945278,6.073935,True
E16,BAHIA PUNO,2015-07-16,2015,LS,7.000000,Bahia de Puno,mondrian,6.371244,2.293849,10.448638,8.154789,True
E18,LAGO MAYOR,2015-07-16,2015,LS,10.000000,Lago Mayor,mondrian,9.930778,6.561316,13.300240,6.738924,True
E19,LAGO MAYOR,2015-07-16,2015,LS,9.500000,Lago Mayor,mondrian,9.931482,6.562021,13.300944,6.738924,True
E20,LAGO MAYOR,2015-07-16,2015,LS,8.500000,Lago Mayor,mondrian,9.279733,5.910271,12.649195,6.738924,True
E21,LAGO MAYOR,2015-07-16,2015,LS,9.000000,Lago Mayor,mondrian,10.463443,6.875149,14.051737,7.176588,True
E22,LAGO MAYOR,2015-07-16,2015,LS,10.000000,Lago Mayor,mondrian,9.387272,6.017810,12.756734,6.738924,True
E23,LAGO MAYOR,2015-07-17,2015,LS,8.000000,Lago Mayor,mondrian,10.586004,6.183244,14.988765,8.805521,True
E24,LAGO MAYOR,2015-07-17,2015,LS,12.000000,Lago Mayor,mondrian,8.807447,6.135193,11.479700,5.344507,False
E27,LAGO MAYOR,2015-07-17,2015,LS,9.000000,Lago Mayor,mondrian,8.708234,6.035980,11.380487,5.344507,True
E28,LAGO MAYOR,2015-07-17,2015,LS,5.500000,Lago Mayor,mondrian,8.006065,5.333811,10.678318,5.344507,True
E29,LAGO MAYOR,2015-07-17,2015,LS,7.000000,Lago Mayor,mondrian,8.885315,6.213061,11.557568,5.344507,True
E31,LAGO MAYOR,2015-07-18,2015,LS,8.000000,Lago Mayor,mondrian,7.503772,4.785390,10.222153,5.436763,True
E32,LAGO MAYOR,2015-07-18,2015,LS,7.000000,Lago Mayor,mondrian,7.625728,4.907347,10.344110,5.436763,True
E35,LAGO MAYOR,2015-07-19,2015,LS,8.000000,Lago Mayor,mondrian,7.373661,3.263844,11.483478,8.219634,True
E36,LAGO MAYOR,2015-07-19,2015,LS,10.000000,Lago Mayor,mondrian,8.119092,5.400710,10.837473,5.436763,True
E37,LAGO MAYOR,2015-07-19,2015,LS,10.000000,Lago Mayor,mondrian,7.979792,5.261411,10.698174,5.436763,True
E38,LAGO MAYOR,2015-07-19,2015,LS,9.000000,Lago Mayor,mondrian,8.343369,5.624988,11.061751,5.436763,True
E39,LAGO MAYOR,2015-07-19,2015,LS,6.000000,Lago Mayor,mondrian,5.278683,1.168866,9.388500,8.219634,True
E40,LAGO MAYOR,2015-07-20,2015,LS,10.000000,Lago Mayor,mondrian,9.744262,7.025881,12.462643,5.436763,True
E41,LAGO MAYOR,2015-07-20,2015,LS,11.000000,Lago Mayor,mondrian,9.545430,6.827048,12.263811,5.436763,True
E42,LAGO MAYOR,2015-07-20,2015,LS,10.000000,Lago Mayor,mondrian,10.105612,5.770571,14.440653,8.670082,True
E43,LAGO MAYOR,2015-07-21,2015,LS,9.000000,Lago Mayor,mondrian,9.596396,6.559428,12.633363,6.073935,True
E44,LAGO MAYOR,2015-07-21,2015,LS,8.000000,Lago Mayor,mondrian,9.883380,6.846412,12.920347,6.073935,True
E45,LAGO MAYOR,2015-07-21,2015,LS,10.000000,Lago Mayor,mondrian,10.571245,6.094722,15.047769,8.953046,True
E46,LAGO MAYOR,2015-07-21,2015,LS,9.000000,Lago Mayor,mondrian,10.214323,5.737800,14.690846,8.953046,True
E48,LAGO MAYOR,2015-07-22,2015,LS,10.000000,Lago Mayor,mondrian,10.345777,7.720780,12.970773,5.249993,True
E49,LAGO MAYOR,2015-07-22,2015,LS,9.000000,Lago Mayor,mondrian,9.978606,7.183433,12.773780,5.590348,True
E50,LAGO MAYOR,2015-07-22,2015,LS,10.000000,Lago Mayor,mondrian,10.312830,7.687834,12.937827,5.249993,True
E51,LAGO MAYOR,2015-07-23,2015,LS,10.000000,Lago Mayor,mondrian,10.518021,7.893024,13.143018,5.249993,True
E52,LAGO MAYOR,2015-07-23,2015,LS,9.000000,Lago Mayor,mondrian,9.942586,7.147412,12.737760,5.590348,True
E53,LAGO MAYOR,2015-07-23,2015,LS,8.000000,Lago Mayor,mondrian,9.487237,6.692063,12.282411,5.590348,True
E54,LAGO MAYOR,2015-07-23,2015,LS,8.000000,Lago Mayor,mondrian,9.377069,6.581895,12.172243,5.590348,True
E55,LAGO MAYOR,2015-07-24,2015,LS,11.000000,Lago Mayor,mondrian,9.790333,6.420871,13.159795,6.738924,True
E56,LAGO MAYOR,2015-07-25,2015,LS,9.000000,Lago Mayor,mondrian,9.362647,6.325680,12.399615,6.073935,True
E57,LAGO MAYOR,2015-07-24,2015,LS,8.000000,Lago Mayor,mondrian,9.922412,6.552950,13.291873,6.738924,True
E58,LAGO MAYOR,2015-07-24,2015,LS,8.300000,Lago Mayor,mondrian,9.766712,6.397250,13.136174,6.738924,True
E59,LAGO MAYOR,2015-07-24,2015,LS,8.000000,Lago Mayor,mondrian,10.398467,6.810173,13.986761,7.176588,True
E60,LAGO MAYOR,2015-07-27,2015,LS,11.000000,Lago Mayor,mondrian,9.814709,6.445247,13.184171,6.738924,True
E61,LAGO MAYOR,2015-07-27,2015,LS,8.000000,Lago Mayor,mondrian,10.099928,6.511634,13.688222,7.176588,True
E62,LAGO MAYOR,2015-07-25,2015,LS,9.000000,Lago Mayor,mondrian,10.707944,6.231421,15.184467,8.953046,True
E63,LAGO MAYOR,2015-07-25,2015,LS,10.000000,Lago Mayor,mondrian,9.942620,6.905652,12.979588,6.073935,True
E64,LAGO MAYOR,2015-07-23,2015,LS,9.000000,Lago Mayor,mondrian,10.142707,7.517710,12.767704,5.249993,True
E66,LAGO MAYOR,2015-07-28,2015,LS,11.000000,Lago Mayor,mondrian,9.653449,6.858275,12.448623,5.590348,True
E67,LAGO MAYOR,2015-07-27,2015,LS,10.000000,Lago Mayor,mondrian,9.660120,6.290658,13.029581,6.738924,True
E68,LAGO MAYOR,2015-07-28,2015,LS,7.000000,Lago Mayor,mondrian,9.841065,7.045891,12.636239,5.590348,False
E72,LAGO MAYOR,2015-07-26,2015,LS,6.000000,Lago Mayor,mondrian,6.158698,2.228885,10.088511,7.859626,True
E73,LAGO MAYOR,2015-07-26,2015,LS,5.200000,Lago Mayor,mondrian,5.392459,1.462646,9.322272,7.859626,True
E74,LAGO MAYOR,2015-07-26,2015,LS,8.000000,Lago Mayor,mondrian,8.048538,5.376284,10.720791,5.344507,True
E75,LAGO MAYOR,2015-07-26,2015,LS,5.000000,Lago Mayor,mondrian,7.434863,3.505050,11.364676,7.859626,True
E76,LAGO MAYOR,2015-07-26,2015,LS,8.000000,Lago Mayor,mondrian,8.799230,6.126977,11.471484,5.344507,True
E77,LAGO MAYOR,2015-07-26,2015,LS,7.500000,Lago Mayor,mondrian,9.242623,6.570370,11.914877,5.344507,True
E78,LAGO MAYOR,2015-07-30,2015,LS,11.000000,Lago Mayor,mondrian,9.001680,6.329426,11.673934,5.344507,True
E79,LAGO MAYOR,2015-07-29,2015,LS,9.000000,Lago Mayor,mondrian,9.556130,6.519162,12.593097,6.073935,True
E80,LAGO MAYOR,2015-07-29,2015,LS,10.000000,Lago Mayor,mondrian,9.801572,6.764604,12.838540,6.073935,True
E81,LAGO MAYOR,2015-07-30,2015,LS,10.000000,Lago Mayor,mondrian,9.620429,6.948175,12.292683,5.344507,True
E82,LAGO MAYOR,2015-07-30,2015,LS,9.000000,Lago Mayor,mondrian,9.668065,6.995812,12.340319,5.344507,True
E83,LAGO MAYOR,2015-07-31,2015,LS,9.000000,Lago Mayor,mondrian,8.779250,6.060869,11.497631,5.436763,True
E85,LAGO MAYOR,2015-07-31,2015,LS,9.000000,Lago Mayor,mondrian,9.913366,7.194985,12.631747,5.436763,True
E86,LAGO MAYOR,2015-07-31,2015,LS,9.000000,Lago Mayor,mondrian,9.631099,6.912718,12.349481,5.436763,True
E88,LAGO MAYOR,2015-08-03,2015,LS,9.500000,Lago Mayor,mondrian,9.641597,6.846423,12.436771,5.590348,True
E90,LAGO MAYOR,2015-08-02,2015,LS,9.000000,Lago Mayor,mondrian,8.752927,5.383466,12.122389,6.738924,True
E91,LAGO MAYOR,2015-08-02,2015,LS,10.000000,Lago Mayor,mondrian,9.500954,6.131493,12.870416,6.738924,True
E92,LAGO MAYOR,2015-08-02,2015,LS,9.000000,Lago Mayor,mondrian,9.329550,5.960089,12.699012,6.738924,True
E94,LAGO MAYOR,2015-08-02,2015,LS,9.000000,Lago Mayor,mondrian,9.552416,6.182954,12.921878,6.738924,True
E95,LAGO MAYOR,2015-08-03,2015,LS,9.000000,Lago Mayor,mondrian,10.214250,7.589253,12.839246,5.249993,True
E96,LAGO MAYOR,2015-08-03,2015,LS,7.500000,Lago Mayor,mondrian,9.887775,7.092601,12.682949,5.590348,True
E97,LAGO MAYOR,2015-08-02,2015,LS,10.000000,Lago Mayor,mondrian,9.570728,6.201266,12.940190,6.738924,True
E98,LAGO MAYOR,2015-08-05,2015,LS,9.000000,Lago Mayor,mondrian,10.214789,6.626495,13.803083,7.176588,True
E99,LAGO MAYOR,2015-08-05,2015,LS,9.500000,Lago Mayor,mondrian,9.341954,5.972492,12.711416,6.738924,True
E100,LAGO MAYOR,2015-08-01,2015,LS,10.000000,Lago Mayor,mondrian,10.091975,5.756935,14.427016,8.670082,True
E101,LAGO MAYOR,2015-08-01,2015,LS,10.500000,Lago Mayor,mondrian,9.655609,6.937228,12.373990,5.436763,True
E102,LAGO MAYOR,2015-08-01,2015,LS,9.000000,Lago Mayor,mondrian,9.875400,7.157018,12.593781,5.436763,True
E104,LAGO MAYOR,2015-08-01,2015,LS,11.000000,Lago Mayor,mondrian,9.409619,6.691237,12.128000,5.436763,True
E105,LAGO MAYOR,2015-08-01,2015,LS,2.200000,Lago Mayor,mondrian,5.759020,1.649204,9.868837,8.219634,True
E107,LAGO MAYOR,2015-08-01,2015,LS,10.500000,Lago Mayor,mondrian,9.325749,6.607367,12.044130,5.436763,True
E109,LAGO MAYOR,2015-08-04,2015,LS,10.000000,Lago Mayor,mondrian,10.764623,6.288100,15.241146,8.953046,True
E110,LAGO MAYOR,2015-08-04,2015,LS,9.000000,Lago Mayor,mondrian,10.032471,5.555948,14.508995,8.953046,True
E111,LAGO MAYOR,2015-08-04,2015,LS,8.000000,Lago Mayor,mondrian,10.184467,5.707944,14.660990,8.953046,True
E112,LAGO MAYOR,2015-08-04,2015,LS,9.500000,Lago Mayor,mondrian,9.870378,6.833410,12.907346,6.073935,True
E113,LAGO MAYOR,2015-08-04,2015,LS,9.500000,Lago Mayor,mondrian,9.864234,6.827266,12.901201,6.073935,True
E115,LAGO MAYOR,2015-08-04,2015,LS,10.000000,Lago Mayor,mondrian,9.450535,6.413568,12.487503,6.073935,True
E116,LAGO MAYOR,2015-08-05,2015,LS,9.000000,Lago Mayor,mondrian,9.291443,5.921981,12.660904,6.738924,True
E117,LAGO MAYOR,2015-08-04,2015,LS,9.000000,Lago Mayor,mondrian,9.283583,6.246615,12.320550,6.073935,True
E118,LAGO MAYOR,2015-08-05,2015,LS,9.000000,Lago Mayor,mondrian,9.438521,6.069059,12.807982,6.738924,True
E119,LAGO MAYOR,2015-08-05,2015,LS,9.000000,Lago Mayor,mondrian,9.616162,6.246700,12.985623,6.738924,True
E120,LAGO MAYOR,2015-08-05,2015,LS,10.000000,Lago Mayor,mondrian,9.100489,5.731028,12.469951,6.738924,True
E121,LAGO MAYOR,2015-08-05,2015,LS,9.000000,Lago Mayor,mondrian,9.808449,6.438988,13.177911,6.738924,True
E125,LAGO MENOR,2015-08-06,2015,LS,8.000000,Lago Menor,mondrian,6.864837,2.787442,10.942231,8.154789,True
E130,LAGO MENOR,2015-08-07,2015,LS,4.500000,Lago Menor,mondrian,7.654243,4.617276,10.691211,6.073935,False
E131,LAGO MENOR,2015-08-07,2015,LS,5.000000,Lago Menor,mondrian,7.597789,4.560821,10.634757,6.073935,True
E132,LAGO MENOR,2015-08-07,2015,LS,5.000000,Lago Menor,mondrian,5.365911,1.095374,9.636447,8.541074,True
E135,LAGO MENOR,2015-08-07,2015,LS,8.000000,Lago Menor,mondrian,8.147439,5.110471,11.184406,6.073935,True
E136,LAGO MENOR,2015-08-07,2015,LS,5.000000,Lago Menor,mondrian,6.891130,2.620593,11.161667,8.541074,True
E137,LAGO MENOR,2015-08-08,2015,LS,6.000000,Lago Menor,mondrian,6.031124,2.101311,9.960937,7.859626,True
E139,LAGO MENOR,2015-08-08,2015,LS,4.000000,Lago Menor,mondrian,5.512295,1.582482,9.442108,7.859626,True
E141,LAGO MENOR,2015-08-08,2015,LS,4.000000,Lago Menor,mondrian,6.053155,2.123342,9.982968,7.859626,True
E142,LAGO MENOR,2015-08-08,2015,LS,5.000000,Lago Menor,mondrian,5.977707,2.047894,9.907520,7.859626,True
E143,LAGO MENOR,2015-08-09,2015,LS,6.000000,Lago Menor,mondrian,5.636303,1.365766,9.906840,8.541074,True
E145,LAGO MENOR,2015-08-09,2015,LS,6.000000,Lago Menor,mondrian,5.805290,1.534753,10.075826,8.541074,True
E147,LAGO MENOR,2015-08-09,2015,LS,6.000000,Lago Menor,mondrian,6.062637,1.792100,10.333174,8.541074,True
E01,BAHIA PUNO,2016-08-03,2016,LS,8.500000,Bahia de Puno,mondrian,6.830404,2.720587,10.940221,8.219634,True
E02,BAHIA PUNO,2016-08-03,2016,LS,9.500000,Bahia de Puno,mondrian,8.910656,6.192275,11.629038,5.436763,True
E04,BAHIA PUNO,2016-08-03,2016,LS,7.000000,Bahia de Puno,mondrian,8.529075,5.810693,11.247456,5.436763,True
E05,BAHIA PUNO,2016-08-03,2016,LS,7.000000,Bahia de Puno,mondrian,9.466889,6.748508,12.185271,5.436763,True
E07,BAHIA PUNO,2016-08-03,2016,LS,5.000000,Bahia de Puno,mondrian,6.908958,2.799141,11.018775,8.219634,True
E08,BAHIA PUNO,2016-08-03,2016,LS,8.500000,Bahia de Puno,mondrian,9.880476,7.162094,12.598857,5.436763,True
E09,BAHIA PUNO,2016-08-03,2016,LS,6.000000,Bahia de Puno,mondrian,6.717167,2.607350,10.826984,8.219634,True
E13,BAHIA PUNO,2016-08-04,2016,LS,9.000000,Bahia de Puno,mondrian,11.160685,6.825644,15.495726,8.670082,True
E14,BAHIA PUNO,2016-08-04,2016,LS,9.500000,Bahia de Puno,mondrian,9.719885,7.001503,12.438266,5.436763,True
E15,BAHIA PUNO,2016-08-04,2016,LS,8.500000,Bahia de Puno,mondrian,7.830724,5.112343,10.549105,5.436763,True
E16,BAHIA PUNO,2016-08-04,2016,LS,6.500000,Bahia de Puno,mondrian,6.554443,2.444626,10.664260,8.219634,True
E17,BAHIA PUNO,2016-08-04,2016,LS,3.500000,Bahia de Puno,mondrian,5.842046,1.732230,9.951863,8.219634,True
E27,LAGO MAYOR,2016-08-05,2016,LS,9.800000,Lago Mayor,mondrian,9.095991,6.300817,11.891165,5.590348,True
E28,LAGO MAYOR,2016-08-05,2016,LS,8.800000,Lago Mayor,mondrian,8.682944,5.887770,11.478118,5.590348,True
E32,LAGO MAYOR,2016-08-05,2016,LS,9.800000,Lago Mayor,mondrian,7.763489,4.968315,10.558663,5.590348,True
E33,LAGO MAYOR,2016-08-05,2016,LS,4.600000,Lago Mayor,mondrian,3.840760,1.138495,6.543025,5.404530,True
E36,LAGO MAYOR,2016-08-05,2016,LS,9.000000,Lago Mayor,mondrian,8.327509,5.532335,11.122683,5.590348,True
E39,LAGO MAYOR,2016-08-06,2016,LS,5.000000,Lago Mayor,mondrian,7.361107,3.090570,11.631643,8.541074,True
E41,LAGO MAYOR,2016-08-06,2016,LS,11.000000,Lago Mayor,mondrian,11.373132,6.896609,15.849656,8.953046,True
E42,LAGO MAYOR,2016-08-06,2016,LS,11.000000,Lago Mayor,mondrian,10.314833,5.838310,14.791357,8.953046,True
E43,LAGO MAYOR,2016-08-04,2016,LS,11.000000,Lago Mayor,mondrian,10.233595,5.898555,14.568636,8.670082,True
E22,LAGO MAYOR,2016-08-05,2016,LS,10.200000,Lago Mayor,mondrian,10.347247,7.722250,12.972244,5.249993,True
E48,LAGO MAYOR,2016-08-08,2016,LS,14.500000,Lago Mayor,mondrian,9.745236,7.026854,12.463617,5.436763,False
E49,LAGO MAYOR,2016-08-08,2016,LS,12.800000,Lago Mayor,mondrian,10.256433,5.921392,14.591473,8.670082,True
E50,LAGO MAYOR,2016-08-08,2016,LS,11.900000,Lago Mayor,mondrian,9.565925,6.847544,12.284307,5.436763,True
E51,LAGO MAYOR,2016-08-06,2016,LS,9.400000,Lago Mayor,mondrian,11.367877,6.891354,15.844400,8.953046,True
E52,LAGO MAYOR,2016-08-06,2016,LS,10.300000,Lago Mayor,mondrian,9.353118,6.316150,12.390086,6.073935,True
E58,LAGO MAYOR,2016-08-09,2016,LS,5.000000,Lago Mayor,mondrian,7.269317,2.998780,11.539854,8.541074,True
E59,LAGO MAYOR,2016-08-09,2016,LS,13.000000,Lago Mayor,mondrian,11.154193,6.677670,15.630716,8.953046,True
E60,LAGO MAYOR,2016-08-09,2016,LS,12.000000,Lago Mayor,mondrian,10.819008,6.342485,15.295531,8.953046,True
E61,LAGO MAYOR,2016-08-08,2016,LS,10.200000,Lago Mayor,mondrian,10.832893,6.497852,15.167934,8.670082,True
E68,LAGO MAYOR,2016-08-08,2016,LS,5.500000,Lago Mayor,mondrian,9.786063,7.067682,12.504444,5.436763,False
E72,LAGO MAYOR,2016-08-09,2016,LS,5.800000,Lago Mayor,mondrian,5.508309,1.237772,9.778846,8.541074,True
E76,LAGO MAYOR,2016-08-11,2016,LS,12.500000,Lago Mayor,mondrian,10.792198,8.167201,13.417194,5.249993,True
E78,LAGO MAYOR,2016-08-11,2016,LS,13.500000,Lago Mayor,mondrian,9.826504,7.031330,12.621678,5.590348,False
E79,LAGO MAYOR,2016-08-11,2016,LS,11.500000,Lago Mayor,mondrian,9.851188,7.056014,12.646362,5.590348,True
E80,LAGO MAYOR,2016-08-11,2016,LS,10.500000,Lago Mayor,mondrian,10.294863,7.669866,12.919860,5.249993,True
E82,LAGO MAYOR,2016-08-10,2016,LS,8.200000,Lago Mayor,mondrian,10.656321,6.179798,15.132844,8.953046,True
E83,LAGO MAYOR,2016-08-10,2016,LS,5.500000,Lago Mayor,mondrian,8.963278,5.926311,12.000246,6.073935,False
E84,LAGO MAYOR,2016-08-10,2016,LS,4.700000,Lago Mayor,mondrian,6.648455,2.377918,10.918992,8.541074,True
E85,LAGO MAYOR,2016-08-10,2016,LS,9.800000,Lago Mayor,mondrian,9.710083,6.673115,12.747051,6.073935,True
E88,LAGO MAYOR,2016-08-10,2016,LS,6.500000,Lago Mayor,mondrian,9.958006,6.921038,12.994973,6.073935,False
E94,LAGO MAYOR,2016-08-10,2016,LS,7.400000,Lago Mayor,mondrian,7.313555,3.043019,11.584092,8.541074,True
E97,LAGO MAYOR,2016-08-10,2016,LS,9.500000,Lago Mayor,mondrian,10.914399,6.437876,15.390922,8.953046,True
E98,LAGO MAYOR,2016-08-10,2016,LS,9.000000,Lago Mayor,mondrian,10.404568,5.928045,14.881091,8.953046,True
E99,LAGO MAYOR,2016-08-12,2016,LS,9.200000,Lago Mayor,mondrian,10.216742,6.628448,13.805036,7.176588,True
E100,LAGO MAYOR,2016-08-12,2016,LS,10.200000,Lago Mayor,mondrian,9.795032,6.425571,13.164494,6.738924,True
E104,LAGO MAYOR,2016-08-11,2016,LS,11.500000,Lago Mayor,mondrian,10.548738,7.923741,13.173735,5.249993,True
E113,LAGO MAYOR,2016-08-10,2016,LS,9.300000,Lago Mayor,mondrian,10.338506,5.861983,14.815029,8.953046,True
E117,LAGO MAYOR,2016-08-10,2016,LS,10.000000,Lago Mayor,mondrian,9.786150,6.749182,12.823117,6.073935,True
E119,LAGO MAYOR,2016-08-10,2016,LS,10.500000,Lago Mayor,mondrian,10.611531,6.135008,15.088054,8.953046,True
E120,LAGO MAYOR,2016-08-12,2016,LS,14.200000,Lago Mayor,mondrian,9.657650,6.288188,13.027112,6.738924,False
E121,LAGO MAYOR,2016-08-12,2016,LS,10.500000,Lago Mayor,mondrian,9.789932,6.420470,13.159394,6.738924,True
E01,BAHIA PUNO,2017-07-10,2017,LS,5.300000,Bahia de Puno,mondrian,8.258935,4.889473,11.628397,6.738924,True
E02,BAHIA PUNO,2017-07-11,2017,LS,6.000000,Bahia de Puno,mondrian,8.159875,5.364701,10.955049,5.590348,True
E05,BAHIA PUNO,2017-07-11,2017,LS,6.600000,Bahia de Puno,mondrian,8.302758,5.507584,11.097932,5.590348,True
E14,BAHIA PUNO,2017-07-12,2017,LS,10.600000,Bahia de Puno,mondrian,10.594013,7.005719,14.182307,7.176588,True
E15,BAHIA PUNO,2017-07-12,2017,LS,6.600000,Bahia de Puno,mondrian,7.064769,2.987374,11.142164,8.154789,True
E16,BAHIA PUNO,2017-07-12,2017,LS,6.000000,Bahia de Puno,mondrian,7.092073,3.014678,11.169468,8.154789,True
E17,BAHIA PUNO,2017-07-11,2017,LS,4.200000,Bahia de Puno,mondrian,5.463144,2.341625,8.584663,6.243039,True
E28,LAGO MAYOR,2017-07-12,2017,LS,10.300000,Lago Mayor,mondrian,7.741077,4.371615,11.110539,6.738924,True
E32,LAGO MAYOR,2017-07-12,2017,LS,7.000000,Lago Mayor,mondrian,9.917693,6.548231,13.287155,6.738924,True
E36,LAGO MAYOR,2017-07-13,2017,LS,10.800000,Lago Mayor,mondrian,8.923632,5.554170,12.293094,6.738924,True
E39,LAGO MAYOR,2017-07-13,2017,LS,8.400000,Lago Mayor,mondrian,5.724080,1.646685,9.801475,8.154789,True
E41,LAGO MAYOR,2017-07-13,2017,LS,13.000000,Lago Mayor,mondrian,9.801374,6.431913,13.170836,6.738924,True
E42,LAGO MAYOR,2017-07-13,2017,LS,14.000000,Lago Mayor,mondrian,9.629437,6.259975,12.998899,6.738924,False
E43,LAGO MAYOR,2017-07-13,2017,LS,12.000000,Lago Mayor,mondrian,9.797990,6.428528,13.167451,6.738924,True
E22,LAGO MAYOR,2017-07-13,2017,LS,9.000000,Lago Mayor,mondrian,9.485259,6.115798,12.854721,6.738924,True
E48,LAGO MAYOR,2017-07-15,2017,LS,12.000000,Lago Mayor,mondrian,11.191130,6.788369,15.593890,8.805521,True
E49,LAGO MAYOR,2017-07-15,2017,LS,9.000000,Lago Mayor,mondrian,9.814179,7.141926,12.486433,5.344507,True
E50,LAGO MAYOR,2017-07-15,2017,LS,12.000000,Lago Mayor,mondrian,9.940141,7.267888,12.612395,5.344507,True
E51,LAGO MAYOR,2017-07-15,2017,LS,9.800000,Lago Mayor,mondrian,10.709452,6.306692,15.112213,8.805521,True
E52,LAGO MAYOR,2017-07-15,2017,LS,9.000000,Lago Mayor,mondrian,9.360487,6.688233,12.032740,5.344507,True
E59,LAGO MAYOR,2017-07-16,2017,LS,10.000000,Lago Mayor,mondrian,9.918063,7.245810,12.590317,5.344507,True
E60,LAGO MAYOR,2017-07-16,2017,LS,10.000000,Lago Mayor,mondrian,10.958095,6.555335,15.360856,8.805521,True
E61,LAGO MAYOR,2017-07-16,2017,LS,12.800000,Lago Mayor,mondrian,10.433703,6.030942,14.836464,8.805521,True
E72,LAGO MAYOR,2017-07-16,2017,LS,5.800000,Lago Mayor,mondrian,5.324652,1.394838,9.254465,7.859626,True
E76,LAGO MAYOR,2017-07-19,2017,LS,9.000000,Lago Mayor,mondrian,9.809350,7.014176,12.604524,5.590348,True
E78,LAGO MAYOR,2017-07-19,2017,LS,10.300000,Lago Mayor,mondrian,10.441356,7.816360,13.066353,5.249993,True
E79,LAGO MAYOR,2017-07-16,2017,LS,10.000000,Lago Mayor,mondrian,10.724731,6.321971,15.127492,8.805521,True
E80,LAGO MAYOR,2017-07-17,2017,LS,10.000000,Lago Mayor,mondrian,10.216007,5.739484,14.692530,8.953046,True
E82,LAGO MAYOR,2017-07-17,2017,LS,10.000000,Lago Mayor,mondrian,9.700069,6.663101,12.737036,6.073935,True
E83,LAGO MAYOR,2017-07-17,2017,LS,8.000000,Lago Mayor,mondrian,9.578101,6.541133,12.615069,6.073935,True
E88,LAGO MAYOR,2017-07-20,2017,LS,8.000000,Lago Mayor,mondrian,9.571043,6.898789,12.243296,5.344507,True
E94,LAGO MAYOR,2017-07-20,2017,LS,9.000000,Lago Mayor,mondrian,10.765857,6.363096,15.168618,8.805521,True
E97,LAGO MAYOR,2017-07-20,2017,LS,10.000000,Lago Mayor,mondrian,10.353460,5.950700,14.756221,8.805521,True
E98,LAGO MAYOR,2017-07-19,2017,LS,9.500000,Lago Mayor,mondrian,10.249908,7.624912,12.874905,5.249993,True
E99,LAGO MAYOR,2017-07-19,2017,LS,11.000000,Lago Mayor,mondrian,9.597869,6.802695,12.393043,5.590348,True
E100,LAGO MAYOR,2017-07-19,2017,LS,10.000000,Lago Mayor,mondrian,11.152447,8.527450,13.777444,5.249993,True
E104,LAGO MAYOR,2017-07-19,2017,LS,10.200000,Lago Mayor,mondrian,10.478662,7.853665,13.103659,5.249993,True
E113,LAGO MAYOR,2017-07-20,2017,LS,10.000000,Lago Mayor,mondrian,10.268727,5.865966,14.671487,8.805521,True
E117,LAGO MAYOR,2017-07-19,2017,LS,8.500000,Lago Mayor,mondrian,10.482647,7.857650,13.107643,5.249993,True
E120,LAGO MAYOR,2017-07-21,2017,LS,9.500000,Lago Mayor,mondrian,9.785222,6.748254,12.822190,6.073935,True
E121,LAGO MAYOR,2017-07-21,2017,LS,9.000000,Lago Mayor,mondrian,9.534674,6.497706,12.571642,6.073935,True
E122,LAGO MENOR,2017-07-21,2017,LS,9.000000,Lago Menor,mondrian,8.528760,5.491793,11.565728,6.073935,True
E123,LAGO MENOR,2017-07-21,2017,LS,6.500000,Lago Menor,mondrian,7.859652,4.822684,10.896619,6.073935,True
E125,LAGO MENOR,2017-07-21,2017,LS,8.000000,Lago Menor,mondrian,6.114978,1.844441,10.385515,8.541074,True
E130,LAGO MENOR,2017-07-22,2017,LS,5.400000,Lago Menor,mondrian,6.581600,2.311063,10.852137,8.541074,True
E136,LAGO MENOR,2017-07-22,2017,LS,7.000000,Lago Menor,mondrian,7.471507,3.200970,11.742044,8.541074,True
E135,LAGO MENOR,2017-07-22,2017,LS,6.000000,Lago Menor,mondrian,6.834985,2.564448,11.105522,8.541074,True
E137,LAGO MENOR,2017-07-22,2017,LS,6.000000,Lago Menor,mondrian,6.288762,2.018225,10.559298,8.541074,True
E142,LAGO MENOR,2017-07-22,2017,LS,6.000000,Lago Menor,mondrian,6.402315,2.131778,10.672851,8.541074,True
E-148,LAGO MENOR,2017-07-22,2017,LS,6.000000,Lago Menor,mondrian,5.915488,1.644951,10.186025,8.541074,True
E-145,LAGO MENOR,2017-07-23,2017,LS,6.500000,Lago Menor,mondrian,6.213566,2.103750,10.323383,8.219634,True
E-147,LAGO MENOR,2017-07-23,2017,LS,6.500000,Lago Menor,mondrian,5.026061,0.916244,9.135878,8.219634,True
E01,BAHIA PUNO,2018-07-18,2018,LS,5.400000,Bahia de Puno,mondrian,6.147476,2.070081,10.224870,8.154789,True
E02,BAHIA PUNO,2018-07-18,2018,LS,6.000000,Bahia de Puno,mondrian,10.470902,6.882607,14.059196,7.176588,False
E03,BAHIA PUNO,2018-07-18,2018,LS,7.500000,Bahia de Puno,mondrian,9.515817,6.146355,12.885279,6.738924,True
E16,BAHIA PUNO,2018-07-19,2018,LS,7.000000,Bahia de Puno,mondrian,7.099079,2.989262,11.208896,8.219634,True
E17,BAHIA PUNO,2018-07-19,2018,LS,1.500000,Bahia de Puno,mondrian,8.741182,6.022801,11.459563,5.436763,False
E28,LAGO MAYOR,2018-07-20,2018,LS,8.000000,Lago Mayor,mondrian,9.451909,6.779655,12.124162,5.344507,True
E32,LAGO MAYOR,2018-07-20,2018,LS,7.000000,Lago Mayor,mondrian,9.270582,6.598329,11.942836,5.344507,True
E36,LAGO MAYOR,2018-07-20,2018,LS,7.500000,Lago Mayor,mondrian,9.400444,6.728190,12.072697,5.344507,True
E39,LAGO MAYOR,2018-07-21,2018,LS,7.000000,Lago Mayor,mondrian,6.495571,2.565758,10.425384,7.859626,True
E41,LAGO MAYOR,2018-07-21,2018,LS,8.500000,Lago Mayor,mondrian,12.140627,7.737867,16.543388,8.805521,True
E42,LAGO MAYOR,2018-07-21,2018,LS,10.000000,Lago Mayor,mondrian,11.274520,6.871759,15.677281,8.805521,True
E43,LAGO MAYOR,2018-07-21,2018,LS,11.000000,Lago Mayor,mondrian,11.209692,6.806931,15.612452,8.805521,True
E22,LAGO MAYOR,2018-07-21,2018,LS,8.000000,Lago Mayor,mondrian,9.876892,7.204638,12.549145,5.344507,True
E48,LAGO MAYOR,2018-07-22,2018,LS,11.000000,Lago Mayor,mondrian,11.124793,6.789752,15.459834,8.670082,True
E49,LAGO MAYOR,2018-07-22,2018,LS,13.000000,Lago Mayor,mondrian,11.415566,7.080525,15.750607,8.670082,True
E50,LAGO MAYOR,2018-07-22,2018,LS,11.000000,Lago Mayor,mondrian,11.245989,6.910948,15.581029,8.670082,True
E51,LAGO MAYOR,2018-07-23,2018,LS,10.500000,Lago Mayor,mondrian,12.842840,10.140575,15.545105,5.404530,True
E52,LAGO MAYOR,2018-07-23,2018,LS,12.000000,Lago Mayor,mondrian,9.988563,7.193389,12.783737,5.590348,True
E53,LAGO MAYOR,2018-07-23,2018,LS,9.500000,Lago Mayor,mondrian,8.824864,6.029690,11.620038,5.590348,True
E59,LAGO MAYOR,2017-07-16,2017,LS,10.000000,Lago Mayor,mondrian,9.918063,7.245810,12.590317,5.344507,True
E60,LAGO MAYOR,2018-07-24,2018,LS,13.500000,Lago Mayor,mondrian,11.253122,6.918081,15.588163,8.670082,True
E61,LAGO MAYOR,2018-07-24,2018,LS,13.000000,Lago Mayor,mondrian,11.798641,7.463600,16.133682,8.670082,True
E72,LAGO MAYOR,2018-07-24,2018,LS,4.000000,Lago Mayor,mondrian,7.479503,3.369686,11.589320,8.219634,True
E76,LAGO MAYOR,2018-07-24,2018,LS,13.000000,Lago Mayor,mondrian,10.078797,5.743756,14.413838,8.670082,True
E78,LAGO MAYOR,2018-07-24,2018,LS,13.000000,Lago Mayor,mondrian,10.912471,6.577430,15.247512,8.670082,True
E79,LAGO MAYOR,2018-07-25,2018,LS,10.500000,Lago Mayor,mondrian,11.741753,9.116756,14.366749,5.249993,True
E80,LAGO MAYOR,2018-07-25,2018,LS,12.300000,Lago Mayor,mondrian,12.511100,9.808835,15.213365,5.404530,True
E82,LAGO MAYOR,2018-07-25,2018,LS,11.000000,Lago Mayor,mondrian,9.989602,7.194428,12.784776,5.590348,True
E83,LAGO MAYOR,2018-07-25,2018,LS,7.000000,Lago Mayor,mondrian,9.781596,6.986422,12.576770,5.590348,True
E88,LAGO MAYOR,2018-07-25,2018,LS,9.400000,Lago Mayor,mondrian,10.567419,7.942422,13.192416,5.249993,True
E94,LAGO MAYOR,2018-07-26,2018,LS,9.000000,Lago Mayor,mondrian,12.450416,9.825420,15.075413,5.249993,False
E97,LAGO MAYOR,2018-07-26,2018,LS,10.500000,Lago Mayor,mondrian,9.696191,6.901017,12.491365,5.590348,True
E98,LAGO MAYOR,2018-07-26,2018,LS,12.000000,Lago Mayor,mondrian,9.946396,7.151222,12.741570,5.590348,True
E99,LAGO MAYOR,2018-07-28,2018,LS,11.000000,Lago Mayor,mondrian,9.773796,6.404334,13.143257,6.738924,True
E100,LAGO MAYOR,2018-07-28,2018,LS,13.000000,Lago Mayor,mondrian,11.058659,7.470365,14.646953,7.176588,True
E104,LAGO MAYOR,2018-07-28,2018,LS,12.000000,Lago Mayor,mondrian,10.844119,7.255825,14.432413,7.176588,True
E117,LAGO MAYOR,2018-07-26,2018,LS,9.100000,Lago Mayor,mondrian,9.557864,6.762690,12.353038,5.590348,True
E120,LAGO MAYOR,2018-07-28,2018,LS,9.500000,Lago Mayor,mondrian,9.890290,6.520828,13.259752,6.738924,True
E121,LAGO MAYOR,2018-07-28,2018,LS,8.000000,Lago Mayor,mondrian,9.621010,6.251548,12.990471,6.738924,True
E122,LAGO MENOR,2018-07-29,2018,LS,9.000000,Lago Menor,mondrian,9.975477,7.303224,12.647731,5.344507,True
E123,LAGO MENOR,2018-07-29,2018,LS,9.000000,Lago Menor,mondrian,9.587734,6.915480,12.259987,5.344507,True
E125,LAGO MENOR,2018-07-29,2018,LS,7.500000,Lago Menor,mondrian,7.806315,5.134061,10.478569,5.344507,True
E132,LAGO MENOR,2018-07-29,2018,LS,7.000000,Lago Menor,mondrian,5.404296,1.474483,9.334109,7.859626,True
E130,LAGO MENOR,2018-07-29,2018,LS,6.000000,Lago Menor,mondrian,6.323450,2.393637,10.253263,7.859626,True
E136,LAGO MENOR,2018-07-29,2018,LS,8.000000,Lago Menor,mondrian,8.317598,5.645344,10.989852,5.344507,True
E137,LAGO MENOR,2018-07-29,2018,LS,5.000000,Lago Menor,mondrian,5.002510,1.072697,8.932323,7.859626,True
E141,LAGO MENOR,2018-07-30,2018,LS,5.500000,Lago Menor,mondrian,8.154947,5.117979,11.191915,6.073935,True
E142,LAGO MENOR,2018-07-30,2018,LS,7.000000,Lago Menor,mondrian,8.343491,5.306523,11.380458,6.073935,True
E145,LAGO MENOR,2018-07-30,2018,LS,6.500000,Lago Menor,mondrian,7.361147,3.090610,11.631684,8.541074,True
E01,BAHIA PUNO,2019-07-11,2019,LS,8.000000,Bahia de Puno,mondrian,10.377043,6.042002,14.712084,8.670082,True
E02,BAHIA PUNO,2019-07-11,2019,LS,8.000000,Bahia de Puno,mondrian,7.943629,5.225248,10.662010,5.436763,True
E04,BAHIA PUNO,2019-07-11,2019,LS,1.500000,Bahia de Puno,mondrian,5.971061,1.861244,10.080878,8.219634,False
E05,BAHIA PUNO,2019-07-11,2019,LS,8.000000,Bahia de Puno,mondrian,7.885360,5.166978,10.603741,5.436763,True
E08,BAHIA PUNO,2019-07-11,2019,LS,10.000000,Bahia de Puno,mondrian,7.800174,5.081793,10.518555,5.436763,True
E14,BAHIA PUNO,2019-07-12,2019,LS,9.000000,Bahia de Puno,mondrian,7.794565,4.999391,10.589739,5.590348,True
E16,BAHIA PUNO,2019-07-11,2019,LS,3.500000,Bahia de Puno,mondrian,6.203075,2.093258,10.312892,8.219634,True
E17,BAHIA PUNO,2019-07-12,2019,LS,3.000000,Bahia de Puno,mondrian,6.374994,3.253474,9.496513,6.243039,False
E25,LAGO MAYOR,2019-07-12,2019,LS,6.100000,Lago Mayor,mondrian,8.146360,5.351186,10.941533,5.590348,True
E28,LAGO MAYOR,2019-07-12,2019,LS,7.000000,Lago Mayor,mondrian,9.785387,6.990213,12.580561,5.590348,True
E32,LAGO MAYOR,2019-07-12,2019,LS,6.000000,Lago Mayor,mondrian,10.052835,7.427839,12.677832,5.249993,False
E36,LAGO MAYOR,2019-07-12,2019,LS,11.000000,Lago Mayor,mondrian,8.011257,5.216083,10.806431,5.590348,False
E39,LAGO MAYOR,2019-07-13,2019,LS,8.000000,Lago Mayor,mondrian,7.825917,5.107536,10.544298,5.436763,True
E41,LAGO MAYOR,2019-07-13,2019,LS,9.500000,Lago Mayor,mondrian,9.639827,6.921445,12.358208,5.436763,True
E42,LAGO MAYOR,2019-07-13,2019,LS,10.000000,Lago Mayor,mondrian,9.971399,7.253018,12.689780,5.436763,True
E43,LAGO MAYOR,2019-07-13,2019,LS,12.000000,Lago Mayor,mondrian,8.510850,5.792469,11.229231,5.436763,False
E22,LAGO MAYOR,2019-07-13,2019,LS,6.000000,Lago Mayor,mondrian,8.977279,6.258898,11.695660,5.436763,False
E49,LAGO MAYOR,2019-07-14,2019,LS,12.000000,Lago Mayor,mondrian,12.158185,9.533188,14.783182,5.249993,True
E50,LAGO MAYOR,2019-07-14,2019,LS,12.000000,Lago Mayor,mondrian,9.523472,6.728298,12.318645,5.590348,True
E52,LAGO MAYOR,2019-07-14,2019,LS,10.000000,Lago Mayor,mondrian,11.188790,8.563793,13.813786,5.249993,True
E53,LAGO MAYOR,2019-07-14,2019,LS,9.000000,Lago Mayor,mondrian,6.213542,3.092022,9.335061,6.243039,True
E59,LAGO MAYOR,2019-07-15,2019,LS,11.000000,Lago Mayor,mondrian,9.549274,6.754100,12.344448,5.590348,True
E60,LAGO MAYOR,2019-07-15,2019,LS,11.000000,Lago Mayor,mondrian,9.491711,6.696537,12.286885,5.590348,True
E61,LAGO MAYOR,2019-07-15,2019,LS,11.000000,Lago Mayor,mondrian,10.458462,7.833466,13.083459,5.249993,True
E72,LAGO MAYOR,2019-07-15,2019,LS,6.000000,Lago Mayor,mondrian,6.366262,3.244742,9.487781,6.243039,True
E76,LAGO MAYOR,2019-07-19,2019,LS,9.900000,Lago Mayor,mondrian,8.959105,5.589643,12.328567,6.738924,True
E78,LAGO MAYOR,2019-07-19,2019,LS,12.000000,Lago Mayor,mondrian,11.118283,7.529989,14.706577,7.176588,True
E82,LAGO MAYOR,2019-07-16,2019,LS,9.000000,Lago Mayor,mondrian,10.471226,5.994703,14.947749,8.953046,True
E83,LAGO MAYOR,2019-07-16,2019,LS,10.000000,Lago Mayor,mondrian,9.173210,6.136243,12.210178,6.073935,True
E88,LAGO MAYOR,2019-07-17,2019,LS,11.000000,Lago Mayor,mondrian,9.686964,6.968583,12.405346,5.436763,True
E94,LAGO MAYOR,2019-07-17,2019,LS,8.000000,Lago Mayor,mondrian,9.300769,6.582387,12.019150,5.436763,True
E97,LAGO MAYOR,2019-07-17,2019,LS,10.000000,Lago Mayor,mondrian,9.604670,6.886289,12.323051,5.436763,True
E98,LAGO MAYOR,2019-07-18,2019,LS,7.000000,Lago Mayor,mondrian,11.629038,7.152515,16.105561,8.953046,False
E99,LAGO MAYOR,2019-07-20,2019,LS,13.000000,Lago Mayor,mondrian,8.759143,5.722175,11.796111,6.073935,False
E100,LAGO MAYOR,2019-07-20,2019,LS,11.000000,Lago Mayor,mondrian,11.472654,6.996131,15.949177,8.953046,True
E104,LAGO MAYOR,2019-07-20,2019,LS,10.000000,Lago Mayor,mondrian,7.868714,4.831747,10.905682,6.073935,True
E113,LAGO MAYOR,2019-07-17,2019,LS,9.000000,Lago Mayor,mondrian,7.353587,3.243771,11.463404,8.219634,True
E117,LAGO MAYOR,2019-07-18,2019,LS,10.000000,Lago Mayor,mondrian,7.870989,4.834021,10.907956,6.073935,True
E120,LAGO MAYOR,2019-07-20,2019,LS,11.500000,Lago Mayor,mondrian,10.970658,6.494135,15.447181,8.953046,True
E121,LAGO MAYOR,2019-07-21,2019,LS,11.000000,Lago Mayor,mondrian,10.032131,7.407134,12.657127,5.249993,True
E122,LAGO MENOR,2019-07-21,2019,LS,11.000000,Lago Menor,mondrian,8.910136,6.114962,11.705310,5.590348,True
E123,LAGO MENOR,2019-07-21,2019,LS,9.000000,Lago Menor,mondrian,9.680640,6.885466,12.475814,5.590348,True
E125,LAGO MENOR,2019-07-21,2019,LS,8.500000,Lago Menor,mondrian,10.195338,7.570341,12.820335,5.249993,True
E132,LAGO MENOR,2019-07-21,2019,LS,7.000000,Lago Menor,mondrian,5.985711,2.864192,9.107231,6.243039,True
E130,LAGO MENOR,2019-07-22,2019,LS,10.000000,Lago Menor,mondrian,6.004811,1.927416,10.082205,8.154789,True
E136,LAGO MENOR,2019-07-22,2019,LS,6.500000,Lago Menor,mondrian,5.607419,1.530024,9.684813,8.154789,True
E137,LAGO MENOR,2019-07-22,2019,LS,5.000000,Lago Menor,mondrian,6.530439,2.453045,10.607834,8.154789,True
E141,LAGO MENOR,2019-07-23,2019,LS,10.000000,Lago Menor,mondrian,5.967892,2.038079,9.897705,7.859626,False
E142,LAGO MENOR,2019-07-23,2019,LS,11.000000,Lago Menor,mondrian,5.228753,1.298940,9.158566,7.859626,False
E145,LAGO MENOR,2019-07-23,2019,LS,6.000000,Lago Menor,mondrian,5.583567,1.653754,9.513380,7.859626,True
E147,LAGO MENOR,2019-07-24,2019,LS,5.500000,Lago Menor,mondrian,5.243605,2.122086,8.365125,6.243039,True
E01,BAHIA PUNO,2022-08-12,2022,LS,5.500000,Bahia de Puno,mondrian,5.894545,1.817150,9.971939,8.154789,True
E02,BAHIA PUNO,2022-08-12,2022,LS,8.000000,Bahia de Puno,mondrian,7.740522,4.371060,11.109984,6.738924,True
E05,BAHIA PUNO,2022-08-12,2022,LS,8.500000,Bahia de Puno,mondrian,10.305231,6.716937,13.893525,7.176588,True
E08,BAHIA PUNO,2022-08-12,2022,LS,11.000000,Bahia de Puno,mondrian,10.162537,6.574243,13.750831,7.176588,True
E28,LAGO MAYOR,2022-08-14,2022,LS,10.000000,Lago Mayor,mondrian,10.857963,6.522922,15.193004,8.670082,True
E32,LAGO MAYOR,2022-08-14,2022,LS,9.000000,Lago Mayor,mondrian,9.028427,6.310045,11.746808,5.436763,True
E36,LAGO MAYOR,2022-08-14,2022,LS,9.000000,Lago Mayor,mondrian,9.066445,6.348063,11.784826,5.436763,True
E39,LAGO MAYOR,2022-08-15,2022,LS,7.000000,Lago Mayor,mondrian,5.846947,1.769553,9.924342,8.154789,True
341,LAGO MAYOR,2022-08-15,2022,LS,14.000000,Lago Mayor,mondrian,11.527842,7.939547,15.116136,7.176588,True
E42,LAGO MAYOR,2022-08-15,2022,LS,16.000000,Lago Mayor,mondrian,11.520499,7.932205,15.108793,7.176588,False
E43,LAGO MAYOR,2022-08-15,2022,LS,14.000000,Lago Mayor,mondrian,12.681223,9.092929,16.269517,7.176588,True
E22,LAGO MAYOR,2022-08-15,2022,LS,14.000000,Lago Mayor,mondrian,11.324157,7.735863,14.912451,7.176588,True
E48,LAGO MAYOR,2022-08-16,2022,LS,8.000000,Lago Mayor,mondrian,11.640076,9.015079,14.265072,5.249993,False
E49,LAGO MAYOR,2022-08-16,2022,LS,15.000000,Lago Mayor,mondrian,12.436311,9.811315,15.061308,5.249993,True
E50,LAGO MAYOR,2022-08-16,2022,LS,16.000000,Lago Mayor,mondrian,13.237946,10.535681,15.940211,5.404530,False
E51,LAGO MAYOR,2022-08-17,2022,LS,12.000000,Lago Mayor,mondrian,11.705373,7.228850,16.181896,8.953046,True
E52,LAGO MAYOR,2022-08-17,2022,LS,9.000000,Lago Mayor,mondrian,11.215917,6.739394,15.692440,8.953046,True
E53,LAGO MAYOR,2022-08-17,2022,LS,11.000000,Lago Mayor,mondrian,12.707263,8.669559,16.744968,8.075409,True
E58,LAGO MAYOR,2022-08-18,2022,LS,11.000000,Lago Mayor,mondrian,7.604582,4.932329,10.276836,5.344507,False
E59,LAGO MAYOR,2022-08-18,2022,LS,15.000000,Lago Mayor,mondrian,12.245806,7.843045,16.648567,8.805521,True
E60,LAGO MAYOR,2022-08-18,2022,LS,16.500000,Lago Mayor,mondrian,11.406666,7.003906,15.809427,8.805521,False
E61,LAGO MAYOR,2022-08-18,2022,LS,15.000000,Lago Mayor,mondrian,12.409421,8.006660,16.812181,8.805521,True
E72,LAGO MAYOR,2022-08-19,2022,LS,5.000000,Lago Mayor,mondrian,6.356436,3.234916,9.477955,6.243039,True
E76,LAGO MAYOR,2022-08-19,2022,LS,10.000000,Lago Mayor,mondrian,11.206996,8.582000,13.831993,5.249993,True
E78,LAGO MAYOR,2022-08-19,2022,LS,14.000000,Lago Mayor,mondrian,13.049814,10.347549,15.752079,5.404530,True
E79,LAGO MAYOR,2022-08-19,2022,LS,14.000000,Lago Mayor,mondrian,12.953668,10.251403,15.655933,5.404530,True
E80,LAGO MAYOR,2022-08-20,2022,LS,15.000000,Lago Mayor,mondrian,11.969045,7.566284,16.371806,8.805521,True
E82,LAGO MAYOR,2022-08-20,2022,LS,15.000000,Lago Mayor,mondrian,11.922997,7.520236,16.325758,8.805521,True
E83,LAGO MAYOR,2022-08-20,2022,LS,16.000000,Lago Mayor,mondrian,10.107267,5.704507,14.510028,8.805521,False
E88,LAGO MAYOR,2022-08-20,2022,LS,14.000000,Lago Mayor,mondrian,11.966713,7.563952,16.369474,8.805521,True
E94,LAGO MAYOR,2022-08-20,2022,LS,15.000000,Lago Mayor,mondrian,12.095696,7.692935,16.498456,8.805521,True
E97,LAGO MAYOR,2022-08-21,2022,LS,16.000000,Lago Mayor,mondrian,10.439034,7.814038,13.064031,5.249993,False
E98,LAGO MAYOR,2022-08-22,2022,LS,15.000000,Lago Mayor,mondrian,12.888175,9.299881,16.476469,7.176588,True
E99,LAGO MAYOR,2022-08-22,2022,LS,15.000000,Lago Mayor,mondrian,12.662198,9.073904,16.250492,7.176588,True
E100,LAGO MAYOR,2022-08-22,2022,LS,13.000000,Lago Mayor,mondrian,10.990711,7.402417,14.579005,7.176588,True
E103,LAGO MAYOR,2022-08-22,2022,LS,10.000000,Lago Mayor,mondrian,10.355025,6.766731,13.943319,7.176588,True
E104,LAGO MAYOR,2022-08-22,2022,LS,13.000000,Lago Mayor,mondrian,11.974482,8.386188,15.562776,7.176588,True
E113,LAGO MAYOR,2022-08-21,2022,LS,14.000000,Lago Mayor,mondrian,11.849525,9.224528,14.474522,5.249993,True
E117,LAGO MAYOR,2022-08-21,2022,LS,14.000000,Lago Mayor,mondrian,11.427412,8.802415,14.052408,5.249993,True
E120,LAGO MAYOR,2022-08-22,2022,LS,14.000000,Lago Mayor,mondrian,11.384199,7.795905,14.972493,7.176588,True
E121,LAGO MAYOR,2022-08-23,2022,LS,11.000000,Lago Mayor,mondrian,10.524360,6.121600,14.927121,8.805521,True
E122,LAGO MENOR,2022-08-23,2022,LS,10.000000,Lago Menor,mondrian,11.947855,7.545094,16.350616,8.805521,True
E123,LAGO MENOR,2022-08-23,2022,LS,6.000000,Lago Menor,mondrian,6.163657,2.233844,10.093470,7.859626,True
E125,LAGO MENOR,2022-08-23,2022,LS,8.000000,Lago Menor,mondrian,4.964009,1.421357,8.506661,7.085304,True
E132,LAGO MENOR,2022-08-23,2022,LS,4.000000,Lago Menor,mondrian,4.687295,1.144642,8.229947,7.085304,True
E130,LAGO MENOR,2022-08-23,2022,LS,5.500000,Lago Menor,mondrian,5.371612,1.441799,9.301425,7.859626,True
E136,LAGO MENOR,2022-08-24,2022,LS,5.500000,Lago Menor,mondrian,6.356205,2.278810,10.433599,8.154789,True
E135,LAGO MENOR,2022-08-24,2022,LS,11.000000,Lago Menor,mondrian,5.758283,1.680888,9.835677,8.154789,False
E137,LAGO MENOR,2022-08-24,2022,LS,5.000000,Lago Menor,mondrian,5.384760,1.307365,9.462154,8.154789,True
E141,LAGO MENOR,2022-08-24,2022,LS,5.000000,Lago Menor,mondrian,6.209893,2.132498,10.287288,8.154789,True
E142,LAGO MENOR,2022-08-24,2022,LS,5.000000,Lago Menor,mondrian,5.729458,1.652063,9.806852,8.154789,True
E145,LAGO MENOR,2022-08-24,2022,LS,5.500000,Lago Menor,mondrian,5.924472,1.847077,10.001867,8.154789,True
E147,LAGO MENOR,2022-08-24,2022,LS,5.000000,Lago Menor,mondrian,4.974563,1.386269,8.562857,7.176588,True
E01,BAHIA PUNO,2024-08-21,2024,LS,6.000000,Bahia de Puno,mondrian,5.906078,1.976265,9.835891,7.859626,True
E02,BAHIA PUNO,2024-08-21,2024,LS,9.000000,Bahia de Puno,mondrian,6.638927,2.709114,10.568740,7.859626,True
E03,BAHIA PUNO,2024-08-21,2024,LS,8.000000,Bahia de Puno,mondrian,8.016981,5.344727,10.689234,5.344507,True
E05,BAHIA PUNO,2024-08-21,2024,LS,10.000000,Bahia de Puno,mondrian,8.541853,5.869600,11.214107,5.344507,True
E08,BAHIA PUNO,2024-08-21,2024,LS,9.000000,Bahia de Puno,mondrian,9.470774,6.798520,12.143027,5.344507,True
E15,LAGO MAYOR,2024-08-21,2024,LS,9.000000,Lago Mayor,mondrian,8.782673,6.110419,11.454927,5.344507,True
E16,LAGO MAYOR,2024-08-21,2024,LS,6.000000,Lago Mayor,mondrian,7.515410,4.843157,10.187664,5.344507,True
E22,LAGO MAYOR,2024-08-22,2024,LS,14.000000,Lago Mayor,mondrian,9.905095,6.868127,12.942062,6.073935,False
E27,LAGO MAYOR,2024-08-22,2024,LS,4.000000,Lago Mayor,mondrian,5.785818,1.515281,10.056355,8.541074,True
E28,LAGO MAYOR,2024-08-22,2024,LS,9.000000,Lago Mayor,mondrian,9.169679,6.132711,12.206647,6.073935,True
E32,LAGO MAYOR,2024-08-22,2024,LS,12.500000,Lago Mayor,mondrian,9.910221,6.873253,12.947188,6.073935,True
E36,LAGO MAYOR,2024-08-22,2024,LS,11.500000,Lago Mayor,mondrian,10.089451,5.612928,14.565974,8.953046,True
E36B,LAGO MAYOR,2024-08-22,2024,LS,13.000000,Lago Mayor,mondrian,10.353019,5.876496,14.829542,8.953046,True
E39,LAGO MAYOR,2024-08-23,2024,LS,8.000000,Lago Mayor,mondrian,6.576275,2.466458,10.686092,8.219634,True
E41,LAGO MAYOR,2024-08-23,2024,LS,10.500000,Lago Mayor,mondrian,11.006753,6.671712,15.341794,8.670082,True
E42,LAGO MAYOR,2024-08-23,2024,LS,10.000000,Lago Mayor,mondrian,11.598267,7.263226,15.933308,8.670082,True
E43,LAGO MAYOR,2024-08-23,2024,LS,12.500000,Lago Mayor,mondrian,10.669158,6.334118,15.004199,8.670082,True
E48,LAGO MAYOR,2024-08-24,2024,LS,9.000000,Lago Mayor,mondrian,10.732115,6.397074,15.067155,8.670082,True
E49,LAGO MAYOR,2024-08-24,2024,LS,11.000000,Lago Mayor,mondrian,13.476793,9.610662,17.342923,7.732261,True
E50,LAGO MAYOR,2024-08-24,2024,LS,12.000000,Lago Mayor,mondrian,11.895187,7.560146,16.230227,8.670082,True
E51,LAGO MAYOR,2024-08-24,2024,LS,11.500000,Lago Mayor,mondrian,12.959509,9.093378,16.825639,7.732261,True
E52,LAGO MAYOR,2024-08-24,2024,LS,11.000000,Lago Mayor,mondrian,12.353741,8.018701,16.688782,8.670082,True
E53,LAGO MAYOR,2024-08-24,2024,LS,9.000000,Lago Mayor,mondrian,10.780066,6.445025,15.115107,8.670082,True
E58,LAGO MAYOR,2024-08-26,2024,LS,9.000000,Lago Mayor,mondrian,6.417754,2.487941,10.347567,7.859626,True
E59,LAGO MAYOR,2024-08-26,2024,LS,10.500000,Lago Mayor,mondrian,11.292192,6.889431,15.694953,8.805521,True
E60,LAGO MAYOR,2024-08-25,2024,LS,12.000000,Lago Mayor,mondrian,9.354878,6.317910,12.391845,6.073935,True
E61,LAGO MAYOR,2024-08-25,2024,LS,12.000000,Lago Mayor,mondrian,10.835906,6.359383,15.312429,8.953046,True
E72,LAGO MAYOR,2024-08-25,2024,LS,4.800000,Lago Mayor,mondrian,6.364567,2.094030,10.635104,8.541074,True
E76,LAGO MAYOR,2024-08-25,2024,LS,12.000000,Lago Mayor,mondrian,9.100117,6.063149,12.137085,6.073935,True
B03,LAGO MAYOR,2024-08-27,2024,LS,11.000000,Lago Mayor,mondrian,7.888284,5.169903,10.606665,5.436763,False
E78,LAGO MAYOR,2024-08-27,2024,LS,10.500000,Lago Mayor,mondrian,9.572741,6.854360,12.291122,5.436763,True
E79,LAGO MAYOR,2024-08-27,2024,LS,9.500000,Lago Mayor,mondrian,9.468161,6.749779,12.186542,5.436763,True
E80,LAGO MAYOR,2024-08-27,2024,LS,15.000000,Lago Mayor,mondrian,12.528574,8.662444,16.394705,7.732261,True
E82,LAGO MAYOR,2024-08-28,2024,LS,9.000000,Lago Mayor,mondrian,10.883527,6.548486,15.218568,8.670082,True
E83,LAGO MAYOR,2024-08-28,2024,LS,8.500000,Lago Mayor,mondrian,8.243278,5.524896,10.961659,5.436763,True
E88,LAGO MAYOR,2024-08-29,2024,LS,9.500000,Lago Mayor,mondrian,9.850368,7.055194,12.645541,5.590348,True
E94,LAGO MAYOR,2024-08-29,2024,LS,9.500000,Lago Mayor,mondrian,8.733919,5.938745,11.529092,5.590348,True
E97,LAGO MAYOR,2024-08-29,2024,LS,13.500000,Lago Mayor,mondrian,10.877225,8.252228,13.502222,5.249993,True
E98,LAGO MAYOR,2024-08-29,2024,LS,13.000000,Lago Mayor,mondrian,11.394540,8.769543,14.019536,5.249993,True
E99,LAGO MAYOR,2024-08-30,2024,LS,9.500000,Lago Mayor,mondrian,10.100584,6.512290,13.688878,7.176588,True
E100,LAGO MAYOR,2024-08-30,2024,LS,11.000000,Lago Mayor,mondrian,11.082393,7.494098,14.670687,7.176588,True
E103,LAGO MAYOR,2024-08-30,2024,LS,11.000000,Lago Mayor,mondrian,6.968059,2.890665,11.045454,8.154789,True
E105,LAGO MAYOR,2024-08-30,2024,LS,8.500000,Lago Mayor,mondrian,3.883055,0.294761,7.471349,7.176588,False
E113,LAGO MAYOR,2024-08-29,2024,LS,13.500000,Lago Mayor,mondrian,10.296255,7.671259,12.921252,5.249993,False
E117,LAGO MAYOR,2024-08-29,2024,LS,12.000000,Lago Mayor,mondrian,9.749527,6.954353,12.544701,5.590348,True
E120,LAGO MAYOR,2024-08-30,2024,LS,10.500000,Lago Mayor,mondrian,10.745076,7.156782,14.333370,7.176588,True
E121,LAGO MAYOR,2024-08-30,2024,LS,12.700000,Lago Mayor,mondrian,10.217788,6.629494,13.806082,7.176588,True
E122,LAGO MENOR,2024-08-31,2024,LS,11.000000,Lago Menor,mondrian,9.935279,7.263026,12.607533,5.344507,True
E125,LAGO MENOR,2024-09-01,2024,LS,2.500000,Lago Menor,mondrian,5.713701,1.443165,9.984238,8.541074,True
P02,LAGO MENOR,2024-09-01,2024,LS,9.500000,Lago Menor,mondrian,6.279509,2.008972,10.550046,8.541074,True
P03,LAGO MENOR,2024-09-01,2024,LS,3.500000,Lago Menor,mondrian,6.277346,2.006809,10.547883,8.541074,True
P04,LAGO MENOR,2024-09-01,2024,LS,1.500000,Lago Menor,mondrian,5.086786,0.816250,9.357323,8.541074,True
E127,LAGO MENOR,2024-09-01,2024,LS,2.000000,Lago Menor,mondrian,5.723914,1.453377,9.994451,8.541074,True
E129,LAGO MENOR,2024-08-31,2024,LS,4.500000,Lago Menor,mondrian,4.700033,1.157381,8.242685,7.085304,True
E135,LAGO MENOR,2024-08-31,2024,LS,4.000000,Lago Menor,mondrian,5.742377,1.812564,9.672190,7.859626,True
E138,LAGO MENOR,2024-08-31,2024,LS,4.500000,Lago Menor,mondrian,4.782491,1.239839,8.325143,7.085304,True
P15,LAGO MENOR,2024-08-31,2024,LS,4.000000,Lago Menor,mondrian,4.959950,1.417298,8.502602,7.085304,True
E142,LAGO MENOR,2024-08-31,2024,LS,4.000000,Lago Menor,mondrian,5.342999,1.413186,9.272812,7.859626,True
E145,LAGO MENOR,2024-09-02,2024,LS,3.500000,Lago Menor,mondrian,5.472005,2.350486,8.593524,6.243039,True
P10,LAGO MENOR,2024-09-02,2024,LS,3.000000,Lago Menor,mondrian,5.401048,2.279528,8.522567,6.243039,True
E45,LAGO MAYOR,2017-07-27,2017,S2,11.000000,Lago Mayor,cqr,10.974772,6.843092,14.752599,7.909507,True
E01,BAHIA PUNO,2016-08-03,2016,S2,8.500000,Bahia de Puno,cqr,7.158052,2.829127,12.641711,9.812584,True
E02,BAHIA PUNO,2016-08-03,2016,S2,9.500000,Bahia de Puno,cqr,7.159886,3.808885,14.196583,10.387698,True
E04,BAHIA PUNO,2016-08-03,2016,S2,7.000000,Bahia de Puno,cqr,7.131078,3.653869,11.844126,8.190258,True
E05,BAHIA PUNO,2016-08-03,2016,S2,7.000000,Bahia de Puno,cqr,7.131980,3.810113,14.328463,10.518350,True
E07,BAHIA PUNO,2016-08-03,2016,S2,5.000000,Bahia de Puno,cqr,6.478363,3.304023,12.660175,9.356152,True
E08,BAHIA PUNO,2016-08-03,2016,S2,8.500000,Bahia de Puno,cqr,9.748091,4.656868,13.871096,9.214229,True
E09,BAHIA PUNO,2016-08-03,2016,S2,6.000000,Bahia de Puno,cqr,5.838115,2.407805,12.444305,10.036500,True
E13,BAHIA PUNO,2016-08-04,2016,S2,9.000000,Bahia de Puno,cqr,10.433975,7.813552,14.084183,6.270631,True
E14,BAHIA PUNO,2016-08-04,2016,S2,9.500000,Bahia de Puno,cqr,9.810855,5.294757,13.726633,8.431876,True
E15,BAHIA PUNO,2016-08-04,2016,S2,8.500000,Bahia de Puno,cqr,7.931298,4.191546,12.934057,8.742511,True
E16,BAHIA PUNO,2016-08-04,2016,S2,6.500000,Bahia de Puno,cqr,7.187720,3.535573,11.910996,8.375423,True
E17,BAHIA PUNO,2016-08-04,2016,S2,3.500000,Bahia de Puno,cqr,4.965555,1.843067,10.796553,8.953486,True
E27,LAGO MAYOR,2016-08-05,2016,S2,9.800000,Lago Mayor,cqr,8.654533,4.997396,11.994863,6.997467,True
E28,LAGO MAYOR,2016-08-05,2016,S2,8.800000,Lago Mayor,cqr,7.277131,4.287905,11.558929,7.271024,True
E32,LAGO MAYOR,2016-08-05,2016,S2,9.800000,Lago Mayor,cqr,8.280999,6.200503,12.041111,5.840608,True
E33,LAGO MAYOR,2016-08-05,2016,S2,4.600000,Lago Mayor,cqr,3.790892,3.683569,10.940775,7.257206,True
E36,LAGO MAYOR,2016-08-05,2016,S2,9.000000,Lago Mayor,cqr,8.082393,6.200503,12.140227,5.939724,True
E39,LAGO MAYOR,2016-08-06,2016,S2,5.000000,Lago Mayor,cqr,6.674985,4.089446,13.411137,9.321691,True
E41,LAGO MAYOR,2016-08-06,2016,S2,11.000000,Lago Mayor,cqr,10.082902,5.417236,13.017481,7.600244,True
E42,LAGO MAYOR,2016-08-06,2016,S2,11.000000,Lago Mayor,cqr,10.557937,5.093863,14.808668,9.714806,True
E43,LAGO MAYOR,2016-08-04,2016,S2,11.000000,Lago Mayor,cqr,8.422555,4.301574,13.821041,9.519467,True
E22,LAGO MAYOR,2016-08-05,2016,S2,10.200000,Lago Mayor,cqr,9.572416,5.308962,12.038851,6.729889,True
E48,LAGO MAYOR,2016-08-08,2016,S2,14.500000,Lago Mayor,cqr,10.660671,6.307780,14.381192,8.073412,False
E49,LAGO MAYOR,2016-08-08,2016,S2,12.800000,Lago Mayor,cqr,9.793885,4.253377,13.442823,9.189446,True
E50,LAGO MAYOR,2016-08-08,2016,S2,11.900000,Lago Mayor,cqr,8.504311,4.263028,11.854557,7.591529,False
E51,LAGO MAYOR,2016-08-06,2016,S2,9.400000,Lago Mayor,cqr,10.938190,5.625757,14.808668,9.182911,True
E52,LAGO MAYOR,2016-08-06,2016,S2,10.300000,Lago Mayor,cqr,10.630230,5.427513,13.261801,7.834288,True
E58,LAGO MAYOR,2016-08-09,2016,S2,5.000000,Lago Mayor,cqr,7.978060,4.618497,11.681647,7.063151,True
E59,LAGO MAYOR,2016-08-09,2016,S2,13.000000,Lago Mayor,cqr,10.868752,5.332076,14.808668,9.476592,True
E60,LAGO MAYOR,2016-08-09,2016,S2,12.000000,Lago Mayor,cqr,11.071251,5.509667,14.823163,9.313496,True
E61,LAGO MAYOR,2016-08-08,2016,S2,10.200000,Lago Mayor,cqr,9.865449,4.656618,13.025497,8.368879,True
E68,LAGO MAYOR,2016-08-08,2016,S2,5.500000,Lago Mayor,cqr,7.874594,4.068963,13.891171,9.822208,True
E72,LAGO MAYOR,2016-08-09,2016,S2,5.800000,Lago Mayor,cqr,5.689828,2.112964,10.767263,8.654298,True
E76,LAGO MAYOR,2016-08-11,2016,S2,12.500000,Lago Mayor,cqr,9.406884,6.297466,11.468104,5.170638,False
E78,LAGO MAYOR,2016-08-11,2016,S2,13.500000,Lago Mayor,cqr,9.622821,5.733123,11.418618,5.685495,False
E79,LAGO MAYOR,2016-08-11,2016,S2,11.500000,Lago Mayor,cqr,10.119381,5.887682,11.399407,5.511725,False
E80,LAGO MAYOR,2016-08-11,2016,S2,10.500000,Lago Mayor,cqr,10.226757,6.512069,12.394328,5.882259,True
E82,LAGO MAYOR,2016-08-10,2016,S2,8.200000,Lago Mayor,cqr,8.877450,5.421350,13.554694,8.133344,True
E83,LAGO MAYOR,2016-08-10,2016,S2,5.500000,Lago Mayor,cqr,8.146625,5.018878,12.965350,7.946472,True
E84,LAGO MAYOR,2016-08-10,2016,S2,4.700000,Lago Mayor,cqr,8.460170,4.685760,12.660922,7.975162,True
E85,LAGO MAYOR,2016-08-10,2016,S2,9.800000,Lago Mayor,cqr,8.348447,5.328539,12.759353,7.430814,True
E88,LAGO MAYOR,2016-08-10,2016,S2,6.500000,Lago Mayor,cqr,7.880995,5.212405,12.826875,7.614470,True
E94,LAGO MAYOR,2016-08-10,2016,S2,7.400000,Lago Mayor,cqr,9.578303,4.922345,11.984094,7.061749,True
E97,LAGO MAYOR,2016-08-10,2016,S2,9.500000,Lago Mayor,cqr,10.756847,4.709786,13.558490,8.848704,True
E98,LAGO MAYOR,2016-08-10,2016,S2,9.000000,Lago Mayor,cqr,11.369604,4.892621,13.429108,8.536486,True
E99,LAGO MAYOR,2016-08-12,2016,S2,9.200000,Lago Mayor,cqr,9.672350,4.538614,13.564316,9.025702,True
E100,LAGO MAYOR,2016-08-12,2016,S2,10.200000,Lago Mayor,cqr,11.123414,5.356153,13.418958,8.062805,True
E104,LAGO MAYOR,2016-08-11,2016,S2,11.500000,Lago Mayor,cqr,10.173571,6.275503,12.514350,6.238847,True
E113,LAGO MAYOR,2016-08-10,2016,S2,9.300000,Lago Mayor,cqr,11.051596,5.062217,14.532798,9.470581,True
E117,LAGO MAYOR,2016-08-10,2016,S2,10.000000,Lago Mayor,cqr,10.852719,4.674794,13.956120,9.281326,True
E119,LAGO MAYOR,2016-08-10,2016,S2,10.500000,Lago Mayor,cqr,10.812082,5.074120,14.241653,9.167534,True
E120,LAGO MAYOR,2016-08-12,2016,S2,14.200000,Lago Mayor,cqr,10.189471,4.315077,13.188220,8.873143,False
E121,LAGO MAYOR,2016-08-12,2016,S2,10.500000,Lago Mayor,cqr,10.612558,4.054809,13.157244,9.102435,True
E01,BAHIA PUNO,2017-07-10,2017,S2,5.300000,Bahia de Puno,cqr,6.730342,3.742084,13.840306,10.098222,True
E02,BAHIA PUNO,2017-07-11,2017,S2,6.000000,Bahia de Puno,cqr,8.128792,5.172298,11.841549,6.669251,True
E05,BAHIA PUNO,2017-07-11,2017,S2,6.600000,Bahia de Puno,cqr,7.629197,5.172298,11.865553,6.693255,True
E14,BAHIA PUNO,2017-07-12,2017,S2,10.600000,Bahia de Puno,cqr,10.242630,5.637609,14.376198,8.738589,True
E15,BAHIA PUNO,2017-07-12,2017,S2,6.600000,Bahia de Puno,cqr,7.321946,4.157052,12.794239,8.637187,True
E16,BAHIA PUNO,2017-07-12,2017,S2,6.000000,Bahia de Puno,cqr,5.303918,3.020708,12.088399,9.067691,True
E17,BAHIA PUNO,2017-07-11,2017,S2,4.200000,Bahia de Puno,cqr,6.239402,3.881746,9.700499,5.818753,True
E28,LAGO MAYOR,2017-07-12,2017,S2,10.300000,Lago Mayor,cqr,7.032835,4.589555,12.080111,7.490556,True
E32,LAGO MAYOR,2017-07-12,2017,S2,7.000000,Lago Mayor,cqr,8.436691,4.788849,11.866291,7.077442,True
E36,LAGO MAYOR,2017-07-13,2017,S2,10.800000,Lago Mayor,cqr,9.665128,4.531521,12.289201,7.757680,True
E39,LAGO MAYOR,2017-07-13,2017,S2,8.400000,Lago Mayor,cqr,7.724214,4.146700,11.885605,7.738904,True
E41,LAGO MAYOR,2017-07-13,2017,S2,13.000000,Lago Mayor,cqr,8.891130,3.751207,12.618600,8.867393,False
E42,LAGO MAYOR,2017-07-13,2017,S2,14.000000,Lago Mayor,cqr,9.972482,5.639810,13.492820,7.853010,False
E43,LAGO MAYOR,2017-07-13,2017,S2,12.000000,Lago Mayor,cqr,10.279442,5.941546,14.222329,8.280783,True
E22,LAGO MAYOR,2017-07-13,2017,S2,9.000000,Lago Mayor,cqr,9.778921,5.760021,14.322528,8.562508,True
E48,LAGO MAYOR,2017-07-15,2017,S2,12.000000,Lago Mayor,cqr,10.460961,6.710498,13.653151,6.942653,True
E49,LAGO MAYOR,2017-07-15,2017,S2,9.000000,Lago Mayor,cqr,10.730177,6.916904,14.991669,8.074764,True
E50,LAGO MAYOR,2017-07-15,2017,S2,12.000000,Lago Mayor,cqr,11.519341,7.184829,15.341154,8.156325,True
E51,LAGO MAYOR,2017-07-15,2017,S2,9.800000,Lago Mayor,cqr,10.751381,6.843092,14.745269,7.902177,True
E52,LAGO MAYOR,2017-07-15,2017,S2,9.000000,Lago Mayor,cqr,10.192922,6.910066,14.862793,7.952727,True
E59,LAGO MAYOR,2017-07-16,2017,S2,10.000000,Lago Mayor,cqr,10.920305,7.147840,15.264697,8.116858,True
E60,LAGO MAYOR,2017-07-16,2017,S2,10.000000,Lago Mayor,cqr,10.871372,6.817528,14.838023,8.020495,True
E61,LAGO MAYOR,2017-07-16,2017,S2,12.800000,Lago Mayor,cqr,10.593339,6.791338,14.376802,7.585464,True
E72,LAGO MAYOR,2017-07-16,2017,S2,5.800000,Lago Mayor,cqr,5.913234,3.086389,10.990215,7.903826,True
E76,LAGO MAYOR,2017-07-19,2017,S2,9.000000,Lago Mayor,cqr,9.545250,5.925074,11.466580,5.541507,True
E78,LAGO MAYOR,2017-07-19,2017,S2,10.300000,Lago Mayor,cqr,10.983454,7.021963,13.241736,6.219772,True
E79,LAGO MAYOR,2017-07-16,2017,S2,10.000000,Lago Mayor,cqr,10.531230,7.022273,14.565957,7.543684,True
E80,LAGO MAYOR,2017-07-17,2017,S2,10.000000,Lago Mayor,cqr,11.037160,6.330451,14.820848,8.490397,True
E82,LAGO MAYOR,2017-07-17,2017,S2,10.000000,Lago Mayor,cqr,11.049556,5.890602,16.109464,10.218862,True
E83,LAGO MAYOR,2017-07-17,2017,S2,8.000000,Lago Mayor,cqr,8.992422,5.560289,13.059599,7.499311,True
E88,LAGO MAYOR,2017-07-20,2017,S2,8.000000,Lago Mayor,cqr,9.870290,4.944244,13.489602,8.545359,True
E94,LAGO MAYOR,2017-07-20,2017,S2,9.000000,Lago Mayor,cqr,10.798457,4.914846,13.228128,8.313281,True
E97,LAGO MAYOR,2017-07-20,2017,S2,10.000000,Lago Mayor,cqr,11.098684,7.327020,14.853587,7.526566,True
E98,LAGO MAYOR,2017-07-19,2017,S2,9.500000,Lago Mayor,cqr,10.872000,7.021963,12.993067,5.971104,True
E99,LAGO MAYOR,2017-07-19,2017,S2,11.000000,Lago Mayor,cqr,11.513600,6.609032,12.937302,6.328270,True
E100,LAGO MAYOR,2017-07-19,2017,S2,10.000000,Lago Mayor,cqr,10.834412,7.000000,12.913630,5.913630,True
E104,LAGO MAYOR,2017-07-19,2017,S2,10.200000,Lago Mayor,cqr,10.241345,4.796309,13.652389,8.856080,True
E113,LAGO MAYOR,2017-07-20,2017,S2,10.000000,Lago Mayor,cqr,11.187320,6.909747,14.925581,8.015834,True
E117,LAGO MAYOR,2017-07-19,2017,S2,8.500000,Lago Mayor,cqr,10.731369,7.021963,12.924370,5.902406,True
E120,LAGO MAYOR,2017-07-21,2017,S2,9.500000,Lago Mayor,cqr,10.794003,6.329881,14.837035,8.507153,True
E121,LAGO MAYOR,2017-07-21,2017,S2,9.000000,Lago Mayor,cqr,9.268162,4.595669,12.406214,7.810545,True
E122,LAGO MENOR,2017-07-21,2017,S2,9.000000,Lago Menor,cqr,8.330870,4.271260,12.354466,8.083206,True
E123,LAGO MENOR,2017-07-21,2017,S2,6.500000,Lago Menor,cqr,6.149009,3.154128,11.029425,7.875297,True
E125,LAGO MENOR,2017-07-21,2017,S2,8.000000,Lago Menor,cqr,6.213714,3.514689,11.279022,7.764333,True
E130,LAGO MENOR,2017-07-22,2017,S2,5.400000,Lago Menor,cqr,5.709852,2.025956,10.220429,8.194473,True
E136,LAGO MENOR,2017-07-22,2017,S2,7.000000,Lago Menor,cqr,5.720021,3.362949,12.062766,8.699817,True
E135,LAGO MENOR,2017-07-22,2017,S2,6.000000,Lago Menor,cqr,7.703547,4.209787,10.331204,6.121417,True
E137,LAGO MENOR,2017-07-22,2017,S2,6.000000,Lago Menor,cqr,5.482790,1.827498,10.220429,8.392931,True
E142,LAGO MENOR,2017-07-22,2017,S2,6.000000,Lago Menor,cqr,7.251918,3.807402,10.723215,6.915813,True
E-148,LAGO MENOR,2017-07-22,2017,S2,6.000000,Lago Menor,cqr,5.625593,2.119938,9.984369,7.864431,True
E-145,LAGO MENOR,2017-07-23,2017,S2,6.500000,Lago Menor,cqr,7.282383,2.567031,11.898878,9.331847,True
E-147,LAGO MENOR,2017-07-23,2017,S2,6.500000,Lago Menor,cqr,4.746722,2.255867,10.612675,8.356808,True
E59,LAGO MAYOR,2017-07-16,2017,S2,10.000000,Lago Mayor,cqr,10.920305,7.147840,15.264697,8.116858,True
E01,BAHIA PUNO,2019-07-11,2019,S2,8.000000,Bahia de Puno,cqr,8.613992,3.778839,13.951894,10.173055,True
E02,BAHIA PUNO,2019-07-11,2019,S2,8.000000,Bahia de Puno,cqr,6.929015,3.838014,13.940466,10.102453,True
E04,BAHIA PUNO,2019-07-11,2019,S2,1.500000,Bahia de Puno,cqr,5.418417,2.322236,11.197928,8.875691,False
E05,BAHIA PUNO,2019-07-11,2019,S2,8.000000,Bahia de Puno,cqr,9.907672,4.377737,14.493080,10.115342,True
E08,BAHIA PUNO,2019-07-11,2019,S2,10.000000,Bahia de Puno,cqr,10.101734,4.394239,14.539088,10.144849,True
E14,BAHIA PUNO,2019-07-12,2019,S2,9.000000,Bahia de Puno,cqr,10.580971,6.275503,12.851795,6.576292,True
E16,BAHIA PUNO,2019-07-11,2019,S2,3.500000,Bahia de Puno,cqr,5.879766,3.309561,10.991559,7.681998,True
E17,BAHIA PUNO,2019-07-12,2019,S2,3.000000,Bahia de Puno,cqr,6.120932,3.699419,10.888800,7.189381,False
E25,LAGO MAYOR,2019-07-12,2019,S2,6.100000,Lago Mayor,cqr,7.764885,5.094935,12.402702,7.307767,True
E28,LAGO MAYOR,2019-07-12,2019,S2,7.000000,Lago Mayor,cqr,9.098994,6.275503,12.073242,5.797739,True
E32,LAGO MAYOR,2019-07-12,2019,S2,6.000000,Lago Mayor,cqr,7.197450,5.475616,12.821519,7.345903,True
E36,LAGO MAYOR,2019-07-12,2019,S2,11.000000,Lago Mayor,cqr,7.104777,5.475616,12.919472,7.443856,True
E39,LAGO MAYOR,2019-07-13,2019,S2,8.000000,Lago Mayor,cqr,7.502868,3.403378,11.351899,7.948521,True
E41,LAGO MAYOR,2019-07-13,2019,S2,9.500000,Lago Mayor,cqr,9.730875,4.552553,14.042319,9.489766,True
E42,LAGO MAYOR,2019-07-13,2019,S2,10.000000,Lago Mayor,cqr,10.343784,6.373179,13.984857,7.611679,True
E43,LAGO MAYOR,2019-07-13,2019,S2,12.000000,Lago Mayor,cqr,10.566966,6.508323,14.524364,8.016041,True
E22,LAGO MAYOR,2019-07-13,2019,S2,6.000000,Lago Mayor,cqr,9.435105,4.916268,13.860274,8.944006,True
E49,LAGO MAYOR,2019-07-14,2019,S2,12.000000,Lago Mayor,cqr,10.920298,6.456279,12.593377,6.137098,True
E50,LAGO MAYOR,2019-07-14,2019,S2,12.000000,Lago Mayor,cqr,10.512445,4.632936,13.001096,8.368160,True
E51,LAGO MAYOR,2019-07-14,2019,S2,11.000000,Lago Mayor,cqr,11.374120,5.743857,13.116442,7.372585,True
E52,LAGO MAYOR,2019-07-14,2019,S2,10.000000,Lago Mayor,cqr,10.765853,6.609032,12.903218,6.294185,True
E53,LAGO MAYOR,2019-07-14,2019,S2,9.000000,Lago Mayor,cqr,10.429869,6.587069,12.715493,6.128424,True
E59,LAGO MAYOR,2019-07-15,2019,S2,11.000000,Lago Mayor,cqr,11.265026,6.587069,12.899829,6.312760,True
E60,LAGO MAYOR,2019-07-15,2019,S2,11.000000,Lago Mayor,cqr,11.688498,5.743857,13.704629,7.960772,True
E61,LAGO MAYOR,2019-07-15,2019,S2,11.000000,Lago Mayor,cqr,11.110885,6.609032,12.591853,5.982820,True
E72,LAGO MAYOR,2019-07-15,2019,S2,6.000000,Lago Mayor,cqr,7.753128,4.488339,11.127251,6.638912,True
E76,LAGO MAYOR,2019-07-19,2019,S2,9.900000,Lago Mayor,cqr,10.074796,4.817447,12.918645,8.101198,True
E78,LAGO MAYOR,2019-07-19,2019,S2,12.000000,Lago Mayor,cqr,10.259487,6.909853,14.822746,7.912893,True
E79,LAGO MAYOR,2019-07-19,2019,S2,9.000000,Lago Mayor,cqr,12.277747,6.308581,16.389840,10.081260,True
E80,LAGO MAYOR,2019-07-16,2019,S2,11.000000,Lago Mayor,cqr,11.090350,7.214719,14.427062,7.212343,True
E82,LAGO MAYOR,2019-07-16,2019,S2,9.000000,Lago Mayor,cqr,10.896381,7.321689,14.404706,7.083017,True
E83,LAGO MAYOR,2019-07-16,2019,S2,10.000000,Lago Mayor,cqr,10.206375,5.891458,14.238072,8.346614,True
E88,LAGO MAYOR,2019-07-17,2019,S2,11.000000,Lago Mayor,cqr,10.398825,5.223810,14.664870,9.441060,True
E94,LAGO MAYOR,2019-07-17,2019,S2,8.000000,Lago Mayor,cqr,12.233320,6.955159,15.091794,8.136635,True
E97,LAGO MAYOR,2019-07-17,2019,S2,10.000000,Lago Mayor,cqr,11.283099,6.216151,14.883028,8.666877,True
E98,LAGO MAYOR,2019-07-18,2019,S2,7.000000,Lago Mayor,cqr,11.581672,7.648291,15.577549,7.929258,False
E99,LAGO MAYOR,2019-07-20,2019,S2,13.000000,Lago Mayor,cqr,11.635220,5.711186,15.689817,9.978631,True
E100,LAGO MAYOR,2019-07-20,2019,S2,11.000000,Lago Mayor,cqr,11.018006,6.464552,15.064934,8.600383,True
E104,LAGO MAYOR,2019-07-20,2019,S2,10.000000,Lago Mayor,cqr,10.174483,5.927437,14.436355,8.508919,True
E113,LAGO MAYOR,2019-07-17,2019,S2,9.000000,Lago Mayor,cqr,7.206675,3.669863,12.611933,8.942070,True
E117,LAGO MAYOR,2019-07-18,2019,S2,10.000000,Lago Mayor,cqr,9.423037,5.374087,12.356140,6.982053,True
E120,LAGO MAYOR,2019-07-20,2019,S2,11.500000,Lago Mayor,cqr,11.556669,6.590679,15.272219,8.681540,True
E121,LAGO MAYOR,2019-07-21,2019,S2,11.000000,Lago Mayor,cqr,7.906514,5.550616,11.664351,6.113735,True
E122,LAGO MENOR,2019-07-21,2019,S2,11.000000,Lago Menor,cqr,8.424423,7.000000,9.605914,2.605914,False
E123,LAGO MENOR,2019-07-21,2019,S2,9.000000,Lago Menor,cqr,7.703768,5.203148,13.160142,7.956994,True
E125,LAGO MENOR,2019-07-21,2019,S2,8.500000,Lago Menor,cqr,7.697333,5.203148,13.071019,7.867872,True
E132,LAGO MENOR,2019-07-21,2019,S2,7.000000,Lago Menor,cqr,6.732309,4.135152,11.223997,7.088845,True
E130,LAGO MENOR,2019-07-22,2019,S2,10.000000,Lago Menor,cqr,6.841939,4.008712,12.278350,8.269639,True
E136,LAGO MENOR,2019-07-22,2019,S2,6.500000,Lago Menor,cqr,5.824565,3.092525,13.002741,9.910216,True
E137,LAGO MENOR,2019-07-22,2019,S2,5.000000,Lago Menor,cqr,4.802199,2.344509,10.554186,8.209677,True
E141,LAGO MENOR,2019-07-23,2019,S2,10.000000,Lago Menor,cqr,6.959877,4.084817,11.262263,7.177446,True
E142,LAGO MENOR,2019-07-23,2019,S2,11.000000,Lago Menor,cqr,6.025768,2.961577,11.415205,8.453628,True
E145,LAGO MENOR,2019-07-23,2019,S2,6.000000,Lago Menor,cqr,5.680755,2.837037,10.302305,7.465267,True
E147,LAGO MENOR,2019-07-24,2019,S2,5.500000,Lago Menor,cqr,7.535094,4.135152,10.676538,6.541386,True
E01,BAHIA PUNO,2022-08-12,2022,S2,5.500000,Bahia de Puno,cqr,5.711020,2.286891,12.098268,9.811377,True
E02,BAHIA PUNO,2022-08-12,2022,S2,8.000000,Bahia de Puno,cqr,10.012900,3.350648,15.699506,12.348858,True
E05,BAHIA PUNO,2022-08-12,2022,S2,8.500000,Bahia de Puno,cqr,10.860919,4.691818,16.431828,11.740010,True
E08,BAHIA PUNO,2022-08-12,2022,S2,11.000000,Bahia de Puno,cqr,11.283569,4.561752,16.468582,11.906831,True
E28,LAGO MAYOR,2022-08-14,2022,S2,10.000000,Lago Mayor,cqr,9.427061,4.252746,14.748358,10.495612,True
E32,LAGO MAYOR,2022-08-14,2022,S2,9.000000,Lago Mayor,cqr,9.974397,4.021278,15.339231,11.317953,True
E36,LAGO MAYOR,2022-08-14,2022,S2,9.000000,Lago Mayor,cqr,10.181779,4.654504,15.214230,10.559726,True
E39,LAGO MAYOR,2022-08-15,2022,S2,7.000000,Lago Mayor,cqr,6.470635,3.140878,10.520648,7.379769,True
341,LAGO MAYOR,2022-08-15,2022,S2,14.000000,Lago Mayor,cqr,11.335236,6.087969,14.637275,8.549306,True
E42,LAGO MAYOR,2022-08-15,2022,S2,16.000000,Lago Mayor,cqr,10.278301,5.456234,14.014239,8.558006,False
E43,LAGO MAYOR,2022-08-15,2022,S2,14.000000,Lago Mayor,cqr,10.401842,5.476944,14.155710,8.678766,True
E22,LAGO MAYOR,2022-08-15,2022,S2,14.000000,Lago Mayor,cqr,12.046794,5.539963,16.501696,10.961733,True
E48,LAGO MAYOR,2022-08-16,2022,S2,8.000000,Lago Mayor,cqr,13.588045,5.507866,15.198798,9.690932,True
E49,LAGO MAYOR,2022-08-16,2022,S2,15.000000,Lago Mayor,cqr,13.951861,5.507866,15.173643,9.665778,True
E50,LAGO MAYOR,2022-08-16,2022,S2,16.000000,Lago Mayor,cqr,13.738719,5.507866,14.488616,8.980750,False
E51,LAGO MAYOR,2022-08-17,2022,S2,12.000000,Lago Mayor,cqr,10.730408,6.579989,15.268948,8.688959,True
E52,LAGO MAYOR,2022-08-17,2022,S2,9.000000,Lago Mayor,cqr,10.445732,6.586294,15.228485,8.642191,True
E53,LAGO MAYOR,2022-08-17,2022,S2,11.000000,Lago Mayor,cqr,12.635070,6.077481,16.431072,10.353591,True
E58,LAGO MAYOR,2022-08-18,2022,S2,11.000000,Lago Mayor,cqr,9.365688,4.093703,13.613676,9.519973,True
E59,LAGO MAYOR,2022-08-18,2022,S2,15.000000,Lago Mayor,cqr,11.118257,5.453794,14.817736,9.363942,False
E60,LAGO MAYOR,2022-08-18,2022,S2,16.500000,Lago Mayor,cqr,11.392364,5.520768,15.044264,9.523496,False
E61,LAGO MAYOR,2022-08-18,2022,S2,15.000000,Lago Mayor,cqr,10.297124,5.550053,14.783871,9.233818,False
E72,LAGO MAYOR,2022-08-19,2022,S2,5.000000,Lago Mayor,cqr,7.484104,4.288785,11.834800,7.546015,True
E76,LAGO MAYOR,2022-08-19,2022,S2,10.000000,Lago Mayor,cqr,12.464421,5.607192,14.739515,9.132322,True
E78,LAGO MAYOR,2022-08-19,2022,S2,14.000000,Lago Mayor,cqr,13.788523,5.607192,15.313176,9.705984,True
E79,LAGO MAYOR,2022-08-19,2022,S2,14.000000,Lago Mayor,cqr,13.147390,5.607192,14.681935,9.074743,True
E80,LAGO MAYOR,2022-08-20,2022,S2,15.000000,Lago Mayor,cqr,11.677282,5.550053,15.078262,9.528209,True
E82,LAGO MAYOR,2022-08-20,2022,S2,15.000000,Lago Mayor,cqr,11.268780,5.520768,14.730787,9.210019,False
E83,LAGO MAYOR,2022-08-20,2022,S2,16.000000,Lago Mayor,cqr,11.293050,4.769945,13.790554,9.020609,False
E88,LAGO MAYOR,2022-08-20,2022,S2,14.000000,Lago Mayor,cqr,11.476630,5.520768,14.765372,9.244604,True
E94,LAGO MAYOR,2022-08-20,2022,S2,15.000000,Lago Mayor,cqr,10.710491,4.694685,13.520732,8.826046,False
E97,LAGO MAYOR,2022-08-21,2022,S2,16.000000,Lago Mayor,cqr,11.916606,5.743857,14.948421,9.204564,False
E98,LAGO MAYOR,2022-08-22,2022,S2,15.000000,Lago Mayor,cqr,12.734076,5.902241,16.032319,10.130078,True
E99,LAGO MAYOR,2022-08-22,2022,S2,15.000000,Lago Mayor,cqr,13.038162,5.557899,16.356972,10.799073,True
E100,LAGO MAYOR,2022-08-22,2022,S2,13.000000,Lago Mayor,cqr,10.408308,6.588900,14.469439,7.880540,True
E103,LAGO MAYOR,2022-08-22,2022,S2,10.000000,Lago Mayor,cqr,10.347615,5.456793,14.282482,8.825689,True
E104,LAGO MAYOR,2022-08-22,2022,S2,13.000000,Lago Mayor,cqr,10.101261,6.527805,14.614916,8.087111,True
E113,LAGO MAYOR,2022-08-21,2022,S2,14.000000,Lago Mayor,cqr,10.967653,5.607192,14.859230,9.252037,True
E117,LAGO MAYOR,2022-08-21,2022,S2,14.000000,Lago Mayor,cqr,13.317854,5.507866,15.555807,10.047941,True
E120,LAGO MAYOR,2022-08-22,2022,S2,14.000000,Lago Mayor,cqr,13.096209,5.887700,16.444073,10.556372,True
E121,LAGO MAYOR,2022-08-23,2022,S2,11.000000,Lago Mayor,cqr,11.508437,7.427743,15.280918,7.853175,True
E122,LAGO MENOR,2022-08-23,2022,S2,10.000000,Lago Menor,cqr,11.670113,6.513772,16.451214,9.937442,True
E123,LAGO MENOR,2022-08-23,2022,S2,6.000000,Lago Menor,cqr,4.664633,2.124333,10.896015,8.771682,True
E125,LAGO MENOR,2022-08-23,2022,S2,8.000000,Lago Menor,cqr,5.031044,1.930013,10.866374,8.936361,True
E132,LAGO MENOR,2022-08-23,2022,S2,4.000000,Lago Menor,cqr,4.909682,1.881263,10.912371,9.031108,True
E130,LAGO MENOR,2022-08-23,2022,S2,5.500000,Lago Menor,cqr,5.996937,3.292656,11.383279,8.090624,True
E136,LAGO MENOR,2022-08-24,2022,S2,5.500000,Lago Menor,cqr,5.030157,2.947796,14.108914,11.161118,True
E135,LAGO MENOR,2022-08-24,2022,S2,11.000000,Lago Menor,cqr,7.951876,3.442460,12.643973,9.201514,True
E137,LAGO MENOR,2022-08-24,2022,S2,5.000000,Lago Menor,cqr,5.285680,2.339644,10.764323,8.424680,True
E141,LAGO MENOR,2022-08-24,2022,S2,5.000000,Lago Menor,cqr,8.619708,3.381890,13.007669,9.625779,True
E142,LAGO MENOR,2022-08-24,2022,S2,5.000000,Lago Menor,cqr,7.993360,3.400600,12.567924,9.167324,True
E145,LAGO MENOR,2022-08-24,2022,S2,5.500000,Lago Menor,cqr,7.727582,3.221018,11.036907,7.815889,True
E147,LAGO MENOR,2022-08-24,2022,S2,5.000000,Lago Menor,cqr,5.239792,2.385208,10.925752,8.540544,True
E01,BAHIA PUNO,2024-08-21,2024,S2,6.000000,Bahia de Puno,cqr,5.528067,2.452659,11.383279,8.930621,True
E02,BAHIA PUNO,2024-08-21,2024,S2,9.000000,Bahia de Puno,cqr,9.705498,4.706470,13.301676,8.595206,True
E03,BAHIA PUNO,2024-08-21,2024,S2,8.000000,Bahia de Puno,cqr,9.086544,4.571192,13.062189,8.490998,True
E05,BAHIA PUNO,2024-08-21,2024,S2,10.000000,Bahia de Puno,cqr,10.152172,4.999734,13.472536,8.472801,True
E08,BAHIA PUNO,2024-08-21,2024,S2,9.000000,Bahia de Puno,cqr,10.486430,5.605544,14.805696,9.200153,True
E15,LAGO MAYOR,2024-08-21,2024,S2,9.000000,Lago Mayor,cqr,10.348315,6.138381,14.111278,7.972897,True
E16,LAGO MAYOR,2024-08-21,2024,S2,6.000000,Lago Mayor,cqr,8.954593,5.173412,13.095342,7.921930,True
E22,LAGO MAYOR,2024-08-22,2024,S2,14.000000,Lago Mayor,cqr,11.786942,6.705439,14.600168,7.894729,True
E27,LAGO MAYOR,2024-08-22,2024,S2,4.000000,Lago Mayor,cqr,6.320890,3.047980,10.569658,7.521678,True
E28,LAGO MAYOR,2024-08-22,2024,S2,9.000000,Lago Mayor,cqr,8.685088,4.894017,12.792909,7.898892,True
E32,LAGO MAYOR,2024-08-22,2024,S2,12.500000,Lago Mayor,cqr,9.669545,4.859281,14.586855,9.727574,True
E36,LAGO MAYOR,2024-08-22,2024,S2,11.500000,Lago Mayor,cqr,10.597731,6.008344,14.740819,8.732474,True
E36B,LAGO MAYOR,2024-08-22,2024,S2,13.000000,Lago Mayor,cqr,11.218325,6.263010,15.804379,9.541369,True
E39,LAGO MAYOR,2024-08-23,2024,S2,8.000000,Lago Mayor,cqr,5.489768,2.432673,10.674787,8.242114,True
E41,LAGO MAYOR,2024-08-23,2024,S2,10.500000,Lago Mayor,cqr,10.212608,6.669408,14.384110,7.714702,True
E42,LAGO MAYOR,2024-08-23,2024,S2,10.000000,Lago Mayor,cqr,10.425495,6.146004,14.481664,8.335660,True
E43,LAGO MAYOR,2024-08-23,2024,S2,12.500000,Lago Mayor,cqr,11.590003,5.636118,14.824642,9.188524,True
E48,LAGO MAYOR,2024-08-24,2024,S2,9.000000,Lago Mayor,cqr,11.985896,5.785901,15.221920,9.436019,True
E49,LAGO MAYOR,2024-08-24,2024,S2,11.000000,Lago Mayor,cqr,11.611382,4.659550,15.933990,11.274440,True
E50,LAGO MAYOR,2024-08-24,2024,S2,12.000000,Lago Mayor,cqr,12.664773,4.652160,16.467575,11.815415,True
E51,LAGO MAYOR,2024-08-24,2024,S2,11.500000,Lago Mayor,cqr,12.255036,4.666613,15.714225,11.047612,True
E52,LAGO MAYOR,2024-08-24,2024,S2,11.000000,Lago Mayor,cqr,10.633774,4.917057,15.051649,10.134593,True
E53,LAGO MAYOR,2024-08-24,2024,S2,9.000000,Lago Mayor,cqr,11.104850,4.707098,16.638823,11.931724,True
E58,LAGO MAYOR,2024-08-26,2024,S2,9.000000,Lago Mayor,cqr,9.986758,4.373357,12.794353,8.420996,True
E59,LAGO MAYOR,2024-08-26,2024,S2,10.500000,Lago Mayor,cqr,10.444238,4.944244,13.854588,8.910345,True
E60,LAGO MAYOR,2024-08-25,2024,S2,12.000000,Lago Mayor,cqr,11.908150,6.016999,16.734302,10.717302,True
E61,LAGO MAYOR,2024-08-25,2024,S2,12.000000,Lago Mayor,cqr,9.772322,5.144076,12.381661,7.237584,True
E72,LAGO MAYOR,2024-08-25,2024,S2,4.800000,Lago Mayor,cqr,6.409484,2.915570,10.446950,7.531379,True
E76,LAGO MAYOR,2024-08-25,2024,S2,12.000000,Lago Mayor,cqr,10.872385,5.640683,15.795989,10.155306,True
B03,LAGO MAYOR,2024-08-27,2024,S2,11.000000,Lago Mayor,cqr,12.930994,5.815436,16.906700,11.091263,True
E78,LAGO MAYOR,2024-08-27,2024,S2,10.500000,Lago Mayor,cqr,12.947863,4.658188,16.668166,12.009977,True
E79,LAGO MAYOR,2024-08-27,2024,S2,9.500000,Lago Mayor,cqr,9.809207,3.718371,14.190555,10.472184,True
E80,LAGO MAYOR,2024-08-27,2024,S2,15.000000,Lago Mayor,cqr,10.043428,6.325874,14.783158,8.457283,False
E82,LAGO MAYOR,2024-08-28,2024,S2,9.000000,Lago Mayor,cqr,12.575531,4.659836,16.495617,11.835781,True
E83,LAGO MAYOR,2024-08-28,2024,S2,8.500000,Lago Mayor,cqr,9.845249,3.960647,15.249509,11.288862,True
E88,LAGO MAYOR,2024-08-29,2024,S2,9.500000,Lago Mayor,cqr,11.224450,5.507866,13.739370,8.231504,True
E94,LAGO MAYOR,2024-08-29,2024,S2,9.500000,Lago Mayor,cqr,11.534551,5.607192,14.064596,8.457404,True
E97,LAGO MAYOR,2024-08-29,2024,S2,13.500000,Lago Mayor,cqr,12.285146,7.021963,14.857962,7.835999,True
E98,LAGO MAYOR,2024-08-29,2024,S2,13.000000,Lago Mayor,cqr,13.006375,7.021963,12.778317,5.756353,False
E99,LAGO MAYOR,2024-08-30,2024,S2,9.500000,Lago Mayor,cqr,10.799282,5.531073,15.315474,9.784401,True
E100,LAGO MAYOR,2024-08-30,2024,S2,11.000000,Lago Mayor,cqr,12.136646,7.680938,15.085136,7.404198,True
E103,LAGO MAYOR,2024-08-30,2024,S2,11.000000,Lago Mayor,cqr,9.143399,5.766869,14.269996,8.503127,True
E105,LAGO MAYOR,2024-08-30,2024,S2,8.500000,Lago Mayor,cqr,5.549160,2.252363,10.969637,8.717274,True
E113,LAGO MAYOR,2024-08-29,2024,S2,13.500000,Lago Mayor,cqr,12.879108,7.021963,15.182041,8.160077,True
E117,LAGO MAYOR,2024-08-29,2024,S2,12.000000,Lago Mayor,cqr,12.510828,5.743857,14.640503,8.896647,True
E120,LAGO MAYOR,2024-08-30,2024,S2,10.500000,Lago Mayor,cqr,11.516192,7.331735,14.387829,7.056094,True
E121,LAGO MAYOR,2024-08-30,2024,S2,12.700000,Lago Mayor,cqr,10.737721,6.015327,14.709406,8.694079,True
E122,LAGO MENOR,2024-08-31,2024,S2,11.000000,Lago Menor,cqr,12.417043,6.810370,15.159959,8.349589,True
E125,LAGO MENOR,2024-09-01,2024,S2,2.500000,Lago Menor,cqr,5.593528,2.130383,10.097148,7.966764,True
P02,LAGO MENOR,2024-09-01,2024,S2,9.500000,Lago Menor,cqr,6.377532,2.897055,10.794458,7.897402,True
P03,LAGO MENOR,2024-09-01,2024,S2,3.500000,Lago Menor,cqr,5.935124,1.972217,10.215260,8.243043,True
P04,LAGO MENOR,2024-09-01,2024,S2,1.500000,Lago Menor,cqr,5.628404,1.970643,10.220429,8.249786,False
E127,LAGO MENOR,2024-09-01,2024,S2,2.000000,Lago Menor,cqr,6.072164,2.443766,10.450192,8.006425,False
E129,LAGO MENOR,2024-08-31,2024,S2,4.500000,Lago Menor,cqr,4.908923,1.809950,10.748607,8.938657,True
E135,LAGO MENOR,2024-08-31,2024,S2,4.000000,Lago Menor,cqr,6.237304,3.672624,11.422441,7.749817,True
E138,LAGO MENOR,2024-08-31,2024,S2,4.500000,Lago Menor,cqr,4.728725,1.809950,10.946951,9.137001,True
P15,LAGO MENOR,2024-08-31,2024,S2,4.000000,Lago Menor,cqr,6.503045,2.488531,10.631098,8.142568,True
E142,LAGO MENOR,2024-08-31,2024,S2,4.000000,Lago Menor,cqr,4.920964,2.410778,11.107220,8.696442,True
E145,LAGO MENOR,2024-09-02,2024,S2,3.500000,Lago Menor,cqr,5.791847,3.881746,9.119527,5.237781,False
P10,LAGO MENOR,2024-09-02,2024,S2,3.000000,Lago Menor,cqr,5.859270,3.603946,9.510871,5.906925,False
E40,LAGO MAYOR,2013-10-10,2013,LS,5.000000,Lago Mayor,cqr,7.569234,3.261332,12.106622,8.845290,True
E41,LAGO MAYOR,2013-10-10,2013,LS,7.000000,Lago Mayor,cqr,7.386547,2.391379,11.548444,9.157065,True
E42,LAGO MAYOR,2013-10-10,2013,LS,8.500000,Lago Mayor,cqr,7.185878,3.991621,11.548444,7.556823,True
E43,LAGO MAYOR,2013-10-10,2013,LS,6.500000,Lago Mayor,cqr,7.143154,3.149404,11.492943,8.343539,True
E44,LAGO MAYOR,2013-10-10,2013,LS,8.000000,Lago Mayor,cqr,7.226663,2.783083,11.783318,9.000235,True
E45,LAGO MAYOR,2013-10-10,2013,LS,9.000000,Lago Mayor,cqr,7.875292,4.240535,12.463844,8.223309,True
E47,LAGO MAYOR,2013-10-11,2013,LS,7.000000,Lago Mayor,cqr,8.465493,2.335522,12.070117,9.734595,True
E48,LAGO MAYOR,2013-10-11,2013,LS,8.100000,Lago Mayor,cqr,8.679095,4.534941,14.512677,9.977737,True
E49,LAGO MAYOR,2013-10-11,2013,LS,7.500000,Lago Mayor,cqr,7.531937,2.355151,11.512909,9.157758,True
E50,LAGO MAYOR,2013-10-11,2013,LS,5.700000,Lago Mayor,cqr,6.516063,2.298591,11.597359,9.298768,True
E51,LAGO MAYOR,2013-10-12,2013,LS,7.000000,Lago Mayor,cqr,6.158297,3.699419,10.321194,6.621775,True
E52,LAGO MAYOR,2013-10-12,2013,LS,6.800000,Lago Mayor,cqr,6.365313,2.893954,10.716155,7.822201,True
E53,LAGO MAYOR,2013-10-12,2013,LS,8.000000,Lago Mayor,cqr,6.630550,3.009972,11.366945,8.356973,True
E54,LAGO MAYOR,2013-10-12,2013,LS,8.100000,Lago Mayor,cqr,6.731824,3.975020,10.580424,6.605404,True
E55,LAGO MAYOR,2013-10-12,2013,LS,8.000000,Lago Mayor,cqr,6.626750,4.263467,10.643037,6.379570,True
E56,LAGO MAYOR,2013-10-12,2013,LS,5.500000,Lago Mayor,cqr,6.275319,2.962733,10.580424,7.617691,True
E57,LAGO MAYOR,2013-10-12,2013,LS,8.000000,Lago Mayor,cqr,8.842701,4.757947,12.189555,7.431609,True
E58,LAGO MAYOR,2013-10-12,2013,LS,9.000000,Lago Mayor,cqr,6.704486,3.975020,10.643037,6.668017,True
E60,LAGO MAYOR,2013-10-13,2013,LS,7.000000,Lago Mayor,cqr,6.605656,2.700421,13.269367,10.568946,True
E61,LAGO MAYOR,2013-10-13,2013,LS,6.000000,Lago Mayor,cqr,8.045248,2.355151,11.512909,9.157758,True
E62,LAGO MAYOR,2013-10-13,2013,LS,7.000000,Lago Mayor,cqr,9.898744,3.300244,13.609021,10.308777,True
E63,LAGO MAYOR,2013-10-13,2013,LS,7.000000,Lago Mayor,cqr,6.872315,2.282829,13.221506,10.938677,True
E64,LAGO MAYOR,2013-10-13,2013,LS,7.000000,Lago Mayor,cqr,7.296284,3.252385,13.607528,10.355143,True
E65,LAGO MAYOR,2013-10-14,2013,LS,7.000000,Lago Mayor,cqr,6.793145,2.350625,11.477507,9.126882,True
E66,LAGO MAYOR,2013-10-14,2013,LS,6.500000,Lago Mayor,cqr,6.626295,2.435067,11.547527,9.112459,True
E67,LAGO MAYOR,2013-10-14,2013,LS,7.000000,Lago Mayor,cqr,10.042196,6.931194,16.206085,9.274891,True
E68,LAGO MAYOR,2013-10-14,2013,LS,7.200000,Lago Mayor,cqr,8.265560,2.392082,11.512909,9.120827,True
E69,LAGO MAYOR,2013-10-14,2013,LS,6.500000,Lago Mayor,cqr,8.461621,2.323822,12.094500,9.770678,True
E70,LAGO MAYOR,2013-10-14,2013,LS,6.000000,Lago Mayor,cqr,8.379436,2.392082,11.527468,9.135386,True
E71,LAGO MAYOR,2013-10-14,2013,LS,5.000000,Lago Mayor,cqr,8.445354,2.323822,12.209893,9.886071,True
E72,LAGO MAYOR,2013-10-15,2013,LS,6.000000,Lago Mayor,cqr,6.348553,1.631352,13.238372,11.607020,True
E73,LAGO MAYOR,2013-10-15,2013,LS,5.500000,Lago Mayor,cqr,7.059241,2.695223,13.255205,10.559982,True
E74,LAGO MAYOR,2013-10-15,2013,LS,8.400000,Lago Mayor,cqr,9.012328,3.527029,13.360433,9.833404,True
E75,LAGO MAYOR,2013-10-15,2013,LS,6.000000,Lago Mayor,cqr,9.835347,3.300244,13.598089,10.297845,True
E76,LAGO MENOR,2013-10-15,2013,LS,5.500000,Lago Menor,cqr,9.787030,3.318955,13.625947,10.306992,True
E77,LAGO MENOR,2013-10-15,2013,LS,5.000000,Lago Menor,cqr,8.936869,3.318955,12.209893,8.890938,True
E79,LAGO MENOR,2013-10-15,2013,LS,5.400000,Lago Menor,cqr,7.133276,2.708815,11.597770,8.888955,True
E80,LAGO MENOR,2013-10-15,2013,LS,5.100000,Lago Menor,cqr,6.262048,2.131826,9.611356,7.479529,True
E81,LAGO MENOR,2013-10-15,2013,LS,4.500000,Lago Menor,cqr,10.825769,4.061589,13.598089,9.536501,True
E82,LAGO MENOR,2013-10-16,2013,LS,5.500000,Lago Menor,cqr,7.066717,3.453334,12.480385,9.027051,True
E83,LAGO MENOR,2013-10-16,2013,LS,6.000000,Lago Menor,cqr,6.883746,3.998274,11.840330,7.842056,True
E84,LAGO MENOR,2013-10-15,2013,LS,6.000000,Lago Menor,cqr,7.132457,3.698537,12.167873,8.469337,True
E85,LAGO MENOR,2013-10-16,2013,LS,6.300000,Lago Menor,cqr,6.516763,3.313440,11.416050,8.102610,True
E87,LAGO MENOR,2013-10-16,2013,LS,6.000000,Lago Menor,cqr,6.882280,2.520966,11.095608,8.574642,True
E03,BAHIA PUNO,2014-07-19,2014,LS,6.000000,Bahia de Puno,cqr,7.987129,5.531075,13.757809,8.226734,True
E07,BAHIA PUNO,2014-07-19,2014,LS,7.000000,Bahia de Puno,cqr,8.006165,4.999775,13.106985,8.107210,True
E08,BAHIA PUNO,2014-07-20,2014,LS,6.500000,Bahia de Puno,cqr,6.268824,2.199020,9.887755,7.688734,True
E09,LAGO MAYOR,2014-07-20,2014,LS,8.000000,Lago Mayor,cqr,9.347915,5.086313,14.464055,9.377741,True
E10,LAGO MAYOR,2014-07-20,2014,LS,8.500000,Lago Mayor,cqr,9.069333,5.614461,13.985703,8.371242,True
E12,LAGO MAYOR,2014-07-21,2014,LS,8.000000,Lago Mayor,cqr,9.361092,5.982312,14.110532,8.128220,True
E13,LAGO MAYOR,2014-07-21,2014,LS,9.500000,Lago Mayor,cqr,8.610762,4.852251,14.069854,9.217602,True
E14,LAGO MAYOR,2014-07-20,2014,LS,9.000000,Lago Mayor,cqr,9.558974,6.515216,14.526001,8.010785,True
E15,LAGO MAYOR,2014-07-22,2014,LS,8.000000,Lago Mayor,cqr,9.545178,6.372812,14.828441,8.455630,True
E16,LAGO MAYOR,2014-07-21,2014,LS,12.200000,Lago Mayor,cqr,6.779270,3.672281,12.354466,8.682185,True
E17,LAGO MAYOR,2014-07-22,2014,LS,10.500000,Lago Mayor,cqr,8.439619,4.340457,13.093856,8.753399,True
E18,LAGO MAYOR,2014-07-22,2014,LS,12.000000,Lago Mayor,cqr,10.136969,6.593792,14.509488,7.915696,True
E19,LAGO MAYOR,2014-07-22,2014,LS,12.400000,Lago Mayor,cqr,10.131708,6.088570,14.821475,8.732906,True
E20,LAGO MAYOR,2014-07-23,2014,LS,8.500000,Lago Mayor,cqr,7.607279,3.219165,13.223338,10.004173,True
E21,LAGO MAYOR,2014-07-23,2014,LS,9.400000,Lago Mayor,cqr,10.801738,6.302875,14.096962,7.794087,True
E22,LAGO MAYOR,2014-07-23,2014,LS,10.000000,Lago Mayor,cqr,10.466287,7.407953,14.552195,7.144242,True
E23,LAGO MAYOR,2014-07-23,2014,LS,10.200000,Lago Mayor,cqr,11.113055,6.524514,14.723701,8.199187,True
E24,LAGO MAYOR,2014-07-23,2014,LS,10.600000,Lago Mayor,cqr,11.491904,7.304284,14.389840,7.085555,True
E25,LAGO MAYOR,2014-07-23,2014,LS,9.500000,Lago Mayor,cqr,9.747524,5.872856,13.935771,8.062915,True
E26,LAGO MAYOR,2014-07-23,2014,LS,8.000000,Lago Mayor,cqr,9.943860,6.396359,14.406566,8.010207,True
E27,LAGO MAYOR,2014-07-23,2014,LS,10.000000,Lago Mayor,cqr,10.430151,6.256032,14.758374,8.502342,True
E28,LAGO MAYOR,2014-07-24,2014,LS,11.400000,Lago Mayor,cqr,11.899817,7.000000,13.668838,6.668838,True
E29,LAGO MAYOR,2014-07-24,2014,LS,10.400000,Lago Mayor,cqr,9.740279,7.000000,13.740530,6.740530,True
E30,LAGO MAYOR,2014-07-24,2014,LS,11.600000,Lago Mayor,cqr,7.999062,5.903110,10.650633,4.747523,False
E31,LAGO MAYOR,2014-07-24,2014,LS,10.800000,Lago Mayor,cqr,6.401889,1.618752,10.716155,9.097403,False
E32,LAGO MAYOR,2014-07-25,2014,LS,10.000000,Lago Mayor,cqr,8.295355,5.827766,13.792137,7.964370,True
E33,LAGO MAYOR,2014-07-25,2014,LS,10.500000,Lago Mayor,cqr,10.309718,6.676584,14.200723,7.524139,True
E34,LAGO MAYOR,2014-07-25,2014,LS,10.000000,Lago Mayor,cqr,10.023459,6.083602,14.296849,8.213246,True
E35,LAGO MAYOR,2014-07-25,2014,LS,10.000000,Lago Mayor,cqr,10.903542,6.602986,15.796368,9.193382,True
E36,LAGO MAYOR,2014-07-25,2014,LS,10.500000,Lago Mayor,cqr,11.509118,5.986453,14.853767,8.867314,True
E37,LAGO MAYOR,2014-07-25,2014,LS,11.000000,Lago Mayor,cqr,10.429557,5.936099,14.166293,8.230194,True
E39,LAGO MAYOR,2014-07-25,2014,LS,10.000000,Lago Mayor,cqr,10.246001,6.365958,13.354151,6.988193,True
E40,LAGO MAYOR,2014-07-26,2014,LS,11.000000,Lago Mayor,cqr,10.203479,6.437367,13.875373,7.438006,True
E41,LAGO MAYOR,2014-07-26,2014,LS,11.000000,Lago Mayor,cqr,9.826806,7.243095,13.538080,6.294986,True
E42,LAGO MAYOR,2014-07-26,2014,LS,7.000000,Lago Mayor,cqr,9.048858,5.729055,12.787877,7.058822,True
E44,LAGO MAYOR,2014-07-27,2014,LS,11.000000,Lago Mayor,cqr,9.784463,7.119821,14.830887,7.711066,True
E45,LAGO MAYOR,2017-07-27,2017,LS,11.000000,Lago Mayor,cqr,10.128288,6.440285,14.692343,8.252058,True
E46,LAGO MAYOR,2014-07-27,2014,LS,11.000000,Lago Mayor,cqr,8.984576,4.261942,13.166192,8.904249,True
E47,LAGO MAYOR,2014-07-27,2014,LS,11.000000,Lago Mayor,cqr,9.737754,5.672000,13.733115,8.061115,True
E48,LAGO MAYOR,2014-07-27,2014,LS,7.400000,Lago Mayor,cqr,9.334138,4.650865,12.660592,8.009726,True
E49,LAGO MAYOR,2014-07-27,2014,LS,10.000000,Lago Mayor,cqr,9.394730,5.161381,13.529168,8.367787,True
E50,LAGO MAYOR,2014-07-27,2014,LS,10.200000,Lago Mayor,cqr,10.082411,6.132896,12.967736,6.834840,True
E51,LAGO MAYOR,2014-07-28,2014,LS,11.500000,Lago Mayor,cqr,11.099347,5.721893,12.653940,6.932047,True
E52,LAGO MAYOR,2014-07-28,2014,LS,13.000000,Lago Mayor,cqr,8.964236,6.769224,12.081234,5.312010,False
E53,LAGO MAYOR,2014-07-28,2014,LS,11.000000,Lago Mayor,cqr,9.729149,7.000000,12.496641,5.496641,True
E54,LAGO MAYOR,2014-07-28,2014,LS,10.500000,Lago Mayor,cqr,9.626814,6.587069,11.717687,5.130619,True
E55,LAGO MAYOR,2014-07-28,2014,LS,9.500000,Lago Mayor,cqr,9.214453,7.000000,12.096130,5.096130,True
E56,LAGO MAYOR,2014-07-28,2014,LS,9.200000,Lago Mayor,cqr,9.776848,7.000000,11.943930,4.943930,True
E57,LAGO MAYOR,2014-07-20,2014,LS,9.500000,Lago Mayor,cqr,10.287656,7.341023,14.297970,6.956947,True
E58,LAGO MAYOR,2014-07-29,2014,LS,10.000000,Lago Mayor,cqr,10.090493,6.334578,14.443133,8.108555,True
E59,LAGO MAYOR,2014-07-29,2014,LS,10.600000,Lago Mayor,cqr,9.884433,6.421044,14.410569,7.989525,True
E60,LAGO MAYOR,2014-07-29,2014,LS,11.200000,Lago Mayor,cqr,10.355088,5.752823,13.070020,7.317197,True
E61,LAGO MAYOR,2014-07-29,2014,LS,11.000000,Lago Mayor,cqr,9.569079,5.175963,13.480409,8.304446,True
E62,LAGO MAYOR,2014-07-29,2014,LS,10.000000,Lago Mayor,cqr,9.250092,5.186222,12.759442,7.573220,True
E63,LAGO MAYOR,2014-07-29,2014,LS,10.200000,Lago Mayor,cqr,10.429926,6.785841,14.884581,8.098740,True
E64,LAGO MAYOR,2014-07-29,2014,LS,9.500000,Lago Mayor,cqr,9.886267,6.139363,14.294699,8.155336,True
E65,LAGO MAYOR,2014-07-30,2014,LS,9.500000,Lago Mayor,cqr,10.271053,6.108302,14.488028,8.379726,True
E66,LAGO MAYOR,2014-07-30,2014,LS,11.000000,Lago Mayor,cqr,10.026506,4.771216,13.416903,8.645688,True
E67,LAGO MAYOR,2014-07-30,2014,LS,9.000000,Lago Mayor,cqr,9.986743,6.108302,13.875848,7.767546,True
E68,LAGO MAYOR,2014-07-30,2014,LS,10.000000,Lago Mayor,cqr,11.240079,5.603581,13.849068,8.245486,True
E69,LAGO MAYOR,2014-07-30,2014,LS,8.000000,Lago Mayor,cqr,9.650462,4.771216,13.264554,8.493338,True
E70,LAGO MAYOR,2014-07-30,2014,LS,5.000000,Lago Mayor,cqr,9.228318,4.684573,14.484631,9.800058,True
E71,LAGO MAYOR,2014-07-30,2014,LS,5.500000,Lago Mayor,cqr,8.019542,0.259220,13.405341,13.146121,True
E74,LAGO MENOR,2014-07-30,2014,LS,6.500000,Lago Menor,cqr,7.057647,4.184256,12.949215,8.764958,True
E75,LAGO MENOR,2014-07-30,2014,LS,6.000000,Lago Menor,cqr,6.245986,3.619463,12.765690,9.146227,True
E76,LAGO MENOR,2014-07-30,2014,LS,5.000000,Lago Menor,cqr,9.639444,4.471528,12.026334,7.554806,True
E77,LAGO MENOR,2014-07-31,2014,LS,6.000000,Lago Menor,cqr,6.300477,3.692693,11.537830,7.845137,True
E79,LAGO MENOR,2014-07-31,2014,LS,6.000000,Lago Menor,cqr,6.493661,3.928013,11.042304,7.114291,True
E80,LAGO MENOR,2014-07-31,2014,LS,6.000000,Lago Menor,cqr,6.069448,3.538399,11.078158,7.539759,True
E02,BAHIA PUNO,2015-07-14,2015,LS,6.500000,Bahia de Puno,cqr,9.644805,6.084589,14.223821,8.139232,True
E05,BAHIA PUNO,2015-07-15,2015,LS,7.000000,Bahia de Puno,cqr,10.026281,6.125114,14.526001,8.400886,True
E08,BAHIA PUNO,2015-07-15,2015,LS,8.000000,Bahia de Puno,cqr,9.100815,5.260937,14.418491,9.157553,True
E12,BAHIA PUNO,2015-07-15,2015,LS,8.000000,Bahia de Puno,cqr,9.457290,5.818108,13.695381,7.877273,True
E13,BAHIA PUNO,2015-07-15,2015,LS,9.000000,Bahia de Puno,cqr,9.671469,7.112046,14.130110,7.018065,True
E14,BAHIA PUNO,2015-07-15,2015,LS,9.000000,Bahia de Puno,cqr,9.519817,6.673098,14.173629,7.500531,True
E15,BAHIA PUNO,2015-07-15,2015,LS,7.000000,Bahia de Puno,cqr,8.908310,5.355049,13.685500,8.330451,True
E16,BAHIA PUNO,2015-07-16,2015,LS,7.000000,Bahia de Puno,cqr,6.371244,4.185118,11.882114,7.696996,True
E18,LAGO MAYOR,2015-07-16,2015,LS,10.000000,Lago Mayor,cqr,9.930778,7.204921,13.530727,6.325806,True
E19,LAGO MAYOR,2015-07-16,2015,LS,9.500000,Lago Mayor,cqr,9.931482,7.016810,14.057551,7.040741,True
E20,LAGO MAYOR,2015-07-16,2015,LS,8.500000,Lago Mayor,cqr,9.279733,6.371816,13.376858,7.005042,True
E21,LAGO MAYOR,2015-07-16,2015,LS,9.000000,Lago Mayor,cqr,10.463443,7.539822,13.995547,6.455725,True
E22,LAGO MAYOR,2015-07-16,2015,LS,10.000000,Lago Mayor,cqr,9.387272,6.112203,13.236622,7.124418,True
E23,LAGO MAYOR,2015-07-17,2015,LS,8.000000,Lago Mayor,cqr,10.586004,6.008936,14.527718,8.518783,True
E24,LAGO MAYOR,2015-07-17,2015,LS,12.000000,Lago Mayor,cqr,8.807447,5.891594,13.798949,7.907355,True
E27,LAGO MAYOR,2015-07-17,2015,LS,9.000000,Lago Mayor,cqr,8.708234,5.762561,13.833277,8.070716,True
E28,LAGO MAYOR,2015-07-17,2015,LS,5.500000,Lago Mayor,cqr,8.006065,4.195034,13.192053,8.997019,True
E29,LAGO MAYOR,2015-07-17,2015,LS,7.000000,Lago Mayor,cqr,8.885315,4.481862,13.720230,9.238369,True
E31,LAGO MAYOR,2015-07-18,2015,LS,8.000000,Lago Mayor,cqr,7.503772,2.693707,12.404885,9.711178,True
E32,LAGO MAYOR,2015-07-18,2015,LS,7.000000,Lago Mayor,cqr,7.625728,3.586808,12.825983,9.239175,True
E35,LAGO MAYOR,2015-07-19,2015,LS,8.000000,Lago Mayor,cqr,7.373661,3.638374,13.390136,9.751762,True
E36,LAGO MAYOR,2015-07-19,2015,LS,10.000000,Lago Mayor,cqr,8.119092,3.854656,13.038634,9.183979,True
E37,LAGO MAYOR,2015-07-19,2015,LS,10.000000,Lago Mayor,cqr,7.979792,4.962731,13.515065,8.552334,True
E38,LAGO MAYOR,2015-07-19,2015,LS,9.000000,Lago Mayor,cqr,8.343369,5.129098,13.548352,8.419254,True
E39,LAGO MAYOR,2015-07-19,2015,LS,6.000000,Lago Mayor,cqr,5.278683,2.451674,10.319392,7.867717,True
E40,LAGO MAYOR,2015-07-20,2015,LS,10.000000,Lago Mayor,cqr,9.744262,6.137391,14.084656,7.947265,True
E41,LAGO MAYOR,2015-07-20,2015,LS,11.000000,Lago Mayor,cqr,9.545430,6.425990,14.835058,8.409068,True
E42,LAGO MAYOR,2015-07-20,2015,LS,10.000000,Lago Mayor,cqr,10.105612,6.569300,14.555387,7.986087,True
E43,LAGO MAYOR,2015-07-21,2015,LS,9.000000,Lago Mayor,cqr,9.596396,7.041631,14.545579,7.503949,True
E44,LAGO MAYOR,2015-07-21,2015,LS,8.000000,Lago Mayor,cqr,9.883380,6.397200,14.109415,7.712215,True
E45,LAGO MAYOR,2015-07-21,2015,LS,10.000000,Lago Mayor,cqr,10.571245,5.766999,15.711552,9.944553,True
E46,LAGO MAYOR,2015-07-21,2015,LS,9.000000,Lago Mayor,cqr,10.214323,5.901113,15.112447,9.211334,True
E48,LAGO MAYOR,2015-07-22,2015,LS,10.000000,Lago Mayor,cqr,10.345777,6.587069,12.508283,5.921214,True
E49,LAGO MAYOR,2015-07-22,2015,LS,9.000000,Lago Mayor,cqr,9.978606,7.000000,13.237482,6.237482,True
E50,LAGO MAYOR,2015-07-22,2015,LS,10.000000,Lago Mayor,cqr,10.312830,7.000000,14.119988,7.119988,True
E51,LAGO MAYOR,2015-07-23,2015,LS,10.000000,Lago Mayor,cqr,10.518021,7.000000,13.715818,6.715818,True
E52,LAGO MAYOR,2015-07-23,2015,LS,9.000000,Lago Mayor,cqr,9.942586,7.000000,13.744467,6.744467,True
E53,LAGO MAYOR,2015-07-23,2015,LS,8.000000,Lago Mayor,cqr,9.487237,7.000000,12.110091,5.110091,True
E54,LAGO MAYOR,2015-07-23,2015,LS,8.000000,Lago Mayor,cqr,9.377069,7.000000,11.943930,4.943930,True
E55,LAGO MAYOR,2015-07-24,2015,LS,11.000000,Lago Mayor,cqr,9.790333,6.404915,14.167315,7.762400,True
E56,LAGO MAYOR,2015-07-25,2015,LS,9.000000,Lago Mayor,cqr,9.362647,5.905503,13.759844,7.854341,True
E57,LAGO MAYOR,2015-07-24,2015,LS,8.000000,Lago Mayor,cqr,9.922412,6.616234,14.168534,7.552300,True
E58,LAGO MAYOR,2015-07-24,2015,LS,8.300000,Lago Mayor,cqr,9.766712,6.953473,13.959790,7.006318,True
E59,LAGO MAYOR,2015-07-24,2015,LS,8.000000,Lago Mayor,cqr,10.398467,6.780402,14.423836,7.643435,True
E60,LAGO MAYOR,2015-07-27,2015,LS,11.000000,Lago Mayor,cqr,9.814709,6.446478,14.104407,7.657929,True
E61,LAGO MAYOR,2015-07-27,2015,LS,8.000000,Lago Mayor,cqr,10.099928,7.021234,14.187082,7.165848,True
E62,LAGO MAYOR,2015-07-25,2015,LS,9.000000,Lago Mayor,cqr,10.707944,6.999743,15.129751,8.130008,True
E63,LAGO MAYOR,2015-07-25,2015,LS,10.000000,Lago Mayor,cqr,9.942620,6.599135,13.718051,7.118916,True
E64,LAGO MAYOR,2015-07-23,2015,LS,9.000000,Lago Mayor,cqr,10.142707,6.587069,12.689797,6.102728,True
E66,LAGO MAYOR,2015-07-28,2015,LS,11.000000,Lago Mayor,cqr,9.653449,7.000000,12.398208,5.398208,True
E67,LAGO MAYOR,2015-07-27,2015,LS,10.000000,Lago Mayor,cqr,9.660120,6.665684,14.133520,7.467836,True
E68,LAGO MAYOR,2015-07-28,2015,LS,7.000000,Lago Mayor,cqr,9.841065,7.000000,12.496529,5.496529,True
E72,LAGO MAYOR,2015-07-26,2015,LS,6.000000,Lago Mayor,cqr,6.158698,2.774676,10.668842,7.894165,True
E73,LAGO MAYOR,2015-07-26,2015,LS,5.200000,Lago Mayor,cqr,5.392459,2.856243,10.745427,7.889184,True
E74,LAGO MAYOR,2015-07-26,2015,LS,8.000000,Lago Mayor,cqr,8.048538,5.248591,13.790413,8.541822,True
E75,LAGO MAYOR,2015-07-26,2015,LS,5.000000,Lago Mayor,cqr,7.434863,4.356506,13.319956,8.963451,True
E76,LAGO MAYOR,2015-07-26,2015,LS,8.000000,Lago Mayor,cqr,8.799230,5.358706,14.054586,8.695880,True
E77,LAGO MAYOR,2015-07-26,2015,LS,7.500000,Lago Mayor,cqr,9.242623,5.839840,14.093497,8.253658,True
E78,LAGO MAYOR,2015-07-30,2015,LS,11.000000,Lago Mayor,cqr,9.001680,5.891594,14.200723,8.309129,True
E79,LAGO MAYOR,2015-07-29,2015,LS,9.000000,Lago Mayor,cqr,9.556130,6.053041,14.190118,8.137077,True
E80,LAGO MAYOR,2015-07-29,2015,LS,10.000000,Lago Mayor,cqr,9.801572,7.077225,14.558551,7.481327,True
E81,LAGO MAYOR,2015-07-30,2015,LS,10.000000,Lago Mayor,cqr,9.620429,6.070775,13.912329,7.841555,True
E82,LAGO MAYOR,2015-07-30,2015,LS,9.000000,Lago Mayor,cqr,9.668065,6.070775,13.933556,7.862781,True
E83,LAGO MAYOR,2015-07-31,2015,LS,9.000000,Lago Mayor,cqr,8.779250,5.663732,14.018536,8.354804,True
E85,LAGO MAYOR,2015-07-31,2015,LS,9.000000,Lago Mayor,cqr,9.913366,5.977723,14.226088,8.248364,True
E86,LAGO MAYOR,2015-07-31,2015,LS,9.000000,Lago Mayor,cqr,9.631099,5.974517,13.815996,7.841479,True
E88,LAGO MAYOR,2015-08-03,2015,LS,9.500000,Lago Mayor,cqr,9.641597,7.000000,12.336540,5.336540,True
E90,LAGO MAYOR,2015-08-02,2015,LS,9.000000,Lago Mayor,cqr,8.752927,5.678083,13.597823,7.919740,True
E91,LAGO MAYOR,2015-08-02,2015,LS,10.000000,Lago Mayor,cqr,9.500954,6.381907,13.136623,6.754715,True
E92,LAGO MAYOR,2015-08-02,2015,LS,9.000000,Lago Mayor,cqr,9.329550,6.268357,13.177928,6.909572,True
E94,LAGO MAYOR,2015-08-02,2015,LS,9.000000,Lago Mayor,cqr,9.552416,6.381907,13.479804,7.097897,True
E95,LAGO MAYOR,2015-08-03,2015,LS,9.000000,Lago Mayor,cqr,10.214250,6.587069,12.193556,5.606487,True
E96,LAGO MAYOR,2015-08-03,2015,LS,7.500000,Lago Mayor,cqr,9.887775,7.000000,13.519918,6.519918,True
E97,LAGO MAYOR,2015-08-02,2015,LS,10.000000,Lago Mayor,cqr,9.570728,4.901922,13.671883,8.769961,True
E98,LAGO MAYOR,2015-08-05,2015,LS,9.000000,Lago Mayor,cqr,10.214789,7.012788,13.943549,6.930761,True
E99,LAGO MAYOR,2015-08-05,2015,LS,9.500000,Lago Mayor,cqr,9.341954,6.430858,13.305008,6.874150,True
E100,LAGO MAYOR,2015-08-01,2015,LS,10.000000,Lago Mayor,cqr,10.091975,8.265855,14.820567,6.554712,True
E101,LAGO MAYOR,2015-08-01,2015,LS,10.500000,Lago Mayor,cqr,9.655609,6.302404,14.429347,8.126943,True
E102,LAGO MAYOR,2015-08-01,2015,LS,9.000000,Lago Mayor,cqr,9.875400,6.541991,14.341867,7.799876,True
E104,LAGO MAYOR,2015-08-01,2015,LS,11.000000,Lago Mayor,cqr,9.409619,6.355808,14.388069,8.032261,True
E105,LAGO MAYOR,2015-08-01,2015,LS,2.200000,Lago Mayor,cqr,5.759020,2.889729,12.699576,9.809848,False
E107,LAGO MAYOR,2015-08-01,2015,LS,10.500000,Lago Mayor,cqr,9.325749,5.922983,13.958147,8.035164,True
E109,LAGO MAYOR,2015-08-04,2015,LS,10.000000,Lago Mayor,cqr,10.764623,7.505218,14.285118,6.779899,True
E110,LAGO MAYOR,2015-08-04,2015,LS,9.000000,Lago Mayor,cqr,10.032471,7.039474,14.143082,7.103608,True
E111,LAGO MAYOR,2015-08-04,2015,LS,8.000000,Lago Mayor,cqr,10.184467,7.155263,14.256372,7.101109,True
E112,LAGO MAYOR,2015-08-04,2015,LS,9.500000,Lago Mayor,cqr,9.870378,7.133424,14.256208,7.122784,True
E113,LAGO MAYOR,2015-08-04,2015,LS,9.500000,Lago Mayor,cqr,9.864234,6.949782,14.558551,7.608770,True
E115,LAGO MAYOR,2015-08-04,2015,LS,10.000000,Lago Mayor,cqr,9.450535,6.093559,14.153109,8.059550,True
E116,LAGO MAYOR,2015-08-05,2015,LS,9.000000,Lago Mayor,cqr,9.291443,4.857692,13.646266,8.788574,True
E117,LAGO MAYOR,2015-08-04,2015,LS,9.000000,Lago Mayor,cqr,9.283583,5.692435,13.803708,8.111273,True
E118,LAGO MAYOR,2015-08-05,2015,LS,9.000000,Lago Mayor,cqr,9.438521,6.082388,13.438629,7.356241,True
E119,LAGO MAYOR,2015-08-05,2015,LS,9.000000,Lago Mayor,cqr,9.616162,6.788488,13.792107,7.003619,True
E120,LAGO MAYOR,2015-08-05,2015,LS,10.000000,Lago Mayor,cqr,9.100489,5.485073,12.290298,6.805224,True
E121,LAGO MAYOR,2015-08-05,2015,LS,9.000000,Lago Mayor,cqr,9.808449,4.664467,12.461820,7.797353,True
E125,LAGO MENOR,2015-08-06,2015,LS,8.000000,Lago Menor,cqr,6.864837,3.899502,11.875046,7.975544,True
E130,LAGO MENOR,2015-08-07,2015,LS,4.500000,Lago Menor,cqr,7.654243,4.399676,12.902144,8.502468,True
E131,LAGO MENOR,2015-08-07,2015,LS,5.000000,Lago Menor,cqr,7.597789,4.389231,12.951951,8.562721,True
E132,LAGO MENOR,2015-08-07,2015,LS,5.000000,Lago Menor,cqr,5.365911,1.988873,9.685059,7.696186,True
E135,LAGO MENOR,2015-08-07,2015,LS,8.000000,Lago Menor,cqr,8.147439,5.410314,12.860458,7.450144,True
E136,LAGO MENOR,2015-08-07,2015,LS,5.000000,Lago Menor,cqr,6.891130,4.223166,11.059315,6.836149,True
E137,LAGO MENOR,2015-08-08,2015,LS,6.000000,Lago Menor,cqr,6.031124,3.450199,11.233047,7.782848,True
E139,LAGO MENOR,2015-08-08,2015,LS,4.000000,Lago Menor,cqr,5.512295,2.296976,10.844484,8.547508,True
E141,LAGO MENOR,2015-08-08,2015,LS,4.000000,Lago Menor,cqr,6.053155,2.747839,11.111749,8.363910,True
E142,LAGO MENOR,2015-08-08,2015,LS,5.000000,Lago Menor,cqr,5.977707,3.695069,11.341123,7.646053,True
E143,LAGO MENOR,2015-08-09,2015,LS,6.000000,Lago Menor,cqr,5.636303,1.951779,9.727165,7.775386,True
E145,LAGO MENOR,2015-08-09,2015,LS,6.000000,Lago Menor,cqr,5.805290,3.261876,9.795741,6.533864,True
E147,LAGO MENOR,2015-08-09,2015,LS,6.000000,Lago Menor,cqr,6.062637,3.313305,9.668621,6.355316,True
E01,BAHIA PUNO,2016-08-03,2016,LS,8.500000,Bahia de Puno,cqr,6.830404,3.899315,12.140674,8.241358,True
E02,BAHIA PUNO,2016-08-03,2016,LS,9.500000,Bahia de Puno,cqr,8.910656,4.546977,13.441636,8.894659,True
E04,BAHIA PUNO,2016-08-03,2016,LS,7.000000,Bahia de Puno,cqr,8.529075,3.899420,13.872038,9.972618,True
E05,BAHIA PUNO,2016-08-03,2016,LS,7.000000,Bahia de Puno,cqr,9.466889,6.296776,13.947046,7.650270,True
E07,BAHIA PUNO,2016-08-03,2016,LS,5.000000,Bahia de Puno,cqr,6.908958,3.658801,13.658580,9.999779,True
E08,BAHIA PUNO,2016-08-03,2016,LS,8.500000,Bahia de Puno,cqr,9.880476,6.020938,14.523335,8.502396,True
E09,BAHIA PUNO,2016-08-03,2016,LS,6.000000,Bahia de Puno,cqr,6.717167,2.602601,11.426904,8.824303,True
E13,BAHIA PUNO,2016-08-04,2016,LS,9.000000,Bahia de Puno,cqr,11.160685,6.661122,14.148461,7.487339,True
E14,BAHIA PUNO,2016-08-04,2016,LS,9.500000,Bahia de Puno,cqr,9.719885,6.010986,14.539394,8.528408,True
E15,BAHIA PUNO,2016-08-04,2016,LS,8.500000,Bahia de Puno,cqr,7.830724,4.332911,13.636499,9.303587,True
E16,BAHIA PUNO,2016-08-04,2016,LS,6.500000,Bahia de Puno,cqr,6.554443,3.172793,11.305195,8.132403,True
E17,BAHIA PUNO,2016-08-04,2016,LS,3.500000,Bahia de Puno,cqr,5.842046,2.908410,10.724275,7.815865,True
E27,LAGO MAYOR,2016-08-05,2016,LS,9.800000,Lago Mayor,cqr,9.095991,5.721893,13.519918,7.798025,True
E28,LAGO MAYOR,2016-08-05,2016,LS,8.800000,Lago Mayor,cqr,8.682944,5.685235,13.436478,7.751243,True
E32,LAGO MAYOR,2016-08-05,2016,LS,9.800000,Lago Mayor,cqr,7.763489,4.700836,13.129854,8.429018,True
E33,LAGO MAYOR,2016-08-05,2016,LS,4.600000,Lago Mayor,cqr,3.840760,3.683569,11.523285,7.839716,True
E36,LAGO MAYOR,2016-08-05,2016,LS,9.000000,Lago Mayor,cqr,8.327509,5.585229,13.659216,8.073987,True
E39,LAGO MAYOR,2016-08-06,2016,LS,5.000000,Lago Mayor,cqr,7.361107,3.062503,9.857126,6.794623,True
E41,LAGO MAYOR,2016-08-06,2016,LS,11.000000,Lago Mayor,cqr,11.373132,5.437117,14.536658,9.099541,True
E42,LAGO MAYOR,2016-08-06,2016,LS,11.000000,Lago Mayor,cqr,10.314833,7.435493,14.558551,7.123059,True
E43,LAGO MAYOR,2016-08-04,2016,LS,11.000000,Lago Mayor,cqr,10.233595,6.585300,14.008852,7.423552,True
E22,LAGO MAYOR,2016-08-05,2016,LS,10.200000,Lago Mayor,cqr,10.347247,7.000000,13.668838,6.668838,True
E48,LAGO MAYOR,2016-08-08,2016,LS,14.500000,Lago Mayor,cqr,9.745236,6.455424,14.477436,8.022012,False
E49,LAGO MAYOR,2016-08-08,2016,LS,12.800000,Lago Mayor,cqr,10.256433,7.035668,14.719388,7.683719,True
E50,LAGO MAYOR,2016-08-08,2016,LS,11.900000,Lago Mayor,cqr,9.565925,6.053061,14.064809,8.011748,True
E51,LAGO MAYOR,2016-08-06,2016,LS,9.400000,Lago Mayor,cqr,11.367877,7.467324,14.369378,6.902054,True
E52,LAGO MAYOR,2016-08-06,2016,LS,10.300000,Lago Mayor,cqr,9.353118,6.621670,14.209479,7.587809,True
E58,LAGO MAYOR,2016-08-09,2016,LS,5.000000,Lago Mayor,cqr,7.269317,3.273386,10.479299,7.205913,True
E59,LAGO MAYOR,2016-08-09,2016,LS,13.000000,Lago Mayor,cqr,11.154193,7.534016,14.558551,7.024536,True
E60,LAGO MAYOR,2016-08-09,2016,LS,12.000000,Lago Mayor,cqr,10.819008,7.466676,14.152780,6.686104,True
E61,LAGO MAYOR,2016-08-08,2016,LS,10.200000,Lago Mayor,cqr,10.832893,7.218222,14.618991,7.400769,True
E68,LAGO MAYOR,2016-08-08,2016,LS,5.500000,Lago Mayor,cqr,9.786063,6.528342,14.341731,7.813389,False
E72,LAGO MAYOR,2016-08-09,2016,LS,5.800000,Lago Mayor,cqr,5.508309,2.084379,9.821704,7.737324,True
E76,LAGO MAYOR,2016-08-11,2016,LS,12.500000,Lago Mayor,cqr,10.792198,6.275503,11.267937,4.992434,False
E78,LAGO MAYOR,2016-08-11,2016,LS,13.500000,Lago Mayor,cqr,9.826504,7.000000,13.296763,6.296763,False
E79,LAGO MAYOR,2016-08-11,2016,LS,11.500000,Lago Mayor,cqr,9.851188,7.000000,12.697284,5.697284,True
E80,LAGO MAYOR,2016-08-11,2016,LS,10.500000,Lago Mayor,cqr,10.294863,7.000000,13.519918,6.519918,True
E82,LAGO MAYOR,2016-08-10,2016,LS,8.200000,Lago Mayor,cqr,10.656321,6.029339,15.035626,9.006287,True
E83,LAGO MAYOR,2016-08-10,2016,LS,5.500000,Lago Mayor,cqr,8.963278,5.255284,11.956523,6.701240,True
E84,LAGO MAYOR,2016-08-10,2016,LS,4.700000,Lago Mayor,cqr,6.648455,2.685311,10.162097,7.476786,True
E85,LAGO MAYOR,2016-08-10,2016,LS,9.800000,Lago Mayor,cqr,9.710083,6.085524,14.015994,7.930470,True
E88,LAGO MAYOR,2016-08-10,2016,LS,6.500000,Lago Mayor,cqr,9.958006,6.822126,14.203090,7.380964,False
E94,LAGO MAYOR,2016-08-10,2016,LS,7.400000,Lago Mayor,cqr,7.313555,4.107723,13.489552,9.381829,True
E97,LAGO MAYOR,2016-08-10,2016,LS,9.500000,Lago Mayor,cqr,10.914399,7.542446,14.216211,6.673765,True
E98,LAGO MAYOR,2016-08-10,2016,LS,9.000000,Lago Mayor,cqr,10.404568,5.904122,15.035626,9.131504,True
E99,LAGO MAYOR,2016-08-12,2016,LS,9.200000,Lago Mayor,cqr,10.216742,6.763413,14.533695,7.770282,True
E100,LAGO MAYOR,2016-08-12,2016,LS,10.200000,Lago Mayor,cqr,9.795032,6.412284,13.543604,7.131320,True
E104,LAGO MAYOR,2016-08-11,2016,LS,11.500000,Lago Mayor,cqr,10.548738,6.275503,11.305107,5.029605,False
E113,LAGO MAYOR,2016-08-10,2016,LS,9.300000,Lago Mayor,cqr,10.338506,6.651389,14.962192,8.310802,True
E117,LAGO MAYOR,2016-08-10,2016,LS,10.000000,Lago Mayor,cqr,9.786150,6.439346,14.134665,7.695320,True
E119,LAGO MAYOR,2016-08-10,2016,LS,10.500000,Lago Mayor,cqr,10.611531,5.589898,14.650590,9.060692,True
E120,LAGO MAYOR,2016-08-12,2016,LS,14.200000,Lago Mayor,cqr,9.657650,5.914870,13.298054,7.383184,False
E121,LAGO MAYOR,2016-08-12,2016,LS,10.500000,Lago Mayor,cqr,9.789932,6.162106,12.701539,6.539433,True
E01,BAHIA PUNO,2017-07-10,2017,LS,5.300000,Bahia de Puno,cqr,8.258935,3.618315,12.701513,9.083198,True
E02,BAHIA PUNO,2017-07-11,2017,LS,6.000000,Bahia de Puno,cqr,8.159875,6.275503,12.200548,5.925046,False
E05,BAHIA PUNO,2017-07-11,2017,LS,6.600000,Bahia de Puno,cqr,8.302758,6.434315,11.812407,5.378092,True
E14,BAHIA PUNO,2017-07-12,2017,LS,10.600000,Bahia de Puno,cqr,10.594013,5.965485,13.605908,7.640423,True
E15,BAHIA PUNO,2017-07-12,2017,LS,6.600000,Bahia de Puno,cqr,7.064769,4.654447,12.205159,7.550712,True
E16,BAHIA PUNO,2017-07-12,2017,LS,6.000000,Bahia de Puno,cqr,7.092073,3.900978,10.861437,6.960458,True
E17,BAHIA PUNO,2017-07-11,2017,LS,4.200000,Bahia de Puno,cqr,5.463144,3.603946,8.743551,5.139604,True
E28,LAGO MAYOR,2017-07-12,2017,LS,10.300000,Lago Mayor,cqr,7.741077,4.630628,12.790891,8.160263,True
E32,LAGO MAYOR,2017-07-12,2017,LS,7.000000,Lago Mayor,cqr,9.917693,6.148487,13.567404,7.418917,True
E36,LAGO MAYOR,2017-07-13,2017,LS,10.800000,Lago Mayor,cqr,8.923632,5.580191,13.083219,7.503027,True
E39,LAGO MAYOR,2017-07-13,2017,LS,8.400000,Lago Mayor,cqr,5.724080,3.126842,9.820400,6.693558,True
E41,LAGO MAYOR,2017-07-13,2017,LS,13.000000,Lago Mayor,cqr,9.801374,7.070674,14.468530,7.397856,True
E42,LAGO MAYOR,2017-07-13,2017,LS,14.000000,Lago Mayor,cqr,9.629437,6.130482,14.388972,8.258490,True
E43,LAGO MAYOR,2017-07-13,2017,LS,12.000000,Lago Mayor,cqr,9.797990,6.906594,14.523703,7.617108,True
E22,LAGO MAYOR,2017-07-13,2017,LS,9.000000,Lago Mayor,cqr,9.485259,7.016810,13.877792,6.860982,True
E48,LAGO MAYOR,2017-07-15,2017,LS,12.000000,Lago Mayor,cqr,11.191130,6.996708,14.571856,7.575148,True
E49,LAGO MAYOR,2017-07-15,2017,LS,9.000000,Lago Mayor,cqr,9.814179,6.263378,13.380840,7.117462,True
E50,LAGO MAYOR,2017-07-15,2017,LS,12.000000,Lago Mayor,cqr,9.940141,5.953420,13.633952,7.680532,True
E51,LAGO MAYOR,2017-07-15,2017,LS,9.800000,Lago Mayor,cqr,10.709452,6.591873,14.479597,7.887724,True
E52,LAGO MAYOR,2017-07-15,2017,LS,9.000000,Lago Mayor,cqr,9.360487,6.070775,13.922435,7.851661,True
E59,LAGO MAYOR,2017-07-16,2017,LS,10.000000,Lago Mayor,cqr,9.918063,6.064554,14.329108,8.264554,True
E60,LAGO MAYOR,2017-07-16,2017,LS,10.000000,Lago Mayor,cqr,10.958095,6.360938,13.658616,7.297678,True
E61,LAGO MAYOR,2017-07-16,2017,LS,12.800000,Lago Mayor,cqr,10.433703,6.336673,13.566582,7.229910,True
E72,LAGO MAYOR,2017-07-16,2017,LS,5.800000,Lago Mayor,cqr,5.324652,2.313406,10.499173,8.185767,True
E76,LAGO MAYOR,2017-07-19,2017,LS,9.000000,Lago Mayor,cqr,9.809350,6.275503,11.145837,4.870334,True
E78,LAGO MAYOR,2017-07-19,2017,LS,10.300000,Lago Mayor,cqr,10.441356,6.434315,12.516641,6.082326,True
E79,LAGO MAYOR,2017-07-16,2017,LS,10.000000,Lago Mayor,cqr,10.724731,6.335938,13.860729,7.524791,True
E80,LAGO MAYOR,2017-07-17,2017,LS,10.000000,Lago Mayor,cqr,10.216007,6.777435,15.019720,8.242285,True
E82,LAGO MAYOR,2017-07-17,2017,LS,10.000000,Lago Mayor,cqr,9.700069,6.815103,13.796608,6.981505,True
E83,LAGO MAYOR,2017-07-17,2017,LS,8.000000,Lago Mayor,cqr,9.578101,6.559272,13.222420,6.663147,True
E88,LAGO MAYOR,2017-07-20,2017,LS,8.000000,Lago Mayor,cqr,9.571043,5.679186,12.847108,7.167922,True
E94,LAGO MAYOR,2017-07-20,2017,LS,9.000000,Lago Mayor,cqr,10.765857,6.647245,14.336795,7.689550,True
E97,LAGO MAYOR,2017-07-20,2017,LS,10.000000,Lago Mayor,cqr,10.353460,6.379986,13.632982,7.252996,True
E98,LAGO MAYOR,2017-07-19,2017,LS,9.500000,Lago Mayor,cqr,10.249908,6.769224,12.837087,6.067863,True
E99,LAGO MAYOR,2017-07-19,2017,LS,11.000000,Lago Mayor,cqr,9.597869,6.275503,11.037392,4.761889,True
E100,LAGO MAYOR,2017-07-19,2017,LS,10.000000,Lago Mayor,cqr,11.152447,6.275503,12.654246,6.378743,True
E104,LAGO MAYOR,2017-07-19,2017,LS,10.200000,Lago Mayor,cqr,10.478662,6.434315,11.956858,5.522542,True
E113,LAGO MAYOR,2017-07-20,2017,LS,10.000000,Lago Mayor,cqr,10.268727,5.603581,13.464794,7.861213,True
E117,LAGO MAYOR,2017-07-19,2017,LS,8.500000,Lago Mayor,cqr,10.482647,6.275503,11.267937,4.992434,True
E120,LAGO MAYOR,2017-07-21,2017,LS,9.500000,Lago Mayor,cqr,9.785222,5.922221,14.064891,8.142670,True
E121,LAGO MAYOR,2017-07-21,2017,LS,9.000000,Lago Mayor,cqr,9.534674,5.824481,14.569083,8.744603,True
E122,LAGO MENOR,2017-07-21,2017,LS,9.000000,Lago Menor,cqr,8.528760,5.194261,14.294234,9.099974,True
E123,LAGO MENOR,2017-07-21,2017,LS,6.500000,Lago Menor,cqr,7.859652,4.672240,13.756095,9.083854,True
E125,LAGO MENOR,2017-07-21,2017,LS,8.000000,Lago Menor,cqr,6.114978,2.010168,9.768813,7.758645,True
E130,LAGO MENOR,2017-07-22,2017,LS,5.400000,Lago Menor,cqr,6.581600,3.543801,9.708925,6.165123,True
E136,LAGO MENOR,2017-07-22,2017,LS,7.000000,Lago Menor,cqr,7.471507,4.537303,13.038748,8.501445,True
E135,LAGO MENOR,2017-07-22,2017,LS,6.000000,Lago Menor,cqr,6.834985,4.155910,11.050578,6.894668,True
E137,LAGO MENOR,2017-07-22,2017,LS,6.000000,Lago Menor,cqr,6.288762,2.359394,9.624883,7.265489,True
E142,LAGO MENOR,2017-07-22,2017,LS,6.000000,Lago Menor,cqr,6.402315,3.943162,10.863504,6.920342,True
E-148,LAGO MENOR,2017-07-22,2017,LS,6.000000,Lago Menor,cqr,5.915488,1.761383,10.018247,8.256864,True
E-145,LAGO MENOR,2017-07-23,2017,LS,6.500000,Lago Menor,cqr,6.213566,3.453472,12.659242,9.205770,True
E-147,LAGO MENOR,2017-07-23,2017,LS,6.500000,Lago Menor,cqr,5.026061,2.048764,10.483674,8.434910,True
E01,BAHIA PUNO,2018-07-18,2018,LS,5.400000,Bahia de Puno,cqr,6.147476,3.067048,11.743936,8.676888,True
E02,BAHIA PUNO,2018-07-18,2018,LS,6.000000,Bahia de Puno,cqr,10.470902,5.220686,12.803318,7.582632,True
E03,BAHIA PUNO,2018-07-18,2018,LS,7.500000,Bahia de Puno,cqr,9.515817,4.879525,15.377096,10.497571,True
E16,BAHIA PUNO,2018-07-19,2018,LS,7.000000,Bahia de Puno,cqr,7.099079,3.300645,11.960050,8.659405,True
E17,BAHIA PUNO,2018-07-19,2018,LS,1.500000,Bahia de Puno,cqr,8.741182,4.069150,12.623091,8.553941,False
E28,LAGO MAYOR,2018-07-20,2018,LS,8.000000,Lago Mayor,cqr,9.451909,4.434001,11.838808,7.404807,True
E32,LAGO MAYOR,2018-07-20,2018,LS,7.000000,Lago Mayor,cqr,9.270582,4.569280,12.035637,7.466358,True
E36,LAGO MAYOR,2018-07-20,2018,LS,7.500000,Lago Mayor,cqr,9.400444,3.664949,11.949014,8.284064,True
E39,LAGO MAYOR,2018-07-21,2018,LS,7.000000,Lago Mayor,cqr,6.495571,3.215308,11.059056,7.843748,True
E41,LAGO MAYOR,2018-07-21,2018,LS,8.500000,Lago Mayor,cqr,12.140627,6.700505,15.316638,8.616133,True
E42,LAGO MAYOR,2018-07-21,2018,LS,10.000000,Lago Mayor,cqr,11.274520,6.714111,14.451100,7.736989,True
E43,LAGO MAYOR,2018-07-21,2018,LS,11.000000,Lago Mayor,cqr,11.209692,6.652792,13.016675,6.363883,True
E22,LAGO MAYOR,2018-07-21,2018,LS,8.000000,Lago Mayor,cqr,9.876892,5.765852,13.309500,7.543648,True
E48,LAGO MAYOR,2018-07-22,2018,LS,11.000000,Lago Mayor,cqr,11.124793,7.918307,16.023459,8.105152,True
E49,LAGO MAYOR,2018-07-22,2018,LS,13.000000,Lago Mayor,cqr,11.415566,7.129278,14.176976,7.047698,True
E50,LAGO MAYOR,2018-07-22,2018,LS,11.000000,Lago Mayor,cqr,11.245989,7.125279,14.538189,7.412910,True
E51,LAGO MAYOR,2018-07-23,2018,LS,10.500000,Lago Mayor,cqr,12.842840,7.000000,14.973000,7.973000,True
E52,LAGO MAYOR,2018-07-23,2018,LS,12.000000,Lago Mayor,cqr,9.988563,7.000000,13.519918,6.519918,True
E53,LAGO MAYOR,2018-07-23,2018,LS,9.500000,Lago Mayor,cqr,8.824864,6.435656,13.519918,7.084262,True
E59,LAGO MAYOR,2017-07-16,2017,LS,10.000000,Lago Mayor,cqr,9.918063,6.064554,14.329108,8.264554,True
E60,LAGO MAYOR,2018-07-24,2018,LS,13.500000,Lago Mayor,cqr,11.253122,8.315291,14.871124,6.555833,True
E61,LAGO MAYOR,2018-07-24,2018,LS,13.000000,Lago Mayor,cqr,11.798641,7.237254,15.178756,7.941503,True
E72,LAGO MAYOR,2018-07-24,2018,LS,4.000000,Lago Mayor,cqr,7.479503,4.362183,12.091677,7.729495,False
E76,LAGO MAYOR,2018-07-24,2018,LS,13.000000,Lago Mayor,cqr,10.078797,6.450912,14.735409,8.284497,True
E78,LAGO MAYOR,2018-07-24,2018,LS,13.000000,Lago Mayor,cqr,10.912471,7.237254,14.577020,7.339766,True
E79,LAGO MAYOR,2018-07-25,2018,LS,10.500000,Lago Mayor,cqr,11.741753,7.000000,14.019700,7.019700,True
E80,LAGO MAYOR,2018-07-25,2018,LS,12.300000,Lago Mayor,cqr,12.511100,7.000000,14.103140,7.103140,True
E82,LAGO MAYOR,2018-07-25,2018,LS,11.000000,Lago Mayor,cqr,9.989602,7.000000,13.762161,6.762161,True
E83,LAGO MAYOR,2018-07-25,2018,LS,7.000000,Lago Mayor,cqr,9.781596,6.587069,12.127989,5.540920,True
E88,LAGO MAYOR,2018-07-25,2018,LS,9.400000,Lago Mayor,cqr,10.567419,6.587069,12.516641,5.929572,True
E94,LAGO MAYOR,2018-07-26,2018,LS,9.000000,Lago Mayor,cqr,12.450416,6.609032,13.425236,6.816204,True
E97,LAGO MAYOR,2018-07-26,2018,LS,10.500000,Lago Mayor,cqr,9.696191,7.000000,12.997391,5.997391,True
E98,LAGO MAYOR,2018-07-26,2018,LS,12.000000,Lago Mayor,cqr,9.946396,7.000000,13.206012,6.206012,True
E99,LAGO MAYOR,2018-07-28,2018,LS,11.000000,Lago Mayor,cqr,9.773796,7.304098,13.305008,6.000910,True
E100,LAGO MAYOR,2018-07-28,2018,LS,13.000000,Lago Mayor,cqr,11.058659,7.357405,14.588757,7.231353,True
E104,LAGO MAYOR,2018-07-28,2018,LS,12.000000,Lago Mayor,cqr,10.844119,5.496281,14.406402,8.910121,True
E117,LAGO MAYOR,2018-07-26,2018,LS,9.100000,Lago Mayor,cqr,9.557864,7.000000,12.357694,5.357694,True
E120,LAGO MAYOR,2018-07-28,2018,LS,9.500000,Lago Mayor,cqr,9.890290,7.180015,13.645517,6.465502,True
E121,LAGO MAYOR,2018-07-28,2018,LS,8.000000,Lago Mayor,cqr,9.621010,6.666722,12.761170,6.094448,True
E122,LAGO MENOR,2018-07-29,2018,LS,9.000000,Lago Menor,cqr,9.975477,4.965536,13.472285,8.506749,True
E123,LAGO MENOR,2018-07-29,2018,LS,9.000000,Lago Menor,cqr,9.587734,6.336673,13.046359,6.709686,True
E125,LAGO MENOR,2018-07-29,2018,LS,7.500000,Lago Menor,cqr,7.806315,4.018775,12.770280,8.751504,True
E132,LAGO MENOR,2018-07-29,2018,LS,7.000000,Lago Menor,cqr,5.404296,2.661526,10.523594,7.862068,True
E130,LAGO MENOR,2018-07-29,2018,LS,6.000000,Lago Menor,cqr,6.323450,3.290578,11.250877,7.960299,True
E136,LAGO MENOR,2018-07-29,2018,LS,8.000000,Lago Menor,cqr,8.317598,4.592035,12.811438,8.219403,True
E137,LAGO MENOR,2018-07-29,2018,LS,5.000000,Lago Menor,cqr,5.002510,1.881263,10.715967,8.834704,True
E141,LAGO MENOR,2018-07-30,2018,LS,5.500000,Lago Menor,cqr,8.154947,4.842978,11.352209,6.509231,True
E142,LAGO MENOR,2018-07-30,2018,LS,7.000000,Lago Menor,cqr,8.343491,5.438311,13.380079,7.941767,True
E145,LAGO MENOR,2018-07-30,2018,LS,6.500000,Lago Menor,cqr,7.361147,4.511809,11.121457,6.609648,True
E01,BAHIA PUNO,2019-07-11,2019,LS,8.000000,Bahia de Puno,cqr,10.377043,4.236347,16.550219,12.313872,True
E02,BAHIA PUNO,2019-07-11,2019,LS,8.000000,Bahia de Puno,cqr,7.943629,3.759601,13.792810,10.033209,True
E04,BAHIA PUNO,2019-07-11,2019,LS,1.500000,Bahia de Puno,cqr,5.971061,2.362464,9.883865,7.521401,False
E05,BAHIA PUNO,2019-07-11,2019,LS,8.000000,Bahia de Puno,cqr,7.885360,4.928230,13.926897,8.998667,True
E08,BAHIA PUNO,2019-07-11,2019,LS,10.000000,Bahia de Puno,cqr,7.800174,3.642356,13.782895,10.140539,True
E14,BAHIA PUNO,2019-07-12,2019,LS,9.000000,Bahia de Puno,cqr,7.794565,4.942181,13.407094,8.464912,True
E16,BAHIA PUNO,2019-07-11,2019,LS,3.500000,Bahia de Puno,cqr,6.203075,3.451429,11.478342,8.026912,True
E17,BAHIA PUNO,2019-07-12,2019,LS,3.000000,Bahia de Puno,cqr,6.374994,3.699419,11.735394,8.035975,False
E25,LAGO MAYOR,2019-07-12,2019,LS,6.100000,Lago Mayor,cqr,8.146360,6.275503,10.610485,4.334982,False
E28,LAGO MAYOR,2019-07-12,2019,LS,7.000000,Lago Mayor,cqr,9.785387,5.685235,13.840530,8.155295,True
E32,LAGO MAYOR,2019-07-12,2019,LS,6.000000,Lago Mayor,cqr,10.052835,6.398998,13.692825,7.293827,False
E36,LAGO MAYOR,2019-07-12,2019,LS,11.000000,Lago Mayor,cqr,8.011257,3.957520,11.974265,8.016745,True
E39,LAGO MAYOR,2019-07-13,2019,LS,8.000000,Lago Mayor,cqr,7.825917,3.284570,11.338376,8.053807,True
E41,LAGO MAYOR,2019-07-13,2019,LS,9.500000,Lago Mayor,cqr,9.639827,6.512732,14.635147,8.122414,True
E42,LAGO MAYOR,2019-07-13,2019,LS,10.000000,Lago Mayor,cqr,9.971399,6.032638,14.767496,8.734857,True
E43,LAGO MAYOR,2019-07-13,2019,LS,12.000000,Lago Mayor,cqr,8.510850,6.776859,14.521604,7.744745,True
E22,LAGO MAYOR,2019-07-13,2019,LS,6.000000,Lago Mayor,cqr,8.977279,4.672664,12.849981,8.177317,True
E49,LAGO MAYOR,2019-07-14,2019,LS,12.000000,Lago Mayor,cqr,12.158185,5.721893,13.779578,8.057685,True
E50,LAGO MAYOR,2019-07-14,2019,LS,12.000000,Lago Mayor,cqr,9.523472,5.721893,12.245682,6.523789,True
E52,LAGO MAYOR,2019-07-14,2019,LS,10.000000,Lago Mayor,cqr,11.188790,4.757947,13.756698,8.998751,True
E53,LAGO MAYOR,2019-07-14,2019,LS,9.000000,Lago Mayor,cqr,6.213542,4.757947,10.665695,5.907748,True
E59,LAGO MAYOR,2019-07-15,2019,LS,11.000000,Lago Mayor,cqr,9.549274,5.412393,12.582224,7.169830,True
E60,LAGO MAYOR,2019-07-15,2019,LS,11.000000,Lago Mayor,cqr,9.491711,5.639419,12.647480,7.008061,True
E61,LAGO MAYOR,2019-07-15,2019,LS,11.000000,Lago Mayor,cqr,10.458462,6.275503,12.593289,6.317786,True
E72,LAGO MAYOR,2019-07-15,2019,LS,6.000000,Lago Mayor,cqr,6.366262,3.977219,9.726691,5.749472,True
E76,LAGO MAYOR,2019-07-19,2019,LS,9.900000,Lago Mayor,cqr,8.959105,5.371302,14.006941,8.635639,True
E78,LAGO MAYOR,2019-07-19,2019,LS,12.000000,Lago Mayor,cqr,11.118283,6.057151,13.613755,7.556604,True
E82,LAGO MAYOR,2019-07-16,2019,LS,9.000000,Lago Mayor,cqr,10.471226,4.577580,15.094838,10.517258,True
E83,LAGO MAYOR,2019-07-16,2019,LS,10.000000,Lago Mayor,cqr,9.173210,5.430958,13.961751,8.530793,True
E88,LAGO MAYOR,2019-07-17,2019,LS,11.000000,Lago Mayor,cqr,9.686964,5.160769,13.021460,7.860691,True
E94,LAGO MAYOR,2019-07-17,2019,LS,8.000000,Lago Mayor,cqr,9.300769,4.650865,13.441939,8.791073,True
E97,LAGO MAYOR,2019-07-17,2019,LS,10.000000,Lago Mayor,cqr,9.604670,4.504706,14.117213,9.612507,True
E98,LAGO MAYOR,2019-07-18,2019,LS,7.000000,Lago Mayor,cqr,11.629038,6.778515,14.935802,8.157287,True
E99,LAGO MAYOR,2019-07-20,2019,LS,13.000000,Lago Mayor,cqr,8.759143,5.035920,11.917052,6.881132,False
E100,LAGO MAYOR,2019-07-20,2019,LS,11.000000,Lago Mayor,cqr,11.472654,5.963825,15.124609,9.160784,True
E104,LAGO MAYOR,2019-07-20,2019,LS,10.000000,Lago Mayor,cqr,7.868714,3.860707,11.063516,7.202809,True
E113,LAGO MAYOR,2019-07-17,2019,LS,9.000000,Lago Mayor,cqr,7.353587,4.485205,12.177829,7.692624,True
E117,LAGO MAYOR,2019-07-18,2019,LS,10.000000,Lago Mayor,cqr,7.870989,6.345545,13.985703,7.640158,True
E120,LAGO MAYOR,2019-07-20,2019,LS,11.500000,Lago Mayor,cqr,10.970658,7.047215,15.253802,8.206587,True
E121,LAGO MAYOR,2019-07-21,2019,LS,11.000000,Lago Mayor,cqr,10.032131,6.275503,11.179818,4.904315,True
E122,LAGO MENOR,2019-07-21,2019,LS,11.000000,Lago Menor,cqr,8.910136,6.275503,10.596964,4.321461,False
E123,LAGO MENOR,2019-07-21,2019,LS,9.000000,Lago Menor,cqr,9.680640,6.275503,10.675906,4.400403,True
E125,LAGO MENOR,2019-07-21,2019,LS,8.500000,Lago Menor,cqr,10.195338,5.925074,13.015541,7.090468,True
E132,LAGO MENOR,2019-07-21,2019,LS,7.000000,Lago Menor,cqr,5.985711,3.603946,9.894529,6.290583,True
E130,LAGO MENOR,2019-07-22,2019,LS,10.000000,Lago Menor,cqr,6.004811,3.405829,11.330982,7.925153,True
E136,LAGO MENOR,2019-07-22,2019,LS,6.500000,Lago Menor,cqr,5.607419,3.377831,11.744369,8.366537,True
E137,LAGO MENOR,2019-07-22,2019,LS,5.000000,Lago Menor,cqr,6.530439,3.342043,11.574553,8.232509,True
E141,LAGO MENOR,2019-07-23,2019,LS,10.000000,Lago Menor,cqr,5.967892,3.515680,10.884837,7.369157,True
E142,LAGO MENOR,2019-07-23,2019,LS,11.000000,Lago Menor,cqr,5.228753,2.287407,11.868869,9.581462,True
E145,LAGO MENOR,2019-07-23,2019,LS,6.000000,Lago Menor,cqr,5.583567,2.747839,11.028143,8.280304,True
E147,LAGO MENOR,2019-07-24,2019,LS,5.500000,Lago Menor,cqr,5.243605,3.603946,9.894621,6.290675,True
E01,BAHIA PUNO,2022-08-12,2022,LS,5.500000,Bahia de Puno,cqr,5.894545,3.189872,12.673821,9.483949,True
E02,BAHIA PUNO,2022-08-12,2022,LS,8.000000,Bahia de Puno,cqr,7.740522,4.255745,12.316861,8.061115,True
E05,BAHIA PUNO,2022-08-12,2022,LS,8.500000,Bahia de Puno,cqr,10.305231,6.392957,13.753900,7.360942,True
E08,BAHIA PUNO,2022-08-12,2022,LS,11.000000,Bahia de Puno,cqr,10.162537,6.775721,14.486156,7.710435,True
E28,LAGO MAYOR,2022-08-14,2022,LS,10.000000,Lago Mayor,cqr,10.857963,7.294894,14.373193,7.078300,True
E32,LAGO MAYOR,2022-08-14,2022,LS,9.000000,Lago Mayor,cqr,9.028427,3.332811,13.738641,10.405830,True
E36,LAGO MAYOR,2022-08-14,2022,LS,9.000000,Lago Mayor,cqr,9.066445,3.427267,14.048224,10.620957,True
E39,LAGO MAYOR,2022-08-15,2022,LS,7.000000,Lago Mayor,cqr,5.846947,2.243447,9.866000,7.622553,True
341,LAGO MAYOR,2022-08-15,2022,LS,14.000000,Lago Mayor,cqr,11.527842,7.076811,14.766449,7.689638,True
E42,LAGO MAYOR,2022-08-15,2022,LS,16.000000,Lago Mayor,cqr,11.520499,6.421489,14.462694,8.041206,False
E43,LAGO MAYOR,2022-08-15,2022,LS,14.000000,Lago Mayor,cqr,12.681223,7.210883,16.565983,9.355101,True
E22,LAGO MAYOR,2022-08-15,2022,LS,14.000000,Lago Mayor,cqr,11.324157,7.036718,14.244153,7.207436,True
E48,LAGO MAYOR,2022-08-16,2022,LS,8.000000,Lago Mayor,cqr,11.640076,6.587069,13.197978,6.610909,True
E49,LAGO MAYOR,2022-08-16,2022,LS,15.000000,Lago Mayor,cqr,12.436311,7.000000,13.798385,6.798385,False
E50,LAGO MAYOR,2022-08-16,2022,LS,16.000000,Lago Mayor,cqr,13.237946,7.000000,15.018396,8.018396,False
E51,LAGO MAYOR,2022-08-17,2022,LS,12.000000,Lago Mayor,cqr,11.705373,6.984240,15.854722,8.870482,True
E52,LAGO MAYOR,2022-08-17,2022,LS,9.000000,Lago Mayor,cqr,11.215917,7.788960,14.705702,6.916742,True
E53,LAGO MAYOR,2022-08-17,2022,LS,11.000000,Lago Mayor,cqr,12.707263,7.133016,15.301875,8.168859,True
E58,LAGO MAYOR,2022-08-18,2022,LS,11.000000,Lago Mayor,cqr,7.604582,4.606014,13.096826,8.490813,True
E59,LAGO MAYOR,2022-08-18,2022,LS,15.000000,Lago Mayor,cqr,12.245806,6.766168,14.816913,8.050744,False
E60,LAGO MAYOR,2022-08-18,2022,LS,16.500000,Lago Mayor,cqr,11.406666,6.197886,14.632929,8.435044,False
E61,LAGO MAYOR,2022-08-18,2022,LS,15.000000,Lago Mayor,cqr,12.409421,6.810370,15.181731,8.371361,True
E72,LAGO MAYOR,2022-08-19,2022,LS,5.000000,Lago Mayor,cqr,6.356436,3.881746,9.415717,5.533971,True
E76,LAGO MAYOR,2022-08-19,2022,LS,10.000000,Lago Mayor,cqr,11.206996,6.587069,12.757551,6.170482,True
E78,LAGO MAYOR,2022-08-19,2022,LS,14.000000,Lago Mayor,cqr,13.049814,7.000000,14.362800,7.362800,True
E79,LAGO MAYOR,2022-08-19,2022,LS,14.000000,Lago Mayor,cqr,12.953668,7.000000,14.966917,7.966917,True
E80,LAGO MAYOR,2022-08-20,2022,LS,15.000000,Lago Mayor,cqr,11.969045,6.272046,15.048082,8.776037,True
E82,LAGO MAYOR,2022-08-20,2022,LS,15.000000,Lago Mayor,cqr,11.922997,6.204561,15.086080,8.881519,True
E83,LAGO MAYOR,2022-08-20,2022,LS,16.000000,Lago Mayor,cqr,10.107267,4.677073,13.544484,8.867411,False
E88,LAGO MAYOR,2022-08-20,2022,LS,14.000000,Lago Mayor,cqr,11.966713,6.854517,16.185867,9.331350,True
E94,LAGO MAYOR,2022-08-20,2022,LS,15.000000,Lago Mayor,cqr,12.095696,6.556481,15.865428,9.308947,True
E97,LAGO MAYOR,2022-08-21,2022,LS,16.000000,Lago Mayor,cqr,10.439034,6.587069,13.061499,6.474430,False
E98,LAGO MAYOR,2022-08-22,2022,LS,15.000000,Lago Mayor,cqr,12.888175,7.502081,16.241266,8.739185,True
E99,LAGO MAYOR,2022-08-22,2022,LS,15.000000,Lago Mayor,cqr,12.662198,6.956227,16.190470,9.234243,True
E100,LAGO MAYOR,2022-08-22,2022,LS,13.000000,Lago Mayor,cqr,10.990711,6.429692,14.255357,7.825664,True
E103,LAGO MAYOR,2022-08-22,2022,LS,10.000000,Lago Mayor,cqr,10.355025,4.739615,13.386899,8.647283,True
E104,LAGO MAYOR,2022-08-22,2022,LS,13.000000,Lago Mayor,cqr,11.974482,7.138141,15.213095,8.074953,True
E113,LAGO MAYOR,2022-08-21,2022,LS,14.000000,Lago Mayor,cqr,11.849525,6.587069,13.051415,6.464346,False
E117,LAGO MAYOR,2022-08-21,2022,LS,14.000000,Lago Mayor,cqr,11.427412,7.000000,13.206025,6.206025,False
E120,LAGO MAYOR,2022-08-22,2022,LS,14.000000,Lago Mayor,cqr,11.384199,6.565365,14.755901,8.190536,True
E121,LAGO MAYOR,2022-08-23,2022,LS,11.000000,Lago Mayor,cqr,10.524360,7.084811,14.163775,7.078964,True
E122,LAGO MENOR,2022-08-23,2022,LS,10.000000,Lago Menor,cqr,11.947855,6.739700,13.839001,7.099301,True
E123,LAGO MENOR,2022-08-23,2022,LS,6.000000,Lago Menor,cqr,6.163657,2.743319,10.693461,7.950142,True
E125,LAGO MENOR,2022-08-23,2022,LS,8.000000,Lago Menor,cqr,4.964009,1.881263,10.707070,8.825807,True
E132,LAGO MENOR,2022-08-23,2022,LS,4.000000,Lago Menor,cqr,4.687295,1.881263,10.707070,8.825807,True
E130,LAGO MENOR,2022-08-23,2022,LS,5.500000,Lago Menor,cqr,5.371612,2.102656,10.631098,8.528442,True
E136,LAGO MENOR,2022-08-24,2022,LS,5.500000,Lago Menor,cqr,6.356205,3.002514,13.179853,10.177338,True
E135,LAGO MENOR,2022-08-24,2022,LS,11.000000,Lago Menor,cqr,5.758283,3.158616,11.474839,8.316223,True
E137,LAGO MENOR,2022-08-24,2022,LS,5.000000,Lago Menor,cqr,5.384760,2.223863,9.397693,7.173830,True
E141,LAGO MENOR,2022-08-24,2022,LS,5.000000,Lago Menor,cqr,6.209893,3.024656,10.950217,7.925561,True
E142,LAGO MENOR,2022-08-24,2022,LS,5.000000,Lago Menor,cqr,5.729458,2.377068,11.601422,9.224355,True
E145,LAGO MENOR,2022-08-24,2022,LS,5.500000,Lago Menor,cqr,5.924472,2.444018,10.920653,8.476635,True
E147,LAGO MENOR,2022-08-24,2022,LS,5.000000,Lago Menor,cqr,4.974563,2.138470,9.270123,7.131653,True
E01,BAHIA PUNO,2024-08-21,2024,LS,6.000000,Bahia de Puno,cqr,5.906078,3.086389,10.990215,7.903826,True
E02,BAHIA PUNO,2024-08-21,2024,LS,9.000000,Bahia de Puno,cqr,6.638927,4.095448,12.191565,8.096117,True
E03,BAHIA PUNO,2024-08-21,2024,LS,8.000000,Bahia de Puno,cqr,8.016981,4.770649,13.351109,8.580460,True
E05,BAHIA PUNO,2024-08-21,2024,LS,10.000000,Bahia de Puno,cqr,8.541853,5.827766,13.989828,8.162062,True
E08,BAHIA PUNO,2024-08-21,2024,LS,9.000000,Bahia de Puno,cqr,9.470774,6.435344,13.989828,7.554484,True
E15,LAGO MAYOR,2024-08-21,2024,LS,9.000000,Lago Mayor,cqr,8.782673,5.226498,13.067568,7.841070,True
E16,LAGO MAYOR,2024-08-21,2024,LS,6.000000,Lago Mayor,cqr,7.515410,4.268426,12.852351,8.583926,True
E22,LAGO MAYOR,2024-08-22,2024,LS,14.000000,Lago Mayor,cqr,9.905095,6.355588,14.500381,8.144793,True
E27,LAGO MAYOR,2024-08-22,2024,LS,4.000000,Lago Mayor,cqr,5.785818,2.263681,9.655983,7.392302,True
E28,LAGO MAYOR,2024-08-22,2024,LS,9.000000,Lago Mayor,cqr,9.169679,4.018659,14.514531,10.495872,True
E32,LAGO MAYOR,2024-08-22,2024,LS,12.500000,Lago Mayor,cqr,9.910221,6.411796,14.120230,7.708434,True
E36,LAGO MAYOR,2024-08-22,2024,LS,11.500000,Lago Mayor,cqr,10.089451,5.145729,14.588362,9.442633,True
E36B,LAGO MAYOR,2024-08-22,2024,LS,13.000000,Lago Mayor,cqr,10.353019,6.072749,14.716479,8.643730,True
E39,LAGO MAYOR,2024-08-23,2024,LS,8.000000,Lago Mayor,cqr,6.576275,2.504306,10.583462,8.079157,True
E41,LAGO MAYOR,2024-08-23,2024,LS,10.500000,Lago Mayor,cqr,11.006753,7.820042,14.843678,7.023636,True
E42,LAGO MAYOR,2024-08-23,2024,LS,10.000000,Lago Mayor,cqr,11.598267,7.401402,14.659477,7.258075,True
E43,LAGO MAYOR,2024-08-23,2024,LS,12.500000,Lago Mayor,cqr,10.669158,7.532919,14.914108,7.381189,True
E48,LAGO MAYOR,2024-08-24,2024,LS,9.000000,Lago Mayor,cqr,10.732115,6.302404,15.450119,9.147715,True
E49,LAGO MAYOR,2024-08-24,2024,LS,11.000000,Lago Mayor,cqr,13.476793,7.408433,16.117277,8.708844,True
E50,LAGO MAYOR,2024-08-24,2024,LS,12.000000,Lago Mayor,cqr,11.895187,7.408433,14.661423,7.252991,True
E51,LAGO MAYOR,2024-08-24,2024,LS,11.500000,Lago Mayor,cqr,12.959509,7.382892,15.503071,8.120179,True
E52,LAGO MAYOR,2024-08-24,2024,LS,11.000000,Lago Mayor,cqr,12.353741,6.590238,15.118252,8.528014,True
E53,LAGO MAYOR,2024-08-24,2024,LS,9.000000,Lago Mayor,cqr,10.780066,4.370522,14.484107,10.113584,True
E58,LAGO MAYOR,2024-08-26,2024,LS,9.000000,Lago Mayor,cqr,6.417754,3.788798,10.614245,6.825448,True
E59,LAGO MAYOR,2024-08-26,2024,LS,10.500000,Lago Mayor,cqr,11.292192,5.924025,14.405086,8.481061,True
E60,LAGO MAYOR,2024-08-25,2024,LS,12.000000,Lago Mayor,cqr,9.354878,6.356321,13.985703,7.629383,True
E61,LAGO MAYOR,2024-08-25,2024,LS,12.000000,Lago Mayor,cqr,10.835906,6.695017,14.537422,7.842405,True
E72,LAGO MAYOR,2024-08-25,2024,LS,4.800000,Lago Mayor,cqr,6.364567,3.623794,11.411459,7.787665,True
E76,LAGO MAYOR,2024-08-25,2024,LS,12.000000,Lago Mayor,cqr,9.100117,4.266028,12.354466,8.088437,True
B03,LAGO MAYOR,2024-08-27,2024,LS,11.000000,Lago Mayor,cqr,7.888284,5.172296,14.496964,9.324667,True
E78,LAGO MAYOR,2024-08-27,2024,LS,10.500000,Lago Mayor,cqr,9.572741,4.716029,13.309511,8.593482,True
E79,LAGO MAYOR,2024-08-27,2024,LS,9.500000,Lago Mayor,cqr,9.468161,5.129819,13.003873,7.874055,True
E80,LAGO MAYOR,2024-08-27,2024,LS,15.000000,Lago Mayor,cqr,12.528574,6.441975,14.692729,8.250753,False
E82,LAGO MAYOR,2024-08-28,2024,LS,9.000000,Lago Mayor,cqr,10.883527,5.710477,14.590539,8.880062,True
E83,LAGO MAYOR,2024-08-28,2024,LS,8.500000,Lago Mayor,cqr,8.243278,4.499975,12.496491,7.996516,True
E88,LAGO MAYOR,2024-08-29,2024,LS,9.500000,Lago Mayor,cqr,9.850368,5.721893,12.124144,6.402251,True
E94,LAGO MAYOR,2024-08-29,2024,LS,9.500000,Lago Mayor,cqr,8.733919,5.248452,12.445417,7.196965,True
E97,LAGO MAYOR,2024-08-29,2024,LS,13.500000,Lago Mayor,cqr,10.877225,7.000000,12.492887,5.492887,False
E98,LAGO MAYOR,2024-08-29,2024,LS,13.000000,Lago Mayor,cqr,11.394540,7.000000,13.078652,6.078652,True
E99,LAGO MAYOR,2024-08-30,2024,LS,9.500000,Lago Mayor,cqr,10.100584,5.753263,13.599508,7.846245,True
E100,LAGO MAYOR,2024-08-30,2024,LS,11.000000,Lago Mayor,cqr,11.082393,6.041097,13.846969,7.805871,True
E103,LAGO MAYOR,2024-08-30,2024,LS,11.000000,Lago Mayor,cqr,6.968059,3.606693,13.973625,10.366932,True
E105,LAGO MAYOR,2024-08-30,2024,LS,8.500000,Lago Mayor,cqr,3.883055,1.930612,9.468831,7.538219,True
E113,LAGO MAYOR,2024-08-29,2024,LS,13.500000,Lago Mayor,cqr,10.296255,7.000000,12.666362,5.666362,False
E117,LAGO MAYOR,2024-08-29,2024,LS,12.000000,Lago Mayor,cqr,9.749527,7.000000,12.120831,5.120831,True
E120,LAGO MAYOR,2024-08-30,2024,LS,10.500000,Lago Mayor,cqr,10.745076,6.112676,13.949747,7.837071,True
E121,LAGO MAYOR,2024-08-30,2024,LS,12.700000,Lago Mayor,cqr,10.217788,5.466981,13.344424,7.877443,True
E122,LAGO MENOR,2024-08-31,2024,LS,11.000000,Lago Menor,cqr,9.935279,5.702711,13.363729,7.661018,True
E125,LAGO MENOR,2024-09-01,2024,LS,2.500000,Lago Menor,cqr,5.713701,2.149947,9.922449,7.772502,True
P02,LAGO MENOR,2024-09-01,2024,LS,9.500000,Lago Menor,cqr,6.279509,2.972826,11.377054,8.404228,True
P03,LAGO MENOR,2024-09-01,2024,LS,3.500000,Lago Menor,cqr,6.277346,2.826361,10.807893,7.981532,True
P04,LAGO MENOR,2024-09-01,2024,LS,1.500000,Lago Menor,cqr,5.086786,1.727125,10.244195,8.517070,False
E127,LAGO MENOR,2024-09-01,2024,LS,2.000000,Lago Menor,cqr,5.723914,2.084674,10.244195,8.159521,False
E129,LAGO MENOR,2024-08-31,2024,LS,4.500000,Lago Menor,cqr,4.700033,1.945059,10.757503,8.812445,True
E135,LAGO MENOR,2024-08-31,2024,LS,4.000000,Lago Menor,cqr,5.742377,3.620176,11.234437,7.614260,True
E138,LAGO MENOR,2024-08-31,2024,LS,4.500000,Lago Menor,cqr,4.782491,1.809950,10.587636,8.777686,True
P15,LAGO MENOR,2024-08-31,2024,LS,4.000000,Lago Menor,cqr,4.959950,1.923143,10.958229,9.035086,True
E142,LAGO MENOR,2024-08-31,2024,LS,4.000000,Lago Menor,cqr,5.342999,2.102656,10.511253,8.408597,True
E145,LAGO MENOR,2024-09-02,2024,LS,3.500000,Lago Menor,cqr,5.472005,3.881746,8.820593,4.938846,False
P10,LAGO MENOR,2024-09-02,2024,LS,3.000000,Lago Menor,cqr,5.401048,3.603946,8.933612,5.329665,False
