station,zona,campaign_date,year,month,sensor,lat,lon,secchi,B2,B3,B4,B8,B11,B12,NDWI,NDTI,B2_B3,B4_B3,B3_B2,B2_B4
E45,LAGO MAYOR,2017-07-27,2017,7,S2,-15.8939,-69.3092,11.0,0.01171,0.00908,0.00325,0.00159,0.00125,0.00141,0.7019680691688783,-0.4728304563803361,1.2896474350608553,0.3579294759989564,0.7754055699909846,3.603075814438211
E01,BAHIA PUNO,2016-08-03,2016,8,S2,-15.853,-69.9605,8.5,0.00987,0.01249,0.00476,0.00388,0.00612,0.00525,0.5259620937103181,-0.4481159160512512,0.7902321224794139,0.38110485339432726,1.265450732983715,2.0735289761493747
E02,BAHIA PUNO,2016-08-03,2016,8,S2,-15.8482,-69.9182,9.5,0.01416,0.01338,0.0039,0.0017,0.00072,0.00081,0.77453575765678,-0.5486110793627847,1.058295885030203,0.29147979884306435,0.9449151875059896,3.6307682998030004
E04,BAHIA PUNO,2016-08-03,2016,8,S2,-15.8789,-69.8907,7.0,0.01312,0.01334,0.0034,0.00133,0.00165,0.00237,0.8186775174725619,-0.5937873002516547,0.9835081721508118,0.25487254461225306,1.0167682151853494,3.858822394464002
E05,BAHIA PUNO,2016-08-03,2016,8,S2,-15.8398,-69.8918,7.0,0.01402,0.01291,0.0037,0.00168,0.00093,0.00067,0.7697052248317188,-0.5544852164668744,1.085979776453929,0.28659951304418957,0.9208273237640996,3.7891881650842794
E07,BAHIA PUNO,2016-08-03,2016,8,S2,-15.7748,-69.8851,5.0,0.01262,0.01436,0.00341,0.00167,0.00078,0.00088,0.7916406243518014,-0.6162070559253204,0.8788300223655974,0.23746516452192448,1.137876296523273,3.700878680094229
E08,BAHIA PUNO,2016-08-03,2016,8,S2,-15.801,-69.8724,8.5,0.01261,0.01173,0.00327,0.00155,0.00046,0.00092,0.7665662073368821,-0.5639999624000025,1.0750212212258123,0.27877235475086487,0.9302140420131609,3.8562679338630175
E09,BAHIA PUNO,2016-08-03,2016,8,S2,-15.8342,-69.8592,6.0,0.01391,0.01795,0.00424,0.00164,0.00111,0.00087,0.832567594049638,-0.6178458486775192,0.7749303189453861,0.23621168600491999,1.2904384406586311,3.280659603618018
E13,BAHIA PUNO,2016-08-04,2016,8,S2,-15.7895,-69.7698,9.0,0.01125,0.01022,0.00353,0.00141,0.00062,0.00057,0.7575235806084626,-0.48654541916033317,1.1007826711562945,0.34540114037170844,0.9084443636938344,3.186967935703134
E14,BAHIA PUNO,2016-08-04,2016,8,S2,-15.7489,-69.783,9.5,0.01115,0.01042,0.00264,0.00096,0.00039,0.00088,0.8312828795006256,-0.5957120523957081,1.07005747888124,0.25335890082928014,0.934529064167797,4.223483248680588
E15,BAHIA PUNO,2016-08-04,2016,8,S2,-15.715,-69.8226,8.5,0.01309,0.01252,0.00374,0.00179,0.00154,0.00183,0.749825244596419,-0.5399753665451804,1.0455270730409687,0.2987220208688482,0.9564552363288591,3.4999990641713734
E16,BAHIA PUNO,2016-08-04,2016,8,S2,-15.6737,-69.8541,6.5,0.01239,0.01381,0.00419,0.00125,0.00261,0.00294,0.8339972885791974,-0.5344444147530881,0.8971758944840048,0.3034033089497966,1.1146084653261932,2.957039867054924
E17,BAHIA PUNO,2016-08-04,2016,8,S2,-15.6048,-69.9059,3.5,0.01306,0.0179,0.008,0.00333,0.00364,0.00369,0.6862929493032054,-0.3822393674811055,0.7296088977872125,0.4469273493336677,1.3705971385453952,1.6324997959375256
E27,LAGO MAYOR,2016-08-05,2016,8,S2,-15.4508,-69.8379,9.8,0.01208,0.01192,0.00314,0.00155,0.0007,0.00106,0.7698588886519014,-0.5830012893093434,1.0134227337732606,0.2634227966927184,0.9867548852024102,3.84713253276034
E28,LAGO MAYOR,2016-08-05,2016,8,S2,-15.3928,-69.7822,8.8,0.01572,0.01545,0.00396,0.00135,0.00045,0.0005,0.8392856643282344,-0.591962875220872,1.01747566229931,0.25631066302196354,0.9828243649602821,3.969695967248493
E32,LAGO MAYOR,2016-08-05,2016,8,S2,-15.3384,-69.7205,9.8,0.00932,0.00945,0.00023,0.0,4e-05,0.00143,0.9999998941799054,-0.9524792404463597,0.9862432818790179,0.02433862176310881,1.0139483890613317,40.52156294972631
E33,LAGO MAYOR,2016-08-05,2016,8,S2,-15.333,-69.756,4.6,0.03641,0.05426,0.03427,0.00124,0.00017,0.00107,0.9553152981024271,-0.22579916157461696,0.671028369498187,0.6315886356139212,1.4902498904078583,1.0624452564212064
E36,LAGO MAYOR,2016-08-05,2016,8,S2,-15.2971,-69.6814,9.0,0.00948,0.01018,0.00087,0.0,0.00011,0.00072,0.9999999017681825,-0.8425338604041757,0.9312376295444373,0.08546168119236924,1.0738395491730433,10.89653919938023
E39,LAGO MAYOR,2016-08-06,2016,8,S2,-15.3748,-69.5276,5.0,0.00954,0.01181,0.0,0.0,0.00238,0.00308,0.9999999153260022,-0.9999999153260022,0.8077899400685911,0.0,1.2379453628988089,9540000.0
E41,LAGO MAYOR,2016-08-06,2016,8,S2,-15.4392,-69.6009,11.0,0.01206,0.01117,0.00366,0.00143,0.00153,0.00132,0.7730158116654117,-0.5064058997703371,1.079677611488128,0.3276633547302279,0.926202244925187,3.2950810669177413
E42,LAGO MAYOR,2016-08-06,2016,8,S2,-15.4967,-69.6685,11.0,0.01402,0.01192,0.00516,0.00233,0.001,0.00092,0.6729824089135151,-0.3957845201531312,1.1761743979719466,0.4328858697243398,0.8502139193855979,2.71705373700509
E43,LAGO MAYOR,2016-08-04,2016,8,S2,-15.5603,-69.7411,11.0,0.01441,0.01272,0.00528,0.00289,0.00155,0.00106,0.6297244952130369,-0.41333331037037163,1.1328615461586835,0.4150943069894413,0.8827202718445336,2.729166149779138
E22,LAGO MAYOR,2016-08-05,2016,8,S2,-15.6181,-69.807,10.2,0.0129,0.01127,0.00352,0.00152,0.00132,0.00155,0.7623142484508015,-0.5240026691005633,1.1446316641853005,0.31233360139009747,0.8736433431284231,3.6647716861444075
E48,LAGO MAYOR,2016-08-08,2016,8,S2,-15.5361,-69.3597,14.5,0.01223,0.01049,0.00445,0.00365,0.00297,0.00258,0.4837340534841546,-0.4042837748136697,1.1658721481532748,0.4242134962618212,0.8577268309299403,2.7483139891429236
E49,LAGO MAYOR,2016-08-08,2016,8,S2,-15.6063,-69.4449,12.8,0.01275,0.01188,0.00553,0.00358,0.00243,0.00243,0.5368693055065132,-0.36473289116985114,1.0732322328929096,0.4654881763057091,0.931764632802774,2.3056053696916146
E50,LAGO MAYOR,2016-08-08,2016,8,S2,-15.6687,-69.5211,11.9,0.01225,0.01207,0.00537,0.00326,0.0021,0.00209,0.5746901125446764,-0.38417428989826324,1.014912923370926,0.4449046855919896,0.9853060420158334,2.2811913815286067
E51,LAGO MAYOR,2016-08-06,2016,8,S2,-15.7371,-69.6038,9.4,0.01358,0.01184,0.00513,0.00297,0.00155,0.00141,0.5989196084456713,-0.3954036302060324,1.1469593625878918,0.43327699043268664,0.8718703334410653,2.647172973260629
E52,LAGO MAYOR,2016-08-06,2016,8,S2,-15.8028,-69.6843,10.3,0.01211,0.01149,0.00455,0.00237,0.00226,0.00209,0.6580086105332893,-0.43266830220272434,1.0539598734586706,0.39599648424747746,0.948802564095577,2.6615378765850815
E58,LAGO MAYOR,2016-08-09,2016,8,S2,-15.9519,-69.5453,5.0,0.01495,0.0142,0.00591,0.00357,0.00243,0.00248,0.5981991784918864,-0.4122326995408901,1.0528168272664207,0.41619715378893285,0.9498327123857718,2.52961040108115
E59,LAGO MAYOR,2016-08-09,2016,8,S2,-15.8876,-69.4615,13.0,0.01231,0.01089,0.00432,0.00242,0.00137,0.00115,0.636363588552698,-0.43195263432264075,1.1303947538664139,0.3966941784486521,0.8846465568930499,2.8495363774221345
E60,LAGO MAYOR,2016-08-09,2016,8,S2,-15.8271,-69.3776,12.0,0.01231,0.01111,0.0044,0.0024,0.00178,0.00161,0.6447075762614675,-0.43262408558194165,1.1080107013491718,0.3960395683132702,0.9025182045070509,2.7977266368803093
E61,LAGO MAYOR,2016-08-08,2016,8,S2,-15.7585,-69.3045,10.2,0.01194,0.01156,0.00481,0.00298,0.00204,0.00177,0.5900962455229543,-0.4123396205046047,1.0328718829695602,0.4160899294039853,0.968174123268499,2.4823279662519817
E68,LAGO MAYOR,2016-08-08,2016,8,S2,-15.9935,-69.4278,5.5,0.0142,0.01279,0.00531,0.00328,0.00201,0.00149,0.5917858997021842,-0.4132596456762627,1.110242290051424,0.41516806761782116,0.900704161922242,2.6741991197365125
E72,LAGO MAYOR,2016-08-09,2016,8,S2,-15.6921,-69.1709,5.8,0.01771,0.02158,0.00696,0.0035,0.00563,0.00549,0.720893113202029,-0.5122634718898572,0.8206672464936402,0.32252083769597606,1.2185205410208615,2.544539864290249
E76,LAGO MAYOR,2016-08-11,2016,8,S2,-15.8125,-69.0449,12.5,0.00938,0.00977,0.00402,0.00235,0.00193,0.002,0.6122111706096395,-0.4169687877470059,0.9600817850479239,0.41146362216339594,1.0415777141175144,2.3333327529023
E78,LAGO MAYOR,2016-08-11,2016,8,S2,-15.8903,-69.1327,13.5,0.0105,0.01088,0.00466,0.003,0.00218,0.00252,0.5677233020372262,-0.40025737450081245,0.9650734407101618,0.42830878416279555,1.0361903775056784,2.25321840059691
E79,LAGO MAYOR,2016-08-11,2016,8,S2,-15.96,-69.2272,11.5,0.01058,0.01074,0.00419,0.00251,0.00187,0.00194,0.6211320285938091,-0.4387139692756886,0.9851023291338615,0.3901303174925217,1.0151227773986031,2.525059063231727
E80,LAGO MAYOR,2016-08-11,2016,8,S2,-16.0316,-69.3198,10.5,0.01175,0.01023,0.00331,0.00171,0.00093,0.00125,0.7135677794331844,-0.5110782488125369,1.1485824879196005,0.32355813063947897,0.8706382237754703,3.5498478701365954
E82,LAGO MAYOR,2016-08-10,2016,8,S2,-16.1109,-69.4173,8.2,0.01425,0.01276,0.00577,0.00385,0.00208,0.00194,0.5364238087643705,-0.3772260994481328,1.1167710723533644,0.4521943219283447,0.8954385336534363,2.4696702825528107
E83,LAGO MAYOR,2016-08-10,2016,8,S2,-16.1837,-69.5067,5.5,0.01488,0.01393,0.00586,0.00336,0.00273,0.00271,0.611335997030885,-0.40778168732785824,1.0681980568414893,0.4206747723851563,0.9361558510647949,2.539248713438786
E84,LAGO MAYOR,2016-08-10,2016,8,S2,-16.2007,-69.4624,4.7,0.01284,0.01293,0.00566,0.00436,0.00652,0.00656,0.49566220383677256,-0.39107044695694204,0.993039366354264,0.4377416521468173,1.0070092673668796,2.268550835945082
E85,LAGO MAYOR,2016-08-10,2016,8,S2,-16.1599,-69.4444,9.8,0.01437,0.01325,0.00574,0.00372,0.00219,0.00239,0.5615792244207882,-0.3954712798593323,1.0845282200356061,0.43320751447490463,0.922059782737663,2.503483884410473
E88,LAGO MAYOR,2016-08-10,2016,8,S2,-16.2064,-69.3781,6.5,0.01485,0.01363,0.00559,0.00372,0.00194,0.00195,0.5711815232748401,-0.4183142342188223,1.0895083573361442,0.4101246947817539,0.91784505603737,2.656529041765824
E94,LAGO MAYOR,2016-08-10,2016,8,S2,-16.251,-69.2884,7.4,0.01237,0.01237,0.00538,0.00363,0.00242,0.00243,0.5462499658593772,-0.3938027947153355,0.9999999191592629,0.43492316613393966,0.9999999191592629,2.2992560782051896
E97,LAGO MAYOR,2016-08-10,2016,8,S2,-16.1757,-69.1958,9.5,0.01022,0.01011,0.00372,0.00199,0.00092,0.00108,0.6710743247046012,-0.46203901214468457,1.010880216530147,0.36795248586028834,0.9892366938124566,2.7473110894325026
E98,LAGO MAYOR,2016-08-10,2016,8,S2,-16.1117,-69.1016,9.0,0.01067,0.01033,0.00437,0.00259,0.00226,0.00236,0.5990711610626036,-0.4054421492896497,1.032913743183568,0.42303964927012105,0.9681348670913902,2.4416470385247053
E99,LAGO MAYOR,2016-08-12,2016,8,S2,-16.0745,-69.0742,9.2,0.01283,0.01247,0.00572,0.00369,0.00271,0.00292,0.5433167980620793,-0.37108299224392566,1.0288692037795346,0.458700845332731,0.9719406880794477,2.2430066008729717
E100,LAGO MAYOR,2016-08-12,2016,8,S2,-16.0055,-68.9959,10.2,0.01168,0.01054,0.00464,0.00237,0.00155,0.00106,0.6328427085327104,-0.38866927610874336,1.1081592876509214,0.4402276622174893,0.90239718301394,2.5172408368015433
E104,LAGO MAYOR,2016-08-11,2016,8,S2,-15.994,-68.8804,11.5,0.00956,0.00895,0.00294,0.00121,0.00099,0.00101,0.7618109486406547,-0.5054667362937985,1.0681563052339327,0.32849158340876167,0.9361923706911746,3.251699574251846
E113,LAGO MAYOR,2016-08-10,2016,8,S2,-16.2174,-69.1367,9.3,0.01081,0.01021,0.00427,0.00236,0.00106,0.00103,0.6245027347253194,-0.4102209661449609,1.05876581206995,0.418217392926798,0.9444957498153793,2.531615332174395
E117,LAGO MAYOR,2016-08-10,2016,8,S2,-16.1653,-69.1027,10.0,0.01086,0.01105,0.00472,0.00264,0.00212,0.00218,0.6143169748490158,-0.4013950284467326,0.9828053409225935,0.42714928261092466,1.017495302256418,2.3008469701595398
E119,LAGO MAYOR,2016-08-10,2016,8,S2,-16.0439,-69.1309,10.5,0.01217,0.01178,0.00584,0.00395,0.00345,0.00313,0.4977749206754659,-0.33711689346669166,1.0331068732506898,0.49575547574231954,0.9679539056734672,2.0839037527562065
E120,LAGO MAYOR,2016-08-12,2016,8,S2,-16.1264,-68.9337,14.2,0.01057,0.01066,0.00386,0.00222,0.0013,0.00124,0.6552794522298563,-0.4683195269752391,0.991557130247924,0.3621012793526005,1.0085145687308827,2.738341259497083
E121,LAGO MAYOR,2016-08-12,2016,8,S2,-16.2068,-68.8643,10.5,0.00908,0.00979,0.003,0.00163,0.00291,0.00296,0.7145358393576324,-0.5308834612288147,0.9274769226274849,0.306435106594984,1.078193713855318,3.026665657778114
E01,BAHIA PUNO,2017-07-10,2017,7,S2,-15.853,-69.9605,5.3,0.01126,0.01293,0.00416,0.0036,0.00598,0.00457,0.5644282780140184,-0.513165563887328,0.8708429334228203,0.32173238037645935,1.1483125090308608,2.7067301185744905
E02,BAHIA PUNO,2017-07-11,2017,7,S2,-15.8461,-69.9271,6.0,0.01402,0.01353,0.00427,0.00176,0.00126,0.00112,0.7697841223162772,-0.5202246898750175,1.0362157401170924,0.31559495080599037,0.9650498598395251,3.283371596400094
E05,BAHIA PUNO,2017-07-11,2017,7,S2,-15.84,-69.8923,6.6,0.01398,0.01279,0.00378,0.00152,0.00122,0.00101,0.7875610910159964,-0.5437537390613314,1.0930413531633032,0.2955433701686185,0.914878332269075,3.6984117199968995
E14,BAHIA PUNO,2017-07-12,2017,7,S2,-15.7489,-69.783,10.6,0.01383,0.01185,0.00486,0.00262,0.00184,0.00222,0.6378714141070204,-0.4183123627580872,1.1670885091064551,0.41012654766864576,0.8568329098457765,2.8456784268151387
E15,BAHIA PUNO,2017-07-12,2017,7,S2,-15.715,-69.8226,6.6,0.01333,0.0136,0.0046,0.00282,0.00214,0.00225,0.6565164033790254,-0.4945054673348644,0.9801469867538981,0.3382352692474067,1.020254987227683,2.8978254569944655
E16,BAHIA PUNO,2017-07-12,2017,7,S2,-15.6737,-69.8541,6.0,0.01355,0.01656,0.00599,0.00246,0.00388,0.00358,0.741324882159575,-0.46873612112034946,0.8182366655654189,0.3617149540027202,1.2221401312073703,2.2621031281964727
E17,BAHIA PUNO,2017-07-11,2017,7,S2,-15.6048,-69.9059,4.2,0.01911,0.02317,0.01005,0.00432,0.00534,0.00475,0.6857038673807251,-0.39494279365012663,0.8247733783006742,0.4337505207703703,1.2124541490081555,1.9014923481102142
E28,LAGO MAYOR,2017-07-12,2017,7,S2,-15.3928,-69.7822,10.3,0.01163,0.01162,0.00287,0.00093,0.00148,0.00161,0.8517927608133258,-0.603864692624935,1.0008604990653616,0.24698793055181323,0.999140068861559,4.052263396423903
E32,LAGO MAYOR,2017-07-12,2017,7,S2,-15.3384,-69.7205,7.0,0.01261,0.01233,0.00197,0.00067,0.00146,0.00258,0.8969230079289994,-0.724475473812904,1.0227087572823392,0.1597728986396676,0.9777953229345503,6.401011979181737
E36,LAGO MAYOR,2017-07-13,2017,7,S2,-15.2971,-69.6814,10.8,0.01055,0.01014,0.00151,0.00059,0.0017,0.00185,0.8900278760458643,-0.7407724686032214,1.0404338224424239,0.1489151726908114,0.9611373496552275,6.986750339900437
E39,LAGO MAYOR,2017-07-13,2017,7,S2,-15.3748,-69.5276,8.4,0.00834,0.01022,0.00038,0.0,0.00257,0.00321,0.9999999021526516,-0.9283017992168114,0.8160468868838663,0.03718199244794595,1.2254195173357894,21.947310664971933
E41,LAGO MAYOR,2017-07-13,2017,7,S2,-15.4392,-69.6009,13.0,0.00671,0.00658,0.00104,0.00019,0.00081,0.00078,0.9438698753515693,-0.7270340253236186,1.0197566839275556,0.1580546872257314,0.9806257853016713,6.451916873156854
E42,LAGO MAYOR,2017-07-13,2017,7,S2,-15.4967,-69.6685,14.0,0.0139,0.01165,0.00402,0.00174,0.00137,0.00117,0.7401045003656086,-0.4869176460167425,1.1931329447954553,0.3450643480631461,0.838129436105796,3.4577105826590584
E43,LAGO MAYOR,2017-07-13,2017,7,S2,-15.5603,-69.7411,12.0,0.01341,0.01119,0.00447,0.00241,0.00167,0.00179,0.6455881878243979,-0.4291187465441414,1.1983913138166833,0.39946377127222776,0.8344518393399076,2.9999993288592104
E22,LAGO MAYOR,2017-07-13,2017,7,S2,-15.6181,-69.807,9.0,0.01319,0.01096,0.00349,0.0017,0.00211,0.00251,0.7314375409606998,-0.5169549815256068,1.2034670434792845,0.3184306278804172,0.8309324616427246,3.7793685445935403
E48,LAGO MAYOR,2017-07-15,2017,7,S2,-15.5361,-69.3597,12.0,0.0101,0.00888,0.0032,0.00223,0.00227,0.00186,0.5985598021098287,-0.4701986365729606,1.1373872593032366,0.36036031977924327,0.8792078337417988,3.1562490136721832
E49,LAGO MAYOR,2017-07-15,2017,7,S2,-15.6063,-69.4449,9.0,0.01115,0.0094,0.00383,0.00221,0.00205,0.00195,0.6192936589755678,-0.4210128177616918,1.1861700865776503,0.40744676516523776,0.8430492517444618,2.9112263939356673
E50,LAGO MAYOR,2017-07-15,2017,7,S2,-15.6687,-69.5211,12.0,0.01266,0.01068,0.00502,0.00326,0.00297,0.00293,0.5322811669812649,-0.36050953117773693,1.1853931474350985,0.47003740917252723,0.8436018290993816,2.521911848224731
E51,LAGO MAYOR,2017-07-15,2017,7,S2,-15.7371,-69.6038,9.8,0.01191,0.00965,0.00373,0.00214,0.00144,0.00127,0.6369804379151454,-0.4424513869617798,1.2341967632956723,0.386528457354564,0.810243424832626,3.1930286345767738
E52,LAGO MAYOR,2017-07-15,2017,7,S2,-15.8028,-69.6843,9.0,0.01267,0.01,0.00361,0.00213,0.00195,0.00201,0.6488045631653288,-0.46950768041824537,1.2669998733000127,0.3609999639000036,0.7892659203420742,3.5096943186442333
E59,LAGO MAYOR,2017-07-16,2017,7,S2,-15.8876,-69.4615,10.0,0.01346,0.01023,0.00439,0.00241,0.00208,0.00189,0.6186708371304719,-0.39945277705521365,1.3157378967998148,0.42912996782698265,0.7600296612162213,3.0660585270937295
E60,LAGO MAYOR,2017-07-16,2017,7,S2,-15.8271,-69.3776,10.0,0.01253,0.009,0.00331,0.00143,0.0017,0.00188,0.725790917949097,-0.4622257951075714,1.3922220675308816,0.36777773691358484,0.7182760799460431,3.7854973457711947
E61,LAGO MAYOR,2017-07-16,2017,7,S2,-15.7585,-69.3045,12.8,0.01038,0.00841,0.00287,0.00133,0.00125,0.00097,0.7268993093532538,-0.49113470823273864,1.2342447997330797,0.3412603637026916,0.8102118679950032,3.6167234784935616
E72,LAGO MAYOR,2017-07-16,2017,7,S2,-15.6921,-69.1709,5.8,0.01454,0.01842,0.00424,0.00144,0.00488,0.00435,0.854984851209222,-0.6257722583507388,0.7893593491118704,0.2301845694796651,1.2668499816471814,3.429244474234794
E76,LAGO MAYOR,2017-07-19,2017,7,S2,-15.8125,-69.0449,9.0,0.00778,0.00765,0.00248,0.00168,0.00163,0.00184,0.6398713140545216,-0.5103652013459821,1.0169933311119828,0.32418296415908965,0.9832903620449406,3.1370955092356816
E78,LAGO MAYOR,2017-07-19,2017,7,S2,-15.8903,-69.1327,10.3,0.0117,0.00841,0.00326,0.00209,0.00216,0.00165,0.6019047045805044,-0.4413024471891649,1.3912007858263038,0.38763372323023504,0.7188033573672344,3.58895595430799
E79,LAGO MAYOR,2017-07-16,2017,7,S2,-15.96,-69.2272,10.0,0.01045,0.00792,0.00237,0.00126,0.00131,0.00131,0.7254901170490069,-0.5393585481672936,1.3194442778479447,0.2992423864592947,0.7578946643163001,4.40928083996589
E80,LAGO MAYOR,2017-07-17,2017,7,S2,-16.0316,-69.3198,10.0,0.01271,0.01002,0.00434,0.00228,0.00193,0.00183,0.6292682415229073,-0.3955431479426777,1.268462947259187,0.4331336893080151,0.7883555634653372,2.9285707537855403
E82,LAGO MAYOR,2017-07-17,2017,7,S2,-16.1109,-69.4173,10.0,0.01442,0.01204,0.00578,0.00405,0.00305,0.00281,0.49658169691847753,-0.35129066491073707,1.19767431913004,0.48006640531009925,0.8349513984083635,2.4948092569534155
E83,LAGO MAYOR,2017-07-17,2017,7,S2,-16.1837,-69.5067,8.0,0.01528,0.01341,0.00543,0.00361,0.004,0.00362,0.5757931506584517,-0.42356685649857456,1.1394480880351912,0.40492167002821255,0.8776177436114042,2.8139957985274773
E88,LAGO MAYOR,2017-07-20,2017,7,S2,-16.2064,-69.3781,8.0,0.01572,0.014,0.00689,0.00522,0.00398,0.00367,0.456815793089709,-0.3403542201840967,1.1228570626530672,0.4921428219897985,0.8905851850772782,2.2815671579728365
E94,LAGO MAYOR,2017-07-20,2017,7,S2,-16.251,-69.2884,9.0,0.01725,0.01504,0.00955,0.00964,0.00942,0.00749,0.21880063943271316,-0.22326147933056203,1.1469414131023,0.6349733620363456,0.871884007427014,1.806282533373557
E97,LAGO MAYOR,2017-07-20,2017,7,S2,-16.1757,-69.1958,10.0,0.01137,0.00852,0.00337,0.00185,0.00157,0.00205,0.6432014808870317,-0.43313705356290555,1.3345068856212576,0.39553985967842026,0.7493403034881,3.3738862392028963
E98,LAGO MAYOR,2017-07-19,2017,7,S2,-16.1056,-69.1103,9.5,0.01056,0.00815,0.00271,0.00169,0.00222,0.00211,0.6565039983227643,-0.5009207641877749,1.2957053624901398,0.33251529662389007,0.7717802299450539,3.8966775289012805
E99,LAGO MAYOR,2017-07-19,2017,7,S2,-16.0745,-69.0742,11.0,0.01204,0.0102,0.00419,0.0027,0.0025,0.00253,0.5813953037678059,-0.41765111760589874,1.180392041138035,0.4107842734525222,0.8471760093707634,2.873507667420604
E100,LAGO MAYOR,2017-07-19,2017,7,S2,-16.0055,-68.9959,10.0,0.01126,0.00897,0.00362,0.00174,0.00134,0.00152,0.6750699649794617,-0.4249403951596192,1.255295289264739,0.40356740205491615,0.7966251512766297,3.1104963783159176
E104,LAGO MAYOR,2017-07-19,2017,7,S2,-16.0297,-68.8837,10.2,0.01964,0.01834,0.01246,0.01159,0.00934,0.00829,0.22552622032989572,-0.19090908471074394,1.0708832567675435,0.679389275932973,0.9338085064252287,1.5762438542340407
E113,LAGO MAYOR,2017-07-20,2017,7,S2,-16.2174,-69.1367,10.0,0.0114,0.00933,0.00376,0.00258,0.00184,0.00183,0.566750582136811,-0.42551562830285505,1.2218648208076293,0.4030010286172531,0.8184209808402648,3.031914087256892
E117,LAGO MAYOR,2017-07-19,2017,7,S2,-16.1653,-69.1027,8.5,0.01221,0.00982,0.00339,0.00255,0.00232,0.0021,0.5877121594412159,-0.4867524234101119,1.2433807287799665,0.3452138141330128,0.8042587383899478,3.601768849035738
E120,LAGO MAYOR,2017-07-21,2017,7,S2,-16.1264,-68.9337,9.5,0.01221,0.00998,0.00414,0.00289,0.00193,0.00165,0.5508935080890824,-0.41359770441942606,1.2234467711977186,0.41482961775254334,0.8173627504207411,2.9492746499336597
E121,LAGO MAYOR,2017-07-21,2017,7,S2,-16.2068,-68.8643,9.0,0.01249,0.01265,0.00706,0.00657,0.00719,0.00688,0.31633713234458205,-0.2836123651135279,0.9873517006046086,0.5581027226796267,1.0128101671088738,1.7691215624473704
E122,LAGO MENOR,2017-07-21,2017,7,S2,-16.2276,-68.8361,9.0,0.01596,0.01548,0.01025,0.01095,0.01136,0.0101,0.17139613426424014,-0.20326466368967494,1.0310076853354206,0.6621446600681744,0.9699247512578478,1.5570730188221444
E123,LAGO MENOR,2017-07-21,2017,7,S2,-16.1925,-68.797,6.5,0.01612,0.01801,0.01102,0.0103,0.00948,0.00825,0.2723419190271311,-0.24078538612520203,0.8950582512460714,0.6118822536434062,1.1172455882601995,1.4627947855903098
E125,LAGO MENOR,2017-07-21,2017,7,S2,-16.2626,-68.7843,8.0,0.02516,0.03239,0.01153,0.00924,0.00756,0.00699,0.5560893452777002,-0.47495445184529944,0.7767829337208109,0.355974055079529,1.287360839135102,2.182133375357036
E130,LAGO MENOR,2017-07-22,2017,7,S2,-16.3144,-68.8451,5.4,0.01429,0.01844,0.00308,0.00114,0.00251,0.00259,0.8835546024742288,-0.7137546136731129,0.7749457280398195,0.1670281905082326,1.2904127858353545,4.63960888324387
E136,LAGO MENOR,2017-07-22,2017,7,S2,-16.2659,-69.0601,7.0,0.01269,0.01399,0.00561,0.00289,0.00247,0.003,0.6575828994322928,-0.4275509985943369,0.9070764183648021,0.4010006861329031,1.1024427815253917,2.2620316823472932
E135,LAGO MENOR,2017-07-22,2017,7,S2,-16.3028,-68.9852,6.0,0.01475,0.01444,0.00487,0.00229,0.00135,0.00144,0.7262402435002844,-0.4955981100156338,1.021468073305535,0.33725759437274283,0.97898298447573,3.0287468113456235
E137,LAGO MENOR,2017-07-22,2017,7,S2,-16.4011,-68.8334,6.0,0.01308,0.02277,0.00578,0.0022,0.00185,0.00258,0.8237885132643767,-0.5950963013976777,0.5744400274729896,0.2538427644337829,1.7408255549827558,2.2629753870284794
E142,LAGO MENOR,2017-07-22,2017,7,S2,-16.4515,-68.998,6.0,0.01612,0.01605,0.0052,0.00238,0.0018,0.00165,0.7417254073941721,-0.510588211266437,1.0043613081394824,0.32398751875467174,0.9956575064728594,3.0999994038462684
E-148,LAGO MENOR,2017-07-22,2017,7,S2,-16.5187,-68.8773,6.0,0.02058,0.03608,0.00856,0.00207,0.0017,0.002,0.8914809727003676,-0.6164874413869301,0.5703990972727523,0.2372505477480447,1.7531583210321515,2.4042053266115277
E-145,LAGO MENOR,2017-07-23,2017,7,S2,-16.5139,-68.977,6.5,0.01722,0.01779,0.00608,0.00337,0.00244,0.00199,0.681474447945442,-0.4905739216349425,0.9679594734143072,0.341765017326306,1.0331009853019173,2.8322363762769114
E-147,LAGO MENOR,2017-07-23,2017,7,S2,-16.493,-69.0596,6.5,0.02182,0.03159,0.01027,0.00437,0.00278,0.00278,0.7569521480269148,-0.5093167580191887,0.6907248910818331,0.32510287036711394,1.4477542874539742,2.1246346519343087
E59,LAGO MAYOR,2017-07-16,2017,7,S2,-15.8876,-69.4615,10.0,0.01346,0.01023,0.00439,0.00241,0.00208,0.00189,0.6186708371304719,-0.39945277705521365,1.3157378967998148,0.42912996782698265,0.7600296612162213,3.0660585270937295
E01,BAHIA PUNO,2019-07-11,2019,7,S2,-15.8522,-69.9607,8.0,0.01679,0.01655,0.00785,0.00668,0.00614,0.00508,0.42488160030643124,-0.3565573624361737,1.014501449274837,0.47432021303201133,0.9857057185404575,2.138853230719334
E02,BAHIA PUNO,2019-07-11,2019,7,S2,-15.8464,-69.9276,8.0,0.01314,0.01339,0.00482,0.00282,0.00118,0.00121,0.6520665853135975,-0.47062051232177315,0.9813292769731683,0.35997010007691554,1.0190257976388282,2.7261405132488563
E04,BAHIA PUNO,2019-07-11,2019,7,S2,-15.8752,-69.8717,1.5,0.01449,0.02084,0.00506,0.00235,0.00161,0.00153,0.7973263994253385,-0.6092663857426107,0.6952974714348622,0.24280229161217412,1.4382331650632738,2.863635797700435
E05,BAHIA PUNO,2019-07-11,2019,7,S2,-15.84,-69.892,8.0,0.01623,0.01335,0.00552,0.00314,0.00118,0.00129,0.6191630916214014,-0.41494433413119586,1.2157302460127157,0.4134831150948977,0.8225507811120899,2.9402168586563664
E08,BAHIA PUNO,2019-07-11,2019,7,S2,-15.7798,-69.8691,10.0,0.01555,0.01249,0.00498,0.00277,0.0013,0.00128,0.636959329163871,-0.42987976932571437,1.2449958971180228,0.39871894325709023,0.803215382429879,3.122489332833467
E14,BAHIA PUNO,2019-07-12,2019,7,S2,-15.7489,-69.783,9.0,0.00922,0.00798,0.0025,0.00127,0.00125,0.00129,0.7254053269832078,-0.5229007134636723,1.1553883263924405,0.31328316876150775,0.8655096675152203,3.6879985248005904
E16,BAHIA PUNO,2019-07-11,2019,7,S2,-15.6728,-69.8539,3.5,0.01362,0.01614,0.00457,0.00129,0.00369,0.00322,0.8519792970751981,-0.558667283502304,0.8438661187195713,0.28314744218417337,1.185021939425702,2.980305693587375
E17,BAHIA PUNO,2019-07-12,2019,7,S2,-15.6054,-69.9049,3.0,0.01274,0.01669,0.00937,0.00496,0.00463,0.0042,0.5418013606558264,-0.28089024248310657,0.7633312903935716,0.5614139867337335,1.3100469929319474,1.3596583394174664
E25,LAGO MAYOR,2019-07-12,2019,7,S2,-15.4911,-69.8931,6.1,0.01447,0.01407,0.00612,0.00427,0.00384,0.0041,0.5343511159023383,-0.39375926727294364,1.0284292090668652,0.4349679861430003,0.9723565326636812,2.3643786986309316
E28,LAGO MAYOR,2019-07-12,2019,7,S2,-15.3928,-69.7822,7.0,0.01056,0.0105,0.00162,0.0006,0.00134,0.00128,0.8918918115412783,-0.732673206875148,1.005714189931982,0.15428569959183813,0.9943180876592721,6.51851449474414
E32,LAGO MAYOR,2019-07-12,2019,7,S2,-15.3382,-69.7205,6.0,0.00335,0.00491,0.0001,0.0001,0.00064,0.00139,0.9600796486866967,-0.9600796486866967,0.6822809201057188,0.020366594630021457,1.4656712042772526,33.49966500334997
E36,LAGO MAYOR,2019-07-12,2019,7,S2,-15.2964,-69.6816,11.0,0.0042,0.00697,0.00022,0.0001,0.00066,0.00083,0.9717113194184837,-0.9388037637268757,0.6025824099594821,0.031563840521687155,1.6595234143991868,19.090822314444026
E39,LAGO MAYOR,2019-07-13,2019,7,S2,-15.3423,-69.529,8.0,0.02988,0.05142,0.07505,0.1224,0.19788,0.14181,-0.4083534667566823,0.1868427280236995,0.5810968381739238,1.4595487853063247,1.7208834765433911,0.3981345716437765
E41,LAGO MAYOR,2019-07-13,2019,7,S2,-15.4395,-69.6006,9.5,0.00179,0.0027,0.00011,0.0001,0.00097,0.00128,0.9285710969388941,-0.9217078570434674,0.6629627174212157,0.04074072565158309,1.5083790455982988,16.272579340187814
E42,LAGO MAYOR,2019-07-13,2019,7,S2,-15.4967,-69.6687,10.0,0.00863,0.00718,0.00217,0.00105,0.00127,0.00128,0.7448358754755924,-0.5358288196974524,1.2019496933217697,0.30222837016317966,0.8319813636174549,3.9769566926466857
E43,LAGO MAYOR,2019-07-13,2019,7,S2,-15.5603,-69.7413,12.0,0.00973,0.00774,0.00181,0.00078,0.00092,0.00131,0.8169013125702685,-0.6209423433568227,1.2571057807356871,0.2338500989857753,0.7954778216364007,5.375687637741637
E22,LAGO MAYOR,2019-07-13,2019,7,S2,-15.62,-69.8133,6.0,0.00516,0.00449,0.00024,0.0001,0.00326,0.00355,0.9564268068786911,-0.8985198946046735,1.1492202340266737,0.05345210390821739,0.8701548701250252,21.499910417039928
E49,LAGO MAYOR,2019-07-14,2019,7,S2,-15.6063,-69.4449,12.0,0.00963,0.00818,0.00292,0.00163,0.0018,0.00175,0.6676859665967415,-0.4738738311825378,1.1772614697724366,0.35696817151978344,0.8494287799139377,3.2979440760465493
E50,LAGO MAYOR,2019-07-14,2019,7,S2,-15.6685,-69.521,12.0,0.03032,0.02802,0.02202,0.02097,0.02097,0.01641,0.14390691684207152,-0.11990407434244453,1.082084186934897,0.7858672096407135,0.9241424497314495,1.3769300010476837
E51,LAGO MAYOR,2019-07-14,2019,7,S2,-15.7371,-69.6037,11.0,0.01394,0.01154,0.00576,0.00359,0.00272,0.00272,0.5254460987808264,-0.3341040269304031,1.2079721656869873,0.4991334056210221,0.8278335130678973,2.42013846872596
E52,LAGO MAYOR,2019-07-14,2019,7,S2,-15.8017,-69.6838,10.0,0.01071,0.00929,0.00338,0.00229,0.00297,0.00277,0.60449044866231,-0.4664561589221658,1.1528524055056617,0.3638320383388549,0.8674135511285199,3.1686381157875396
E53,LAGO MAYOR,2019-07-14,2019,7,S2,-15.8703,-69.7694,9.0,0.01187,0.01016,0.00319,0.00208,0.0023,0.00228,0.6601306650220045,-0.5220973391687387,1.1683069716233296,0.31397634704957217,0.8559392707717548,3.721001968337941
E59,LAGO MAYOR,2019-07-15,2019,7,S2,-15.8874,-69.4614,11.0,0.0103,0.00847,0.00318,0.00197,0.00111,0.00127,0.622605304348151,-0.4540772142422992,1.216056527029926,0.37544269475292863,0.8223300172495129,3.238992692140663
E60,LAGO MAYOR,2019-07-15,2019,7,S2,-15.8267,-69.3764,11.0,0.01331,0.01139,0.00549,0.00403,0.00369,0.00333,0.4773021739752158,-0.3495260456441917,1.1685688175093225,0.482001713608278,0.8557474939333213,2.424407572967655
E61,LAGO MAYOR,2019-07-15,2019,7,S2,-15.7589,-69.3042,11.0,0.00944,0.00786,0.00262,0.00133,0.00162,0.00165,0.7105548737154654,-0.499999952290081,1.2010176589036057,0.3333332909245177,0.8326270304420519,3.6030520599037943
E72,LAGO MAYOR,2019-07-15,2019,7,S2,-15.6931,-69.1707,6.0,0.00957,0.01309,0.00482,0.00137,0.00538,0.00488,0.8105117005178631,-0.4617531847150651,0.7310923811235768,0.3682199871489697,1.3678159490265465,1.9854767664985962
E76,LAGO MAYOR,2019-07-19,2019,7,S2,-15.8077,-69.0414,9.9,0.00961,0.00905,0.0024,0.00057,0.00235,0.00245,0.8814967898651987,-0.5807859754772076,1.0618783357040513,0.26519334086261426,0.9417272693311896,4.004164998264585
E78,LAGO MAYOR,2019-07-19,2019,7,S2,-15.8894,-69.1325,12.0,0.01236,0.00882,0.00364,0.00191,0.00213,0.0015,0.6439887563850181,-0.4157303037134588,1.4013603853332897,0.4126983659072148,0.7135921752757141,3.395603462746301
E79,LAGO MAYOR,2019-07-19,2019,7,S2,-15.9605,-69.2275,9.0,0.01337,0.01019,0.0047,0.00312,0.00244,0.00206,0.5311795243291116,-0.36870380331069147,1.312070528746759,0.4612364611151658,0.7621540192854137,2.844680245812713
E80,LAGO MAYOR,2019-07-16,2019,7,S2,-16.0317,-69.3194,11.0,0.01016,0.00814,0.00291,0.00175,0.00102,0.00186,0.6461071136393213,-0.4733031245879526,1.248157094820996,0.3574938135756986,0.8011810235058048,3.491407734911432
E82,LAGO MAYOR,2019-07-16,2019,7,S2,-16.1121,-69.4175,9.0,0.01139,0.00873,0.00331,0.00205,0.00136,0.00122,0.6196659907545464,-0.4501660755676017,1.3046962995765983,0.37915230479355044,0.766461741311524,3.4410865736898573
E83,LAGO MAYOR,2019-07-16,2019,7,S2,-16.1849,-69.5079,10.0,0.01522,0.01269,0.00612,0.00398,0.00447,0.00385,0.5224954695563605,-0.3492822780817503,1.1993694878353438,0.4822694655422013,0.833771298700966,2.486927698214428
E88,LAGO MAYOR,2019-07-17,2019,7,S2,-16.2031,-69.3822,11.0,0.01535,0.01193,0.00514,0.00296,0.0017,0.0015,0.6024176895622774,-0.3977738489880581,1.2866721469679678,0.43084656908243346,0.7771986464365702,2.9863807419492723
E94,LAGO MAYOR,2019-07-17,2019,7,S2,-16.2545,-69.2917,8.0,0.01343,0.01009,0.00377,0.00174,0.00299,0.00274,0.7058325692449223,-0.45598842308885834,1.331020680770993,0.3736372275879854,0.7513029969245721,3.562333272590644
E97,LAGO MAYOR,2019-07-17,2019,7,S2,-16.1754,-69.1951,10.0,0.01376,0.0104,0.00437,0.00204,0.00121,0.00109,0.6720256694513127,-0.4082599588178769,1.3230767958580005,0.4201922672892051,0.7558138985600364,3.148740698228673
E98,LAGO MAYOR,2019-07-18,2019,7,S2,-16.1034,-69.1089,7.0,0.01034,0.00677,0.00174,0.00056,0.00187,0.00211,0.8472031586353126,-0.5910692607439176,1.527326214575153,0.2570162101896292,0.6547388148221649,5.942525320387747
E99,LAGO MAYOR,2019-07-20,2019,7,S2,-16.0824,-69.0817,13.0,0.01257,0.01067,0.00591,0.00497,0.00841,0.00704,0.36445010457480154,-0.287092865675943,1.1780692429175967,0.5538893576486076,0.8488463922954343,2.126903193417395
E100,LAGO MAYOR,2019-07-20,2019,7,S2,-16.005,-68.9964,11.0,0.0078,0.00494,0.00131,0.00048,0.00085,0.00068,0.8228780769597642,-0.5807999070720148,1.578947048796144,0.2651821325542242,0.6333332521367625,5.954193928096238
E104,LAGO MAYOR,2019-07-20,2019,7,S2,-16.0384,-68.8577,10.0,0.0075,0.00697,0.00218,0.00141,0.0018,0.00173,0.663484407698758,-0.5234972105467529,1.0760400177847893,0.31276896516944547,0.9293332094222387,3.4403653943278005
E113,LAGO MAYOR,2019-07-17,2019,7,S2,-16.2298,-69.1135,9.0,0.01535,0.01528,0.00556,0.00346,0.00197,0.00195,0.6307363590855732,-0.46641072617990753,1.0045810860876254,0.3638743217359737,0.9954396745641906,2.760790870361354
E117,LAGO MAYOR,2019-07-18,2019,7,S2,-16.1686,-69.0979,10.0,0.01452,0.01257,0.00464,0.00144,0.00178,0.00213,0.7944324914751969,-0.46077859030920454,1.1551311730205909,0.3691328266401888,0.8657024197174642,3.129309670407398
E120,LAGO MAYOR,2019-07-20,2019,7,S2,-16.1262,-68.9334,11.5,0.01409,0.0101,0.00451,0.00285,0.00127,0.00154,0.5598455166142459,-0.3826146213131676,1.3950493668267956,0.4465346092539991,0.7168203891539823,3.1241678216922786
E121,LAGO MAYOR,2019-07-21,2019,7,S2,-16.2077,-68.8626,11.0,0.00045,0.00141,0.0001,0.0001,0.00159,0.00201,0.8675490943383481,-0.8675490943383481,0.31914870982361004,0.0709219355163578,3.1333263703858436,4.499955000449995
E122,LAGO MENOR,2019-07-21,2019,7,S2,-16.2281,-68.8351,11.0,0.00018,0.00035,0.0001,0.0001,0.00166,0.00292,0.5555543209903978,-0.5555543209903978,0.5142842449021574,0.28571346939008746,1.944433642035322,1.7999820001799982
E123,LAGO MENOR,2019-07-21,2019,7,S2,-16.1922,-68.7968,9.0,0.00538,0.0063,0.0027,0.0021,0.00258,0.0019,0.4999999404761977,-0.39999995555556045,0.853968118417759,0.4285713605442285,1.1710034998134757,1.9925918545956094
E125,LAGO MENOR,2019-07-21,2019,7,S2,-16.2132,-68.7325,8.5,0.00525,0.00603,0.00277,0.00242,0.00297,0.00244,0.4272188843527948,-0.37045450335744284,0.8706466217833132,0.4593697413980528,1.14857120979596,1.8953061749797204
E132,LAGO MENOR,2019-07-21,2019,7,S2,-16.315,-68.8479,7.0,0.01627,0.0169,0.00355,0.00062,0.00279,0.00245,0.9292236912543557,-0.6528117040189875,0.9627218365253353,0.21005915916809714,1.038721509605316,4.583097300535972
E130,LAGO MENOR,2019-07-22,2019,7,S2,-16.2142,-68.9393,10.0,0.01381,0.01412,0.00502,0.00191,0.0013,0.00108,0.7616967709484236,-0.4754440712934132,0.9780452565123755,0.35552405414135596,1.0224474277735391,2.7509954679291893
E136,LAGO MENOR,2019-07-22,2019,7,S2,-16.3034,-68.9854,6.5,0.01736,0.01899,0.00904,0.00541,0.0025,0.00205,0.5565573542394527,-0.35497679789594017,0.9141653020450078,0.47603999599578745,1.0938939462042658,1.920353769872371
E137,LAGO MENOR,2019-07-22,2019,7,S2,-16.3655,-68.9025,5.0,0.01733,0.02129,0.00772,0.0035,0.00211,0.00165,0.7176280468887436,-0.46776971844985454,0.813997143541703,0.362611537688514,1.2285054109344828,2.2448183620701605
E141,LAGO MENOR,2019-07-23,2019,7,S2,-16.376,-69.0078,10.0,0.0161,0.01635,0.00572,0.00233,0.00094,0.00109,0.7505352917272328,-0.481649275865461,0.9847094198954484,0.34984707340384874,1.0155278872342928,2.814684822607548
E142,LAGO MENOR,2019-07-23,2019,7,S2,-16.4489,-68.9969,11.0,0.01793,0.01909,0.00647,0.00243,0.00118,0.00094,0.7741635327990926,-0.49374019977542255,0.9392351524758957,0.33892088324144143,1.064695980775461,2.771251503670556
E145,LAGO MENOR,2019-07-23,2019,7,S2,-16.5179,-68.9781,6.0,0.01881,0.02077,0.00583,0.00191,0.0007,0.00077,0.8315696282376709,-0.5616541142235296,0.9056330810961444,0.28069329414091027,1.1041998349707691,3.226414540923749
E147,LAGO MENOR,2019-07-24,2019,7,S2,-16.559,-68.9174,5.5,0.01812,0.01934,0.00604,0.00276,0.00096,0.00122,0.7502262103970042,-0.5240346523232997,0.936918255588508,0.31230608519616937,1.0673288594189372,2.9999995033113405
E01,BAHIA PUNO,2022-08-12,2022,8,S2,-15.853,-69.9605,5.5,0.0163,0.01961,0.01081,0.01028,0.00813,0.00636,0.3121445195000161,-0.28928335669679955,0.8312085246706514,0.5512493344594934,1.20306741085476,1.5078629502439453
E02,BAHIA PUNO,2022-08-12,2022,8,S2,-15.8461,-69.9271,8.0,0.01873,0.01847,0.00974,0.00676,0.00272,0.00211,0.46412998556757884,-0.30946471784953145,1.0140768265253477,0.5273416065326688,0.9861184737790457,1.922997749178876
E05,BAHIA PUNO,2022-08-12,2022,8,S2,-15.84,-69.8923,8.5,0.0186,0.01579,0.00746,0.00549,0.00258,0.00185,0.4840225336455576,-0.3582795544825998,1.1779606600404902,0.472450888381831,0.8489246855416835,2.4932972529092154
E08,BAHIA PUNO,2022-08-12,2022,8,S2,-15.7802,-69.8681,11.0,0.01842,0.01468,0.00702,0.00529,0.00255,0.00196,0.4702052844163602,-0.35299537543800114,1.254768306895892,0.4782016023023432,0.7969597830097839,2.623931250152243
E28,LAGO MAYOR,2022-08-14,2022,8,S2,-15.3928,-69.7822,10.0,0.02489,0.01998,0.00812,0.00497,0.00228,0.00151,0.6016031823004737,-0.42206404191942914,1.2457456833961118,0.40640638606574647,0.8027319886407398,3.065270558464217
E32,LAGO MAYOR,2022-08-14,2022,8,S2,-15.3384,-69.7205,9.0,0.02833,0.02217,0.00814,0.00449,0.00238,0.00317,0.6631657665729269,-0.46288352151489537,1.2778528968041094,0.3671628160954977,0.7825626268068256,3.480343552783348
E36,LAGO MAYOR,2022-08-14,2022,8,S2,-15.2971,-69.6814,9.0,0.02604,0.02145,0.00926,0.00616,0.00327,0.00258,0.553784840500368,-0.39693909485707934,1.213985957389932,0.43170161157568243,0.8237326872606495,2.8120947287154725
E39,LAGO MAYOR,2022-08-15,2022,8,S2,-15.3748,-69.5276,7.0,0.0208,0.02376,0.0073,0.00307,0.00511,0.00463,0.7711516671206983,-0.529942030587829,0.875420838576564,0.30723904430812105,1.142307637389056,2.849314678176071
341,LAGO MAYOR,2022-08-15,2022,8,S2,-15.4392,-69.6009,14.0,0.0174,0.0117,0.00397,0.00244,0.00189,0.00173,0.6548797273776714,-0.4932992665412083,1.4871793600701402,0.33931621031485376,0.6724137544589797,4.382870432526339
E42,LAGO MAYOR,2022-08-15,2022,8,S2,-15.4967,-69.6685,16.0,0.01855,0.01281,0.00524,0.00315,0.00154,0.00123,0.6052631199709824,-0.41939055848251755,1.4480873186504826,0.4090553935163627,0.6905660005085714,3.5400756602909045
E43,LAGO MAYOR,2022-08-15,2022,8,S2,-15.5603,-69.7411,14.0,0.01898,0.01349,0.00591,0.00368,0.00192,0.00167,0.5713453365553094,-0.3907216293442459,1.4069680202395833,0.4381022655224414,0.7107481185064216,3.211505378763895
E22,LAGO MAYOR,2022-08-15,2022,8,S2,-15.6181,-69.807,14.0,0.01904,0.01378,0.00655,0.0047,0.00299,0.00255,0.49134196475422276,-0.35563205333831516,1.3817125267262318,0.47532652573827827,0.7237394577867932,2.90686978521072
E48,LAGO MAYOR,2022-08-16,2022,8,S2,-15.5361,-69.3597,8.0,0.0206,0.01515,0.00764,0.00592,0.00393,0.00314,0.4380635767411687,-0.3295304813720719,1.3597358838458162,0.5042903957564095,0.7354368575030652,2.696334725610638
E49,LAGO MAYOR,2022-08-16,2022,8,S2,-15.6063,-69.4449,15.0,0.02127,0.01492,0.00811,0.00523,0.00324,0.00279,0.4808932763824676,-0.2957012463872668,1.42560312160837,0.5435656472140987,0.7014574188313389,2.6226877160680995
E50,LAGO MAYOR,2022-08-16,2022,8,S2,-15.6687,-69.5211,16.0,0.02002,0.0143,0.00759,0.00588,0.00405,0.00353,0.4172447761523897,-0.30653264931326407,1.399999902097909,0.530769193652504,0.714285678607109,2.637680811899761
E51,LAGO MAYOR,2022-08-17,2022,8,S2,-15.7371,-69.6038,12.0,0.0188,0.0129,0.00614,0.00418,0.00211,0.0019,0.5105386117951634,-0.35504199815955895,1.4573642281113002,0.4759689553512438,0.6861701762675438,3.0618887521353826
E52,LAGO MAYOR,2022-08-17,2022,8,S2,-15.8028,-69.6843,9.0,0.01849,0.01346,0.0061,0.00426,0.00258,0.00235,0.5191873296169679,-0.3762780993722853,1.3736997493536591,0.4531946171475025,0.7279610206619243,3.0311470440742547
E53,LAGO MAYOR,2022-08-17,2022,8,S2,-15.8686,-69.7634,11.0,0.02244,0.0166,0.00947,0.00689,0.00363,0.00274,0.4133673727812953,-0.2734944275606281,1.3518071474814972,0.5704818933444642,0.7397504126670938,2.3695879229579813
E58,LAGO MAYOR,2022-08-18,2022,8,S2,-15.9519,-69.5453,11.0,0.02173,0.01824,0.00841,0.00583,0.00282,0.00232,0.5155795381977757,-0.3688555208684607,1.1913376539836813,0.46107453612529964,0.8393925062405657,2.583828468034665
E59,LAGO MAYOR,2022-08-18,2022,8,S2,-15.8876,-69.4615,15.0,0.01954,0.01404,0.00687,0.00445,0.0019,0.0015,0.5186587064002864,-0.34289811846493934,1.3917377926112682,0.48931620446465784,0.7185260635350019,2.8442499498908367
E60,LAGO MAYOR,2022-08-18,2022,8,S2,-15.8271,-69.3776,16.5,0.0204,0.01425,0.0073,0.00448,0.00253,0.00206,0.5216230367526409,-0.32250578549857145,1.4315788469067476,0.5122806658048655,0.6985293775230698,2.794520165134224
E61,LAGO MAYOR,2022-08-18,2022,8,S2,-15.7585,-69.3045,15.0,0.02009,0.01458,0.00664,0.0048,0.00331,0.00301,0.5046439368088785,-0.3741752886816546,1.3779148574818343,0.4554183501084808,0.725734159993322,3.025601953975609
E72,LAGO MAYOR,2022-08-19,2022,8,S2,-15.6921,-69.1709,5.0,0.02088,0.02083,0.00897,0.00602,0.00688,0.00633,0.5515828472408623,-0.39798656382595426,1.002400335938534,0.4306288799506059,0.9976053162066421,2.3277589378195165
E76,LAGO MAYOR,2022-08-19,2022,8,S2,-15.8125,-69.0449,10.0,0.01673,0.01334,0.00723,0.00524,0.00371,0.00368,0.4359526137808066,-0.2970345018456732,1.2541228445185273,0.541978969866644,0.7973699463616291,2.3139692511799095
E78,LAGO MAYOR,2022-08-19,2022,8,S2,-15.8903,-69.1327,14.0,0.01745,0.01269,0.00677,0.00452,0.00332,0.00284,0.47472397009157646,-0.3042137562068985,1.3750983943972896,0.5334908957059972,0.7272205886979606,2.5775476251776035
E79,LAGO MAYOR,2022-08-19,2022,8,S2,-15.96,-69.2272,14.0,0.0172,0.01265,0.00628,0.00445,0.00328,0.00312,0.479532135699875,-0.33650288766492936,1.3596836869815268,0.4964426485025575,0.7354650735194724,2.7388530670616134
E80,LAGO MAYOR,2022-08-20,2022,8,S2,-16.0316,-69.3198,15.0,0.01937,0.01347,0.00696,0.00455,0.00293,0.00254,0.4950055219197823,-0.31864902992417865,1.4380102867104465,0.5167037478319415,0.695405229973917,2.7830455771486236
E82,LAGO MAYOR,2022-08-20,2022,8,S2,-16.1109,-69.4173,15.0,0.02103,0.01519,0.00791,0.00543,0.00237,0.00186,0.4733268441645566,-0.315151501508593,1.3844633716613974,0.520737292907354,0.7223014397384004,2.658659588032922
E83,LAGO MAYOR,2022-08-20,2022,8,S2,-16.1837,-69.5067,16.0,0.02017,0.01656,0.00948,0.00612,0.00363,0.00301,0.46031744002127684,-0.2718893904804381,1.2179950955316974,0.5724637335468761,0.8210212780852117,2.1276369063674148
E88,LAGO MAYOR,2022-08-20,2022,8,S2,-16.2064,-69.3781,14.0,0.01943,0.0149,0.00778,0.0054,0.00245,0.00213,0.4679802725132871,-0.31393296675780574,1.3040267581190095,0.5221476159632472,0.7668553388134155,2.4974289849063003
E94,LAGO MAYOR,2022-08-20,2022,8,S2,-16.251,-69.2884,15.0,0.02249,0.01866,0.01148,0.01167,0.00919,0.00736,0.23046487865265813,-0.23822162447838005,1.205251811079753,0.6152196883590736,0.8297020529256535,1.959059062799733
E97,LAGO MAYOR,2022-08-21,2022,8,S2,-16.1757,-69.1958,16.0,0.01454,0.01149,0.00585,0.00373,0.00203,0.00156,0.5098554198518122,-0.3252594968131778,1.265448105705126,0.5091383368896139,0.7902337833401799,2.485469660603477
E98,LAGO MAYOR,2022-08-22,2022,8,S2,-16.1056,-69.1103,15.0,0.01713,0.01301,0.00767,0.00544,0.00378,0.00303,0.41029808074265145,-0.25822049041486994,1.3166793761199556,0.5895464573753684,0.7594862370410838,2.2333765015154494
E99,LAGO MAYOR,2022-08-22,2022,8,S2,-16.0745,-69.0742,15.0,0.0153,0.01239,0.00659,0.00462,0.00212,0.00176,0.456790096602581,-0.3055848100324125,1.2348667284207644,0.5318805059014927,0.8098038686402701,2.3216991924583925
E100,LAGO MAYOR,2022-08-22,2022,8,S2,-16.0055,-68.9959,13.0,0.01257,0.00941,0.0041,0.00244,0.00137,0.0013,0.588185604372523,-0.393042161876968,1.3358128229741952,0.4357066487028004,0.748607736785383,3.0658529107675823
E103,LAGO MAYOR,2022-08-22,2022,8,S2,-15.9394,-68.9017,10.0,0.01436,0.01222,0.00486,0.003,0.00395,0.00397,0.6057818261641374,-0.43091332371701857,1.1751226534269514,0.39770864175870363,0.8509748711020285,2.9547319023185383
E104,LAGO MAYOR,2022-08-22,2022,8,S2,-16.0297,-68.8837,13.0,0.01201,0.00914,0.00362,0.00267,0.00168,0.00175,0.547840766482577,-0.43260184697477694,1.3140042326034755,0.39606122581387027,0.7610324095726554,3.3176786415252373
E113,LAGO MAYOR,2022-08-21,2022,8,S2,-16.2174,-69.1367,14.0,0.0155,0.01265,0.00651,0.0042,0.00182,0.00134,0.5014836497635816,-0.3204592734624596,1.225296345826376,0.5146244652470778,0.816128979604582,2.380952015214744
E117,LAGO MAYOR,2022-08-21,2022,8,S2,-16.1653,-69.1027,14.0,0.01867,0.01438,0.008,0.00603,0.0034,0.00278,0.4091131597690759,-0.28507594794119984,1.2983309250117576,0.5563281949702229,0.7702195623878114,2.3337497082812866
E120,LAGO MAYOR,2022-08-22,2022,8,S2,-16.1264,-68.9337,14.0,0.01419,0.01072,0.00543,0.00416,0.0024,0.00254,0.44086018542606287,-0.3275541592845722,1.3236939063718371,0.5065298034953541,0.755461539431886,2.613259187245085
E121,LAGO MAYOR,2022-08-23,2022,8,S2,-16.2068,-68.8643,11.0,0.00924,0.007,0.0022,0.00161,0.00279,0.00292,0.626016187454566,-0.5217390737240138,1.3199998114285982,0.31428566938776153,0.7575756755870482,4.199998090909959
E122,LAGO MENOR,2022-08-23,2022,8,S2,-16.2276,-68.8361,10.0,0.00764,0.00527,0.00061,0.0,0.00355,0.00429,0.9999998102467152,-0.79251687202094,1.4497150949307218,0.11574950365284559,0.6897904856295176,12.524569631853064
E123,LAGO MENOR,2022-08-23,2022,8,S2,-16.1925,-68.797,6.0,0.01679,0.025,0.00674,0.00363,0.00221,0.00199,0.7464198132581273,-0.5752992887429336,0.6715999731360011,0.2695999892160004,1.4889814479463106,2.4910975532496207
E125,LAGO MENOR,2022-08-23,2022,8,S2,-16.2626,-68.7843,8.0,0.02056,0.04403,0.01005,0.00329,0.00174,0.00207,0.8609467273679896,-0.6283283907483654,0.46695433870192277,0.22825345836353716,2.141536860820192,2.045770940719309
E132,LAGO MENOR,2022-08-23,2022,8,S2,-16.3339,-68.7808,4.0,0.0214,0.04063,0.0115,0.0041,0.00202,0.00191,0.8166778265889152,-0.5587953086745577,0.5267043926481814,0.28304208016140586,1.898598042121587,1.8608694034026605
E130,LAGO MENOR,2022-08-23,2022,8,S2,-16.3144,-68.8451,5.5,0.02589,0.03135,0.01236,0.00753,0.00542,0.00455,0.6126543052300847,-0.43445434833094615,0.8258372942316652,0.3942583606297173,1.2108921896140523,2.094660024703882
E136,LAGO MENOR,2022-08-24,2022,8,S2,-16.2659,-69.0601,5.5,0.01649,0.01819,0.00971,0.00629,0.00316,0.00339,0.4861110912536319,-0.3039426414357477,0.9065420062373829,0.5338097562501508,1.1030927166105085,1.6982490527034964
E135,LAGO MENOR,2022-08-24,2022,8,S2,-16.3028,-68.9852,11.0,0.02062,0.02118,0.01028,0.00617,0.00301,0.0023,0.5488116801165748,-0.3464716990949874,0.9735599162625157,0.4853635276032328,1.0271580491193963,2.005836380755216
E137,LAGO MENOR,2022-08-24,2022,8,S2,-16.4011,-68.8334,5.0,0.02808,0.04004,0.01633,0.00887,0.00403,0.0031,0.6372929740892871,-0.42061379420589323,0.7012986837837492,0.40784214765629007,1.4259258751450898,1.7195344935986225
E141,LAGO MENOR,2022-08-24,2022,8,S2,-16.3764,-69.0073,5.0,0.02526,0.02581,0.01315,0.00811,0.00422,0.00312,0.521816022352122,-0.32494865695716996,0.9786903921468272,0.5094924250487244,1.0217735145774538,1.9209124014515286
E142,LAGO MENOR,2022-08-24,2022,8,S2,-16.4515,-68.998,5.0,0.02558,0.02702,0.01338,0.00859,0.00431,0.00342,0.5175512351151015,-0.337623754019214,0.9467061085600996,0.49518873074801145,1.0562939383778758,1.9118085267706633
E145,LAGO MENOR,2022-08-24,2022,8,S2,-16.5139,-68.977,5.5,0.02377,0.02637,0.01021,0.00534,0.00229,0.00164,0.6631977085084292,-0.4417714477372486,0.9014030754113358,0.3871823895645662,1.109381526740365,2.328109468353627
E147,LAGO MENOR,2022-08-24,2022,8,S2,-16.493,-69.0596,5.0,0.02693,0.03478,0.01444,0.00704,0.00282,0.00208,0.6633189702697521,-0.41324663930827626,0.7742955499052459,0.41518112664804124,1.29149642437815,1.8649583196012245
E01,BAHIA PUNO,2024-08-21,2024,8,S2,-15.853,-69.9605,6.0,0.01999,0.02499,0.00755,0.0043,0.00819,0.00716,0.7063844074296891,-0.5359557303025282,0.7999199359775937,0.30212083624966646,1.2501249999937467,2.647681768518971
E02,BAHIA PUNO,2024-08-21,2024,8,S2,-15.8461,-69.9271,9.0,0.01849,0.01526,0.00564,0.00363,0.00269,0.00227,0.6156696338978489,-0.4602870593164087,1.2116644029053472,0.3695936848234807,0.8253109342719884,3.278368213055281
E03,BAHIA PUNO,2024-08-21,2024,8,S2,-15.8653,-69.8942,8.0,0.01828,0.01606,0.00557,0.00375,0.00303,0.00224,0.621403300282519,-0.4849745499318285,1.1382315605086202,0.34682438687270317,0.8785557506260531,3.2818665562178535
E05,BAHIA PUNO,2024-08-21,2024,8,S2,-15.84,-69.8923,10.0,0.01709,0.01397,0.00494,0.00315,0.003,0.00235,0.6320093088779609,-0.47752509373214735,1.2233356318299478,0.35361486373551443,0.8174370498866559,3.4595134697341154
E08,BAHIA PUNO,2024-08-21,2024,8,S2,-15.7802,-69.8681,9.0,0.0179,0.01334,0.0049,0.00325,0.00267,0.0024,0.6081976728030336,-0.46271927287723286,1.341828984870391,0.36731631429412936,0.7452513550138908,3.653060478967249
E15,LAGO MAYOR,2024-08-21,2024,8,S2,-15.715,-69.8226,9.0,0.0146,0.01195,0.00299,0.0007,0.00225,0.00247,0.8893279929384987,-0.5997322222401459,1.2217572199366342,0.2502091840829135,0.8184930946237607,4.882941510721903
E16,LAGO MAYOR,2024-08-21,2024,8,S2,-15.6737,-69.8541,6.0,0.01056,0.00984,0.00019,0.0,0.00263,0.0039,0.9999998983739942,-0.9621135630993458,1.073170622645262,0.01930894112714013,0.9318180935778321,55.57865484918501
E22,LAGO MAYOR,2024-08-22,2024,8,S2,-15.6181,-69.807,14.0,0.01514,0.01067,0.00228,0.00032,0.00251,0.00304,0.9417651554353815,-0.6478763978473826,1.4189314508967712,0.21368320396596024,0.704755567717598,6.640347964759665
E27,LAGO MAYOR,2024-08-22,2024,8,S2,-15.4437,-69.8425,4.0,0.01904,0.02053,0.00689,0.00382,0.00238,0.00219,0.6862422716122271,-0.49744710074955867,0.9274232378264377,0.3356064132680754,1.078256245889903,2.7634248529136642
E28,LAGO MAYOR,2024-08-22,2024,8,S2,-15.3928,-69.7822,9.0,0.01541,0.01311,0.00426,0.00289,0.00188,0.00142,0.6387499600781275,-0.5094991071100111,1.1754385068315403,0.3249427669761429,0.8507462134493048,3.6173700428708817
E32,LAGO MAYOR,2024-08-22,2024,8,S2,-15.3384,-69.7205,12.5,0.01697,0.01413,0.0046,0.0025,0.00162,0.0028,0.6993385027457305,-0.5088093695243263,1.20099071472111,0.3255484553751978,0.8326457965441488,3.6891296327979055
E36,LAGO MAYOR,2024-08-22,2024,8,S2,-15.2971,-69.6814,11.5,0.01384,0.01185,0.00406,0.00295,0.00219,0.00223,0.6013513107195061,-0.48962913327283886,1.1679323908917814,0.3426160048425313,0.8562138109672102,3.4088661554516855
E36B,LAGO MAYOR,2024-08-22,2024,8,S2,-15.2621,-69.7034,13.0,0.01351,0.01143,0.00438,0.0033,0.00187,0.00184,0.5519347894137956,-0.4459202754003621,1.1819771494333204,0.38320206621154285,0.8460399077690668,3.0844741816268986
E39,LAGO MAYOR,2024-08-23,2024,8,S2,-15.3748,-69.5276,8.0,0.01706,0.01886,0.00361,0.00059,0.0054,0.00614,0.9393315712425927,-0.6786826578245369,0.9045598672025521,0.19141038221578038,1.105509900028728,4.725760463778265
E41,LAGO MAYOR,2024-08-23,2024,8,S2,-15.4392,-69.6009,10.5,0.01232,0.00953,0.00293,0.00153,0.00159,0.00154,0.7233272402054937,-0.5296949815654108,1.2927595705393944,0.3074501251363982,0.7735388982517128,4.204776721919208
E42,LAGO MAYOR,2024-08-23,2024,8,S2,-15.4967,-69.6685,10.0,0.01311,0.01017,0.00353,0.00169,0.00165,0.00165,0.7150083714158203,-0.48467149746923377,1.2890854189689853,0.34709927757135917,0.7757436479219186,3.713879967739386
E43,LAGO MAYOR,2024-08-23,2024,8,S2,-15.5603,-69.7411,12.5,0.0156,0.012,0.00495,0.0031,0.00281,0.00264,0.5894039344765606,-0.4159291790012284,1.2999998916666757,0.4124999656250029,0.7692307199211078,3.151514514845552
E48,LAGO MAYOR,2024-08-24,2024,8,S2,-15.5361,-69.3597,9.0,0.015,0.01146,0.00507,0.00324,0.0031,0.00297,0.5591836354296847,-0.3865698495723019,1.308900409345514,0.44240833835878374,0.7639999490666701,2.958579298110592
E49,LAGO MAYOR,2024-08-24,2024,8,S2,-15.6063,-69.4449,11.0,0.01941,0.01594,0.00909,0.00683,0.00577,0.00527,0.4000878172996128,-0.2736715831533526,1.2176912661423298,0.5702634523046769,0.8212261297668145,2.1353132964451818
E50,LAGO MAYOR,2024-08-24,2024,8,S2,-15.6687,-69.5211,12.0,0.01897,0.0151,0.0083,0.00604,0.00614,0.00607,0.4285714082984197,-0.2905982781795608,1.256291307530377,0.5496688377702756,0.7959936322618012,2.285541893308206
E51,LAGO MAYOR,2024-08-24,2024,8,S2,-15.7371,-69.6038,11.5,0.0183,0.01478,0.00817,0.0062,0.00444,0.00418,0.4089608956643997,-0.2880174166441213,1.2381595914641685,0.5527739815443856,0.8076502290901514,2.239901806621566
E52,LAGO MAYOR,2024-08-24,2024,8,S2,-15.8028,-69.6843,11.0,0.01678,0.01348,0.00567,0.00388,0.00296,0.00255,0.5529953598504977,-0.40783287687556785,1.244807029316986,0.4206231141970983,0.8033372584423566,2.959435104156066
E53,LAGO MAYOR,2024-08-24,2024,8,S2,-15.8686,-69.7634,9.0,0.02348,0.01892,0.00823,0.00629,0.00467,0.00388,0.5009916500994982,-0.3937384753687486,1.2410147335615893,0.4349894061844923,0.8057921292252074,2.8529765670745366
E58,LAGO MAYOR,2024-08-26,2024,8,S2,-15.9519,-69.5453,9.0,0.01865,0.01679,0.00843,0.00467,0.0045,0.00493,0.5647716419025329,-0.3314829368959977,1.1107801601679477,0.5020845442474959,0.9002680482430001,2.2123366296160585
E59,LAGO MAYOR,2024-08-26,2024,8,S2,-15.8876,-69.4615,10.5,0.01616,0.0131,0.00635,0.00423,0.00389,0.00377,0.5118291683883919,-0.34704368395662294,1.2335876920925426,0.48473278742497805,0.8106435141928519,2.544881488995041
E60,LAGO MAYOR,2024-08-25,2024,8,S2,-15.8271,-69.3776,12.0,0.01762,0.01433,0.00763,0.00538,0.00432,0.00342,0.45408419816924406,-0.30510016825591224,1.2295881905381583,0.5324493696825282,0.8132803170669514,2.309305070864342
E61,LAGO MAYOR,2024-08-25,2024,8,S2,-15.7585,-69.3045,12.0,0.01683,0.01482,0.0082,0.00671,0.00554,0.00478,0.3766836796709856,-0.2875760083589918,1.1356274537363393,0.5533063054449188,0.8805703576607036,2.0524387740928325
E72,LAGO MAYOR,2024-08-25,2024,8,S2,-15.6921,-69.1709,4.8,0.02105,0.02437,0.00852,0.00054,0.00612,0.00681,0.9566438797011692,-0.4819093803007181,0.8637668911051748,0.3496101621005268,1.157719659965812,2.4706569870120907
E76,LAGO MAYOR,2024-08-25,2024,8,S2,-15.8125,-69.0449,12.0,0.01791,0.0149,0.00874,0.00696,0.00534,0.00441,0.36322047743730657,-0.26057528508564787,1.2020133421467556,0.5865771418404603,0.8319374186522939,2.049198850206081
B03,LAGO MAYOR,2024-08-27,2024,8,S2,-15.9948,-69.427,11.0,0.01882,0.01389,0.00682,0.00558,0.00548,0.00487,0.4268104557364943,-0.3413809588903448,1.3549315079242976,0.49100068459318325,0.7380445941527846,2.7595303871656323
E78,LAGO MAYOR,2024-08-27,2024,8,S2,-15.8903,-69.1327,10.5,0.01848,0.0147,0.00883,0.00677,0.00565,0.00455,0.36935256779913517,-0.24946875267876106,1.2571427716229409,0.6006802312462428,0.7954545024104707,2.0928649951455274
E79,LAGO MAYOR,2024-08-27,2024,8,S2,-15.96,-69.2272,9.5,0.01758,0.01581,0.00971,0.00729,0.00664,0.00596,0.3688311528644523,-0.23902820379983533,1.11195438887069,0.6141682090975199,0.8993173549876364,1.8105044479398096
E80,LAGO MAYOR,2024-08-27,2024,8,S2,-16.0316,-69.3198,15.0,0.01502,0.01112,0.00362,0.00176,0.00197,0.00209,0.7267080181127317,-0.5088195041506443,1.3507193029928686,0.32553953907018535,0.7403461557692306,4.14917012453864
E82,LAGO MAYOR,2024-08-28,2024,8,S2,-16.1109,-69.4173,9.0,0.01962,0.01594,0.00875,0.00732,0.00561,0.00483,0.37059327727457964,-0.29121100481121887,1.2308656693308866,0.5489334661898705,0.8124362480919344,2.2422854580245186
E83,LAGO MAYOR,2024-08-28,2024,8,S2,-16.1837,-69.5067,8.5,0.02196,0.01905,0.00951,0.00713,0.00788,0.00736,0.4553093790943705,-0.3340336017495238,1.152755844999693,0.4992125722198124,0.8674862992947951,2.3091480221716068
E88,LAGO MAYOR,2024-08-29,2024,8,S2,-16.2064,-69.3781,9.5,0.01803,0.01473,0.00697,0.00516,0.00549,0.00518,0.4811462804853555,-0.3576036701565129,1.2240325034601154,0.4731839461518027,0.8169716684985209,2.5868002027546337
E94,LAGO MAYOR,2024-08-29,2024,8,S2,-16.251,-69.2884,9.5,0.01662,0.01346,0.00689,0.00662,0.00768,0.00602,0.3406374332351876,-0.3228501069852527,1.2347695962281133,0.5118870347780807,0.8098675806337197,2.4121912319025784
E97,LAGO MAYOR,2024-08-29,2024,8,S2,-16.1757,-69.1958,13.5,0.01356,0.00947,0.00379,0.00248,0.00248,0.00263,0.5849371895450051,-0.42835592546335405,1.4318900283115072,0.4002111509808711,0.6983775296181763,3.5778354675895865
E98,LAGO MAYOR,2024-08-29,2024,8,S2,-16.1056,-69.1103,13.0,0.01335,0.00761,0.00233,0.00069,0.0044,0.00566,0.8337348393090556,-0.5311870692970756,1.7542704659302937,0.3061760438664857,0.5700374104840891,5.729611274844947
E99,LAGO MAYOR,2024-08-30,2024,8,S2,-16.0745,-69.0742,9.5,0.01504,0.01241,0.00596,0.00424,0.00414,0.00388,0.49069066121978017,-0.3511159308047942,1.2119257685797125,0.4802578178680244,0.8251329238608428,2.523489509481626
E100,LAGO MAYOR,2024-08-30,2024,8,S2,-16.0055,-68.9959,11.0,0.01277,0.00741,0.00061,9e-05,0.00315,0.00357,0.9759998698666841,-0.847880193531148,1.7233465960395957,0.08232117647487497,0.5802662035813466,20.934391910832932
E103,LAGO MAYOR,2024-08-30,2024,8,S2,-15.9394,-68.9017,11.0,0.00675,0.00464,0.0,0.0,0.00534,0.00676,0.999999784482805,-0.999999784482805,1.4547410657885633,0.0,0.6874073055692881,6749999.999999999
E105,LAGO MAYOR,2024-08-30,2024,8,S2,-15.9864,-68.8016,8.5,0.02166,0.02831,0.01273,0.00467,0.00673,0.00618,0.7167980376956327,-0.3796296203793952,0.7651006441151309,0.4496644136466121,1.3070174835171984,1.7014924036533854
E113,LAGO MAYOR,2024-08-29,2024,8,S2,-16.2174,-69.1367,13.5,0.01311,0.00901,0.00411,0.00255,0.0026,0.00214,0.5588234810706332,-0.373475581289971,1.4550497830133426,0.45615977179136824,0.6872615799190253,3.1897802457955606
E117,LAGO MAYOR,2024-08-29,2024,8,S2,-16.1653,-69.1027,12.0,0.01572,0.01219,0.00629,0.00516,0.00382,0.00317,0.4051872965309916,-0.319264051987876,1.2895815184920825,0.5159966762923154,0.7754452432922873,2.4992046901105422
E120,LAGO MAYOR,2024-08-30,2024,8,S2,-16.1264,-68.9337,10.5,0.01393,0.00879,0.00289,0.00176,0.002,0.00195,0.6663506477392751,-0.5051369430533439,1.5847552235773354,0.32878267021812635,0.6310121585777345,4.820067536308811
E121,LAGO MAYOR,2024-08-30,2024,8,S2,-16.2068,-68.8643,12.7,0.0139,0.01029,0.00341,0.00195,0.00368,0.00393,0.6813724933519205,-0.5021897443657122,1.3508259134279967,0.33138966653161644,0.7402877165260636,4.076245138931045
E122,LAGO MENOR,2024-08-31,2024,8,S2,-16.2276,-68.8361,11.0,0.01005,0.00539,0.0,0.0,0.00314,0.00491,0.9999998144712774,-0.9999998144712774,1.8645636614909717,0.0,0.5363183545951886,10050000.0
E125,LAGO MENOR,2024-09-01,2024,9,S2,-16.2626,-68.7843,2.5,0.02921,0.04478,0.01223,0.00098,0.00166,0.0016,0.9571678112507034,-0.5709524544649631,0.6523001194216141,0.2731129907746094,1.533036578807375,2.3883890115789854
P02,LAGO MENOR,2024-09-01,2024,9,S2,-16.2135,-68.733,9.5,0.01748,0.01951,0.0059,0.00382,0.0036,0.00299,0.6725246175514523,-0.5356158781733225,0.8959507485417351,0.3024090055146589,1.1161326592601455,2.9627113622523114
P03,LAGO MENOR,2024-09-01,2024,9,S2,-16.2158,-68.6912,3.5,0.01556,0.02821,0.00372,0.0,0.0026,0.00289,0.9999999645515787,-0.766990267241144,0.5515774352507112,0.1318681271936148,1.8129818886258426,4.182794574517587
P04,LAGO MENOR,2024-09-01,2024,9,S2,-16.2544,-68.6012,1.5,0.01101,0.03497,0.00627,0.00031,0.00255,0.00257,0.9824262760083257,-0.695926268285008,0.31484128353327756,0.1792965347641826,3.1762031629243266,1.7559805811833202
E127,LAGO MENOR,2024-09-01,2024,9,S2,-16.218,-68.6226,2.0,0.03663,0.06118,0.01389,0.00621,0.00341,0.00323,0.815699646598907,-0.6299453759165395,0.5987250637671615,0.22703497504029135,1.6702156246187378,2.6371488382182267
E129,LAGO MENOR,2024-08-31,2024,8,S2,-16.3339,-68.7808,4.5,0.01905,0.03743,0.0137,0.00257,0.00176,0.00159,0.8714999782125005,-0.46411108030293213,0.5089500264774239,0.3660165544745778,1.964829293184814,1.3905108474079675
E135,LAGO MENOR,2024-08-31,2024,8,S2,-16.2659,-69.0601,4.0,0.01607,0.01671,0.0078,0.00503,0.00465,0.00472,0.5372584849467118,-0.36352507696756114,0.961699523536833,0.4667863275412132,1.039825697583964,2.060256146121007
E138,LAGO MENOR,2024-08-31,2024,8,S2,-16.4011,-68.8334,4.5,0.02133,0.03814,0.01385,0.00462,0.00297,0.00266,0.7839101781124842,-0.4672052227888974,0.559255360271228,0.36313580589575756,1.7880918055278106,1.540072090969524
P15,LAGO MENOR,2024-08-31,2024,8,S2,-16.3119,-68.8495,4.0,0.01241,0.02183,0.00079,0.0,0.00335,0.00426,0.9999999541914817,-0.9301502683399528,0.5684837119338657,0.03618872944623319,1.759065128197814,15.708840874884967
E142,LAGO MENOR,2024-08-31,2024,8,S2,-16.4515,-68.998,4.0,0.01884,0.02229,0.00797,0.00338,0.00226,0.00198,0.7366575482408434,-0.4732319737861212,0.8452220347589935,0.35755942765547655,1.183120956309928,2.36386419524916
E145,LAGO MENOR,2024-09-02,2024,9,S2,-16.5139,-68.977,3.5,0.02033,0.02436,0.0081,0.00375,0.00246,0.00232,0.7331910091358588,-0.5009241989856993,0.8345648261672897,0.3325123016210057,1.1982291589656096,2.5098762333486135
P10,LAGO MENOR,2024-09-02,2024,9,S2,-16.5821,-68.8723,3.0,0.0152,0.02351,0.00848,0.00401,0.00294,0.00316,0.7085755556476906,-0.46983430853909636,0.6465333625464329,0.3606975601574836,1.5467104245585248,1.7924526188145498
E40,LAGO MAYOR,2013-10-10,2013,10,LS,-15.9142,-69.6607,5.0,0.04343,0.06006,0.0521,0.08916,0.08106,0.06362,-0.19501407187364914,-0.07097004216324856,0.7231102110704261,0.8674658530225465,1.3829150038472253,0.8335892354397461
E41,LAGO MAYOR,2013-10-10,2013,10,LS,-15.8575,-69.5897,7.0,0.01755,0.0264,0.01764,0.05327,0.0499,0.03415,-0.3372662189372886,-0.19891007722729165,0.6647727020919431,0.6681817928719018,1.5042734185599191,0.9948979027835656
E42,LAGO MAYOR,2013-10-10,2013,10,LS,-15.7993,-69.5168,8.5,0.01957,0.02689,0.01904,0.0542,0.05006,0.03397,-0.3367862826885401,-0.17091225406243732,0.7277798167430339,0.7080698881342549,1.3740418306570348,1.027836080470794
E43,LAGO MAYOR,2013-10-10,2013,10,LS,-15.744,-69.4477,6.5,0.02309,0.0263,0.01785,0.05154,0.04503,0.02847,-0.3242548776431799,-0.1913929741473845,0.8779467346788313,0.6787071985282435,1.139021171978295,1.2935573505009887
E44,LAGO MAYOR,2013-10-10,2013,10,LS,-15.6857,-69.3748,8.0,0.03124,0.04245,0.03548,0.07002,0.06399,0.04757,-0.24513203302985653,-0.08943923919621154,0.7359245998604335,0.8358068118773424,1.3588347836480543,0.8804960292983082
E45,LAGO MAYOR,2013-10-10,2013,10,LS,-15.6276,-69.302,9.0,0.06241,0.07406,0.07177,0.10381,0.08495,0.06417,-0.16725698449847087,-0.015703215965828597,0.8426951006927478,0.9690791119487022,1.1866687840623493,0.8695833792729082
E47,LAGO MAYOR,2013-10-11,2013,10,LS,-15.7629,-69.3059,7.0,0.035,0.04587,0.03803,0.07126,0.06602,0.04872,-0.21676769216453776,-0.09344457576347347,0.7630259262475273,0.8290821707198132,1.3105713911265315,0.9203260341749663
E48,LAGO MAYOR,2013-10-11,2013,10,LS,-15.8221,-69.3801,8.1,0.00191,0.01732,0.00787,0.04698,0.04713,0.03135,-0.4612752649879431,-0.37514885370588114,0.1102771298916207,0.45438796452725383,9.068058079550743,0.24269374298681792
E49,LAGO MAYOR,2013-10-11,2013,10,LS,-15.8882,-69.4619,7.5,0.02862,0.04205,0.03294,0.06891,0.06305,0.04719,-0.2420692119496286,-0.12148286276193009,0.6806182953479597,0.783353132381614,1.469252219802508,0.8688524326395741
E50,LAGO MAYOR,2013-10-11,2013,10,LS,-15.9464,-69.5329,5.7,0.02849,0.03401,0.02382,0.05708,0.0517,0.03365,-0.2532659978782962,-0.17620611834331454,0.8376947710175017,0.7003822199240748,1.1937521518514513,1.196053686143842
E51,LAGO MAYOR,2013-10-12,2013,10,LS,-15.9831,-69.4194,7.0,0.02673,0.03243,0.02426,0.05735,0.05206,0.03463,-0.2775673838542283,-0.14411712569911578,0.8242367923454581,0.7480727490572695,1.2132435011880471,1.1018136396614329
E52,LAGO MAYOR,2013-10-12,2013,10,LS,-15.9384,-69.3637,6.8,0.02321,0.03772,0.02915,0.06603,0.06153,0.04573,-0.27286746724947025,-0.1281591127836232,0.6153234195301321,0.7727995553340521,1.6251614982696465,0.7962263877795408
E53,LAGO MAYOR,2013-10-12,2013,10,LS,-15.8862,-69.2987,8.0,0.02093,0.02701,0.01855,0.05237,0.04644,0.02991,-0.3194759344989174,-0.18568919697784902,0.774898157167784,0.6867826476570661,1.2904920549215453,1.1283018259675566
E54,LAGO MAYOR,2013-10-12,2013,10,LS,-15.8353,-69.2353,8.1,0.03167,0.04304,0.03501,0.06944,0.0635,0.04693,-0.2347083905164617,-0.10288276613859366,0.7358271204501132,0.8134293491303589,1.3590147976313611,0.9045986602513949
E55,LAGO MAYOR,2013-10-12,2013,10,LS,-15.7906,-69.1805,8.0,0.03631,0.04964,0.04233,0.07545,0.07231,0.05404,-0.20633143971275533,-0.07948243906184145,0.7314665444910045,0.8527397088489181,1.36711645918159,0.8577840572222052
E56,LAGO MAYOR,2013-10-12,2013,10,LS,-15.7456,-69.1236,5.5,0.02401,0.03467,0.0272,0.06202,0.05976,0.04175,-0.2828627543400274,-0.12073702730342613,0.6925295444900622,0.7845399254531317,1.443981614161532,0.8827205557823325
E57,LAGO MAYOR,2013-10-12,2013,10,LS,-15.8116,-69.0456,8.0,0.05586,0.06067,0.05672,0.08687,0.07392,0.05159,-0.17757896043392327,-0.033648521733976325,0.9207186266570195,0.9348936717505576,1.0861081080181147,0.984837782354764
E58,LAGO MAYOR,2013-10-12,2013,10,LS,-15.885,-69.1365,9.0,0.03505,0.04658,0.03872,0.07111,0.06782,0.0502,-0.2084289216719439,-0.09214536820462647,0.7524688546056493,0.8312580328197072,1.328958592611738,0.9052169187702243
E60,LAGO MAYOR,2013-10-13,2013,10,LS,-16.0334,-69.32,7.0,0.02414,0.02512,0.01758,0.04946,0.04109,0.02344,-0.3263609503035539,-0.17658079211754588,0.9609872228906361,0.6998407364713082,1.0405964771915295,1.3731512301961761
E61,LAGO MAYOR,2013-10-13,2013,10,LS,-16.1084,-69.4127,6.0,0.02783,0.04553,0.03587,0.0719,0.06977,0.0516,-0.2245593100182295,-0.11867321721531676,0.6112453193225276,0.7878321812468223,1.636004253108004,0.7758572407065168
E62,LAGO MAYOR,2013-10-13,2013,10,LS,-16.177,-69.4757,7.0,0.07322,0.0825,0.07827,0.11023,0.09461,0.07125,-0.14388003868686738,-0.02631087873166087,0.8875151407573921,0.9487272612275484,1.1267413121177097,0.9354797376328127
E63,LAGO MAYOR,2013-10-13,2013,10,LS,-16.1566,-69.3562,7.0,0.02261,0.02833,0.02027,0.05442,0.04919,0.0318,-0.31528700525332926,-0.16584361798675684,0.7980938652278904,0.7154959154431374,1.2529853492708825,1.1154414841913427
E64,LAGO MAYOR,2013-10-13,2013,10,LS,-16.2292,-69.2727,7.0,0.02052,0.0268,0.01954,0.05469,0.0498,0.03252,-0.3422505786936976,-0.15666810192774927,0.7656716132212085,0.7291044504065503,1.3060428213429425,1.0501534774742336
E65,LAGO MAYOR,2013-10-14,2013,10,LS,-16.1167,-69.2402,7.0,0.02139,0.02956,0.02044,0.05553,0.04862,0.03266,-0.3052062486166853,-0.18239999635200005,0.7236129660482759,0.6914749427782496,1.3819541195907379,1.0464774439101054
E66,LAGO MAYOR,2013-10-14,2013,10,LS,-16.2076,-69.1457,6.5,0.02412,0.03388,0.02537,0.06241,0.05755,0.04117,-0.2962924468138701,-0.14362868955900948,0.7119244181840491,0.7488193403536204,1.404643391183939,0.9507291702511166
E67,LAGO MAYOR,2013-10-14,2013,10,LS,-16.0704,-69.1489,7.0,-0.07859,-0.02008,-0.02873,0.02874,0.04073,0.02544,-5.63741274394772,0.1772177868719071,3.913844816426534,1.4307769636841117,0.2555032479387104,2.7354682469707012
E68,LAGO MAYOR,2013-10-14,2013,10,LS,-16.0033,-69.1365,7.2,0.03113,0.04387,0.0354,0.07057,0.06544,0.0493,-0.2333100294188218,-0.10685000495963155,0.7095965190427054,0.8069295462290963,1.4092514805894159,0.8793785062322457
E69,LAGO MAYOR,2013-10-14,2013,10,LS,-15.9483,-69.0667,6.5,0.04046,0.05293,0.0445,0.0779,0.07071,0.05409,-0.1908583643594102,-0.08652365712281991,0.7644058045644097,0.8407330277586808,1.3082056028619473,0.9092134627143044
E70,LAGO MAYOR,2013-10-14,2013,10,LS,-15.8933,-68.9958,6.0,0.03262,0.04558,0.03694,0.07219,0.06717,0.04953,-0.2259488814982688,-0.1047018891819936,0.7156647495466268,0.810443159051269,1.3973022257111518,0.883053576528057
E71,LAGO MAYOR,2013-10-14,2013,10,LS,-15.9833,-68.8583,5.0,0.04382,0.05393,0.04777,0.07973,0.07245,0.0535,-0.19302708220090464,-0.06057030422251421,0.8125347522244623,0.8857778437645496,1.230716539691544,0.9173121013750868
E72,LAGO MAYOR,2013-10-15,2013,10,LS,-16.0383,-68.9258,6.0,0.02554,0.0282,0.02127,0.05424,0.04571,0.02857,-0.3158660805935701,-0.14008489710764305,0.9056737267491587,0.7542552924022946,1.1041503091562135,1.200752176739437
E73,LAGO MAYOR,2013-10-15,2013,10,LS,-16.0577,-69.036,5.5,0.02409,0.02489,0.0193,0.05238,0.04389,0.02639,-0.35576549300161137,-0.1264992051029824,0.9678585388566276,0.7754117808191331,1.0332087574425588,1.2481864638245355
E74,LAGO MAYOR,2013-10-15,2013,10,LS,-16.1232,-68.9602,8.4,0.01962,0.02226,0.01492,0.04862,0.04284,0.02557,-0.37189615728137476,-0.1974179613389467,0.8814015776549157,0.6702605269424741,1.1345565170970175,1.3150133166881155
E75,LAGO MAYOR,2013-10-15,2013,10,LS,-16.1806,-68.8926,6.0,0.03648,0.03556,0.02909,0.06141,0.05191,0.03386,-0.26657728919689294,-0.10007733797250831,1.0258717371802097,0.8180539702459514,0.9747806750334246,1.2540391456157047
E76,LAGO MENOR,2013-10-15,2013,10,LS,-16.232,-68.8295,5.5,0.06981,0.07871,0.07333,0.09989,0.08862,0.06603,-0.11858902509188678,-0.03538542465544969,0.886926681655105,0.9316478092790268,1.1274888822877973,0.9519978051002617
E77,LAGO MENOR,2013-10-15,2013,10,LS,-16.1883,-68.7958,5.0,0.04928,0.0567,0.05023,0.07862,0.0704,0.04989,-0.1619864014041797,-0.060506873089807636,0.8691357871404622,0.8858906369331456,1.1505681584706138,0.9810869802690229
E79,LAGO MENOR,2013-10-15,2013,10,LS,-16.2425,-68.7686,5.4,0.02316,0.03828,0.03082,0.06291,0.06069,0.0424,-0.24340349596399344,-0.10795947745355318,0.6050156581761844,0.805120146156736,1.6528496695660766,0.7514600664678759
E80,LAGO MENOR,2013-10-15,2013,10,LS,-16.2703,-68.8273,5.1,0.03188,0.03916,0.01657,0.0432,0.03427,0.01681,-0.049052937723980866,-0.4053472024879382,0.8140959955542391,0.42313584210582633,1.2283562977303546,1.9239588458685064
E81,LAGO MENOR,2013-10-15,2013,10,LS,-16.3066,-68.8716,4.5,0.04604,0.04595,0.03426,0.06374,0.05167,0.03201,-0.16218433620034342,-0.14574242431439438,1.0019586289018796,0.7455930196824152,0.9980451564282112,1.34384117501923
E82,LAGO MENOR,2013-10-16,2013,10,LS,-16.2682,-68.9598,5.5,0.02322,0.02253,0.01267,0.04459,0.03518,0.01745,-0.3286650725765036,-0.28011362840586285,1.030625786479104,0.562361271089158,0.9702841959395265,1.8326754670342962
E83,LAGO MENOR,2013-10-16,2013,10,LS,-16.313,-69.0149,6.0,0.01951,0.03512,0.02579,0.06159,0.05762,0.03901,-0.2737048880808098,-0.1531768157416382,0.5555239021775654,0.734339386835439,1.8001024192669186,0.75649473608008
E84,LAGO MENOR,2013-10-15,2013,10,LS,-16.3419,-68.9102,6.0,0.02149,0.02266,0.01268,0.04549,0.0375,0.02006,-0.33499632670585,-0.2823995392643028,0.9483671249617333,0.5595763212896593,1.0544438783413739,1.6947948190224906
E85,LAGO MENOR,2013-10-16,2013,10,LS,-16.4203,-68.9214,6.3,0.02562,0.02605,0.01498,0.04676,0.03766,0.01973,-0.28443894678699433,-0.2698025768997666,0.9834932443956529,0.5750479625701358,1.0167837229982934,1.710280259660864
E87,LAGO MENOR,2013-10-16,2013,10,LS,-16.4964,-68.971,6.0,0.02742,0.0301,0.01815,0.04983,0.04196,0.02408,-0.24684098277441535,-0.2476683886493598,0.9109634248849361,0.6029900131897006,1.097738836698073,1.5107437184163242
E03,BAHIA PUNO,2014-07-19,2014,7,LS,-15.8461,-69.9271,6.0,0.02551,0.0217,0.01321,0.04345,0.0311,0.01237,-0.333844968014659,-0.24319678478382176,1.175575982692351,0.608755732315404,0.8506467718288212,1.9311126471527142
E07,BAHIA PUNO,2014-07-19,2014,7,LS,-15.7682,-69.8518,7.0,0.02485,0.02202,0.0131,0.04385,0.03279,0.01428,-0.3314103486957591,-0.25398632534207505,1.1285194764523399,0.5949136877877526,0.886116664542589,1.896946420080426
E08,BAHIA PUNO,2014-07-20,2014,7,LS,-15.7236,-69.8072,6.5,0.02694,0.02786,0.01397,0.04425,0.03184,0.01325,-0.2272916346236079,-0.332058323402861,0.9669777111637576,0.5014357321810577,1.0341499244933214,1.9284179006143236
E09,LAGO MAYOR,2014-07-20,2014,7,LS,-15.7954,-69.7922,8.0,0.0242,0.02231,0.01517,0.04743,0.03621,0.01788,-0.36019500487245476,-0.19050159577103534,1.084715325651487,0.679964111162523,0.9219007883512071,1.5952536852172918
E10,LAGO MAYOR,2014-07-20,2014,7,LS,-15.774,-69.74,8.5,0.02252,0.01927,0.01234,0.04416,0.03307,0.01464,-0.39240106586156287,-0.21923441255190088,1.1686558812321806,0.6403736045472962,0.8556837985930819,1.824959333471691
E12,LAGO MAYOR,2014-07-21,2014,7,LS,-15.4112,-69.7935,8.0,0.02727,0.02127,0.01371,0.0439,0.03081,0.01203,-0.34724565985506123,-0.21612349296387962,1.2820873868318106,0.6445697863389851,0.7799779691977277,1.9890589358819157
E13,LAGO MAYOR,2014-07-21,2014,7,LS,-15.3358,-69.7363,9.5,0.03101,0.0251,0.01433,0.04398,0.03106,0.01213,-0.2733063075664981,-0.2731422705264451,1.2354581181092383,0.5709163119156848,0.8094162912152115,2.163991474948257
E14,LAGO MAYOR,2014-07-20,2014,7,LS,-15.3501,-69.6433,9.0,0.02758,0.02114,0.01302,0.04398,0.03105,0.01225,-0.3507370953510888,-0.2377049110742122,1.3046356998753217,0.6158940106010402,0.7664974341371489,2.118279407198202
E15,LAGO MAYOR,2014-07-22,2014,7,LS,-15.3845,-69.5367,8.0,0.0263,0.0208,0.01332,0.04453,0.0315,0.01251,-0.36323281244094885,-0.21922625383275926,1.264423016133509,0.6403845845968951,0.7908744946435553,1.9744743262406663
E16,LAGO MAYOR,2014-07-21,2014,7,LS,-15.4387,-69.601,12.2,0.04408,0.04696,0.03871,0.07178,0.07561,0.04493,-0.20902812692413567,-0.09629975374927334,0.9386711895512949,0.8243185514412574,1.0653357290078103,1.1387238145511802
E17,LAGO MAYOR,2014-07-22,2014,7,LS,-15.4946,-69.6674,10.5,0.02049,0.01884,0.01242,0.04511,0.03587,0.01679,-0.41078967301345315,-0.20537427366045188,1.0875795601072422,0.6592356337985333,0.9194728687421733,1.6497583212754976
E18,LAGO MAYOR,2014-07-22,2014,7,LS,-15.55,-69.7332,12.0,0.02668,0.01978,0.01338,0.044,0.03104,0.01205,-0.37974286014827746,-0.1930036129974785,1.348837141110357,0.6764408151445493,0.7413792825569984,1.9940207777263994
E19,LAGO MAYOR,2014-07-22,2014,7,LS,-15.6047,-69.7981,12.4,0.02827,0.02145,0.0144,0.04463,0.03138,0.01235,-0.3507869196309486,-0.19665271417984062,1.3179486565058902,0.6713286400312988,0.7587548369736528,1.9631943081115064
E20,LAGO MAYOR,2014-07-23,2014,7,LS,-15.7104,-69.7385,8.5,0.03296,0.03264,0.02677,0.05921,0.04542,0.02692,-0.289275990318171,-0.09880491333437283,1.0098038906310083,0.820159288598061,0.9902912320906786,1.2312289416799052
E21,LAGO MAYOR,2014-07-23,2014,7,LS,-15.6612,-69.6802,9.4,0.0234,0.01952,0.01304,0.04474,0.03321,0.01474,-0.39246809224294915,-0.19901719290487738,1.1987704303908593,0.6680327526622566,0.8341879985389744,1.7944783899939887
E22,LAGO MAYOR,2014-07-23,2014,7,LS,-15.6119,-69.6217,10.0,0.02611,0.01981,0.0136,0.04417,0.0315,0.01283,-0.3807439765435452,-0.18587248770211057,1.3180211348803061,0.6865219239514424,0.7587131076708883,1.9198528000108237
E23,LAGO MAYOR,2014-07-23,2014,7,LS,-15.5632,-69.5639,10.2,0.0243,0.01884,0.01261,0.04398,0.032,0.01343,-0.40019101559708664,-0.1980922035582765,1.2898088487362607,0.6693205589532613,0.7753086100696045,1.9270418773162667
E24,LAGO MAYOR,2014-07-23,2014,7,LS,-15.514,-69.5055,10.6,0.02468,0.01845,0.01226,0.04354,0.03092,0.0122,-0.40474269390639306,-0.2015630022284923,1.3376693041913656,0.664498608970265,0.7475688513951033,2.0130504067658723
E25,LAGO MAYOR,2014-07-23,2014,7,LS,-15.4665,-69.4491,9.5,0.02397,0.01876,0.0127,0.04399,0.03123,0.01238,-0.4020717067398932,-0.19262555013904797,1.277718481997949,0.6769722453639528,0.7826449402317505,1.8874014261888643
E26,LAGO MAYOR,2014-07-23,2014,7,LS,-15.5373,-69.3601,8.0,0.02259,0.01825,0.01235,0.04408,0.03174,0.01307,-0.41440718090153733,-0.1928104512153447,1.2378081513529782,0.6767122916869978,0.8078795569774433,1.8291496494615669
E27,LAGO MAYOR,2014-07-23,2014,7,LS,-15.6036,-69.4411,10.0,0.02328,0.01858,0.01224,0.04347,0.03174,0.01323,-0.40112811601727455,-0.20571057087246689,1.252960104792244,0.6587728386021077,0.7981099313526662,1.9019606289247852
E28,LAGO MAYOR,2014-07-24,2014,7,LS,-15.6698,-69.5219,11.4,0.02779,0.02066,0.01441,0.04461,0.03135,0.01258,-0.36693733159280933,-0.1782149934925865,1.345111261127238,0.6974830252912378,0.7434328627767952,1.928521725987389
E29,LAGO MAYOR,2014-07-24,2014,7,LS,-15.7366,-69.6035,10.4,0.02546,0.01995,0.01273,0.04361,0.03122,0.01261,-0.37224669017862355,-0.22093022579772867,1.2761904122210321,0.6380952061105161,0.783582058775253,1.9999998428908214
E30,LAGO MAYOR,2014-07-24,2014,7,LS,-15.8028,-69.6843,11.6,0.02248,0.02111,0.01315,0.04537,0.03504,0.01736,-0.3649217754975666,-0.2323409155767392,1.0648981020891473,0.6229274929925395,0.9390568977287858,1.7095055734216293
E31,LAGO MAYOR,2014-07-24,2014,7,LS,-15.8696,-69.7658,10.8,-0.00826,0.03446,0.02837,0.07617,0.07057,0.04981,-0.3770225040493311,-0.09692821746095466,-0.23969819385669783,0.8232733365271813,-4.171913338004035,-0.2911526157507009
E32,LAGO MAYOR,2014-07-25,2014,7,LS,-15.9267,-69.6772,10.0,0.02522,0.02086,0.01297,0.04371,0.03107,0.01245,-0.3538795051280857,-0.23322494137673835,1.2090124060876124,0.6217641120918451,0.8271212994797265,1.9444871284127117
E33,LAGO MAYOR,2014-07-25,2014,7,LS,-15.8779,-69.6162,10.5,0.02608,0.0198,0.01343,0.0443,0.03147,0.01263,-0.3822152826487475,-0.19169424641305313,1.3171716506478963,0.6782827940261215,0.7592024248772078,1.9419209276306086
E34,LAGO MAYOR,2014-07-25,2014,7,LS,-15.8286,-69.5545,10.0,0.02307,0.01802,0.01213,0.04379,0.03109,0.01239,-0.41692282127612323,-0.19535654410094383,1.2802441020952218,0.6731409171397937,0.7811009631078907,1.9018959685164083
E35,LAGO MAYOR,2014-07-25,2014,7,LS,-15.7793,-69.4928,10.0,0.02222,0.01693,0.01192,0.04361,0.03185,0.01301,-0.44070035611661124,-0.1736568397345983,1.3124630057611928,0.7040755638466885,0.7619261583291558,1.8640938033478354
E36,LAGO MAYOR,2014-07-25,2014,7,LS,-15.7303,-69.4315,10.5,0.02289,0.01812,0.01298,0.04452,0.03274,0.01388,-0.42145593196909426,-0.1652733065828519,1.263244963397077,0.7163355013059878,0.7916120230837911,1.7634821445699427
E37,LAGO MAYOR,2014-07-25,2014,7,LS,-15.6812,-69.37,11.0,0.02419,0.01973,0.01319,0.04412,0.03221,0.01348,-0.38198903082241137,-0.19866342045372357,1.2260516357804543,0.6685250548137327,0.8156262581386418,1.8339649860526925
E39,LAGO MAYOR,2014-07-25,2014,7,LS,-15.7568,-69.2993,10.0,0.02222,0.01794,0.01243,0.04402,0.03212,0.01334,-0.4209167136714539,-0.18142903584362743,1.238572952141976,0.692865067287343,0.8073807017380423,1.787610475654829
E40,LAGO MAYOR,2014-07-26,2014,7,LS,-15.8221,-69.3801,11.0,0.02192,0.01763,0.01181,0.04367,0.03152,0.01299,-0.42479607789892204,-0.19769021067628362,1.243335153526083,0.6698808468587154,0.8042882844758995,1.8560540342037228
E41,LAGO MAYOR,2014-07-26,2014,7,LS,-15.8882,-69.4619,11.0,0.02507,0.01922,0.01364,0.04445,0.0316,0.01274,-0.39626196958910054,-0.16981131558699591,1.3043703795853079,0.7096773824309374,0.7666533399819171,1.8379764048404397
E42,LAGO MAYOR,2014-07-26,2014,7,LS,-15.9534,-69.5425,7.0,0.02688,0.02246,0.01378,0.04389,0.03125,0.01248,-0.32298416996255963,-0.23951434217675657,1.1967942476939337,0.6135351463252384,0.8355654451054522,1.9506529789076212
E44,LAGO MAYOR,2014-07-27,2014,7,LS,-15.9455,-69.3735,11.0,0.02596,0.02021,0.01365,0.04448,0.03157,0.01245,-0.37517390052289534,-0.19373891926346953,1.2845125539578153,0.6754081803360624,0.7785053629235222,1.9018313625031968
E45,LAGO MAYOR,2017-07-27,2017,7,LS,-15.8939,-69.3092,11.0,0.0221,0.0174,0.01209,0.04387,0.03177,0.01292,-0.4320221897825659,-0.18006103153404435,1.2701148695336284,0.694827546274279,0.7873302811162768,1.8279568380515439
E46,LAGO MAYOR,2014-07-27,2014,7,LS,-15.8422,-69.2448,11.0,0.02175,0.01927,0.01266,0.04457,0.03427,0.01596,-0.39630325193760574,-0.20701533958611526,1.1286973986145616,0.6569797271935793,0.8859769707596795,1.7180093429692462
E47,LAGO MAYOR,2014-07-27,2014,7,LS,-15.7906,-69.1805,11.0,0.02126,0.01779,0.01199,0.0439,0.03309,0.01459,-0.4232452516899781,-0.19476157841633382,1.1950533336113922,0.6739741048918435,0.8367826511391039,1.7731441390205056
E48,LAGO MAYOR,2014-07-27,2014,7,LS,-15.7387,-69.1159,7.4,0.02192,0.01943,0.01146,0.04335,0.03232,0.01384,-0.38101305541552954,-0.25801229336315007,1.1281522836771856,0.5898095424699155,0.8864050690508637,1.9127397981902445
E49,LAGO MAYOR,2014-07-27,2014,7,LS,-15.8116,-69.0456,10.0,0.021,0.01823,0.01199,0.04385,0.03168,0.01272,-0.4126932923213065,-0.20648576417982245,1.1519472763605445,0.6577070401696633,0.8680951967573716,1.7514594035480064
E50,LAGO MAYOR,2014-07-27,2014,7,LS,-15.885,-69.1365,10.2,0.02158,0.01735,0.01189,0.0438,0.03161,0.01316,-0.4325429201546538,-0.1867304997698188,1.2438039628931432,0.685302554161236,0.8039851341990207,1.814970410851942
E51,LAGO MAYOR,2014-07-28,2014,7,LS,-15.9588,-69.2277,11.5,0.0268,0.02198,0.01294,0.04537,0.03312,0.01485,-0.3472902695279842,-0.25887742672172315,1.2192902084035393,0.5887169886843955,0.8201492231287603,2.0710972124345277
E52,LAGO MAYOR,2014-07-28,2014,7,LS,-16.0334,-69.32,13.0,0.02373,0.01919,0.01289,0.04378,0.03144,0.0127,-0.39050340812286155,-0.19638403377855254,1.2365814884532838,0.6717039775037011,0.8086809604432802,1.8409618432147523
E53,LAGO MAYOR,2014-07-28,2014,7,LS,-16.1084,-69.4127,11.0,0.02367,0.01868,0.01319,0.04414,0.03124,0.01229,-0.4052849346500329,-0.17226231025220234,1.2671305531514694,0.7061027459259773,0.7891845885431099,1.7945411831280378
E54,LAGO MAYOR,2014-07-28,2014,7,LS,-16.1839,-69.5061,10.5,0.02442,0.02084,0.01343,0.04437,0.03201,0.01316,-0.3608342223457411,-0.21622409640431586,1.171784972563101,0.6444337502670945,0.8533988184521368,1.8183170649056544
E55,LAGO MAYOR,2014-07-28,2014,7,LS,-16.1566,-69.3562,9.5,0.02404,0.01912,0.013,0.04393,0.03133,0.01248,-0.39349721818402505,-0.190535485973366,1.2573221099726928,0.6799162824311568,0.7953410650856463,1.8492306269822596
E56,LAGO MAYOR,2014-07-28,2014,7,LS,-16.2292,-69.2727,9.2,0.02416,0.01955,0.01346,0.0443,0.03153,0.01259,-0.38762724529949494,-0.18448954303273127,1.2358055633859046,0.6884910133764187,0.8091887082289443,1.7949478607022393
E57,LAGO MAYOR,2014-07-20,2014,7,LS,-16.1167,-69.2402,9.5,0.02563,0.02041,0.01388,0.0447,0.03185,0.01297,-0.37306096800705,-0.19043452346356016,1.2557569203450798,0.6800587613885957,0.7963323918715416,1.8465416537073738
E58,LAGO MAYOR,2014-07-29,2014,7,LS,-16.2076,-69.1457,10.0,0.02365,0.01916,0.01341,0.04447,0.03105,0.01215,-0.3977683420121273,-0.1765428254055012,1.2343423155353699,0.6998955793373915,0.8101479572876128,1.763609115316248
E59,LAGO MAYOR,2014-07-29,2014,7,LS,-16.0704,-69.1489,10.6,0.02397,0.01929,0.01313,0.04444,0.03116,0.01219,-0.39463360435221073,-0.1900061631706921,1.2426126883041635,0.6806635209609372,0.8047559113577009,1.8255901122932134
E60,LAGO MAYOR,2014-07-29,2014,7,LS,-16.0033,-69.1375,11.2,0.02129,0.01768,0.01148,0.04347,0.03137,0.01245,-0.4217497886876568,-0.21262002014334638,1.204185452251954,0.6493212302420118,0.8304367857944207,1.854529455180361
E61,LAGO MAYOR,2014-07-29,2014,7,LS,-15.9483,-69.0667,11.0,0.0213,0.01818,0.01221,0.04371,0.0318,0.01278,-0.41250605247203015,-0.19644619294352775,1.1716170972707867,0.6716171247735354,0.8535210866891509,1.7444716015993773
E62,LAGO MAYOR,2014-07-29,2014,7,LS,-15.8933,-68.9958,10.0,0.02035,0.0174,0.01277,0.04435,0.03228,0.01348,-0.4364372398957532,-0.15346370058124953,1.1695401626701056,0.7339080037983907,0.855036813020304,1.593578575287504
E63,LAGO MAYOR,2014-07-29,2014,7,LS,-15.9383,-68.9271,10.2,0.02239,0.0179,0.01283,0.04435,0.03128,0.01244,-0.4248995915678781,-0.16498535096045067,1.2508379189476024,0.7167597364938695,0.7994640107430098,1.745128468813058
E64,LAGO MAYOR,2014-07-29,2014,7,LS,-15.9833,-68.8583,9.5,0.02353,0.01935,0.01348,0.04447,0.03132,0.01197,-0.39360701357557176,-0.17879987271398495,1.216020608991183,0.6966407908712771,0.8223544061897831,1.7455488319325791
E65,LAGO MAYOR,2014-07-30,2014,7,LS,-16.0192,-68.9434,9.5,0.02347,0.0184,0.01318,0.04455,0.03151,0.01243,-0.4154090482063693,-0.16529448494950966,1.2755434089378583,0.716304308896505,0.7839795149561348,1.7807282412194052
E66,LAGO MAYOR,2014-07-30,2014,7,LS,-16.0551,-69.0285,11.0,0.02044,0.01753,0.0118,0.04359,0.03132,0.01254,-0.42637433857371826,-0.19536310278339236,1.1660010743867042,0.6731317357026961,0.8576320519749486,1.7322032430336236
E67,LAGO MAYOR,2014-07-30,2014,7,LS,-16.1204,-68.9577,9.0,0.02428,0.01948,0.01361,0.04457,0.03142,0.01229,-0.391725208560106,-0.17739497801767973,1.2464065068579822,0.6986652618754999,0.8023063919972656,1.783982234828638
E68,LAGO MAYOR,2014-07-30,2014,7,LS,-16.1806,-68.8926,10.0,0.02164,0.01798,0.01317,0.04468,0.03131,0.01216,-0.426109153748657,-0.15441412024352746,1.203559443628507,0.7324804931879593,0.8308687231576376,1.6431281971808507
E69,LAGO MAYOR,2014-07-30,2014,7,LS,-16.232,-68.8295,8.0,0.01992,0.01776,0.01221,0.04413,0.03157,0.01252,-0.4260785195333896,-0.18518517900616688,1.1216215584672546,0.6874999612894166,0.8915662203029007,1.631449497833784
E70,LAGO MAYOR,2014-07-30,2014,7,LS,-16.1883,-68.7958,5.0,0.02021,0.0206,0.01423,0.04514,0.03174,0.01237,-0.37328870743400205,-0.18288830942037587,0.9810679135403925,0.6907766654962784,1.0192973271005776,1.4202388320281918
E71,LAGO MAYOR,2014-07-30,2014,7,LS,-16.2165,-68.7335,5.5,0.01764,0.01877,0.01209,0.044,0.03113,0.01207,-0.40194359722887374,-0.2164614317413664,0.939797499211641,0.6441129118746451,1.0640588965953006,1.4590569512773406
E74,LAGO MENOR,2014-07-30,2014,7,LS,-16.2682,-68.9598,6.5,0.02274,0.02199,0.01345,0.04415,0.03102,0.01205,-0.3350468652094517,-0.24097064782814198,1.0341063649792468,0.6116416274833276,0.9670184271319953,1.6907061939995396
E75,LAGO MENOR,2014-07-30,2014,7,LS,-16.313,-69.0149,6.0,0.023,0.0224,0.01318,0.04357,0.03108,0.01247,-0.3209034360936268,-0.2591343378545717,1.0267856684470684,0.5883928308753201,0.9739130011342174,1.7450681528779852
E76,LAGO MENOR,2014-07-30,2014,7,LS,-16.3439,-68.876,5.0,0.03052,0.02605,0.01486,0.04478,0.03127,0.01217,-0.2644359697241851,-0.27352724826381697,1.1715930452363514,0.5704414368352615,0.8535386352051562,2.0538356625951772
E77,LAGO MENOR,2014-07-31,2014,7,LS,-16.4171,-68.9611,6.0,0.024,0.02275,0.01421,0.04441,0.03108,0.01187,-0.32251339603166473,-0.23106059980896643,1.0549450085738459,0.6246153571597646,0.9479166271701405,1.6889513237894918
E79,LAGO MENOR,2014-07-31,2014,7,LS,-16.5092,-68.9671,6.0,0.02669,0.0251,0.01439,0.04454,0.03105,0.012,-0.27914990983414834,-0.2712078938666019,1.0633465711814114,0.5733067500674601,0.9404270910293335,1.854760121281437
E80,LAGO MENOR,2014-07-31,2014,7,LS,-16.4877,-69.0406,6.0,0.02442,0.02395,0.01338,0.04327,0.031,0.0123,-0.28741445570641994,-0.28315027369005424,1.0196241745459635,0.5586638597635132,0.9807534405915872,1.8251119712173416
E02,BAHIA PUNO,2015-07-14,2015,7,LS,-15.8482,-69.9182,6.5,0.02711,0.02149,0.01334,0.0443,0.0314,0.0124,-0.3467092210562514,-0.23399367688792197,1.261516925941511,0.620753810109176,0.7926963927445079,2.032233730717112
E05,BAHIA PUNO,2015-07-15,2015,7,LS,-15.8398,-69.8918,7.0,0.02644,0.02127,0.01313,0.04385,0.03117,0.01235,-0.3467444664197717,-0.2366279000980262,1.2430652918163945,0.6173013344005014,0.8044629045210702,2.013708909846999
E08,BAHIA PUNO,2015-07-15,2015,7,LS,-15.801,-69.8724,8.0,0.0258,0.02059,0.013,0.04354,0.03098,0.01229,-0.3578668274151438,-0.22596010044774933,1.2530353932474312,0.6313744229541319,0.798061984571241,1.9846152319526746
E12,BAHIA PUNO,2015-07-15,2015,7,LS,-15.7591,-69.8253,8.0,0.02436,0.01975,0.01298,0.04352,0.03117,0.01218,-0.3756914750167303,-0.2068438678018983,1.2334176590674604,0.6572151565967009,0.8107553033351682,1.8767332914689299
E13,BAHIA PUNO,2015-07-15,2015,7,LS,-15.7895,-69.7698,9.0,0.02479,0.01941,0.01302,0.04374,0.03131,0.0124,-0.38527315304397225,-0.19703977190750008,1.277176647234588,0.6707882189186904,0.7829769752732161,1.903993709370683
E14,BAHIA PUNO,2015-07-15,2015,7,LS,-15.7489,-69.783,9.0,0.02443,0.01955,0.01286,0.04389,0.03143,0.01254,-0.38366960303168973,-0.20641776592354938,1.2496163043674524,0.6578004778618681,0.800245566915859,1.899688810288584
E15,BAHIA PUNO,2015-07-15,2015,7,LS,-15.715,-69.8226,7.0,0.0255,0.02183,0.01381,0.0441,0.03131,0.01238,-0.3377824914639392,-0.22502805204747328,1.1681172163024638,0.6326156375347853,0.8560783978008472,1.8464879184295497
E16,BAHIA PUNO,2015-07-16,2015,7,LS,-15.6737,-69.8541,7.0,0.02452,0.02237,0.0147,0.04478,0.032,0.0131,-0.33373044923707446,-0.20690584820863647,1.096110813763486,0.6571300555596756,0.9123164391388076,1.6680270974131228
E18,LAGO MAYOR,2015-07-16,2015,7,LS,-15.7328,-69.7479,10.0,0.02457,0.01961,0.0137,0.04445,0.03185,0.01322,-0.38776146756538454,-0.1774241916114022,1.2529321135679699,0.6986231158274802,0.7981277656439655,1.793430526026969
E19,LAGO MAYOR,2015-07-16,2015,7,LS,-15.7088,-69.7343,9.5,0.02454,0.01909,0.01285,0.04397,0.0315,0.0126,-0.39454487163741087,-0.19536630571802424,1.2854897178894857,0.6731272565150731,0.777913578732128,1.9097274778422195
E20,LAGO MAYOR,2015-07-16,2015,7,LS,-15.6856,-69.7837,8.5,0.02471,0.02002,0.01333,0.04447,0.03174,0.01275,-0.37912854118268663,-0.20059969413494172,1.2342656726141024,0.6658341325757177,0.8101982674950114,1.8537132892938268
E21,LAGO MAYOR,2015-07-16,2015,7,LS,-15.6466,-69.7621,9.0,0.02579,0.01954,0.01295,0.0439,0.0311,0.01222,-0.38398486153870026,-0.20283163426187642,1.3198566366501212,0.6627430571779398,0.7576579776014742,1.9915056377215725
E22,LAGO MAYOR,2015-07-16,2015,7,LS,-15.6181,-69.807,10.0,0.02666,0.02116,0.01398,0.04444,0.03166,0.01275,-0.3548780433707615,-0.20432554910855016,1.2599243260905326,0.6606804980774811,0.793698394835019,1.9070098778962892
E23,LAGO MAYOR,2015-07-17,2015,7,LS,-15.5598,-69.8466,8.0,0.027,0.02122,0.01406,0.04479,0.03181,0.01303,-0.35706710563449323,-0.20294784005249886,1.2723844829225033,0.6625824381440887,0.7859258968175594,1.9203412574437229
E24,LAGO MAYOR,2015-07-17,2015,7,LS,-15.516,-69.8312,12.0,0.02656,0.02132,0.01346,0.0438,0.03122,0.0123,-0.34520883990772666,-0.225991942898449,1.2457785531998804,0.6313320529393972,0.8027108131509483,1.973253939579945
E27,LAGO MAYOR,2015-07-17,2015,7,LS,-15.4508,-69.8379,9.0,0.02676,0.02103,0.01289,0.04366,0.03126,0.01224,-0.34982222368492466,-0.23997640801956344,1.2724678424884526,0.6129338748010521,0.7858744100943793,2.076027767569607
E28,LAGO MAYOR,2015-07-17,2015,7,LS,-15.3928,-69.7822,5.5,0.02774,0.02352,0.01338,0.0434,0.03081,0.01206,-0.297071125267915,-0.27479674052041353,1.179421718562002,0.5688775268334385,0.8478730768611002,2.073243492283745
E29,LAGO MAYOR,2015-07-17,2015,7,LS,-15.368,-69.8301,7.0,0.02897,0.02362,0.01337,0.04383,0.03156,0.01255,-0.2996293506355916,-0.2771019119464203,1.226502911663721,0.5660456999980652,0.8153261713729316,2.1667911617957247
E31,LAGO MAYOR,2015-07-18,2015,7,LS,-15.3399,-69.7389,8.0,0.03064,0.02825,0.01464,0.04365,0.03096,0.01216,-0.2141863669793273,-0.3173233780059833,1.0846017315185228,0.518230070151148,0.921997358942645,2.092896031906009
E32,LAGO MAYOR,2015-07-18,2015,7,LS,-15.3384,-69.7205,7.0,0.03016,0.02596,0.01391,0.04352,0.03106,0.0121,-0.25273459624734324,-0.302232247247749,1.1617873204242173,0.5358243245059968,0.8607426770310784,2.1682241431902125
E35,LAGO MAYOR,2015-07-19,2015,7,LS,-15.2409,-69.6964,8.0,0.02685,0.0237,0.01323,0.04399,0.03193,0.01281,-0.2997488506463459,-0.2835093343214369,1.1329113446028969,0.5582278245473492,0.8826815313712651,2.0294783046501657
E36,LAGO MAYOR,2015-07-19,2015,7,LS,-15.2971,-69.6814,10.0,0.02845,0.02425,0.01388,0.04367,0.03119,0.01248,-0.28592461298697563,-0.27196432541399623,1.1731958279094503,0.5723711104176862,0.8523725535194182,2.0497116678882086
E37,LAGO MAYOR,2015-07-19,2015,7,LS,-15.3413,-69.6373,10.0,0.02683,0.02279,0.01339,0.04396,0.0318,0.01284,-0.3171535533010703,-0.25981204367573124,1.1772706811201983,0.5875383682519365,0.8494222568236207,2.003733980303661
E38,LAGO MAYOR,2015-07-19,2015,7,LS,-15.3782,-69.6351,9.0,0.02568,0.02148,0.01299,0.04363,0.03145,0.01258,-0.3401935134358238,-0.2463011242732485,1.1955306705991309,0.6047485751979248,0.8364485655588564,1.976905159591597
E39,LAGO MAYOR,2015-07-19,2015,7,LS,-15.3748,-69.5276,6.0,0.03148,0.03281,0.01584,0.04415,0.03191,0.01299,-0.14734927043465088,-0.34881808121648344,0.9594635489343631,0.48277962563914584,1.0422490139056857,1.9873736119082317
E40,LAGO MAYOR,2015-07-20,2015,7,LS,-15.3951,-69.5361,10.0,0.02278,0.01803,0.01189,0.04356,0.03099,0.01205,-0.4145153366696649,-0.2052138968845623,1.2634497358042298,0.6594564248776248,0.7914837229375011,1.9158955495462113
E41,LAGO MAYOR,2015-07-20,2015,7,LS,-15.4392,-69.6009,11.0,0.02392,0.0184,0.01257,0.04378,0.03143,0.01276,-0.40816982296285265,-0.1882466842671397,1.29999992934783,0.6831521367852099,0.7692307370722936,1.9029433649209735
E42,LAGO MAYOR,2015-07-20,2015,7,LS,-15.4967,-69.6685,10.0,0.0236,0.01805,0.01219,0.04369,0.03105,0.01252,-0.415289918767575,-0.19378306237489876,1.3074791519402131,0.6753462229725085,0.7648304760665053,1.936012966692948
E43,LAGO MAYOR,2015-07-21,2015,7,LS,-15.5603,-69.7411,9.0,0.02453,0.01898,0.01269,0.04371,0.03115,0.01235,-0.394480772140999,-0.19861066628952742,1.2924129982922552,0.6685984895364336,0.7737464013963963,1.933017972181405
E44,LAGO MAYOR,2015-07-21,2015,7,LS,-15.4333,-69.4798,8.0,0.02221,0.01801,0.01232,0.0437,0.0316,0.01252,-0.4163020512671844,-0.18760302711496785,1.2332037072069013,0.6840643706793796,0.8108959562856392,1.8027595939318513
E45,LAGO MAYOR,2015-07-21,2015,7,LS,-15.4932,-69.4733,10.0,0.02239,0.01678,0.01155,0.043,0.03098,0.01196,-0.43860822284027723,-0.18460994759583665,1.3343264997421633,0.68831938687012,0.7494416815792013,1.9385279706902192
E46,LAGO MAYOR,2015-07-21,2015,7,LS,-15.5016,-69.4082,9.0,0.02253,0.01732,0.01168,0.04342,0.03109,0.01207,-0.4297003551251177,-0.19448275191438785,1.3008082389833582,0.6743648571382878,0.7687527399577123,1.928938191015566
E48,LAGO MAYOR,2015-07-22,2015,7,LS,-15.5358,-69.3597,10.0,0.0219,0.01705,0.01141,0.04338,0.03116,0.01219,-0.4357107324886525,-0.19817286724620983,1.2844574026711202,0.6692081718939489,0.7785387772356723,1.9193688063655736
E49,LAGO MAYOR,2015-07-22,2015,7,LS,-15.6067,-69.4456,9.0,0.02385,0.01833,0.01257,0.04392,0.03162,0.01261,-0.4110843307456333,-0.18640776095767764,1.3011455918633066,0.685761010051227,0.7685534268950345,1.8973745507259707
E50,LAGO MAYOR,2015-07-22,2015,7,LS,-15.6688,-69.5213,10.0,0.0241,0.01844,0.01261,0.04381,0.03125,0.01264,-0.4075501942562218,-0.18776166867112185,1.306941360794937,0.6838394423080563,0.7651451964670044,1.9111814503424704
E51,LAGO MAYOR,2015-07-23,2015,7,LS,-15.7371,-69.6038,10.0,0.0241,0.01811,0.01197,0.04327,0.03109,0.01223,-0.4099055000015396,-0.2041223336395501,1.3307564146462498,0.6609607586438012,0.7514522509770851,2.0133665820078046
E52,LAGO MAYOR,2015-07-23,2015,7,LS,-15.8028,-69.6843,9.0,0.02469,0.01883,0.01281,0.04395,0.03121,0.01243,-0.4001274227440679,-0.19026548071221613,1.3112054534675808,0.6802973616411385,0.7626569152427333,1.9274003179234724
E53,LAGO MAYOR,2015-07-23,2015,7,LS,-15.8686,-69.7634,8.0,0.02602,0.02126,0.0135,0.04411,0.03131,0.01241,-0.34954871730841797,-0.22324510289858743,1.2238945802495493,0.6349952664630636,0.8170637656777954,1.927407264636499
E54,LAGO MAYOR,2015-07-23,2015,7,LS,-15.8983,-69.7317,8.0,0.02521,0.02067,0.01337,0.04422,0.03135,0.01269,-0.3629218621833586,-0.2144535777187551,1.2196419342214835,0.6468311249718856,0.8199127005191313,1.8855645560535113
E55,LAGO MAYOR,2015-07-24,2015,7,LS,-15.8738,-69.6776,11.0,0.02436,0.01861,0.01237,0.04349,0.03108,0.01212,-0.4006441159316567,-0.20142026464105023,1.3089735997327459,0.6646963640679009,0.7639572756996194,1.969280358182671
E56,LAGO MAYOR,2015-07-25,2015,7,LS,-15.9247,-69.6805,9.0,0.02561,0.02095,0.01353,0.04447,0.03135,0.01272,-0.3595230761307998,-0.21519720953604382,1.2224343091916798,0.6458233581945891,0.8180397962499103,1.8928306065904947
E57,LAGO MAYOR,2015-07-24,2015,7,LS,-15.9121,-69.6099,8.0,0.02387,0.01834,0.01255,0.0435,0.0311,0.01211,-0.4068563970430725,-0.18743929467661713,1.3015266465906954,0.6842965820994231,0.7683284135597648,1.901991880319372
E58,LAGO MAYOR,2015-07-24,2015,7,LS,-15.9519,-69.5453,8.3,0.0247,0.01941,0.01282,0.04384,0.03114,0.01221,-0.38624505318189634,-0.20446788071772012,1.272539862311187,0.6604842524222435,0.7858299276991932,1.9266769167958724
E59,LAGO MAYOR,2015-07-24,2015,7,LS,-15.8876,-69.4615,8.0,0.02285,0.0171,0.01216,0.04344,0.03116,0.01235,-0.4350842346368643,-0.1688311630611359,1.3362572317978225,0.7111110695256685,0.7483588293934867,1.8791116875730518
E60,LAGO MAYOR,2015-07-27,2015,7,LS,-15.8271,-69.3776,11.0,0.02252,0.01776,0.01226,0.04376,0.03128,0.01239,-0.42262678116666474,-0.18321118643533693,1.268017946620611,0.6903152764462118,0.7886322918014081,1.8368677131429272
E61,LAGO MAYOR,2015-07-27,2015,7,LS,-15.7585,-69.3045,8.0,0.02327,0.0185,0.0128,0.04374,0.03119,0.0126,-0.40552698577238133,-0.18210862037991624,1.257837769846607,0.6918918544923323,0.7950150066602919,1.8179686079712025
E62,LAGO MAYOR,2015-07-25,2015,7,LS,-15.643,-69.2659,9.0,0.02264,0.01741,0.01211,0.04391,0.03186,0.01291,-0.43215915798827204,-0.17953928931099966,1.30040199308432,0.6955772144987241,0.7689928988960733,1.8695291602370638
E63,LAGO MAYOR,2015-07-25,2015,7,LS,-15.6259,-69.3171,10.0,0.02417,0.01923,0.01348,0.04429,0.03111,0.0121,-0.3945214043683658,-0.17578721565921077,1.2568902102501192,0.7009880030687466,0.7956143650966336,1.7930265732176134
E64,LAGO MAYOR,2015-07-23,2015,7,LS,-15.5625,-69.2915,9.0,0.02265,0.01798,0.01246,0.04385,0.03166,0.01255,-0.41840529810115973,-0.18134033569841204,1.2597329666444401,0.692992175028244,0.7938189495002671,1.8178168685540235
E66,LAGO MAYOR,2015-07-28,2015,7,LS,-15.951,-69.473,11.0,0.02431,0.01893,0.01311,0.04399,0.03116,0.01217,-0.3982835283171722,-0.18164793440549515,1.2842048978233018,0.6925514689618876,0.7786918643072043,1.8543095458192564
E67,LAGO MAYOR,2015-07-27,2015,7,LS,-15.9889,-69.4127,10.0,0.02324,0.01823,0.01214,0.04353,0.03113,0.01232,-0.4096502524344195,-0.20052682909032502,1.2748216525056693,0.66593523500081,0.7844233741642266,1.9143326264964888
E68,LAGO MAYOR,2015-07-28,2015,7,LS,-15.9935,-69.4278,7.0,0.02495,0.0197,0.0134,0.04421,0.03127,0.01235,-0.38350805220610157,-0.19033232053376672,1.266497397639726,0.6802030111572076,0.7895791266701753,1.8619401595567044
E72,LAGO MAYOR,2015-07-26,2015,7,LS,-15.6921,-69.1709,6.0,0.02893,0.03045,0.01465,0.04333,0.03196,0.01317,-0.17457305266233325,-0.3503325864671267,0.9500820706048582,0.4811165687646447,1.0525405788959359,1.9747438925089495
E73,LAGO MAYOR,2015-07-26,2015,7,LS,-15.7202,-69.1628,5.2,0.03127,0.03234,0.01557,0.04428,0.0321,0.0133,-0.1558339838706084,-0.3500313013978021,0.9669140084442174,0.4814471094172199,1.034218067341923,2.008349260863888
E74,LAGO MAYOR,2015-07-26,2015,7,LS,-15.7656,-69.1477,8.0,0.02631,0.02233,0.01313,0.04365,0.0313,0.01257,-0.3231282157755651,-0.25944725720678913,1.1782355047812134,0.5879981823556568,0.8487266876196622,2.0038079205020627
E75,LAGO MAYOR,2015-07-26,2015,7,LS,-15.7544,-69.087,5.0,0.02688,0.02329,0.01352,0.0436,0.03136,0.01248,-0.3036328254801491,-0.265416999037843,1.1541433596331747,0.5805066302916861,0.8664434201471942,1.988165533419709
E76,LAGO MAYOR,2015-07-26,2015,7,LS,-15.8125,-69.0449,8.0,0.02624,0.02224,0.0132,0.04407,0.03187,0.01292,-0.3292112753851414,-0.2550789995745203,1.1798560620568317,0.593525153168833,0.8475609433094152,1.9878786372819215
E77,LAGO MAYOR,2015-07-26,2015,7,LS,-15.8852,-69.0349,7.5,0.02404,0.01964,0.01267,0.04388,0.03175,0.01275,-0.3816120846723538,-0.21572267979812193,1.2240325242345964,0.6451119834464367,0.8169716798264693,1.8973952725023462
E78,LAGO MAYOR,2015-07-30,2015,7,LS,-15.8903,-69.1327,11.0,0.02608,0.02092,0.01352,0.04428,0.0315,0.01257,-0.3582822030938312,-0.21486642813976692,1.2466538601025878,0.6462714796237342,0.8021472085066256,1.92899394016317
E79,LAGO MAYOR,2015-07-29,2015,7,LS,-15.96,-69.2272,9.0,0.02438,0.01983,0.01244,0.04363,0.03167,0.01289,-0.37503938898456685,-0.22900526095428386,1.2294502657866735,0.6273322931249474,0.8133715827165061,1.959806916414235
E80,LAGO MAYOR,2015-07-29,2015,7,LS,-16.0316,-69.3198,10.0,0.02422,0.01865,0.01273,0.04395,0.03126,0.01235,-0.40415334817646414,-0.18865518837937578,1.298659447793059,0.6825736899424295,0.7700247411220174,1.9025921521922897
E81,LAGO MAYOR,2015-07-30,2015,7,LS,-16.0352,-69.3885,10.0,0.02412,0.01906,0.01313,0.04416,0.03115,0.01235,-0.3970262512333715,-0.18421869573722605,1.2654773732698126,0.6888771936580695,0.7902155559612125,1.8370143307681395
E82,LAGO MAYOR,2015-07-30,2015,7,LS,-16.1109,-69.4173,9.0,0.02425,0.01924,0.01292,0.04415,0.03129,0.01241,-0.39296418373617004,-0.19651740682470753,1.2603949448859177,0.6715176366155075,0.7934020291380607,1.8769348392465297
E83,LAGO MAYOR,2015-07-31,2015,7,LS,-16.1837,-69.5067,9.0,0.02409,0.01999,0.01264,0.04372,0.03144,0.01269,-0.37246899431064207,-0.22525282791134457,1.2051024909903707,0.6323161264474174,0.829804863852019,1.905854279600136
E85,LAGO MAYOR,2015-07-31,2015,7,LS,-16.1599,-69.4444,9.0,0.02418,0.01916,0.013,0.04413,0.03109,0.0123,-0.3945330953620937,-0.1915422826012972,1.2620041094987418,0.6784968330638396,0.7923903725231443,1.859999856923088
E86,LAGO MAYOR,2015-07-31,2015,7,LS,-16.1485,-69.3872,9.0,0.02396,0.01889,0.01306,0.04392,0.03112,0.01221,-0.3985034166772263,-0.18247260774733623,1.2683959095608306,0.6913710592180488,0.7883972959767407,1.8346093541646742
E88,LAGO MAYOR,2015-08-03,2015,8,LS,-16.2064,-69.3781,9.5,0.02632,0.021,0.01395,0.04469,0.03119,0.01195,-0.3606332720256771,-0.2017167324258446,1.2533332736507965,0.6642856826530628,0.7978723101112345,1.886738216004429
E90,LAGO MAYOR,2015-08-02,2015,8,LS,-16.2446,-69.3569,9.0,0.02425,0.0199,0.01237,0.04353,0.03118,0.01221,-0.37253664870665854,-0.2333436556137696,1.2185929035882963,0.6216080089644217,0.8206185228610918,1.9603878770907133
E91,LAGO MAYOR,2015-08-02,2015,8,LS,-16.232,-69.3428,10.0,0.02604,0.02034,0.01348,0.04437,0.03099,0.01202,-0.3713490902279541,-0.20283855106923265,1.280235925258804,0.6627334974073994,0.7811059607870214,1.931750598534822
E92,LAGO MAYOR,2015-08-02,2015,8,LS,-16.2428,-69.3065,9.0,0.02621,0.02052,0.01338,0.04447,0.03097,0.01213,-0.3685182279040125,-0.21061946281358518,1.2772903860969598,0.6520467518495735,0.7829072574243702,1.9588937250453122
E94,LAGO MAYOR,2015-08-02,2015,8,LS,-16.251,-69.2884,9.0,0.02602,0.02032,0.01362,0.0444,0.03115,0.01201,-0.3720642711362134,-0.19740718334097873,1.2805117480063117,0.6702755575651792,0.7809377101868674,1.910425704080345
E95,LAGO MAYOR,2015-08-03,2015,8,LS,-16.2657,-69.2815,9.0,0.02312,0.01889,0.01145,0.04328,0.03098,0.01224,-0.3923113979039505,-0.2452208225042577,1.2239279394426714,0.6061407831582434,0.8170414871521848,2.0192137974485767
E96,LAGO MAYOR,2015-08-03,2015,8,LS,-16.2501,-69.2737,7.5,0.02643,0.02027,0.01389,0.04447,0.03105,0.01205,-0.3738028981494764,-0.18676814441545248,1.3038973209720117,0.6852491028490822,0.766931488197825,1.9028076383867791
E97,LAGO MAYOR,2015-08-02,2015,8,LS,-16.1757,-69.1958,10.0,0.02358,0.01875,0.01258,0.04368,0.03073,0.01177,-0.39932724011969817,-0.1969358379528938,1.2575999329280036,0.6709332975502241,0.7951653606800101,1.8744036665815849
E98,LAGO MAYOR,2015-08-05,2015,8,LS,-16.1117,-69.1016,9.0,0.02519,0.01933,0.01246,0.04396,0.03105,0.01196,-0.3891609987492337,-0.2161056868164301,1.3031556490866194,0.6445938621524128,0.7673679727126649,2.021669179641318
E99,LAGO MAYOR,2015-08-05,2015,8,LS,-16.0745,-69.0742,9.5,0.02466,0.02005,0.01322,0.04435,0.0311,0.01207,-0.37732918668743504,-0.20529004492665923,1.22992512568952,0.659351588062265,0.8130575501598721,1.8653553808354477
E100,LAGO MAYOR,2015-08-01,2015,8,LS,-16.0055,-68.9959,10.0,0.0246,0.01914,0.01296,0.04447,0.03085,0.01183,-0.3982078226975661,-0.19252335848836893,1.2852663905294466,0.677115952083806,0.778048748859807,1.8981480016861112
E101,LAGO MAYOR,2015-08-01,2015,8,LS,-15.8962,-68.9707,10.5,0.0236,0.01934,0.0128,0.04459,0.03195,0.01302,-0.39496323486683504,-0.20348474786917395,1.2202688097068868,0.661840710349498,0.8194914906995131,1.8437498559570424
E102,LAGO MAYOR,2015-08-01,2015,8,LS,-15.9356,-68.9684,9.0,0.02312,0.01832,0.0125,0.0442,0.03128,0.01237,-0.41394753016718605,-0.18883841048545064,1.2620086647375184,0.6823143732361151,0.7923875089797789,1.849599852032012
E104,LAGO MAYOR,2015-08-01,2015,8,LS,-15.994,-68.8804,11.0,0.02397,0.01956,0.01342,0.04469,0.03128,0.01219,-0.39112839858165915,-0.1861734328025036,1.2254600600480543,0.6860940344532702,0.8160199909879019,1.7861399563234015
E105,LAGO MAYOR,2015-08-01,2015,8,LS,-15.9864,-68.8016,2.2,0.02417,0.02593,0.01518,0.04468,0.03174,0.01239,-0.2655431204426692,-0.26149354751900883,0.9321249158455489,0.5854222682058516,1.0728174980216179,1.5922265090759875
E107,LAGO MAYOR,2015-08-01,2015,8,LS,-16.0696,-68.9361,10.5,0.02381,0.01991,0.01366,0.04454,0.03127,0.01204,-0.38215670469888746,-0.1861781296938299,1.1958814065353387,0.6860873588102783,0.8362032408146476,1.7430452603920015
E109,LAGO MAYOR,2015-08-04,2015,8,LS,-16.2611,-69.2611,10.0,0.02596,0.01983,0.01378,0.04476,0.03118,0.012,-0.38597305486959194,-0.18000594525421168,1.309127518450453,0.6949066719663807,0.7638674590189731,1.8838895584985806
E110,LAGO MAYOR,2015-08-04,2015,8,LS,-16.2345,-69.2054,9.0,0.02537,0.01961,0.0135,0.04395,0.0309,0.012,-0.38294524255907425,-0.18453638826528573,1.2937276239812534,0.6884242382241592,0.7729601587323548,1.87925912005488
E111,LAGO MAYOR,2015-08-04,2015,8,LS,-16.2565,-69.1846,8.0,0.02569,0.02018,0.01335,0.0444,0.03147,0.01244,-0.3750387058680907,-0.20369817465856915,1.2730425533675644,0.6615460524506417,0.7855196268773987,1.9243444251427397
E112,LAGO MAYOR,2015-08-04,2015,8,LS,-16.2462,-69.1419,9.5,0.02616,0.02046,0.01368,0.04465,0.03128,0.01233,-0.3715251056439087,-0.19859401878752142,1.278592312874276,0.6686216682003095,0.7821100618459457,1.9122805619677952
E113,LAGO MAYOR,2015-08-04,2015,8,LS,-16.2174,-69.1367,9.5,0.02543,0.01981,0.0127,0.04397,0.031,0.01192,-0.3788021263906848,-0.21870193113805203,1.2836950386827342,0.6410903260428911,0.7790011490758495,2.002362047058107
E115,LAGO MAYOR,2015-08-04,2015,8,LS,-16.1709,-69.1375,10.0,0.02399,0.01926,0.01251,0.04413,0.03083,0.01169,-0.3923331693905479,-0.21246458254754222,1.245586643531327,0.6495326765559358,0.8028344809156114,1.9176657140155307
E116,LAGO MAYOR,2015-08-05,2015,8,LS,-16.1501,-69.1207,9.0,0.02417,0.0199,0.01288,0.04415,0.03074,0.01184,-0.3786104546665035,-0.21415496601113587,1.214572803287799,0.647236148380093,0.8233346783891321,1.8765526493359743
E117,LAGO MAYOR,2015-08-04,2015,8,LS,-16.1653,-69.1027,9.0,0.02565,0.02066,0.01321,0.04429,0.03128,0.0122,-0.36381831618447547,-0.2199586589914775,1.241529465560045,0.6393997754404754,0.8054580582667424,1.9417106781445361
E118,LAGO MAYOR,2015-08-05,2015,8,LS,-16.0851,-69.1499,9.0,0.02664,0.02091,0.01396,0.04473,0.03099,0.01179,-0.36288847710407557,-0.1993117235643326,1.2740315029157578,0.6676231148912906,0.7849098804463258,1.9083093188890174
E119,LAGO MAYOR,2015-08-05,2015,8,LS,-16.0439,-69.1309,9.0,0.0243,0.01983,0.01289,0.04416,0.03099,0.01206,-0.3802156527548734,-0.21210268300419674,1.225415974512558,0.6500251815418466,0.8160493491337717,1.8851821656181407
E120,LAGO MAYOR,2015-08-05,2015,8,LS,-16.1421,-68.9605,10.0,0.02448,0.02109,0.01435,0.04511,0.03146,0.01242,-0.36283987367311366,-0.19018058154118003,1.1607396320180354,0.6804172271020755,0.8615195726503444,1.705923226068068
E121,LAGO MAYOR,2015-08-05,2015,8,LS,-16.2068,-68.8643,9.0,0.0237,0.02094,0.01388,0.04526,0.03195,0.01264,-0.3673715956590393,-0.20275703036309503,1.1318051035432137,0.6628461956615952,0.8835442665171196,1.707492672370845
E125,LAGO MENOR,2015-08-06,2015,8,LS,-16.2135,-68.733,8.0,0.02352,0.02314,0.01443,0.04566,0.03172,0.01252,-0.3273255766377096,-0.23183390386388333,1.0164217365418438,0.6235954786691669,0.9838434955848855,1.629937516982847
E130,LAGO MENOR,2015-08-07,2015,8,LS,-16.217,-68.9353,4.5,0.0233,0.02191,0.01447,0.04488,0.03121,0.01208,-0.34391375439566174,-0.2045079657914248,1.0634413024444866,0.6604289976983571,0.940343307281403,1.6102279467707017
E131,LAGO MENOR,2015-08-07,2015,8,LS,-16.2875,-68.9046,5.0,0.02301,0.02221,0.0146,0.04476,0.03141,0.01199,-0.33671792837512426,-0.20673729403050004,1.0360197642494477,0.6573615192543215,0.9652324656569985,1.5760272893131992
E132,LAGO MENOR,2015-08-07,2015,8,LS,-16.3144,-68.8451,5.0,0.02597,0.02895,0.01518,0.04454,0.03136,0.01239,-0.21213770292369438,-0.31203262379259855,0.8970638722948576,0.5243523134938752,1.1147477429823742,1.7108035763634006
E135,LAGO MENOR,2015-08-07,2015,8,LS,-16.2659,-69.0601,8.0,0.02182,0.02031,0.01275,0.04365,0.03142,0.01268,-0.3649155665272738,-0.22867512919917948,1.074347559116319,0.6277695407302047,0.9307973908892123,1.7113724147943206
E136,LAGO MENOR,2015-08-07,2015,8,LS,-16.3028,-68.9852,5.0,0.02447,0.02299,0.01442,0.0446,0.03101,0.01182,-0.3197218476147086,-0.2290831267285986,1.0643757692746512,0.6272292028173466,0.9395177384749597,1.69694856470537
E137,LAGO MENOR,2015-08-08,2015,8,LS,-16.3653,-68.9031,6.0,0.02414,0.02385,0.01452,0.04443,0.03113,0.01197,-0.3014059709811662,-0.24315871141103174,1.012159286701917,0.6088050059201255,0.9879867030660023,1.6625343207620993
E139,LAGO MENOR,2015-08-08,2015,8,LS,-16.4224,-68.903,4.0,0.02654,0.0288,0.01524,0.04405,0.0312,0.01228,-0.2093342455822341,-0.3079019003655336,0.9215277457802867,0.5291666482928248,1.0851544429105333,1.7414697020033005
E141,LAGO MENOR,2015-08-08,2015,8,LS,-16.4109,-69.0216,4.0,0.02939,0.02985,0.01629,0.04479,0.03134,0.01205,-0.20016076902249774,-0.2938881600804474,0.9845895817557928,0.5457286249337143,1.0156515476130812,1.80417422933246
E142,LAGO MENOR,2015-08-08,2015,8,LS,-16.4626,-69.0104,5.0,0.02584,0.02478,0.01516,0.04481,0.03119,0.01208,-0.2878287068856344,-0.24086128590732883,1.0427763905255694,0.6117836718408526,0.9589782910612117,1.7044853756935767
E143,LAGO MENOR,2015-08-09,2015,8,LS,-16.4818,-68.9406,6.0,0.0264,0.02734,0.01467,0.04463,0.03141,0.01211,-0.24023898512937358,-0.301594851187935,0.9656181065977284,0.5365764251435104,1.0356060213785598,1.7995908793734914
E145,LAGO MENOR,2015-08-09,2015,8,LS,-16.5139,-68.977,6.0,0.0246,0.02481,0.015,0.04452,0.03114,0.01209,-0.2842925099626062,-0.24642049117255738,0.9915356311352024,0.60459489703366,1.008536544368433,1.6399998906666742
E147,LAGO MENOR,2015-08-09,2015,8,LS,-16.56,-68.9168,6.0,0.02507,0.02505,0.01443,0.04449,0.03141,0.01255,-0.27955133333978527,-0.26899695367282284,1.0007983632415822,0.5760478811956934,0.999202193889023,1.7373526169540805
E01,BAHIA PUNO,2016-08-03,2016,8,LS,-15.853,-69.9605,8.5,0.02408,0.02223,0.01376,0.04458,0.03301,0.01421,-0.33453075386123704,-0.23534314433611714,1.0832208239666747,0.6189833279809569,0.9231727191373456,1.7499998728197768
E02,BAHIA PUNO,2016-08-03,2016,8,LS,-15.8482,-69.9182,9.5,0.02667,0.02226,0.01351,0.04391,0.03127,0.01227,-0.3271875422821892,-0.24461838846468023,1.198113153723578,0.6069182117287416,0.8346456379960391,1.9740931181278225
E04,BAHIA PUNO,2016-08-03,2016,8,LS,-15.8789,-69.8907,7.0,0.02789,0.02336,0.01392,0.04435,0.0314,0.01261,-0.3099985185349503,-0.2532188773278198,1.193921181767073,0.5958903854498979,0.8375761621521634,2.0035918100867955
E05,BAHIA PUNO,2016-08-03,2016,8,LS,-15.8398,-69.8918,7.0,0.02671,0.02081,0.01264,0.0437,0.03109,0.0121,-0.35482870322696175,-0.24424513470119175,1.2835174779664837,0.6074002591350188,0.7791089187903811,2.1131327442141816
E07,BAHIA PUNO,2016-08-03,2016,8,LS,-15.7748,-69.8851,5.0,0.0279,0.02453,0.01345,0.04363,0.03107,0.01204,-0.2802230005835828,-0.2917324831034101,1.137382750208612,0.5483081716955495,0.8792114380210954,2.074349288152469
E08,BAHIA PUNO,2016-08-03,2016,8,LS,-15.801,-69.8724,8.5,0.02811,0.0215,0.01374,0.04405,0.03104,0.01216,-0.3440121991760153,-0.22020430703165977,1.3074417996538699,0.6390697377176867,0.7648523384968929,2.045851379486799
E09,BAHIA PUNO,2016-08-03,2016,8,LS,-15.8342,-69.8592,6.0,0.02994,0.02925,0.01371,0.04353,0.03105,0.01221,-0.19620774668579624,-0.36173183515521806,1.0235897085952237,0.468717932693404,0.9769538751852413,2.183807280539221
E13,BAHIA PUNO,2016-08-04,2016,8,LS,-15.7895,-69.7698,9.0,0.02563,0.01926,0.01309,0.04397,0.03093,0.012,-0.39079550228063414,-0.19072642377970872,1.3307372102420971,0.6796469013682813,0.7514630998258642,1.9579830436987746
E14,BAHIA PUNO,2016-08-04,2016,8,LS,-15.7489,-69.783,9.5,0.02668,0.02086,0.01387,0.04432,0.03114,0.01209,-0.3599263522564229,-0.2012669104155799,1.2790028150046588,0.6649088847119423,0.7818590411597062,1.9235759247602073
E15,BAHIA PUNO,2016-08-04,2016,8,LS,-15.715,-69.8226,8.5,0.02576,0.02258,0.01396,0.04405,0.03106,0.0124,-0.3222272201376674,-0.23590585013941293,1.1408325446929786,0.6182462082264745,0.8765527610033865,1.8452720741209117
E16,BAHIA PUNO,2016-08-04,2016,8,LS,-15.6737,-69.8541,6.5,0.02512,0.02534,0.01595,0.04406,0.03147,0.01264,-0.2697406301190111,-0.22741583367847346,0.9913180350703222,0.6294395963125652,1.008757921625879,1.5749215313528822
E17,BAHIA PUNO,2016-08-04,2016,8,LS,-15.6048,-69.9059,3.5,0.02594,0.02709,0.01739,0.04422,0.03214,0.01316,-0.24021875977816917,-0.21807553466556803,0.9575488756903332,0.6419342694007283,1.0443330360704304,1.4916617888636121
E27,LAGO MAYOR,2016-08-05,2016,8,LS,-15.4508,-69.8379,9.8,0.02828,0.02217,0.01388,0.04405,0.03094,0.01209,-0.3304137672846003,-0.22995838474456629,1.275597596950943,0.626071239239006,0.7839462240471632,2.0374638301539028
E28,LAGO MAYOR,2016-08-05,2016,8,LS,-15.3928,-69.7822,8.8,0.02791,0.02259,0.0135,0.04351,0.03116,0.0122,-0.31649016162647264,-0.25187031721057584,1.235502380013175,0.5976095352983827,0.8093872873741567,2.0674072542661293
E32,LAGO MAYOR,2016-08-05,2016,8,LS,-15.3384,-69.7205,9.8,0.03142,0.02629,0.0142,0.04369,0.03102,0.01212,-0.24864246572388587,-0.29859223762429643,1.1951311831444964,0.5401293061951576,0.8367281719691863,2.2126759005157814
E33,LAGO MAYOR,2016-08-05,2016,8,LS,-15.333,-69.756,4.6,0.04736,0.06118,0.04693,0.04432,0.03088,0.01231,0.1598104250254936,-0.13181019210239392,0.7741091733555219,0.7670807328035186,1.2918074051560937,1.0091625610662143
E36,LAGO MAYOR,2016-08-05,2016,8,LS,-15.2971,-69.6814,9.0,0.02891,0.02352,0.01388,0.04401,0.03134,0.01233,-0.3034206974171376,-0.2577540038033688,1.2291666144061815,0.5901360293309512,0.813559293892795,2.082852875875153
E39,LAGO MAYOR,2016-08-06,2016,8,LS,-15.3748,-69.5276,5.0,0.02963,0.02906,0.01459,0.04378,0.03222,0.0134,-0.20208676273906148,-0.33150056514317144,1.019614555415879,0.5020646764602659,0.9807627073654165,2.030842903986093
E41,LAGO MAYOR,2016-08-06,2016,8,LS,-15.4392,-69.6009,11.0,0.02537,0.01864,0.01223,0.04341,0.03098,0.01199,-0.39919419179380833,-0.20764495602057156,1.3610514291281421,0.6561158446289783,0.734726025434528,2.074407025804822
E42,LAGO MAYOR,2016-08-06,2016,8,LS,-15.4967,-69.6685,11.0,0.02579,0.01947,0.01282,0.04378,0.03117,0.01205,-0.3843478200103111,-0.20594610696977067,1.3246018836876279,0.6584488619183944,0.7549437473848877,2.01170031109982
E43,LAGO MAYOR,2016-08-04,2016,8,LS,-15.5603,-69.7411,11.0,0.02523,0.01921,0.0125,0.04352,0.0309,0.01201,-0.3875338691609458,-0.21160516519693584,1.3133783803551076,0.6507027251065735,0.761395134308556,2.018399838528013
E22,LAGO MAYOR,2016-08-05,2016,8,LS,-15.6181,-69.807,10.2,0.02678,0.02048,0.01389,0.04468,0.03151,0.01253,-0.37139348724073834,-0.1917369743457384,1.3076171236515077,0.6782226231336609,0.7647497847367519,1.9280056207339369
E48,LAGO MAYOR,2016-08-08,2016,8,LS,-15.5361,-69.3597,14.5,0.02255,0.01686,0.01197,0.04366,0.03136,0.01244,-0.44282880960296084,-0.16961497850797855,1.3374850926758546,0.7099643707019946,0.7476718071985895,1.883876200177427
E49,LAGO MAYOR,2016-08-08,2016,8,LS,-15.6063,-69.4449,12.8,0.02661,0.01986,0.01346,0.04454,0.03123,0.01203,-0.3832298077138229,-0.1920768249676823,1.3398790866123322,0.6777441753401725,0.7463359358761391,1.9769686495565642
E50,LAGO MAYOR,2016-08-08,2016,8,LS,-15.6687,-69.5211,11.9,0.02541,0.0197,0.01291,0.04391,0.03098,0.01218,-0.3806005285238087,-0.20821833154804256,1.2898476502615406,0.6553299159731008,0.7752852902288355,1.9682415206629342
E51,LAGO MAYOR,2016-08-06,2016,8,LS,-15.7371,-69.6038,9.4,0.02618,0.0196,0.01315,0.04403,0.03099,0.01211,-0.3839383878054631,-0.19694655887186077,1.3357142175656012,0.6709183331164116,0.7486630730075221,1.990874373317538
E52,LAGO MAYOR,2016-08-06,2016,8,LS,-15.8028,-69.6843,10.3,0.02464,0.01945,0.01295,0.04388,0.03117,0.01232,-0.38575713902167796,-0.20061727775872598,1.2668379811394355,0.6658097344056693,0.7893668510808908,1.9027025557758643
E58,LAGO MAYOR,2016-08-09,2016,8,LS,-15.9519,-69.5453,5.0,0.02846,0.02524,0.01429,0.04353,0.03098,0.0121,-0.2659589898799042,-0.2770047994686365,1.1275752326634219,0.5661647953183521,0.8868587179599888,1.9916023798738711
E59,LAGO MAYOR,2016-08-09,2016,8,LS,-15.8876,-69.4615,13.0,0.02506,0.01859,0.01294,0.044,0.03125,0.01221,-0.405975388944314,-0.17919441233129038,1.3480365062917425,0.6960731201682023,0.7418196032793455,1.9366304531197487
E60,LAGO MAYOR,2016-08-09,2016,8,LS,-15.8271,-69.3776,12.0,0.02558,0.01935,0.0131,0.04425,0.031,0.01205,-0.3915094278064556,-0.19260400022791982,1.3219637559708652,0.6770025489921164,0.7564503222654292,1.9526716066662895
E61,LAGO MAYOR,2016-08-08,2016,8,LS,-15.7585,-69.3045,10.2,0.02338,0.01754,0.01224,0.04362,0.03152,0.01268,-0.4264224913926996,-0.17797178717354648,1.3329531737198876,0.6978334835898812,0.7502138259104437,1.9101305628978302
E68,LAGO MAYOR,2016-08-08,2016,8,LS,-15.9935,-69.4278,5.5,0.02346,0.01813,0.01228,0.04357,0.03084,0.01214,-0.41231765944379806,-0.1923709242890193,1.293987794043696,0.6773303542564614,0.7728047411421679,1.9104232971968003
E72,LAGO MAYOR,2016-08-09,2016,8,LS,-15.6921,-69.1709,5.8,0.02764,0.03056,0.0154,0.04362,0.03226,0.01345,-0.17605823434809606,-0.3298520380798077,0.9044502321842202,0.5039266850809331,1.1056439542096976,1.7948050782594105
E76,LAGO MAYOR,2016-08-11,2016,8,LS,-15.8125,-69.0449,12.5,0.02161,0.01765,0.01181,0.04357,0.03139,0.01246,-0.4233910417610088,-0.19823488804362227,1.2243625368633124,0.6691217751205794,0.816751466138294,1.8298050948513893
E78,LAGO MAYOR,2016-08-11,2016,8,LS,-15.8903,-69.1327,13.5,0.0235,0.01825,0.01256,0.04406,0.03179,0.01304,-0.4142192198006866,-0.18468029261018198,1.2876711623193884,0.688219140371554,0.776595711634225,1.8710189593137772
E79,LAGO MAYOR,2016-08-11,2016,8,LS,-15.96,-69.2272,11.5,0.02322,0.01832,0.0129,0.04437,0.03193,0.01312,-0.41553676159615954,-0.17360665683514873,1.2674671797234074,0.7041484331796707,0.78897498755491,1.7999998604651273
E80,LAGO MAYOR,2016-08-11,2016,8,LS,-16.0316,-69.3198,10.5,0.02612,0.01977,0.01372,0.04448,0.03115,0.0119,-0.38459143370285703,-0.18065093518510197,1.3211936610423036,0.6939807438552987,0.756891242079202,1.9037899487033567
E82,LAGO MAYOR,2016-08-10,2016,8,LS,-16.1109,-69.4173,8.2,0.02314,0.01793,0.01204,0.04354,0.03095,0.01234,-0.4166259896433058,-0.1965298566389771,1.2905743842401347,0.6715002414110295,0.7748487132736079,1.9219267506705358
E83,LAGO MAYOR,2016-08-10,2016,8,LS,-16.1837,-69.5067,5.5,0.02678,0.02295,0.01408,0.04419,0.03162,0.01267,-0.31635388268760967,-0.2395355052785443,1.1668844807457743,0.6135075985399739,0.8569827910013894,1.901988501279226
E84,LAGO MAYOR,2016-08-10,2016,8,LS,-16.2007,-69.4624,4.7,0.02813,0.02735,0.01537,0.04426,0.03228,0.0138,-0.23614020058455243,-0.2804307050460977,1.0285191580066122,0.5619743853025819,0.9722715615971717,1.830188560169905
E85,LAGO MAYOR,2016-08-10,2016,8,LS,-16.1599,-69.4444,9.8,0.0247,0.01942,0.01317,0.04402,0.03122,0.0122,-0.3877679636228253,-0.19177661271013768,1.2718845895013084,0.6781668033899689,0.7862347859823974,1.8754744209966272
E88,LAGO MAYOR,2016-08-10,2016,8,LS,-16.2064,-69.3781,6.5,0.02389,0.01893,0.01277,0.04388,0.03145,0.01276,-0.39722973416287644,-0.1943217604314902,1.262017894240999,0.6745905613000233,0.7923817165181365,1.8707907697109813
E94,LAGO MAYOR,2016-08-10,2016,8,LS,-16.251,-69.2884,7.4,0.02376,0.0209,0.01239,0.04363,0.03216,0.01328,-0.3522392630987252,-0.2556323143396721,1.1368420508688015,0.5928229381424432,0.8796295926081821,1.9176753900181285
E97,LAGO MAYOR,2016-08-10,2016,8,LS,-16.1757,-69.1958,9.5,0.02509,0.01898,0.01359,0.04455,0.03121,0.01193,-0.4024870076737445,-0.16548970938011334,1.3219177385712468,0.71601682212767,0.7564766537872996,1.8462103130088072
E98,LAGO MAYOR,2016-08-10,2016,8,LS,-16.1117,-69.1016,9.0,0.02277,0.01773,0.012,0.04351,0.03101,0.01205,-0.4209666815648811,-0.19273460502069945,1.2842638869563516,0.6768189127569706,0.7786560922856349,1.897499841875013
E99,LAGO MAYOR,2016-08-12,2016,8,LS,-16.0745,-69.0742,9.2,0.0235,0.01799,0.01197,0.04379,0.03111,0.01226,-0.4176108705469267,-0.20093457273249088,1.3062811947592445,0.6653696128199215,0.7655318823177922,1.9632412729121744
E100,LAGO MAYOR,2016-08-12,2016,8,LS,-16.0055,-68.9959,10.2,0.02233,0.01801,0.01212,0.04381,0.03193,0.01303,-0.4173406597000864,-0.19548621986438036,1.2398666718563758,0.6729594295969222,0.8065382531778661,1.8424090889101412
E104,LAGO MAYOR,2016-08-11,2016,8,LS,-15.994,-68.8804,11.5,0.02199,0.01851,0.01354,0.0451,0.03142,0.0123,-0.41801602864304316,-0.1550701979697286,1.1880064188003017,0.73149644886567,0.8417462100160886,1.6240766895068914
E113,LAGO MAYOR,2016-08-10,2016,8,LS,-16.2174,-69.1367,9.3,0.02307,0.01802,0.01222,0.04372,0.03091,0.01201,-0.4162617360501824,-0.19179893545638443,1.2802441020952218,0.678135367473065,0.7811009631078907,1.887888552545945
E117,LAGO MAYOR,2016-08-10,2016,8,LS,-16.1653,-69.1027,10.0,0.02362,0.01895,0.01254,0.044,0.03098,0.01199,-0.39793486262216254,-0.20355667819762852,1.2464379289478664,0.6617413898817208,0.8022861641707807,1.883572417577957
E119,LAGO MAYOR,2016-08-10,2016,8,LS,-16.0439,-69.1309,10.5,0.02132,0.01704,0.01138,0.04357,0.03236,0.01365,-0.4377165412024989,-0.1991555172710937,1.2511736354945049,0.6678403363943465,0.799249493468598,1.8734620497836512
E120,LAGO MAYOR,2016-08-12,2016,8,LS,-16.1264,-68.9337,14.2,0.02169,0.01827,0.01272,0.0444,0.03135,0.01239,-0.41694590047956115,-0.17909002326266465,1.187192053246193,0.6962232788055129,0.8423236126176297,1.7051885451895799
E121,LAGO MAYOR,2016-08-12,2016,8,LS,-16.2068,-68.8643,10.5,0.02347,0.01967,0.0142,0.04549,0.03192,0.01263,-0.3962553653122259,-0.16149984760850758,1.1931875346625556,0.7219115037157345,0.8380911445210419,1.6528167850129025
E01,BAHIA PUNO,2017-07-10,2017,7,LS,-15.853,-69.9605,5.3,0.0283,0.02632,0.01782,0.04716,0.0335,0.01425,-0.28361458514405846,-0.19256909396082708,1.0752279226737111,0.6770516460086761,0.9300353028256078,1.5881031656507765
E02,BAHIA PUNO,2017-07-11,2017,7,LS,-15.8461,-69.9271,6.0,0.0234,0.02137,0.01291,0.0434,0.03095,0.01229,-0.34012659657053274,-0.2467911246560349,1.0949929295745002,0.6041178940515726,0.9132478242201785,1.8125482716848746
E05,BAHIA PUNO,2017-07-11,2017,7,LS,-15.84,-69.8923,6.6,0.02416,0.02091,0.01284,0.0435,0.0309,0.01216,-0.3507219321421839,-0.23911110402633767,1.155427969611288,0.6140602288828202,0.8654800966274795,1.8816197911511066
E14,BAHIA PUNO,2017-07-12,2017,7,LS,-15.7489,-69.783,10.6,0.02188,0.01779,0.01178,0.04342,0.03095,0.01227,-0.41872242413457894,-0.20324652677556554,1.22990437156243,0.6621697210697178,0.813071260828553,1.8573852413085534
E15,BAHIA PUNO,2017-07-12,2017,7,LS,-15.715,-69.8226,6.6,0.02365,0.02129,0.01312,0.04367,0.03094,0.0125,-0.34451969912993075,-0.23743097246640596,1.1108501122193466,0.6162517324447284,0.9002113784265802,1.8025913260220028
E16,BAHIA PUNO,2017-07-12,2017,7,LS,-15.6737,-69.8541,6.0,0.02389,0.02416,0.01481,0.04414,0.03167,0.01276,-0.29253293861591595,-0.23992814370212615,0.9888244623830935,0.6129966633693434,1.0113017575846899,1.6130991483390178
E17,BAHIA PUNO,2017-07-11,2017,7,LS,-15.6048,-69.9059,4.2,0.02676,0.03138,0.0185,0.04331,0.03186,0.01316,-0.15972686892854643,-0.25821972216881073,0.8527724393635296,0.5895474636855493,1.1726456960894733,1.446486408298032
E28,LAGO MAYOR,2017-07-12,2017,7,LS,-15.3928,-69.7822,10.3,0.02916,0.02476,0.0145,0.04452,0.03122,0.01222,-0.28521939542119806,-0.26133468514175534,1.1777059298180157,0.5856219472689036,0.8491083385079445,2.011034344066597
E32,LAGO MAYOR,2017-07-12,2017,7,LS,-15.3384,-69.7205,7.0,0.02862,0.02257,0.01424,0.04464,0.03109,0.01201,-0.32837374901988176,-0.2262971956996144,1.2680548840028851,0.6309259800210022,0.788609336526578,2.009831319534318
E36,LAGO MAYOR,2017-07-13,2017,7,LS,-15.2971,-69.6814,10.8,0.02757,0.02245,0.01389,0.04428,0.03137,0.01223,-0.3271392128407131,-0.23555310303926524,1.2280623060996745,0.6187082129751352,0.8142908663659462,1.984881066603235
E39,LAGO MAYOR,2017-07-13,2017,7,LS,-15.3748,-69.5276,8.4,0.03027,0.03056,0.01492,0.04407,0.03201,0.01314,-0.18102639446567872,-0.34388741548180707,0.9905104387921976,0.4882198793121767,1.0095804093300162,2.0288202393552117
E41,LAGO MAYOR,2017-07-13,2017,7,LS,-15.4392,-69.6009,13.0,0.02307,0.0179,0.01235,0.04395,0.03139,0.01251,-0.4211802680488235,-0.18347106831500598,1.2888267436409642,0.6899440955338495,0.7758994028652187,1.868016043075624
E42,LAGO MAYOR,2017-07-13,2017,7,LS,-15.4967,-69.6685,14.0,0.0231,0.01889,0.01178,0.04299,0.03142,0.01258,-0.38946347140492127,-0.2318226204166084,1.2228691782493817,0.6236103428475203,0.8177488823485333,1.960950597542394
E43,LAGO MAYOR,2017-07-13,2017,7,LS,-15.5603,-69.7411,12.0,0.02269,0.01777,0.01148,0.04333,0.03101,0.01248,-0.41833059871799344,-0.21504272769084692,1.276871059264431,0.6460326029244455,0.7831643550831048,1.9764806640696284
E22,LAGO MAYOR,2017-07-13,2017,7,LS,-15.6181,-69.807,9.0,0.02403,0.01918,0.01253,0.0439,0.03149,0.01262,-0.391883316552262,-0.20971301766909434,1.2528675050642595,0.6532846374721253,0.7981689222568072,1.9177971334559352
E48,LAGO MAYOR,2017-07-15,2017,7,LS,-15.5361,-69.3597,12.0,0.02415,0.01881,0.0137,0.04545,0.03221,0.01305,-0.41456581987915,-0.15718240057882496,1.2838914787936482,0.7283359527732083,0.778881955325799,1.762773593958132
E49,LAGO MAYOR,2017-07-15,2017,7,LS,-15.6063,-69.4449,9.0,0.02185,0.01758,0.01274,0.04397,0.03203,0.01298,-0.4287571010762454,-0.15963060159529674,1.242889576627442,0.7246871032601193,0.8045766222161728,1.7150705090211533
E50,LAGO MAYOR,2017-07-15,2017,7,LS,-15.6687,-69.5211,12.0,0.02496,0.02217,0.01606,0.04825,0.0364,0.017,-0.370349327316823,-0.15982212503734952,1.1258456867006907,0.7244023128370631,0.8882211182603719,1.5541717587688817
E51,LAGO MAYOR,2017-07-15,2017,7,LS,-15.7371,-69.6038,9.8,0.02264,0.01721,0.01161,0.04349,0.0313,0.01266,-0.43294892202720064,-0.1943095005444309,1.315514159470415,0.6746077469722402,0.7601589770247802,1.9500428983597848
E52,LAGO MAYOR,2017-07-15,2017,7,LS,-15.8028,-69.6843,9.0,0.02339,0.01869,0.01309,0.04392,0.03132,0.01231,-0.40297076500605716,-0.17621144819976564,1.2514713081074744,0.7003744943619854,0.799059392943164,1.7868600621191704
E59,LAGO MAYOR,2017-07-16,2017,7,LS,-15.8876,-69.4615,10.0,0.02286,0.01782,0.01216,0.04359,0.0313,0.01254,-0.4196384885256719,-0.1887925220549525,1.2828282108401678,0.6823793107531252,0.7795275249550514,1.8799340559264754
E60,LAGO MAYOR,2017-07-16,2017,7,LS,-15.8271,-69.3776,10.0,0.02167,0.01684,0.01138,0.04336,0.03121,0.01259,-0.44053155414399414,-0.1934797947030548,1.2868170257234544,0.6757719313674625,0.7771111777982845,1.9042177588560845
E61,LAGO MAYOR,2017-07-16,2017,7,LS,-15.7585,-69.3045,12.8,0.0215,0.01691,0.0116,0.04346,0.03164,0.01299,-0.4397879668744746,-0.1862504319098411,1.2714369443266147,0.6859845839157549,0.7865115913250424,1.853448116082059
E72,LAGO MAYOR,2017-07-16,2017,7,LS,-15.6921,-69.1709,5.8,0.02664,0.03033,0.01525,0.04377,0.03204,0.01322,-0.18137651577089728,-0.33084685540046394,0.8783382499723624,0.5028024891921369,1.1385134707765214,1.7468851313517948
E76,LAGO MAYOR,2017-07-19,2017,7,LS,-15.8125,-69.0449,9.0,0.02181,0.01844,0.01246,0.04436,0.03188,0.01292,-0.41273884693091006,-0.19352750182758896,1.1827548165534263,0.6757049525105774,0.8454836842969427,1.7504011436275164
E78,LAGO MAYOR,2017-07-19,2017,7,LS,-15.8903,-69.1327,10.3,0.02159,0.017,0.01177,0.04354,0.03111,0.01224,-0.43838783550730365,-0.18178657692782152,1.269999925294122,0.6923529004498293,0.7874015383324902,1.83432439810328
E79,LAGO MAYOR,2017-07-16,2017,7,LS,-15.96,-69.2272,10.0,0.02148,0.01671,0.01143,0.04341,0.03152,0.01279,-0.44411176906001715,-0.18763325559227947,1.285457732767341,0.6840215030507778,0.7779329246772382,1.879264927448388
E80,LAGO MAYOR,2017-07-17,2017,7,LS,-16.0316,-69.3198,10.0,0.02219,0.01759,0.01233,0.04402,0.03201,0.01328,-0.4289887935564227,-0.17580213316169344,1.261512151136319,0.7009664183646153,0.7926993784272475,1.799675442037677
E82,LAGO MAYOR,2017-07-17,2017,7,LS,-16.1109,-69.4173,10.0,0.0238,0.01915,0.0134,0.04448,0.03164,0.01265,-0.39808265915318786,-0.17665130025648845,1.2428197784428314,0.6997388668543673,0.8046218149318565,1.7761192704388606
E83,LAGO MAYOR,2017-07-17,2017,7,LS,-16.1837,-69.5067,8.0,0.02379,0.02026,0.01345,0.0448,0.03221,0.01324,-0.37719028009237193,-0.20201719958418274,1.1742348877475375,0.6638696612107768,0.8516182912308411,1.7687731026934497
E88,LAGO MAYOR,2017-07-20,2017,7,LS,-16.2064,-69.3781,8.0,0.02369,0.01996,0.0136,0.04439,0.03166,0.01265,-0.3796425737429282,-0.18951131735663534,1.1868736880323805,0.6813626913144945,0.8425495634212932,1.7419116366241445
E94,LAGO MAYOR,2017-07-20,2017,7,LS,-16.251,-69.2884,9.0,0.02351,0.0199,0.01467,0.04748,0.03504,0.01527,-0.40932026700326113,-0.1512872388982575,1.1814069758086947,0.737185892603724,0.8464482838601326,1.6025902111390449
E97,LAGO MAYOR,2017-07-20,2017,7,LS,-16.1757,-69.1958,10.0,0.0224,0.01796,0.01261,0.04393,0.03135,0.01246,-0.4196154399803612,-0.1750081722274069,1.2472159661906477,0.7021157738242888,0.8017856784917108,1.7763678210652007
E98,LAGO MAYOR,2017-07-19,2017,7,LS,-16.1056,-69.1103,9.5,0.02218,0.01719,0.01213,0.04399,0.03158,0.01274,-0.4380516437062497,-0.17257843886158122,1.2902849743871452,0.7056427745408508,0.7750225078889763,1.828524169124141
E99,LAGO MAYOR,2017-07-19,2017,7,LS,-16.0745,-69.0742,11.0,0.02223,0.01851,0.01293,0.04445,0.03189,0.0128,-0.4120076173442247,-0.1774809103854672,1.2009723824434155,0.6985412912727559,0.8326585320441505,1.7192574076367046
E100,LAGO MAYOR,2017-07-19,2017,7,LS,-16.0055,-68.9959,10.0,0.02125,0.01682,0.01163,0.0436,0.03132,0.01231,-0.4432307109693692,-0.18242530114498068,1.2633768571119586,0.6914387222688037,0.7915293745162648,1.827170952091922
E104,LAGO MAYOR,2017-07-19,2017,7,LS,-16.0297,-68.8837,10.2,0.02167,0.01729,0.01259,0.04421,0.0314,0.01217,-0.4377235701183159,-0.15729584480268255,1.25332554925821,0.7281665281569388,0.7978772128344619,1.7212071706745693
E113,LAGO MAYOR,2017-07-20,2017,7,LS,-16.2174,-69.1367,10.0,0.02143,0.01765,0.01223,0.04384,0.03147,0.01261,-0.4259229073683053,-0.18139222953841266,1.2141642371578338,0.6929178077666964,0.8236117207834007,1.7522484258177904
E117,LAGO MAYOR,2017-07-19,2017,7,LS,-16.1653,-69.1027,8.5,0.02131,0.01748,0.0119,0.04371,0.03157,0.01276,-0.4286648075067036,-0.18992511266422346,1.2191074817444234,0.6807779930905039,0.8202721341965211,1.790756152037298
E120,LAGO MAYOR,2017-07-21,2017,7,LS,-16.1264,-68.9337,9.5,0.02099,0.01745,0.01317,0.04497,0.03204,0.01304,-0.44088432488169943,-0.13977791836126985,1.2028652605807875,0.7547277504454011,0.8313482214698322,1.5937736071546238
E121,LAGO MAYOR,2017-07-21,2017,7,LS,-16.2068,-68.8643,9.0,0.01998,0.01679,0.01228,0.04484,0.0321,0.01295,-0.45513547857966125,-0.15514275352106113,1.1899939731986915,0.7313876872312277,0.8403402982812663,1.6270356981241292
E122,LAGO MENOR,2017-07-21,2017,7,LS,-16.2276,-68.8361,9.0,0.01921,0.01664,0.01256,0.04487,0.03238,0.0133,-0.45894975680458866,-0.13972602261212247,1.1544470460067884,0.7548076469466559,0.8662154676618704,1.529458476953943
E123,LAGO MENOR,2017-07-21,2017,7,LS,-16.1925,-68.797,6.5,0.01832,0.01816,0.01239,0.04435,0.0318,0.01262,-0.418972957623213,-0.18887069758197386,1.0088105171359847,0.6822686848970989,0.9912663214374279,1.478611664357412
E125,LAGO MENOR,2017-07-21,2017,7,LS,-16.2626,-68.7843,8.0,0.02741,0.03281,0.0146,0.04475,0.03161,0.01261,-0.15394533066083896,-0.38409617413844804,0.8354160062354159,0.44498627110678846,1.1970083474276414,1.8773971316851281
E130,LAGO MENOR,2017-07-22,2017,7,LS,-16.3144,-68.8451,5.4,0.02351,0.02577,0.01306,0.0443,0.0317,0.01271,-0.26444983210432665,-0.327324225410141,0.91230108993787,0.5067908223984935,1.096129260054051,1.8001530015196783
E136,LAGO MENOR,2017-07-22,2017,7,LS,-16.2659,-69.0601,7.0,0.02065,0.02106,0.01373,0.04435,0.03216,0.01325,-0.3560617588126929,-0.21069272173921466,0.9805317673061841,0.6519467876568477,1.0198546721620012,1.5040057171153887
E135,LAGO MENOR,2017-07-22,2017,7,LS,-16.3028,-68.9852,6.0,0.02397,0.02296,0.01435,0.04446,0.0316,0.01239,-0.3188964651602422,-0.23076922458404653,1.0439895015684015,0.6249999727787469,0.9578639567015454,1.6703831588583167
E137,LAGO MENOR,2017-07-22,2017,7,LS,-16.4011,-68.8334,6.0,0.0231,0.02888,0.01535,0.04391,0.03143,0.01209,-0.20648440436207716,-0.3059009652746786,0.7998614681488412,0.5315096768867841,1.2502163960945283,1.5048858954471729
E142,LAGO MENOR,2017-07-22,2017,7,LS,-16.4515,-68.998,6.0,0.02445,0.02372,0.0141,0.04385,0.0315,0.01247,-0.2979132707131379,-0.2543627642950089,1.0307756732387996,0.5944350508248292,0.9701431096055989,1.7340424302097568
E-148,LAGO MENOR,2017-07-22,2017,7,LS,-16.5187,-68.8773,6.0,0.02807,0.04037,0.0185,0.04388,0.03134,0.01223,-0.04166172057374811,-0.3714965114405213,0.6953182884488905,0.45826107361255697,1.4381901874531462,1.5172972152812318
E-145,LAGO MENOR,2017-07-23,2017,7,LS,-16.5139,-68.977,6.5,0.02502,0.02456,0.01488,0.04487,0.03151,0.01218,-0.2925248409545609,-0.24543609925364854,1.018729600214593,0.6058631675137147,0.981614669000213,1.681451499902453
E-147,LAGO MENOR,2017-07-23,2017,7,LS,-16.493,-69.0596,6.5,0.02689,0.03492,0.01776,0.04413,0.03156,0.01277,-0.11650853742557198,-0.3257403127232286,0.7700457969631789,0.5085910507276332,1.298623975506732,1.514076491324522
E01,BAHIA PUNO,2018-07-18,2018,7,LS,-15.853,-69.9605,5.4,0.02611,0.02533,0.01542,0.04566,0.03411,0.01537,-0.2863783591156732,-0.24319017808122262,1.0307934847693059,0.6087642870602334,0.9701263512015951,1.69325540251262
E02,BAHIA PUNO,2018-07-18,2018,7,LS,-15.8461,-69.9271,6.0,0.02283,0.01963,0.01363,0.04539,0.03605,0.01653,-0.3961857828947127,-0.1803968676970275,1.1630157329080115,0.6943453543379849,0.8598335146809675,1.674981535217789
E03,BAHIA PUNO,2018-07-18,2018,7,LS,-15.8745,-69.9079,7.5,0.02818,0.02465,0.01922,0.05337,0.04037,0.02118,-0.36811073611752454,-0.12377478632836132,1.1432048217766808,0.7797159927092905,0.8747338227560744,1.4661809851102505
E16,BAHIA PUNO,2018-07-19,2018,7,LS,-15.6737,-69.8541,7.0,0.02348,0.02438,0.01506,0.04731,0.04012,0.02119,-0.3198493469124097,-0.2363083104384302,0.9630844559850511,0.617719416828572,1.0383304498155685,1.559096842025442
E17,BAHIA PUNO,2018-07-19,2018,7,LS,-15.6048,-69.9059,1.5,0.01644,0.01908,0.01442,0.04431,0.03514,0.0166,-0.39801229850114694,-0.13910447345956792,0.8616351749667099,0.7557651595510924,1.1605838710107135,1.1400831386904897
E28,LAGO MAYOR,2018-07-20,2018,7,LS,-15.3928,-69.7822,8.0,0.03116,0.02675,0.01489,0.04411,0.03116,0.01208,-0.24499011790869157,-0.28482227942309607,1.1648597695379526,0.5566354932098881,0.8584723729630176,2.092679510229717
E32,LAGO MAYOR,2018-07-20,2018,7,LS,-15.3384,-69.7205,7.0,0.03082,0.02569,0.01428,0.04388,0.03086,0.01197,-0.26146327064160885,-0.28546409093159647,1.1996885480853037,0.5558582889895567,0.8335496160431664,2.1582631541832527
E36,LAGO MAYOR,2018-07-20,2018,7,LS,-15.2971,-69.6814,7.5,0.03134,0.02715,0.01535,0.04453,0.03132,0.01212,-0.2424665144745185,-0.27764705229065756,1.1543277659547784,0.5653775114041433,0.8663050138383851,2.0416936780655583
E39,LAGO MAYOR,2018-07-21,2018,7,LS,-15.3748,-69.5276,7.0,0.03153,0.03067,0.01538,0.04412,0.03194,0.01305,-0.1798368741832214,-0.33203039452702726,1.0280403968685885,0.5014672154722134,0.972724358619589,2.050064886211646
E41,LAGO MAYOR,2018-07-21,2018,7,LS,-15.4392,-69.6009,8.5,0.02236,0.01728,0.01172,0.04407,0.03301,0.01424,-0.436674809508153,-0.19172413131985758,1.2939814065982984,0.6782407014907001,0.7728085521999752,1.9078496665657283
E42,LAGO MAYOR,2018-07-21,2018,7,LS,-15.4967,-69.6685,10.0,0.02658,0.01958,0.01335,0.04462,0.03175,0.01257,-0.39003114657272353,-0.18918918344399685,1.3575075915471098,0.6818181469960088,0.7366440655890119,1.9910110868156488
E43,LAGO MAYOR,2018-07-21,2018,7,LS,-15.5603,-69.7411,11.0,0.02692,0.01954,0.01357,0.04452,0.03141,0.01244,-0.38994691867082554,-0.18030805858326607,1.3776867258092773,0.6944728406103972,0.7258543563947119,1.9837876209441694
E22,LAGO MAYOR,2018-07-21,2018,7,LS,-15.6181,-69.807,8.0,0.02559,0.02286,0.01677,0.05081,0.04226,0.02377,-0.37939459237960377,-0.15367145713672828,1.1194225232098636,0.733595768434131,0.8933176673185749,1.5259390861097744
E48,LAGO MAYOR,2018-07-22,2018,7,LS,-15.5289,-69.3654,11.0,0.02297,0.01756,0.01259,0.04791,0.03172,0.01268,-0.4635710941870919,-0.16484244892728192,1.3080864858720682,0.7169703464139895,0.7644753694177027,1.8244637152927947
E49,LAGO MAYOR,2018-07-22,2018,7,LS,-15.6063,-69.4449,13.0,0.0256,0.01845,0.01273,0.04399,0.03101,0.01207,-0.4090326648136985,-0.18345092419977796,1.3875338001336694,0.6899728623320942,0.7207030968475353,2.010997485389043
E50,LAGO MAYOR,2018-07-22,2018,7,LS,-15.6687,-69.5211,11.0,0.02566,0.01862,0.0128,0.0441,0.03114,0.01198,-0.40624999352279983,-0.18523233019629756,1.3780880033250265,0.6874328309649392,0.7256429958829699,2.004687343383801
E51,LAGO MAYOR,2018-07-23,2018,7,LS,-15.7371,-69.6038,10.5,0.02292,0.01704,0.01231,0.04449,0.03311,0.01434,-0.4461238347777697,-0.1611584272177708,1.3450703435991582,0.7224177979801762,0.7434554649452241,1.8619007423313776
E52,LAGO MAYOR,2018-07-23,2018,7,LS,-15.8028,-69.6843,12.0,0.02566,0.01961,0.01322,0.04432,0.03116,0.01207,-0.3865164963785938,-0.19463904372101598,1.3085159965060686,0.6741458095795101,0.7642244441066078,1.940998340317826
E53,LAGO MAYOR,2018-07-23,2018,7,LS,-15.8686,-69.7634,9.5,0.02762,0.02171,0.01349,0.0443,0.03111,0.01217,-0.3422208704405261,-0.23352272063855906,1.2722247226059546,0.6213726107152183,0.7860245913821655,2.047442398262239
E59,LAGO MAYOR,2017-07-16,2017,7,LS,-15.8876,-69.4615,10.0,0.02286,0.01782,0.01216,0.04359,0.0313,0.01254,-0.4196384885256719,-0.1887925220549525,1.2828282108401678,0.6823793107531252,0.7795275249550514,1.8799340559264754
E60,LAGO MAYOR,2018-07-24,2018,7,LS,-15.8271,-69.3776,13.5,0.02523,0.01862,0.01303,0.04475,0.03154,0.0126,-0.4123402175739274,-0.1766192677213502,1.354994556659798,0.6997851396463405,0.7380102759409325,1.9363006956024025
E61,LAGO MAYOR,2018-07-24,2018,7,LS,-15.7585,-69.3045,13.0,0.02489,0.01801,0.01234,0.04415,0.03091,0.01204,-0.42052766376242495,-0.18682042218054626,1.3820099177118312,0.6851748647876255,0.7235837395104967,2.017017664747353
E72,LAGO MAYOR,2018-07-24,2018,7,LS,-15.6921,-69.1709,4.0,0.02484,0.02245,0.0123,0.04366,0.03225,0.01324,-0.3208289166415229,-0.29208632252989003,1.1064587480419266,0.5478841626777655,0.903784182617384,2.0195120309339814
E76,LAGO MAYOR,2018-07-24,2018,7,LS,-15.8125,-69.0449,13.0,0.02309,0.01821,0.01257,0.0442,0.03126,0.01226,-0.4164396664566629,-0.18323586149331186,1.2679845542018366,0.690280027991212,0.7886530624229944,1.8369131394659397
E78,LAGO MAYOR,2018-07-24,2018,7,LS,-15.8903,-69.1327,13.0,0.0237,0.0178,0.0125,0.04398,0.03095,0.01186,-0.42376172833017595,-0.17491748597632056,1.3314605993561461,0.7022471515591489,0.7510548206305984,1.895999848320012
E79,LAGO MAYOR,2018-07-25,2018,7,LS,-15.96,-69.2272,10.5,0.02412,0.01776,0.01251,0.04382,0.03091,0.01193,-0.42318934031845823,-0.1734390428331998,1.3581080316380612,0.7043918522301885,0.7363183774329032,1.9280573998355395
E80,LAGO MAYOR,2018-07-25,2018,7,LS,-16.0316,-69.3198,12.3,0.02457,0.01806,0.01254,0.04399,0.03093,0.01191,-0.417888792620648,-0.18039215096757671,1.3604650409487797,0.6943521210214774,0.735042705126467,1.9593299872942596
E82,LAGO MAYOR,2018-07-25,2018,7,LS,-16.1109,-69.4173,11.0,0.02476,0.01897,0.01307,0.04415,0.03133,0.01234,-0.3989226806254328,-0.18414481322893844,1.3052186976690197,0.6889825677921683,0.7661550579097312,1.8944145451863394
E83,LAGO MAYOR,2018-07-25,2018,7,LS,-16.1837,-69.5067,7.0,0.02315,0.01866,0.01247,0.04413,0.03169,0.01262,-0.4056378339602193,-0.19884355288006575,1.2406215841038808,0.6682743478952654,0.8060474813802384,1.8564553443099163
E88,LAGO MAYOR,2018-07-25,2018,7,LS,-16.2064,-69.3781,9.4,0.02196,0.01751,0.01182,0.04335,0.03119,0.01223,-0.4245809986102366,-0.19399931148996552,1.2541404195236767,0.6750427941152031,0.7973587979344811,1.8578678631245462
E94,LAGO MAYOR,2018-07-26,2018,7,LS,-16.251,-69.2884,9.0,0.02519,0.02129,0.01649,0.0498,0.03746,0.01697,-0.4010409283859765,-0.1270513465576668,1.183184538131304,0.7745420021351808,0.8451766238516624,1.5275923876535846
E97,LAGO MAYOR,2018-07-26,2018,7,LS,-16.1757,-69.1958,10.5,0.02381,0.0183,0.01274,0.04409,0.03108,0.0121,-0.41336752022170986,-0.17912370556946827,1.301092825076895,0.6961748253456379,0.7685845960275264,1.8689166507914718
E98,LAGO MAYOR,2018-07-26,2018,7,LS,-16.1056,-69.1103,12.0,0.02339,0.01793,0.01282,0.04425,0.03134,0.01235,-0.4232872238133286,-0.1661788563844275,1.3045174955651146,0.7150027487449666,0.7665668761621687,1.824492837403055
E99,LAGO MAYOR,2018-07-28,2018,7,LS,-16.0745,-69.0742,11.0,0.0241,0.01926,0.01363,0.04429,0.03113,0.01218,-0.39386309372363354,-0.17117664423299955,1.25129796203022,0.7076842830901203,0.7991700913207431,1.7681583442290283
E100,LAGO MAYOR,2018-07-28,2018,7,LS,-16.0055,-68.9959,13.0,0.02345,0.01739,0.01225,0.04394,0.03099,0.01215,-0.4329039551132569,-0.17341429914256748,1.3484760581669892,0.7044277915797705,0.7415777935361282,1.9142855580175053
E104,LAGO MAYOR,2018-07-28,2018,7,LS,-16.0297,-68.8837,12.0,0.02475,0.02136,0.0158,0.04805,0.03514,0.01628,-0.38452671971579433,-0.14962324678085986,1.158707810921919,0.7397003399016695,0.8630302681603932,1.5664555970597722
E117,LAGO MAYOR,2018-07-26,2018,7,LS,-16.1653,-69.1027,9.1,0.02388,0.0191,0.01285,0.04438,0.03131,0.01233,-0.39823565850290393,-0.1956181472419985,1.2502617146459836,0.6727748338861345,0.7998324623185736,1.8583656141349716
E120,LAGO MAYOR,2018-07-28,2018,7,LS,-16.1264,-68.9337,9.5,0.02389,0.0189,0.01296,0.04424,0.03111,0.01202,-0.4013303705839346,-0.18644067211422877,1.264021097141741,0.6857142494331084,0.791125961024447,1.8433640552959836
E121,LAGO MAYOR,2018-07-28,2018,7,LS,-16.2068,-68.8643,8.0,0.02295,0.01925,0.01304,0.04456,0.03145,0.01241,-0.39664628746832337,-0.19231959763643242,1.1922077302749232,0.6774025622128539,0.8387799198788706,1.759969190186412
E122,LAGO MENOR,2018-07-29,2018,7,LS,-16.2276,-68.8361,9.0,0.02121,0.01839,0.01261,0.0447,0.03189,0.01286,-0.4170232934375766,-0.18645160688865786,1.1533441460933036,0.685698712033784,0.8670438063628568,1.6819982805711118
E123,LAGO MENOR,2018-07-29,2018,7,LS,-16.1925,-68.797,9.0,0.02277,0.0188,0.01279,0.04501,0.03172,0.0126,-0.4107506596027165,-0.1902500731164903,1.2111701483420132,0.6803191127489833,0.82564774590919,1.7802969679204874
E125,LAGO MENOR,2018-07-29,2018,7,LS,-16.2626,-68.7843,7.5,0.02304,0.02155,0.01368,0.04493,0.03155,0.01264,-0.35168471191809997,-0.22338915062761425,1.0691414817103722,0.6348027547655334,0.9353298205151988,1.6842104032009941
E132,LAGO MENOR,2018-07-29,2018,7,LS,-16.3339,-68.7808,7.0,0.02385,0.0316,0.01578,0.04424,0.03164,0.01256,-0.16666666446905767,-0.33389615166956205,0.7547468115586451,0.4993670728048394,1.324947533545177,1.5114067483265687
E130,LAGO MENOR,2018-07-29,2018,7,LS,-16.3144,-68.8451,6.0,0.02436,0.02708,0.01624,0.04821,0.03607,0.01712,-0.2806481567187123,-0.250230834482206,0.8995568353191715,0.5997045568794477,1.111658410851461,1.4999999076354735
E136,LAGO MENOR,2018-07-29,2018,7,LS,-16.2659,-69.0601,8.0,0.02099,0.02072,0.01343,0.04415,0.0319,0.01299,-0.3611839007062757,-0.2134699791077605,1.0130308391394385,0.6481659918838807,0.9871366847481331,1.5629187220462608
E137,LAGO MENOR,2018-07-29,2018,7,LS,-16.4011,-68.8334,5.0,0.02798,0.03948,0.02047,0.04499,0.03335,0.01395,-0.06523025849141402,-0.31709757602839744,0.7087132545918629,0.5184903617403657,1.4110078123299568,1.3668782917988136
E141,LAGO MENOR,2018-07-30,2018,7,LS,-16.3764,-69.0073,5.5,0.02534,0.02294,0.0147,0.04467,0.03216,0.0135,-0.32140215469010275,-0.2189160409427194,1.1046207016294378,0.6408020644811655,0.9052880463580091,1.723809406543578
E142,LAGO MENOR,2018-07-30,2018,7,LS,-16.4515,-68.998,7.0,0.02458,0.0214,0.01328,0.04414,0.03243,0.01422,-0.3469636810045212,-0.23414070835811102,1.1485980771683142,0.620560718665387,0.8706264902104763,1.8509034750825697
E145,LAGO MENOR,2018-07-30,2018,7,LS,-16.5139,-68.977,6.5,0.02637,0.02449,0.0147,0.0443,0.03217,0.01345,-0.2879778995787483,-0.2498086182748503,1.0767659829821976,0.6002449734485514,0.9287068286421377,1.7938774289879302
E01,BAHIA PUNO,2019-07-11,2019,7,LS,-15.8522,-69.9607,8.0,0.03975,0.03428,0.02456,0.05238,0.0356,0.01558,-0.20886221776064837,-0.16519374294368214,1.1595682275505186,0.7164527212236662,0.8623899154115744,1.6184852761203066
E02,BAHIA PUNO,2019-07-11,2019,7,LS,-15.8464,-69.9276,8.0,0.02736,0.02385,0.01457,0.04441,0.03214,0.0135,-0.3012012847758382,-0.24154085784641185,1.1471697632213935,0.6109014418909249,0.8717104944550258,1.8778310310342463
E04,BAHIA PUNO,2019-07-11,2019,7,LS,-15.8752,-69.8717,1.5,0.02463,0.02985,0.01433,0.04374,0.03204,0.01351,-0.1887484686948163,-0.35129016859913603,0.8251256004983047,0.4800669855923958,1.2119366134008684,1.7187716874548717
E05,BAHIA PUNO,2019-07-11,2019,7,LS,-15.84,-69.892,8.0,0.02557,0.02155,0.01294,0.04347,0.03182,0.0131,-0.33712703264953814,-0.24963756887104757,1.1865428683738808,0.6004640092592107,0.842784480141397,1.9760431239533907
E08,BAHIA PUNO,2019-07-11,2019,7,LS,-15.7798,-69.8691,10.0,0.0394,0.03862,0.03154,0.06453,0.06213,0.03504,-0.2511875884518896,-0.10091219924583529,1.0201967628120983,0.8166752766267406,0.98020302080703,1.2492073161316641
E14,BAHIA PUNO,2019-07-12,2019,7,LS,-15.7489,-69.783,9.0,0.02695,0.02486,0.01686,0.04908,0.04124,0.02066,-0.3275628843986626,-0.19175454957443555,1.0840707528531477,0.6781978810057168,0.9224489453636755,1.5984577936857776
E16,BAHIA PUNO,2019-07-11,2019,7,LS,-15.6728,-69.8539,3.5,0.03587,0.03845,0.02878,0.0614,0.05295,0.03053,-0.22984476484882566,-0.14383459551041802,0.9328998456983135,0.7485045318984518,1.0719263710084648,1.246351589772356
E17,BAHIA PUNO,2019-07-12,2019,7,LS,-15.6054,-69.9049,3.0,0.02574,0.02864,0.02311,0.05352,0.0402,0.01883,-0.3028237548341802,-0.1068599013167169,0.8987429853790857,0.8069133796468791,1.1126650694380316,1.113803500051774
E25,LAGO MAYOR,2019-07-12,2019,7,LS,-15.4911,-69.8931,6.1,0.02341,0.02108,0.01279,0.04392,0.03258,0.01398,-0.3513846099786983,-0.24475936685091929,1.1105312566161643,0.6067362141016975,0.900469846199494,1.8303360570495657
E28,LAGO MAYOR,2019-07-12,2019,7,LS,-15.3928,-69.7822,7.0,0.02737,0.022,0.0127,0.04321,0.0316,0.01289,-0.3252568574565733,-0.26801151965384673,1.244090852541325,0.577272701033059,0.803799751413966,2.1551179405418943
E32,LAGO MAYOR,2019-07-12,2019,7,LS,-15.3382,-69.7205,6.0,0.02729,0.02171,0.01307,0.04325,0.03144,0.01316,-0.3315886648462336,-0.24841862425478367,1.257024354812328,0.6020266880687846,0.7955294688336583,2.087987598470727
E36,LAGO MAYOR,2019-07-12,2019,7,LS,-15.2964,-69.6816,11.0,0.02007,0.022,0.01652,0.0507,0.04775,0.02694,-0.3947730344597932,-0.14226375539294506,0.9122726858057871,0.7509090567768612,1.0961633733849838,1.2148909676216122
E39,LAGO MAYOR,2019-07-13,2019,7,LS,-15.3423,-69.529,8.0,0.04682,0.05579,0.06818,0.12551,0.13913,0.09806,-0.3845559824348815,0.09994353391995218,0.8392184828962452,1.2220827886344725,1.191584767373243,0.6867116355718446
E41,LAGO MAYOR,2019-07-13,2019,7,LS,-15.4395,-69.6006,9.5,0.02574,0.02035,0.01265,0.04345,0.03175,0.01322,-0.3620689598421794,-0.23333332626262648,1.2648648027093463,0.6216215910751061,0.7905982598835175,2.034782447843285
E42,LAGO MAYOR,2019-07-13,2019,7,LS,-15.4967,-69.6687,10.0,0.02708,0.02136,0.01342,0.04401,0.03198,0.01344,-0.3464892099359154,-0.22829211534525262,1.2677902028188108,0.6282771241443293,0.7887739738266627,2.017883605224769
E43,LAGO MAYOR,2019-07-13,2019,7,LS,-15.5603,-69.7413,12.0,0.02716,0.02131,0.01309,0.04356,0.03169,0.01317,-0.34299367437962586,-0.2389534814257709,1.2745189453534047,0.6142655741780585,0.7846096912883029,2.0748661516527007
E22,LAGO MAYOR,2019-07-13,2019,7,LS,-15.62,-69.8133,6.0,0.02303,0.01994,0.01262,0.04432,0.03338,0.01483,-0.37939619702153443,-0.2248157179110652,1.1549648367620442,0.6328986643481112,0.8658271443409838,1.8248809964436612
E49,LAGO MAYOR,2019-07-14,2019,7,LS,-15.6063,-69.4449,12.0,0.02832,0.02194,0.01466,0.04469,0.03207,0.01331,-0.34143778566054656,-0.19890709839051648,1.2907930131817222,0.6681859312586175,0.7747174867684503,1.9317870442164364
E50,LAGO MAYOR,2019-07-14,2019,7,LS,-15.6685,-69.521,12.0,0.02747,0.02286,0.01428,0.04451,0.03362,0.01506,-0.3213596508630006,-0.23101776437755075,1.2016622396473213,0.6246718886845193,0.8321805303174178,1.9236693330763774
E52,LAGO MAYOR,2019-07-14,2019,7,LS,-15.8017,-69.6838,10.0,0.08148,0.0795,0.07535,0.10666,0.11315,0.0799,-0.14589600265418995,-0.026800128984177413,1.0249056474854634,0.9477987302163682,0.9756995461990728,1.0813536684624596
E53,LAGO MAYOR,2019-07-14,2019,7,LS,-15.8703,-69.7694,9.0,0.04598,0.0592,0.06071,0.10281,0.11799,0.09384,-0.2691809130968402,0.01259277781175231,0.7766891760694395,1.0255067394340078,1.2875162834380973,0.7573710960736106
E59,LAGO MAYOR,2019-07-15,2019,7,LS,-15.8874,-69.4614,11.0,0.02921,0.02454,0.01542,0.04486,0.03361,0.01458,-0.2927953848300377,-0.22822822251681127,1.190301499987714,0.6283618325850924,0.840123216702389,1.8942930029641374
E60,LAGO MAYOR,2019-07-15,2019,7,LS,-15.8267,-69.3764,11.0,0.02804,0.02321,0.01461,0.04425,0.0331,0.01438,-0.3118885219109321,-0.22739290778971694,1.2080999048642866,0.6294700288897014,0.8277460475126233,1.919233270415245
E61,LAGO MAYOR,2019-07-15,2019,7,LS,-15.7589,-69.3042,11.0,0.02159,0.01818,0.01056,0.04143,0.03174,0.01353,-0.3900352224453074,-0.26513569014837546,1.1875686915528774,0.5808580538581928,0.8420564686402747,2.0445073821489226
E72,LAGO MAYOR,2019-07-15,2019,7,LS,-15.6931,-69.1707,6.0,0.0341,0.03851,0.02414,0.05132,0.03631,0.01609,-0.14260269239004011,-0.22936950950727036,0.8854842668012394,0.6268501525097337,1.1293254800784318,1.4125931477799025
E76,LAGO MAYOR,2019-07-19,2019,7,LS,-15.8077,-69.0414,9.9,0.02212,0.01947,0.01157,0.04328,0.03265,0.01416,-0.37944222502880914,-0.25451030107892075,1.1361067726704277,0.5942475298280673,0.8801988752170491,1.911840802779533
E78,LAGO MAYOR,2019-07-19,2019,7,LS,-15.8894,-69.1325,12.0,0.02872,0.02255,0.01481,0.0445,0.03221,0.0134,-0.3273676312100278,-0.20717344199214555,1.273614134207799,0.6567627203209436,0.7851671035805327,1.9392301188906065
E82,LAGO MAYOR,2019-07-16,2019,7,LS,-16.1121,-69.4175,9.0,0.02478,0.0205,0.01193,0.04285,0.03222,0.01383,-0.3528018886692677,-0.26426147812946416,1.208780428839979,0.5819511911243321,0.827280031183211,2.077116338883794
E83,LAGO MAYOR,2019-07-16,2019,7,LS,-16.1849,-69.5079,10.0,0.02229,0.01974,0.01218,0.04435,0.034,0.01534,-0.38399125629597036,-0.23684209784329266,1.1291792741043933,0.6170212453383361,0.8855988835532129,1.8300491108334065
E88,LAGO MAYOR,2019-07-17,2019,7,LS,-16.2031,-69.3822,11.0,0.02446,0.02097,0.01267,0.04353,0.0328,0.01387,-0.3497674364377142,-0.24673007589981932,1.166428175182252,0.6041964423368411,0.857318035269091,1.9305444411567132
E94,LAGO MAYOR,2019-07-17,2019,7,LS,-16.2545,-69.2917,8.0,0.02175,0.01935,0.01143,0.04308,0.03293,0.01442,-0.3801057123161027,-0.2573099331608209,1.1240309496624832,0.5906976438915946,0.8896551315101089,1.9028869726258117
E97,LAGO MAYOR,2019-07-17,2019,7,LS,-16.1754,-69.1951,10.0,0.02573,0.02192,0.01352,0.04389,0.03284,0.01434,-0.3338398368965228,-0.237020309339156,1.1738138150632385,0.6167882930297313,0.8519237912194406,1.9031063681134341
E98,LAGO MAYOR,2019-07-18,2019,7,LS,-16.1034,-69.1089,7.0,0.02537,0.02042,0.01296,0.04395,0.03241,0.01378,-0.36554294911382706,-0.22348711133951138,1.242409341703754,0.6346718592227297,0.8048876308676536,1.9575615773486439
E99,LAGO MAYOR,2019-07-20,2019,7,LS,-16.0824,-69.0817,13.0,0.02806,0.02486,0.0171,0.04773,0.03645,0.01785,-0.3150571660689191,-0.1849380318174921,1.1287207912823496,0.6878519433687875,0.8859586284405335,1.6409355765534752
E100,LAGO MAYOR,2019-07-20,2019,7,LS,-16.005,-68.9964,11.0,0.02278,0.01794,0.01128,0.04269,0.03267,0.014,-0.4082137488336838,-0.2279260702284028,1.2697881120519448,0.6287625067579428,0.7875328890459663,2.0195033670653046
E104,LAGO MAYOR,2019-07-20,2019,7,LS,-16.0384,-68.8577,10.0,0.02892,0.02684,0.01398,0.04427,0.03297,0.01429,-0.2451132014468682,-0.31504163853401185,1.0774962340724206,0.5208643621138465,0.9280774229572122,2.0686693799235067
E113,LAGO MAYOR,2019-07-17,2019,7,LS,-16.2298,-69.1135,9.0,0.02365,0.02144,0.01357,0.04413,0.03328,0.01464,-0.3460423921604028,-0.2247929098888058,1.1030783067594074,0.6329290749566663,0.9065538728729864,1.742814904729926
E117,LAGO MAYOR,2019-07-18,2019,7,LS,-16.1686,-69.0979,10.0,0.02374,0.02048,0.01265,0.04416,0.03305,0.01443,-0.36633662799602984,-0.2363416771403056,1.159179630899432,0.6176757510900511,0.8626789864077934,1.8766796935431074
E120,LAGO MAYOR,2019-07-20,2019,7,LS,-16.1262,-68.9334,11.5,0.02293,0.01795,0.01273,0.04437,0.03206,0.01315,-0.42394094313316844,-0.1701434103603843,1.2774372547388715,0.7091921610477905,0.7828172358125933,1.8012567320301074
E121,LAGO MAYOR,2019-07-21,2019,7,LS,-16.2077,-68.8626,11.0,0.02311,0.01958,0.01433,0.04597,0.03309,0.01384,-0.402593433980268,-0.1548215819869778,1.1802859458485215,0.7318692169627571,0.8472522350821189,1.612700515512874
E122,LAGO MENOR,2019-07-21,2019,7,LS,-16.2281,-68.8351,11.0,0.02339,0.0201,0.01357,0.04516,0.03289,0.01372,-0.3840024458473422,-0.19394118818113487,1.1636815341451974,0.675124344521177,0.8593415622342213,1.7236549945722186
E123,LAGO MENOR,2019-07-21,2019,7,LS,-16.1922,-68.7968,9.0,0.02191,0.01876,0.01356,0.04535,0.03287,0.01382,-0.414755881847514,-0.16089108413084516,1.167910385505843,0.7228144604043465,0.8562299928694663,1.61578159175652
E125,LAGO MENOR,2019-07-21,2019,7,LS,-16.2132,-68.7325,8.5,0.0212,0.01854,0.01462,0.04656,0.03309,0.0138,-0.43041473993218526,-0.11821471296095562,1.1434735089820114,0.7885652217602361,0.8745282606354595,1.4500683002689263
E132,LAGO MENOR,2019-07-21,2019,7,LS,-16.315,-68.8479,7.0,0.0249,0.02646,0.01388,0.04422,0.03239,0.0137,-0.2512733410968684,-0.3118492733800379,0.9410430483354857,0.5245653618833952,1.0626505597329094,1.7939479975541788
E130,LAGO MENOR,2019-07-22,2019,7,LS,-16.2142,-68.9393,10.0,0.02338,0.02358,0.01515,0.04511,0.0324,0.01342,-0.31343717697718476,-0.21766072249778667,0.9915181937439274,0.6424936114294483,1.0085542767940856,1.5432342215686983
E136,LAGO MENOR,2019-07-22,2019,7,LS,-16.3034,-68.9854,6.5,0.02626,0.02479,0.0162,0.04553,0.03239,0.01299,-0.2949374247022551,-0.20956330301138565,1.0592980613433618,0.6534892838447243,0.9440212892604232,1.6209875542600276
E137,LAGO MENOR,2019-07-22,2019,7,LS,-16.3655,-68.9025,5.0,0.02478,0.02512,0.01529,0.04384,0.0319,0.01299,-0.2714617130008452,-0.24325661362888856,0.9864649288827656,0.6086783197182197,1.0137207016254761,1.620666996686266
E141,LAGO MENOR,2019-07-23,2019,7,LS,-16.376,-69.0078,10.0,0.02498,0.02454,0.0142,0.04348,0.03181,0.01316,-0.2784475113430239,-0.26690758216552446,1.0179298688700136,0.5786470831847155,0.9823858694000853,1.7591548056933235
E142,LAGO MENOR,2019-07-23,2019,7,LS,-16.4489,-68.9969,11.0,0.02569,0.02718,0.01541,0.04401,0.03161,0.01239,-0.236409604770198,-0.2763559456126803,0.9451802448425224,0.5669609798763436,1.057999180303652,1.667099177994862
E145,LAGO MENOR,2019-07-23,2019,7,LS,-16.5179,-68.9781,6.0,0.02761,0.0287,0.01532,0.04429,0.03136,0.0122,-0.2135908999371024,-0.3039527418456896,0.9620208724034539,0.5337978908084359,1.039478412188395,1.8022192035104958
E147,LAGO MENOR,2019-07-24,2019,7,LS,-16.559,-68.9174,5.5,0.02541,0.02758,0.01562,0.04488,0.03206,0.01309,-0.23875241183063195,-0.2768518454432443,0.9213197635489571,0.5663524087616966,1.0853994063203698,1.6267604592342855
E01,BAHIA PUNO,2022-08-12,2022,8,LS,-15.853,-69.9605,5.5,0.02582,0.02491,0.01736,0.04754,0.03398,0.0145,-0.31235334282466054,-0.17861366977493096,1.0365314718373555,0.6969088439619091,0.9647559657336963,1.4873271032645679
E02,BAHIA PUNO,2022-08-12,2022,8,LS,-15.8461,-69.9271,8.0,0.02321,0.0214,0.01369,0.04475,0.03235,0.01333,-0.3529856333637848,-0.21972071189168674,1.0845793885710568,0.6397195962747853,0.9220163325283786,1.6953979769614334
E05,BAHIA PUNO,2022-08-12,2022,8,LS,-15.84,-69.8923,8.5,0.0236,0.01955,0.01253,0.04437,0.03208,0.01326,-0.38829786626567786,-0.21882792335324436,1.207161063572324,0.6409206833288652,0.8283897954072121,1.8834794985251797
E08,BAHIA PUNO,2022-08-12,2022,8,LS,-15.7802,-69.8681,11.0,0.02398,0.01849,0.01204,0.04385,0.03167,0.01296,-0.40680140508820334,-0.21126759871380282,1.2969171824274106,0.6511627554806515,0.7710591838590832,1.9916941867363633
E28,LAGO MAYOR,2022-08-14,2022,8,LS,-15.3928,-69.7822,10.0,0.02672,0.02042,0.01238,0.04377,0.03149,0.01252,-0.36376382047415773,-0.24512194374628218,1.3085209937061217,0.6062683346587495,0.7642215282851225,2.158319696420057
E32,LAGO MAYOR,2022-08-14,2022,8,LS,-15.3384,-69.7205,9.0,0.03418,0.02917,0.01486,0.04424,0.03182,0.01295,-0.20528538066632093,-0.32500567056539476,1.1717517596245541,0.5094274765365966,0.8534230294492969,2.300134434715045
E36,LAGO MAYOR,2022-08-14,2022,8,LS,-15.2971,-69.6814,9.0,0.03279,0.0277,0.01445,0.04445,0.03186,0.013,-0.23215522893755752,-0.3143534919489088,1.1837544699005607,0.5216606309869808,0.844769721111018,2.2692039952107965
E39,LAGO MAYOR,2022-08-15,2022,8,LS,-15.3748,-69.5276,7.0,0.03007,0.03294,0.01693,0.04537,0.03385,0.01495,-0.1587281297570154,-0.32103468375707467,0.9128718605685532,0.5139647688535286,1.0954439276540096,1.776136929938752
341,LAGO MAYOR,2022-08-15,2022,8,LS,-15.4392,-69.6009,14.0,0.02469,0.01776,0.01154,0.04344,0.0316,0.01281,-0.41960783628091763,-0.21228668217451602,1.3902026244255279,0.6497747381883593,0.7193195334418983,2.139514545969277
E42,LAGO MAYOR,2022-08-15,2022,8,LS,-15.4967,-69.6685,16.0,0.02574,0.01856,0.01225,0.04394,0.03181,0.01314,-0.4060799935027201,-0.20480362853607176,1.3868533735531587,0.6600215161626338,0.7210566930436406,2.1012243182674024
E43,LAGO MAYOR,2022-08-15,2022,8,LS,-15.5603,-69.7411,14.0,0.02381,0.01756,0.01162,0.04486,0.03359,0.01527,-0.43735981356360437,-0.20356407801356827,1.3559224740363058,0.6617311696052866,0.7375052189204023,2.0490531799437885
E22,LAGO MAYOR,2022-08-15,2022,8,LS,-15.6181,-69.807,14.0,0.02454,0.01878,0.01244,0.04418,0.03206,0.01321,-0.40343074327460693,-0.20307494544923307,1.3067091955958894,0.6624067804895217,0.7652811424090815,1.9726686517147387
E48,LAGO MAYOR,2022-08-16,2022,8,LS,-15.5361,-69.3597,8.0,0.02292,0.01828,0.01262,0.04496,0.03527,0.01666,-0.42188487631428084,-0.183171515107718,1.253829253072798,0.6903719534807464,0.7975566842252756,1.8161646738379815
E49,LAGO MAYOR,2022-08-16,2022,8,LS,-15.6063,-69.4449,15.0,0.02354,0.01804,0.01238,0.04426,0.03349,0.01515,-0.42086676692027664,-0.18606179532998698,1.3048779764480056,0.6862527335780081,0.7663551076314739,1.901453804405993
E50,LAGO MAYOR,2022-08-16,2022,8,LS,-15.6687,-69.5211,16.0,0.02374,0.01768,0.01204,0.04423,0.03342,0.01481,-0.4288483212914178,-0.18977119146126545,1.3427601050475053,0.6809954365952807,0.7447345937348528,1.9717606335746982
E51,LAGO MAYOR,2022-08-17,2022,8,LS,-15.7371,-69.6038,12.0,0.02467,0.01781,0.01201,0.04362,0.03168,0.0131,-0.4201530128576752,-0.1945003288229266,1.385176789153465,0.6743402204188534,0.7219294397272217,2.054121394327944
E52,LAGO MAYOR,2022-08-17,2022,8,LS,-15.8028,-69.6843,9.0,0.02588,0.01904,0.01266,0.04447,0.03167,0.01291,-0.40040937804425475,-0.2012618233040435,1.3592436260901457,0.6649159314644993,0.7357032173221323,2.044233645795131
E53,LAGO MAYOR,2022-08-17,2022,8,LS,-15.8686,-69.7634,11.0,0.02433,0.01893,0.01233,0.04457,0.03272,0.01402,-0.4037795212003225,-0.2111324308658851,1.2852614218034115,0.6513470337376106,0.7780517559370425,1.9732358496970115
E58,LAGO MAYOR,2022-08-18,2022,8,LS,-15.9519,-69.5453,11.0,0.02341,0.02117,0.0132,0.04411,0.03258,0.01404,-0.35140930834238193,-0.2318882679113103,1.1058100564095392,0.6235238250579204,0.9043143569280497,1.773484714129946
E59,LAGO MAYOR,2022-08-18,2022,8,LS,-15.8876,-69.4615,15.0,0.02409,0.01769,0.01232,0.04404,0.03211,0.01341,-0.4268588947536223,-0.17894034725290417,1.361786242974209,0.6964386265438877,0.7343295668605411,1.9553569841431022
E60,LAGO MAYOR,2022-08-18,2022,8,LS,-15.8271,-69.3776,16.5,0.02427,0.01866,0.0124,0.04439,0.03296,0.0143,-0.40808881192563345,-0.201545389518822,1.3006430171145222,0.6645230083321003,0.7688504009538359,1.9572579066727496
E61,LAGO MAYOR,2022-08-18,2022,8,LS,-15.7585,-69.3045,15.0,0.02439,0.01841,0.01288,0.04522,0.0343,0.01572,-0.4213421275916686,-0.1767337751123753,1.3248233935457145,0.6996197338609597,0.7548175172276541,1.8936333933514444
E72,LAGO MAYOR,2022-08-19,2022,8,LS,-15.6921,-69.1709,5.0,0.02998,0.03036,0.01816,0.04736,0.0347,0.01518,-0.21873391380939378,-0.25144269885732284,0.9874834984359848,0.5981554480185952,1.0126750829661415,1.6508809663611803
E76,LAGO MAYOR,2022-08-19,2022,8,LS,-15.8125,-69.0449,10.0,0.02302,0.01849,0.01343,0.04543,0.03334,0.01434,-0.42146432381939414,-0.1585212982919393,1.2449972285020428,0.7263385221017565,0.803214561111444,1.7140728433303916
E78,LAGO MAYOR,2022-08-19,2022,8,LS,-15.8903,-69.1327,14.0,0.02444,0.01766,0.01265,0.04469,0.03242,0.01371,-0.4335204421247724,-0.1652919773905649,1.3839183814315754,0.71630800020906,0.7225858951478766,1.9320156575481695
E79,LAGO MAYOR,2022-08-19,2022,8,LS,-15.96,-69.2272,14.0,0.02335,0.01738,0.01188,0.04391,0.03253,0.01409,-0.43286016588578613,-0.18796991838790433,1.3434981965766286,0.6835442644681091,0.7443254499218223,1.9654880500430936
E80,LAGO MAYOR,2022-08-20,2022,8,LS,-16.0316,-69.3198,15.0,0.02352,0.01761,0.01247,0.04456,0.03323,0.01438,-0.43348881400211015,-0.17087765389369503,1.3356046941734983,0.708120345932973,0.7487244579623956,1.8861265528366837
E82,LAGO MAYOR,2022-08-20,2022,8,LS,-16.1109,-69.4173,15.0,0.0234,0.01815,0.01271,0.04488,0.03273,0.01416,-0.42408376290522354,-0.17627996836422652,1.2892561273137122,0.7002754435109949,0.7756409924939747,1.8410698787513864
E83,LAGO MAYOR,2022-08-20,2022,8,LS,-16.1837,-69.5067,16.0,0.02939,0.0245,0.01847,0.0496,0.03557,0.01589,-0.3387314394233274,-0.1403304598480228,1.1995917877717637,0.7538775202498972,0.8336168481246394,1.5912289338804042
E88,LAGO MAYOR,2022-08-20,2022,8,LS,-16.2064,-69.3781,14.0,0.02656,0.02152,0.01602,0.04745,0.03475,0.0156,-0.3759605571123596,-0.14651038501570635,1.2342006861430908,0.7444237572293793,0.8102409333493625,1.6579274870207563
E94,LAGO MAYOR,2022-08-20,2022,8,LS,-16.251,-69.2884,15.0,0.02448,0.02012,0.01505,0.0484,0.03605,0.01593,-0.41272620530171916,-0.1441569478488215,1.2166997407206888,0.748011891251894,0.8218953912624432,1.626577965011431
E97,LAGO MAYOR,2022-08-21,2022,8,LS,-16.1757,-69.1958,16.0,0.02136,0.01645,0.0121,0.04425,0.03259,0.01396,-0.45799010777611027,-0.15236426786815174,1.2984801642261299,0.7355622653153638,0.7701310500874976,1.7652891103066852
E98,LAGO MAYOR,2022-08-22,2022,8,LS,-16.1056,-69.1103,15.0,0.02616,0.01983,0.01552,0.04695,0.03392,0.01476,-0.40610960757547754,-0.1219236174844804,1.3192132466357414,0.782652507178391,0.7580274939591937,1.6855669017031634
E99,LAGO MAYOR,2022-08-22,2022,8,LS,-16.0745,-69.0742,15.0,0.02429,0.01964,0.01493,0.04703,0.03585,0.0171,-0.41082945236493995,-0.1362452954513944,1.2367616478227266,0.7601832606831334,0.8085631614424389,1.6269255440773245
E100,LAGO MAYOR,2022-08-22,2022,8,LS,-16.0055,-68.9959,13.0,0.02221,0.01779,0.01292,0.04511,0.03391,0.01525,-0.4343402156702668,-0.15858026185020316,1.2484541175686275,0.7262506618184,0.8009905087352315,1.7190401146253784
E103,LAGO MAYOR,2022-08-22,2022,8,LS,-15.9394,-68.9017,10.0,0.02301,0.02021,0.01477,0.04665,0.03339,0.01408,-0.39545317984664696,-0.15551743409041066,1.138545218280791,0.7308262874405598,0.8783137384479036,1.5578875045438385
E104,LAGO MAYOR,2022-08-22,2022,8,LS,-16.0297,-68.8837,13.0,0.02306,0.01772,0.01339,0.04565,0.03234,0.01321,-0.44074482498430134,-0.13918353779545037,1.3013543283660087,0.7556432982142609,0.7684301488104879,1.7221806032725464
E113,LAGO MAYOR,2022-08-21,2022,8,LS,-16.2174,-69.1367,14.0,0.02288,0.01843,0.01361,0.04589,0.03465,0.01574,-0.4269278540589575,-0.15043694911245473,1.2414540834805166,0.7384698459864436,0.8055069578012692,1.6811167023426377
E117,LAGO MAYOR,2022-08-21,2022,8,LS,-16.1653,-69.1027,14.0,0.02315,0.01813,0.01321,0.04545,0.03315,0.01407,-0.4296948658431131,-0.15698786991104438,1.2768890636023682,0.7286265455804443,0.7831533139026646,1.752460124719143
E120,LAGO MAYOR,2022-08-22,2022,8,LS,-16.1264,-68.9337,14.0,0.02354,0.01905,0.0146,0.04655,0.03359,0.01453,-0.41920731068281536,-0.13224368106259496,1.2356954731918386,0.7664041592438762,0.809260798247205,1.612328656689818
E121,LAGO MAYOR,2022-08-23,2022,8,LS,-16.2068,-68.8643,11.0,0.0225,0.01857,0.01407,0.04673,0.03339,0.0142,-0.43124042218621106,-0.1378676428349374,1.2116315987274313,0.7576736264042204,0.8253332966518535,1.5991470078786776
E122,LAGO MENOR,2022-08-23,2022,8,LS,-16.2276,-68.8361,10.0,0.02307,0.01903,0.01421,0.04648,0.0336,0.01441,-0.4190199905507558,-0.14500601248477696,1.2122963104416022,0.7467156727947625,0.8248807618170454,1.623504459992649
E123,LAGO MENOR,2022-08-23,2022,8,LS,-16.1925,-68.797,6.0,0.0243,0.02883,0.01478,0.04543,0.03259,0.0136,-0.2235389143073133,-0.3221738059579499,0.8428719790887277,0.5126604053881233,1.1864197042625637,1.6441135558786497
E125,LAGO MENOR,2022-08-23,2022,8,LS,-16.2626,-68.7843,8.0,0.02838,0.04864,0.02081,0.04499,0.03154,0.01263,0.03898323145377303,-0.40071993663470223,0.5834703827411516,0.42783716225663726,1.713882955818078,1.3637673539756199
E132,LAGO MENOR,2022-08-23,2022,8,LS,-16.3339,-68.7808,4.0,0.02602,0.04375,0.02014,0.04489,0.03189,0.01262,-0.012861010685232304,-0.36954139349598686,0.5947428435487351,0.460342846620735,1.681398859285209,1.2919562417102164
E130,LAGO MENOR,2022-08-23,2022,8,LS,-16.3144,-68.8451,5.5,0.02607,0.03212,0.01605,0.04512,0.03223,0.01315,-0.168306574724151,-0.3336101238611144,0.8116438103473284,0.4996886519399547,1.2320674632885515,1.6242989642181334
E136,LAGO MENOR,2022-08-24,2022,8,LS,-16.2659,-69.0601,5.5,0.02374,0.0255,0.01824,0.04855,0.03646,0.01729,-0.3112761605499506,-0.16598079181571118,0.9309803556478293,0.7152940895963102,1.0741364332714223,1.301535016363212
E135,LAGO MENOR,2022-08-24,2022,8,LS,-16.3028,-68.9852,11.0,0.02365,0.02464,0.01647,0.04636,0.03219,0.0128,-0.30591548864907764,-0.19873509611444673,0.9598213896176385,0.6684252975476747,1.0418604210629843,1.4359440536767425
E137,LAGO MENOR,2022-08-24,2022,8,LS,-16.4011,-68.8334,5.0,0.02632,0.03846,0.01942,0.04468,0.03163,0.01278,-0.07481356657669509,-0.32895645596136047,0.6843473561012128,0.5049401844789343,1.4612461450894323,1.3553037407155644
E141,LAGO MENOR,2022-08-24,2022,8,LS,-16.3764,-69.0073,5.0,0.0246,0.02633,0.0157,0.04442,0.03179,0.01333,-0.25568904232241635,-0.2529145788028889,0.9342954449564966,0.5962779872283331,1.0703251597428796,1.5668788810905174
E142,LAGO MENOR,2022-08-24,2022,8,LS,-16.4515,-68.998,5.0,0.02626,0.02739,0.01656,0.04474,0.03178,0.01309,-0.24053791431390664,-0.24641637664581628,0.958744032174369,0.6046001969842936,1.043031186480153,1.58574869651276
E145,LAGO MENOR,2022-08-24,2022,8,LS,-16.5139,-68.977,5.5,0.02588,0.02869,0.01572,0.04453,0.03173,0.013,-0.2163343319266002,-0.2920513332120843,0.902056434225987,0.5479260875592162,1.1085780097149147,1.6463103278428544
E147,LAGO MENOR,2022-08-24,2022,8,LS,-16.493,-69.0596,5.0,0.02665,0.0356,0.01883,0.04493,0.0321,0.01327,-0.11585744299196021,-0.30810214388935986,0.7485954845900145,0.5289325694120065,1.3358348466853716,1.4152946672705966
E01,BAHIA PUNO,2024-08-21,2024,8,LS,-15.853,-69.9605,6.0,0.02767,0.02799,0.01668,0.04648,0.03438,0.01546,-0.2482878978341896,-0.2531900547752394,0.9885673101619395,0.595927095536724,1.0115648351440247,1.6588728022258512
E02,BAHIA PUNO,2024-08-21,2024,8,LS,-15.8461,-69.9271,9.0,0.02774,0.0244,0.01343,0.04409,0.03171,0.01263,-0.28748722021481643,-0.28998148850167893,1.1368851993079836,0.5504098135077945,0.8795962191926382,2.065524790355563
E03,BAHIA PUNO,2024-08-21,2024,8,LS,-15.8653,-69.8942,8.0,0.02631,0.0227,0.01316,0.04395,0.03131,0.01251,-0.3188297026432153,-0.2660345714993148,1.1590307859457802,0.5797356572803675,0.8627897809658008,1.9992399696626164
E05,BAHIA PUNO,2024-08-21,2024,8,LS,-15.84,-69.8923,10.0,0.02668,0.02113,0.01282,0.04383,0.03122,0.01242,-0.349445807428482,-0.24477171591246785,1.2626596657520273,0.6067202741732005,0.7919789808103831,2.0811230825957034
E08,BAHIA PUNO,2024-08-21,2024,8,LS,-15.7802,-69.8681,9.0,0.02676,0.02071,0.0127,0.04377,0.03121,0.0129,-0.3576302674064785,-0.23974857109402664,1.2921293436924508,0.6132302939048627,0.7739162640539513,2.1070864482609095
E15,LAGO MAYOR,2024-08-21,2024,8,LS,-15.715,-69.8226,9.0,0.02541,0.02217,0.01346,0.04422,0.03186,0.01303,-0.3321283275775218,-0.24445691146626689,1.1461433853791887,0.6071267204724078,0.8724911108818926,1.887815610117711
E16,LAGO MAYOR,2024-08-21,2024,8,LS,-15.6737,-69.8541,6.0,0.02219,0.02187,0.01324,0.04406,0.03224,0.01368,-0.3365690833221738,-0.24579891068644516,1.0146318694727083,0.6053954912942162,0.9855790452645766,1.6759817465270586
E22,LAGO MAYOR,2024-08-22,2024,8,LS,-15.6181,-69.807,14.0,0.02607,0.02064,0.01325,0.04434,0.03199,0.01333,-0.36472760288200057,-0.21805841787965718,1.2630813341530363,0.6419573332385013,0.7917145841306258,1.967547021317206
E27,LAGO MAYOR,2024-08-22,2024,8,LS,-15.4437,-69.8425,4.0,0.03529,0.04041,0.01624,0.04356,0.03173,0.01272,-0.03751339719526739,-0.4266548909681396,0.8732986668325002,0.40188071264833675,1.1450835606380403,2.173029422843016
E28,LAGO MAYOR,2024-08-22,2024,8,LS,-15.3928,-69.7822,9.0,0.02757,0.02153,0.01226,0.04355,0.0313,0.01244,-0.3383527913590536,-0.27434151304109167,1.2805387236164085,0.5694379670488636,0.7809212629335777,2.2487763255484237
E32,LAGO MAYOR,2024-08-22,2024,8,LS,-15.3384,-69.7205,12.5,0.02878,0.02227,0.01354,0.04428,0.03132,0.01251,-0.33072877038724613,-0.24378664496546654,1.2923214507264726,0.607992788145811,0.7738012239818894,2.1255537573446266
E36,LAGO MAYOR,2024-08-22,2024,8,LS,-15.2971,-69.6814,11.5,0.02577,0.01983,0.01208,0.04334,0.03133,0.01265,-0.37217032812774525,-0.24287056587682337,1.299546076674429,0.6091779823914281,0.7694993880675441,2.133277969099506
E36B,LAGO MAYOR,2024-08-22,2024,8,LS,-15.2621,-69.7034,13.0,0.02505,0.01924,0.01237,0.04381,0.03148,0.01274,-0.38969071546882295,-0.2173362791098931,1.3019749843048345,0.6429313595150021,0.7680638415942579,2.0250604668504066
E39,LAGO MAYOR,2024-08-23,2024,8,LS,-15.3748,-69.5276,8.0,0.02683,0.02722,0.01321,0.0441,0.03349,0.01506,-0.23667974990634114,-0.34652484920789395,0.9856722635682489,0.4853049050218624,1.0145359293874048,2.031036939361322
E41,LAGO MAYOR,2024-08-23,2024,8,LS,-15.4392,-69.6009,10.5,0.02611,0.01936,0.01313,0.0444,0.03175,0.01287,-0.3927227040037218,-0.19175130219294237,1.3486569551313559,0.678202444307725,0.7414783323830588,1.988575629202161
E42,LAGO MAYOR,2024-08-23,2024,8,LS,-15.4967,-69.6685,10.0,0.02621,0.01952,0.01287,0.04409,0.032,0.0133,-0.3862600159368021,-0.20531027461221749,1.3427253410489068,0.6593237367149726,0.7447538823062234,2.0365188782813615
E43,LAGO MAYOR,2024-08-23,2024,8,LS,-15.5603,-69.7411,12.5,0.02707,0.01988,0.01333,0.04434,0.03196,0.01299,-0.3808782251498252,-0.1972297441364124,1.36166995162626,0.6705231051044717,0.7343922890878356,2.0307575370774544
E48,LAGO MAYOR,2024-08-24,2024,8,LS,-15.5361,-69.3597,9.0,0.02328,0.01881,0.01247,0.04449,0.03312,0.01422,-0.4056871973825088,-0.20268541551517213,1.2376394876321377,0.6629452066483144,0.8079896560141901,1.8668803635220237
E49,LAGO MAYOR,2024-08-24,2024,8,LS,-15.6063,-69.4449,11.0,0.02508,0.01886,0.01252,0.04407,0.03326,0.01477,-0.4006038391768022,-0.2020395091765612,1.329798444867527,0.6638387771029282,0.7519935904308774,2.003194728179335
E50,LAGO MAYOR,2024-08-24,2024,8,LS,-15.6687,-69.5211,12.0,0.0256,0.01919,0.01265,0.0439,0.03198,0.01336,-0.3916626978655461,-0.20540200359918329,1.3340280701392357,0.6591974643461457,0.7496093457183849,2.0237152550422723
E51,LAGO MAYOR,2024-08-24,2024,8,LS,-15.7371,-69.6038,11.5,0.02569,0.01959,0.01314,0.04402,0.03275,0.01397,-0.38405910416508243,-0.19706690506975538,1.311383291915095,0.6707503486089664,0.7625534930886145,1.9550987857611275
E52,LAGO MAYOR,2024-08-24,2024,8,LS,-15.8028,-69.6843,11.0,0.02508,0.01935,0.01236,0.04358,0.03215,0.0136,-0.38503098069234104,-0.22043518699352924,1.2961239640246016,0.6387596569116456,0.771531069715667,2.0291260494234593
E53,LAGO MAYOR,2024-08-24,2024,8,LS,-15.8686,-69.7634,9.0,0.02941,0.02432,0.01377,0.04405,0.03234,0.01384,-0.28857685697562,-0.27697557687121094,1.2092927134336877,0.5662006346134607,0.8269295876596537,2.1358023140303333
E58,LAGO MAYOR,2024-08-26,2024,8,LS,-15.9519,-69.5453,9.0,0.02784,0.02685,0.01412,0.04318,0.03166,0.01297,-0.23318577419412007,-0.31071514984829995,1.0368714697627013,0.525884524175623,0.9644396205301861,1.971671248465209
E59,LAGO MAYOR,2024-08-26,2024,8,LS,-15.8876,-69.4615,10.5,0.0261,0.02038,0.01302,0.04382,0.03203,0.01328,-0.36510902858085625,-0.22035927483954262,1.2806672580634322,0.6388615977006086,0.7808428819600428,2.004608140967117
E60,LAGO MAYOR,2024-08-25,2024,8,LS,-15.8271,-69.3776,12.0,0.02307,0.01925,0.01222,0.04414,0.03432,0.01584,-0.39264867656335894,-0.22338734593621398,1.1984414961848573,0.6348051618283033,0.8344169555952772,1.887888552545945
E61,LAGO MAYOR,2024-08-25,2024,8,LS,-15.7585,-69.3045,12.0,0.02491,0.02045,0.01322,0.04443,0.0335,0.01483,-0.3696054197039855,-0.21473120835369144,1.21809284997101,0.646454736114683,0.8209554066256359,1.8842661207060425
E72,LAGO MAYOR,2024-08-25,2024,8,LS,-15.6921,-69.1709,4.8,0.04446,0.05031,0.03249,0.05676,0.04308,0.02285,-0.060240963292790085,-0.21521738870510404,0.883720912667046,0.6457960515643798,1.1315789219168033,1.3684210105133576
E76,LAGO MAYOR,2024-08-25,2024,8,LS,-15.8125,-69.0449,12.0,0.03205,0.02858,0.02239,0.05337,0.04109,0.02133,-0.30250152162902355,-0.12144398427616278,1.1214135366895195,0.783414948096048,0.8917316414436305,1.431442544375054
B03,LAGO MAYOR,2024-08-27,2024,8,LS,-15.9948,-69.427,11.0,0.02695,0.02165,0.01332,0.04385,0.03164,0.01284,-0.3389312925354001,-0.238204168195477,1.2448036376534117,0.6152424658086622,0.8033394878167165,2.023273121375892
E78,LAGO MAYOR,2024-08-27,2024,8,LS,-15.8903,-69.1327,10.5,0.02252,0.01892,0.01242,0.04465,0.03459,0.01627,-0.4047506621873421,-0.20740267366296508,1.190274778526703,0.656448168263839,0.8401420586082567,1.8132043628659933
E79,LAGO MAYOR,2024-08-27,2024,8,LS,-15.96,-69.2272,9.5,0.02321,0.01987,0.01296,0.0446,0.03447,0.01586,-0.38358926037553503,-0.21047821472804706,1.16809254312569,0.6522395242959474,0.8560964732401346,1.7908949235420586
E80,LAGO MAYOR,2024-08-27,2024,8,LS,-16.0316,-69.3198,15.0,0.02535,0.01977,0.01273,0.04389,0.03252,0.01371,-0.3788878357070714,-0.21661537795029603,1.2822457621524654,0.6439048738540782,0.7798816260401725,1.9913588380707905
E82,LAGO MAYOR,2024-08-28,2024,8,LS,-16.1109,-69.4173,9.0,0.02494,0.02068,0.0131,0.04455,0.03311,0.01449,-0.3659359134457165,-0.22439312538800693,1.2059960732110215,0.6334622517668157,0.8291900228873287,1.9038166485636145
E83,LAGO MAYOR,2024-08-28,2024,8,LS,-16.1837,-69.5067,8.5,0.02558,0.02257,0.01257,0.04354,0.03204,0.01335,-0.3171986035819301,-0.2845759736887885,1.133362820852334,0.5569339584876403,0.8823299107767822,2.035003815831041
E88,LAGO MAYOR,2024-08-29,2024,8,LS,-16.2064,-69.3781,9.5,0.02668,0.02223,0.01355,0.04471,0.03226,0.0136,-0.33582312016995636,-0.24259362094484013,1.2001798830328438,0.6095366347486894,0.8332083645724002,1.9690035447229857
E94,LAGO MAYOR,2024-08-29,2024,8,LS,-16.251,-69.2884,9.5,0.02614,0.02314,0.01396,0.04684,0.03578,0.01604,-0.3386681860721894,-0.24743934643020632,1.1296455864457395,0.6032843300222848,0.8852333249719463,1.8724927025435028
E97,LAGO MAYOR,2024-08-29,2024,8,LS,-16.1757,-69.1958,13.5,0.0257,0.02032,0.01299,0.0446,0.03206,0.01324,-0.37399876195319215,-0.2200540312202333,1.2647637172852502,0.6392716220830894,0.7906614478341849,1.9784448053545185
E98,LAGO MAYOR,2024-08-29,2024,8,LS,-16.1056,-69.1103,13.0,0.0242,0.01899,0.01218,0.04411,0.03335,0.01466,-0.39809825042633523,-0.21847930001670518,1.2743548565373957,0.6413901715960942,0.7847107113755905,1.986863547876556
E99,LAGO MAYOR,2024-08-30,2024,8,LS,-16.0745,-69.0742,9.5,0.02632,0.0216,0.01335,0.0441,0.0325,0.01371,-0.342465748212089,-0.23605149539194578,1.2185184621056266,0.6180555269418738,0.8206686618286984,1.9715354328437877
E100,LAGO MAYOR,2024-08-30,2024,8,LS,-16.0055,-68.9959,11.0,0.02529,0.02081,0.01354,0.04511,0.03442,0.01583,-0.36862863518463845,-0.21164482644410984,1.2152810564497332,0.6506486953076072,0.8228548508163365,1.8677989757903268
E103,LAGO MAYOR,2024-08-30,2024,8,LS,-15.9394,-68.9017,11.0,0.02448,0.02374,0.01696,0.04886,0.0353,0.01589,-0.34600550487595727,-0.16658476249177492,1.0311709759405654,0.7144060356189538,0.9697712022152288,1.4433961413091898
E105,LAGO MAYOR,2024-08-30,2024,8,LS,-15.9864,-68.8016,8.5,0.02652,0.03258,0.01988,0.04473,0.03291,0.01401,-0.15715948574363622,-0.24208920621255806,0.8139962917742084,0.6101902820690521,1.2285067410065331,1.3340039570420545
E113,LAGO MAYOR,2024-08-29,2024,8,LS,-16.2174,-69.1367,13.5,0.02463,0.01966,0.01202,0.04405,0.03252,0.01363,-0.3828284353660581,-0.2411616085491917,1.2527974947712361,0.6113936616788574,0.7982135282901532,2.0490846880961158
E117,LAGO MAYOR,2024-08-29,2024,8,LS,-16.1653,-69.1027,12.0,0.02497,0.02011,0.01311,0.04424,0.03233,0.01364,-0.37498056915337113,-0.2107164295389395,1.2416707487980732,0.651914437995304,0.8053664074743129,1.9046527914071096
E120,LAGO MAYOR,2024-08-30,2024,8,LS,-16.1264,-68.9337,10.5,0.02385,0.01977,0.01308,0.04506,0.03288,0.01408,-0.39009717121553034,-0.20365296183704837,1.2063732318475857,0.6616084642585501,0.8289307828540552,1.823394356009606
E121,LAGO MAYOR,2024-08-30,2024,8,LS,-16.2068,-68.8643,12.7,0.02446,0.02089,0.01491,0.04695,0.0338,0.01447,-0.3841391452809678,-0.1670391014793547,1.170895109100282,0.7137385967573674,0.8540473894502294,1.6405096149892948
E122,LAGO MENOR,2024-08-31,2024,8,LS,-16.2276,-68.8361,11.0,0.02546,0.02276,0.01542,0.04715,0.03454,0.01529,-0.34887712274528504,-0.19224724483375472,1.1186291248405482,0.6775043639057837,0.8939512610388349,1.6511023572566565
E125,LAGO MENOR,2024-09-01,2024,9,LS,-16.2626,-68.7843,2.5,0.03769,0.06512,0.02591,0.04405,0.03177,0.01334,0.19300173863697226,-0.4307371148990759,0.5787776323897784,0.3978808292708718,1.727779205949079,1.4546506578675935
P02,LAGO MENOR,2024-09-01,2024,9,LS,-16.2135,-68.733,9.5,0.0251,0.0261,0.01746,0.04858,0.03532,0.01553,-0.30101767138433755,-0.19834710288459365,0.9616857869085905,0.6689654916105175,1.0398405960222872,1.4375715098756296
P03,LAGO MENOR,2024-09-01,2024,9,LS,-16.2158,-68.6912,3.5,0.03162,0.04743,0.02507,0.05112,0.03591,0.01572,-0.03744292199449089,-0.308413788849465,0.6666666526108654,0.5285684054697785,1.4999999525616712,1.261268398034767
P04,LAGO MENOR,2024-09-01,2024,9,LS,-16.2544,-68.6012,1.5,0.02568,0.04172,0.02456,0.04651,0.03271,0.01346,-0.0542899234467877,-0.25890162554463453,0.6155321041339381,0.588686467193517,1.6246105286366617,1.045602563289798
E127,LAGO MENOR,2024-09-01,2024,9,LS,-16.218,-68.6226,2.0,0.03687,0.05924,0.02497,0.04631,0.03267,0.0135,0.1225011831122579,-0.4069587886597935,0.6223835141393735,0.42150573225007204,1.606726292196195,1.4765718271296826
E129,LAGO MENOR,2024-08-31,2024,8,LS,-16.3339,-68.7808,4.5,0.02894,0.04519,0.02647,0.04524,0.03224,0.01312,-0.0005529138499069731,-0.2612335994804131,0.6404071555563807,0.5857490465645265,1.5615065113508462,1.0933131434335799
E135,LAGO MENOR,2024-08-31,2024,8,LS,-16.2659,-69.0601,4.0,0.02436,0.02552,0.01645,0.0469,0.03507,0.0157,-0.29522231020129364,-0.21610673776252715,0.9545454171416372,0.6445924512307033,1.0476190046133413,1.4808509738084514
E138,LAGO MENOR,2024-08-31,2024,8,LS,-16.4011,-68.8334,4.5,0.02779,0.04421,0.02291,0.04421,0.03157,0.01279,0.0,-0.31734206916951624,0.6285908023390454,0.5182085383802638,1.5908599643447296,1.2130073673938295
P15,LAGO MENOR,2024-08-31,2024,8,LS,-16.3119,-68.8495,4.0,0.02809,0.03704,0.0198,0.04796,0.03519,0.01538,-0.12847058672387554,-0.3033075245723517,0.7583693099792304,0.5345572209892759,1.3186186785824605,1.4186867970360202
E142,LAGO MENOR,2024-08-31,2024,8,LS,-16.4515,-68.998,4.0,0.02615,0.03053,0.01593,0.04408,0.03237,0.01357,-0.1816110416618276,-0.3142488094221092,0.8565345281187511,0.5217818368233922,1.1674951752391904,1.6415567080002067
E145,LAGO MENOR,2024-09-02,2024,9,LS,-16.5139,-68.977,3.5,0.0299,0.03376,0.01795,0.04461,0.03211,0.01305,-0.13844583209843264,-0.3057435639964501,0.885663480874897,0.5316942970469699,1.1290969522041152,1.6657380687611103
P10,LAGO MENOR,2024-09-02,2024,9,LS,-16.5821,-68.8723,3.0,0.02697,0.03552,0.01987,0.04605,0.03263,0.01368,-0.12909157620336423,-0.2825419699847993,0.7592905191641183,0.5594031374041909,1.3170188610671538,1.357322528569576
