feature,value,shap,label
B2,0.007450,-0.055423,Blue
B2,0.005651,0.053004,Blue
B2,0.009846,-0.265785,Blue
B2,0.008829,-0.087994,Blue
B2,0.009709,-0.251981,Blue
B2,0.008340,-0.047209,Blue
B2,0.008330,0.001049,Blue
B2,0.009601,-0.076281,Blue
B2,0.007000,-0.015753,Blue
B2,0.006902,-0.026696,Blue
B2,0.008799,-0.041296,Blue
B2,0.008115,-0.013584,Blue
B2,0.008770,-0.091294,Blue
B2,0.007812,0.039093,Blue
B2,0.011371,-0.080132,Blue
B2,0.005113,-0.022711,Blue
B2,0.031602,-0.118508,Blue
B2,0.005270,0.012091,Blue
B2,0.005328,-0.004457,Blue
B2,0.007792,-0.032795,Blue
B2,0.009709,-0.078871,Blue
B2,0.010090,-0.186769,Blue
B2,0.008614,-0.141084,Blue
B2,0.007958,-0.006640,Blue
B2,0.008467,-0.049438,Blue
B2,0.007978,0.026590,Blue
B2,0.009279,-0.052360,Blue
B2,0.007841,-0.015501,Blue
B2,0.010618,-0.097260,Blue
B2,0.008037,-0.011440,Blue
B2,0.008037,-0.004422,Blue
B2,0.007675,0.009562,Blue
B2,0.009885,-0.227197,Blue
B2,0.013317,-0.004548,Blue
B2,0.005172,0.042690,Blue
B2,0.006267,0.032091,Blue
B2,0.006345,0.030243,Blue
B2,0.007489,0.002044,Blue
B2,0.009934,-0.143342,Blue
B2,0.010550,-0.120046,Blue
B2,0.008555,-0.105950,Blue
B2,0.010051,-0.122259,Blue
B2,0.010520,-0.090980,Blue
B2,0.008095,-0.002924,Blue
B2,0.005993,0.131131,Blue
B2,0.006433,0.019212,Blue
B2,0.008545,-0.058425,Blue
B2,0.007421,-0.066455,Blue
B2,0.005348,0.081339,Blue
B2,0.006570,-0.007856,Blue
B2,0.006619,-0.016666,Blue
B2,0.007900,0.028256,Blue
B2,0.006335,-0.007905,Blue
B2,0.004878,0.127746,Blue
B2,0.007010,-0.028088,Blue
B2,0.009709,-0.145991,Blue
B2,0.009670,-0.163369,Blue
B2,0.009523,-0.039369,Blue
B2,0.009034,-0.095940,Blue
B2,0.009249,-0.116334,Blue
B2,0.014686,0.005092,Blue
B2,0.007372,-0.071561,Blue
B2,0.008330,-0.073444,Blue
B2,0.006316,-0.039154,Blue
B2,0.004155,0.069740,Blue
B2,0.002561,0.099653,Blue
B2,0.009591,-0.056549,Blue
B2,0.009112,-0.054819,Blue
B2,0.008897,-0.084384,Blue
B2,0.005876,0.038210,Blue
B2,0.006902,-0.057752,Blue
B2,0.008379,-0.003273,Blue
B2,0.007646,-0.053788,Blue
B2,0.008389,-0.061722,Blue
B2,0.009161,-0.076299,Blue
B2,0.008252,-0.009081,Blue
B2,0.006150,0.022448,Blue
B2,0.010217,-0.050571,Blue
B2,0.003607,0.116828,Blue
B2,0.007440,-0.000734,Blue
B2,0.006218,-0.008006,Blue
B2,0.008428,-0.057763,Blue
B2,0.010100,-0.097738,Blue
B2,0.010941,-0.066084,Blue
B2,0.011371,0.045182,Blue
B2,0.012867,0.123748,Blue
B2,0.007118,-0.062353,Blue
B2,0.006326,0.024591,Blue
B2,0.007773,0.048491,Blue
B2,0.007010,-0.038237,Blue
B2,0.015204,0.013088,Blue
B2,0.007147,-0.047606,Blue
B2,0.007939,0.018339,Blue
B2,0.007939,-0.020744,Blue
B2,0.008213,-0.067879,Blue
B2,0.011606,0.044403,Blue
B2,0.011762,-0.021737,Blue
B2,0.020601,-0.010950,Blue
B2,0.009973,-0.055453,Blue
B2,0.008408,-0.145666,Blue
B2,0.010423,-0.061019,Blue
B2,0.008790,-0.112640,Blue
B2,0.011762,0.054560,Blue
B2,0.016123,0.033224,Blue
B2,0.012838,-0.000029,Blue
B2,0.017336,0.033469,Blue
B2,0.009161,-0.076299,Blue
B2,0.012417,0.030918,Blue
B2,0.008848,-0.074894,Blue
B2,0.010168,-0.087399,Blue
B2,0.011870,-0.043542,Blue
B2,0.011205,-0.062948,Blue
B2,0.005015,0.050991,Blue
B2,0.009318,-0.067956,Blue
B2,0.008457,-0.101348,Blue
B2,0.010149,-0.179024,Blue
B2,0.006326,0.011557,Blue
B2,-0.000724,-0.030645,Blue
B2,0.000107,-0.041879,Blue
B2,0.025217,-0.032392,Blue
B2,-0.002250,-0.039222,Blue
B2,0.004438,0.092029,Blue
B2,0.005514,0.081132,Blue
B2,0.001045,0.049005,Blue
B2,0.005416,0.170120,Blue
B2,0.025647,-0.124841,Blue
B2,0.009631,-0.094789,Blue
B2,0.006472,0.050739,Blue
B2,0.007606,0.033694,Blue
B2,0.006071,0.075880,Blue
B2,0.009015,-0.110744,Blue
B2,0.005230,0.122497,Blue
B2,0.005358,0.166680,Blue
B2,0.005397,0.103947,Blue
B2,0.008086,-0.019583,Blue
B2,0.009073,-0.089266,Blue
B2,0.005934,0.154546,Blue
B2,0.007137,-0.030446,Blue
B2,0.010882,-0.119115,Blue
B2,0.011009,-0.052234,Blue
B2,0.009132,-0.065049,Blue
B2,0.009455,-0.015740,Blue
B2,0.006110,0.163787,Blue
B2,0.008291,-0.028698,Blue
B2,0.003627,0.122043,Blue
B2,0.003333,0.062094,Blue
B2,0.011009,-0.076845,Blue
B2,0.010198,-0.092437,Blue
B2,0.009777,-0.127186,Blue
B2,-0.003560,-0.014373,Blue
B2,-0.003824,0.004370,Blue
B2,0.001261,-0.026534,Blue
B2,0.001133,-0.029090,Blue
B2,0.011909,-0.053173,Blue
B2,0.009503,-0.107909,Blue
B2,0.012975,-0.005152,Blue
B2,0.012945,-0.003751,Blue
B2,0.011743,0.038557,Blue
B2,0.013532,0.062135,Blue
B2,0.014392,0.046417,Blue
B2,0.013718,-0.001686,Blue
B2,0.011938,-0.037646,Blue
B2,0.014314,-0.061908,Blue
B2,0.014187,-0.060187,Blue
B2,0.014011,-0.070547,Blue
B2,0.020337,0.019780,Blue
B2,0.023701,-0.020287,Blue
B2,0.021462,-0.049683,Blue
B2,0.016338,-0.004080,Blue
B2,0.013014,0.008534,Blue
B2,0.014138,-0.018182,Blue
B2,0.014559,-0.000788,Blue
B2,0.014617,-0.048061,Blue
B2,0.016143,0.209205,Blue
B2,0.016798,0.268038,Blue
B2,0.015576,0.257599,Blue
B2,0.014383,0.079024,Blue
B2,0.014080,-0.038737,Blue
B2,0.017942,0.061335,Blue
B2,0.017248,0.050331,Blue
B2,0.015106,0.125987,Blue
B2,0.015947,0.116709,Blue
B2,0.015644,0.119887,Blue
B2,0.016416,0.020692,Blue
B2,0.012359,-0.025260,Blue
B2,0.013063,-0.063834,Blue
B2,0.012818,-0.068438,Blue
B2,0.014940,0.130156,Blue
B2,0.016563,0.067066,Blue
B2,0.015722,0.093205,Blue
B2,0.014999,0.121111,Blue
B2,0.017991,0.063663,Blue
B2,0.010217,-0.052996,Blue
B2,0.012750,-0.035016,Blue
B2,0.010960,-0.030467,Blue
B2,0.008291,-0.058945,Blue
B2,0.010041,-0.090628,Blue
B2,0.007743,-0.067355,Blue
B2,0.011156,-0.030227,Blue
B2,0.014256,-0.070982,Blue
B2,0.009875,-0.094650,Blue
B2,0.005035,0.068351,Blue
B2,0.003470,0.120428,Blue
B2,0.012417,0.006902,Blue
B2,0.016104,0.025262,Blue
B2,0.016925,0.025131,Blue
B2,0.021315,-0.051001,Blue
B2,0.012124,-0.020219,Blue
B2,0.016162,-0.050923,Blue
B2,0.023457,-0.048378,Blue
B2,0.020699,-0.052320,Blue
B2,0.021012,-0.060939,Blue
B2,0.019242,-0.043067,Blue
B2,0.022332,-0.047095,Blue
B2,0.015546,0.033506,Blue
B2,0.014080,0.086559,Blue
B2,0.013874,0.064815,Blue
B2,0.012711,0.136601,Blue
B2,0.013503,0.040272,Blue
B2,0.010276,-0.023100,Blue
B2,0.006326,-0.053329,Blue
B2,0.010804,-0.081296,Blue
B2,0.014617,0.035237,Blue
B2,0.011068,-0.039180,Blue
B2,0.012593,-0.037058,Blue
B2,0.009533,-0.062255,Blue
B2,0.009210,-0.061717,Blue
B2,0.012681,-0.033884,Blue
B2,0.008046,0.012797,Blue
B2,0.008819,-0.022242,Blue
B2,0.011254,-0.082466,Blue
B2,0.010667,-0.088310,Blue
B2,0.014979,0.089587,Blue
B2,0.014549,0.043143,Blue
B2,0.013894,0.012417,Blue
B2,0.012407,-0.011273,Blue
B2,0.018959,0.019038,Blue
B2,0.014236,0.064679,Blue
B2,0.011801,0.024834,Blue
B2,0.013229,-0.005700,Blue
B2,0.012456,0.074480,Blue
B2,0.016583,0.031607,Blue
B2,0.013512,0.006375,Blue
B2,0.014402,0.042993,Blue
B2,0.014070,0.028521,Blue
B2,0.013190,0.046537,Blue
B2,0.010687,-0.103452,Blue
B2,0.015184,0.092408,Blue
B2,0.017472,0.046005,Blue
B2,0.013630,-0.061729,Blue
B2,0.012251,-0.030435,Blue
B2,0.009259,-0.156050,Blue
B2,0.009054,-0.160304,Blue
B2,0.010706,-0.104497,Blue
B2,0.008487,-0.067430,Blue
B2,0.002600,0.081970,Blue
B2,0.017179,0.002297,Blue
B2,0.008819,-0.148777,Blue
B2,0.011371,-0.072753,Blue
B2,0.009621,-0.065808,Blue
B2,0.009591,-0.113520,Blue
B2,0.005827,0.069708,Blue
B2,0.024562,-0.028556,Blue
B2,0.013092,0.006823,Blue
B2,0.011215,-0.023294,Blue
B2,0.006766,-0.104108,Blue
B2,0.031817,0.014401,Blue
B2,0.014627,0.021411,Blue
B2,0.011713,0.047952,Blue
B2,0.016856,0.026263,Blue
B2,0.008134,-0.108591,Blue
B2,0.014422,0.044722,Blue
B2,0.015879,0.032082,Blue
B2,0.010863,-0.047471,Blue
B2,0.028395,-0.011600,Blue
B2,-0.000847,-0.004977,Blue
B2,0.001435,0.041175,Blue
B2,0.005412,0.001404,Blue
B2,0.014621,0.050568,Blue
B2,0.049842,-0.067351,Blue
B2,0.018870,0.001877,Blue
B2,-0.018520,-0.076979,Blue
B2,0.011661,-0.033979,Blue
B2,0.011514,-0.038062,Blue
B2,0.009525,-0.060479,Blue
B2,0.005548,-0.020694,Blue
B2,0.002972,0.064447,Blue
B2,0.015107,0.058596,Blue
B2,0.020350,-0.045351,Blue
B2,0.006452,-0.040352,Blue
B2,0.042441,-0.349059,Blue
B2,0.018927,0.017785,Blue
B2,0.006599,-0.020052,Blue
B2,0.010768,-0.051236,Blue
B2,0.062056,-0.027383,Blue
B2,0.004870,0.038527,Blue
B2,0.002508,0.067172,Blue
B2,0.003492,0.065964,Blue
B2,0.006576,-0.050754,Blue
B2,-0.109480,0.002213,Blue
B2,0.014497,-0.011639,Blue
B2,0.025040,-0.051241,Blue
B2,0.016181,0.016005,Blue
B2,0.028836,-0.047014,Blue
B2,0.008181,-0.092922,Blue
B2,0.006542,-0.026283,Blue
B2,0.001492,0.071119,Blue
B2,0.020542,-0.012471,Blue
B2,0.058203,-0.030635,Blue
B2,0.035006,-0.041622,Blue
B2,0.005492,0.004951,Blue
B2,0.015345,-0.014655,Blue
B2,0.031345,-0.014498,Blue
B2,0.005559,-0.078217,Blue
B2,0.001367,0.013511,Blue
B2,0.003605,0.032963,Blue
B2,0.008271,-0.096434,Blue
B2,0.010305,-0.054400,Blue
B2,0.008147,-0.049790,Blue
B2,0.007401,-0.059318,Blue
B2,0.009763,-0.037322,Blue
B2,0.006667,-0.009324,Blue
B2,0.004768,0.096852,Blue
B2,0.010136,-0.181679,Blue
B2,0.014362,-0.120913,Blue
B2,0.010486,-0.170823,Blue
B2,0.009040,-0.031226,Blue
B2,0.029130,-0.167056,Blue
B2,0.002475,0.047527,Blue
B2,0.009469,-0.219233,Blue
B2,0.011266,-0.087398,Blue
B2,0.016565,0.002138,Blue
B2,0.005763,0.090625,Blue
B2,0.008825,-0.108980,Blue
B2,0.006780,0.068257,Blue
B2,0.007209,0.154540,Blue
B2,0.006407,0.019381,Blue
B2,0.004847,0.106525,Blue
B2,0.005627,0.095517,Blue
B2,0.010723,-0.025512,Blue
B2,0.008090,-0.017088,Blue
B2,0.004723,0.033716,Blue
B2,-0.030011,0.000211,Blue
B2,0.007819,-0.045905,Blue
B2,0.008791,-0.108015,Blue
B2,0.005390,0.082476,Blue
B2,0.004429,0.079756,Blue
B2,0.005186,0.050483,Blue
B2,0.006655,-0.013031,Blue
B2,0.004429,0.057965,Blue
B2,0.004090,0.080761,Blue
B2,0.007650,0.020223,Blue
B2,0.009695,-0.056521,Blue
B2,0.008655,0.000625,Blue
B2,0.004294,0.064047,Blue
B2,0.003898,0.115623,Blue
B2,0.003345,0.083973,Blue
B2,0.004090,0.096121,Blue
B2,0.003051,0.079654,Blue
B2,0.003706,0.158155,Blue
B2,0.009605,-0.163491,Blue
B2,0.006136,-0.043486,Blue
B2,0.006068,-0.001490,Blue
B2,0.006915,-0.009922,Blue
B2,0.006486,-0.027003,Blue
B2,0.006621,-0.006021,Blue
B2,0.008282,0.013529,Blue
B2,0.006045,0.075272,Blue
B2,0.006407,0.005546,Blue
B2,0.003379,0.114473,Blue
B2,0.003390,0.095495,Blue
B2,0.002316,0.061405,Blue
B2,0.004621,0.150851,Blue
B2,0.005910,0.072406,Blue
B2,0.005842,0.065118,Blue
B2,0.002418,0.164277,Blue
B2,0.006757,-0.045462,Blue
B2,0.003774,0.245347,Blue
B2,0.001831,0.098072,Blue
B2,0.002158,0.107847,Blue
B2,-0.000746,-0.100843,Blue
B2,0.005017,0.056351,Blue
B2,0.005311,-0.079998,Blue
B2,0.013808,0.064244,Blue
B2,0.006441,-0.122634,Blue
B2,0.009480,-0.081817,Blue
B2,0.006915,-0.156153,Blue
B2,0.009955,-0.128189,Blue
B2,0.009198,-0.055286,Blue
B2,0.008475,-0.003258,Blue
B2,0.006847,0.000011,Blue
B2,0.007333,0.005043,Blue
B2,0.006927,-0.019130,Blue
B2,0.008136,-0.044842,Blue
B2,0.007028,-0.075431,Blue
B2,0.007085,-0.030986,Blue
B2,0.007051,-0.016405,Blue
B2,0.007243,-0.042094,Blue
B2,0.008463,0.027785,Blue
B2,0.009446,-0.068652,Blue
B2,0.009831,-0.025525,Blue
B2,0.009333,-0.099569,Blue
B2,0.009559,-0.137112,Blue
B2,0.010667,-0.116331,Blue
B2,0.012056,0.053098,Blue
B2,0.013944,0.030219,Blue
B2,0.013401,-0.000626,Blue
B2,0.009661,-0.191563,Blue
B2,0.011469,-0.037340,Blue
B2,0.009638,-0.143832,Blue
B2,0.008339,-0.034501,Blue
B2,0.014893,0.001513,Blue
B2,0.005062,0.091903,Blue
B2,0.006350,-0.002762,Blue
B2,0.005989,0.061760,Blue
B2,0.007040,0.028396,Blue
B2,0.004418,0.124460,Blue
B2,0.004621,0.173455,Blue
B2,0.004780,0.143326,Blue
B2,0.004068,0.272581,Blue
B2,0.006271,-0.044723,Blue
B2,0.006554,0.045088,Blue
B2,0.006554,0.106174,Blue
B2,0.007220,0.056521,Blue
B2,0.008723,-0.107212,Blue
B2,0.007808,-0.046867,Blue
B2,0.006847,0.022413,Blue
B2,0.008260,-0.040299,Blue
B2,0.006294,0.019774,Blue
B2,0.007232,-0.020797,Blue
B2,0.005141,0.170498,Blue
B2,0.004768,0.091897,Blue
B2,0.005616,0.108757,Blue
B2,0.004904,0.079346,Blue
B2,0.006633,0.001729,Blue
B2,0.004915,0.202044,Blue
B2,0.006791,-0.002577,Blue
B2,0.005582,0.052153,Blue
B2,0.007514,-0.011038,Blue
B2,0.012011,0.029242,Blue
B2,0.014655,0.064530,Blue
B2,0.009051,-0.054664,Blue
B2,0.009695,-0.159531,Blue
B2,0.008972,-0.022710,Blue
B2,0.006486,-0.025109,Blue
B2,0.008791,-0.089159,Blue
B2,0.006870,-0.000510,Blue
B2,0.006689,0.021180,Blue
B2,0.006576,-0.027807,Blue
B2,0.006723,-0.049219,Blue
B2,0.006542,-0.040254,Blue
B2,0.006644,0.018535,Blue
B2,0.006395,0.014790,Blue
B2,0.009062,-0.080131,Blue
B2,0.006723,-0.043989,Blue
B2,0.008746,-0.010349,Blue
B2,0.008938,-0.081649,Blue
B2,0.008723,-0.009308,Blue
B2,0.005446,0.160438,Blue
B2,0.009186,-0.106796,Blue
B2,0.005966,0.073263,Blue
B2,0.007785,0.073996,Blue
B2,0.007186,-0.028602,Blue
B2,0.007119,0.021692,Blue
B2,0.005989,0.055657,Blue
B2,0.005446,0.068268,Blue
B2,0.006407,-0.011253,Blue
B2,0.006633,-0.019532,Blue
B2,0.006226,0.018577,Blue
B2,0.008655,-0.026165,Blue
B2,0.007989,0.089644,Blue
B2,0.008350,0.047552,Blue
B2,0.008881,-0.050338,Blue
B2,0.008056,0.089206,Blue
B2,0.006429,0.027216,Blue
B2,0.006633,-0.047266,Blue
B2,0.008305,-0.016598,Blue
B2,0.009424,-0.093433,Blue
B2,0.006780,-0.051880,Blue
B2,0.006983,-0.050331,Blue
B2,0.006102,0.027116,Blue
B2,0.005898,-0.028837,Blue
B2,0.005650,0.031101,Blue
B2,0.005322,0.037460,Blue
B2,0.008667,-0.118751,Blue
B2,0.003977,0.088112,Blue
B2,0.006972,-0.082247,Blue
B2,0.006599,-0.144652,Blue
B2,0.009311,-0.046342,Blue
B2,0.012531,0.046318,Blue
B2,0.008520,-0.135307,Blue
B2,0.009153,-0.080978,Blue
B2,0.007119,-0.137220,Blue
B2,0.007650,-0.088773,Blue
B2,0.006531,-0.035572,Blue
B2,0.009458,-0.062542,Blue
B2,0.010836,-0.055085,Blue
B2,0.009503,-0.111620,Blue
B2,0.010847,-0.101124,Blue
B2,0.011085,-0.144549,Blue
B2,0.013153,0.071226,Blue
B2,0.008282,0.107917,Blue
B2,0.009469,-0.056796,Blue
B2,0.008429,-0.055894,Blue
B2,0.007706,0.029609,Blue
B2,0.008633,-0.069556,Blue
B2,0.011277,-0.122784,Blue
B2,0.010859,-0.084021,Blue
B2,0.014825,-0.048231,Blue
B2,0.032836,-0.120886,Blue
B2,0.011989,-0.083034,Blue
B2,0.012802,0.018301,Blue
B2,0.007989,0.055107,Blue
B2,0.008463,-0.001655,Blue
B2,0.007831,0.099900,Blue
B2,0.009582,-0.136381,Blue
B2,0.004802,0.073998,Blue
B2,0.009390,-0.195653,Blue
B2,0.008034,0.021764,Blue
B2,0.008904,-0.118124,Blue
B2,0.007164,-0.026602,Blue
B2,0.011480,0.050853,Blue
B2,0.007638,0.051085,Blue
B2,0.008226,0.074879,Blue
B2,0.005740,0.087462,Blue
B2,0.005831,0.084734,Blue
B2,0.010554,-0.034850,Blue
B2,0.003740,0.211995,Blue
B2,0.005876,-0.019799,Blue
B2,0.005559,0.049233,Blue
B2,0.008836,-0.097831,Blue
B2,0.005469,0.127269,Blue
B2,0.009582,-0.039355,Blue
B2,0.011107,-0.004159,Blue
B2,0.007232,-0.049247,Blue
B2,0.006316,0.019547,Blue
B2,0.006169,-0.007275,Blue
B2,0.007672,0.073965,Blue
B2,0.005051,0.121459,Blue
B2,0.005876,0.121835,Blue
B2,0.004554,0.091386,Blue
B2,0.004169,0.103829,Blue
B2,0.005390,0.163453,Blue
B2,0.006011,0.081278,Blue
B2,0.003412,0.134146,Blue
B2,0.003831,0.123732,Blue
B2,0.005842,0.078808,Blue
B2,0.011299,0.004256,Blue
B2,0.005763,-0.003115,Blue
B2,0.006621,-0.039797,Blue
B2,0.004045,0.070631,Blue
B2,0.006045,-0.010804,Blue
B2,0.006316,-0.063059,Blue
B2,0.009559,-0.027849,Blue
B2,0.012271,-0.038681,Blue
B2,0.011661,-0.050224,Blue
B2,0.010475,-0.149164,Blue
B2,0.013525,-0.027901,Blue
B2,0.005390,0.108559,Blue
B2,0.005424,0.080707,Blue
B2,0.004960,0.091905,Blue
B2,0.006475,-0.037838,Blue
B2,0.006610,-0.012655,Blue
B2,0.004011,0.067850,Blue
B2,0.007525,-0.032826,Blue
B2,0.004904,0.142531,Blue
B2,0.005751,0.058503,Blue
B2,0.005153,0.104263,Blue
B2,0.003808,0.170074,Blue
B2,0.003616,0.116253,Blue
B2,0.009424,-0.022187,Blue
B2,0.003966,0.125561,Blue
B2,0.003718,0.269813,Blue
B2,0.003593,0.141678,Blue
B2,0.004395,0.101192,Blue
B2,0.006215,0.062138,Blue
B2,0.006203,0.025730,Blue
B2,0.006090,0.006237,Blue
B2,0.005887,0.036848,Blue
B2,0.004633,0.128280,Blue
B2,0.004384,0.202460,Blue
B2,0.004441,0.078005,Blue
B2,0.003333,0.203431,Blue
B2,0.003808,0.227587,Blue
B2,0.003537,0.201119,Blue
B2,0.003401,0.195665,Blue
B2,0.003040,0.135999,Blue
B2,0.001898,0.013040,Blue
B2,0.001028,-0.057802,Blue
B2,0.000023,-0.066877,Blue
B2,0.010294,-0.034478,Blue
B2,0.005887,0.015986,Blue
B2,0.002655,0.067739,Blue
B2,0.006407,-0.078495,Blue
B2,0.005424,0.006187,Blue
B2,0.006949,-0.084514,Blue
B2,0.011040,-0.026479,Blue
B2,0.007593,0.023076,Blue
B2,0.009706,-0.080355,Blue
B2,0.008825,-0.086011,Blue
B2,0.005119,0.109259,Blue
B2,0.011164,-0.033275,Blue
B2,0.005853,0.065728,Blue
B2,-0.002102,-0.029316,Blue
B2,0.014531,0.047185,Blue
B2,0.014147,0.090801,Blue
B2,0.014734,0.057825,Blue
B2,0.014949,0.080276,Blue
B2,0.004588,0.093797,Blue
B2,0.009356,-0.110035,Blue
B2,0.009740,-0.111425,Blue
B2,0.008237,-0.032979,Blue
B2,0.005277,0.096258,Blue
B2,0.008249,0.113990,Blue
B2,0.008316,0.072068,Blue
B2,0.005220,0.204992,Blue
B2,0.008316,-0.029069,Blue
B2,0.010531,-0.177685,Blue
B2,0.005153,0.104263,Blue
B2,0.007831,0.054042,Blue
B2,0.007446,0.140520,Blue
B2,0.007390,-0.002190,Blue
B2,0.005412,0.105317,Blue
B2,0.006102,0.119284,Blue
B2,0.006576,0.127888,Blue
B2,0.007085,0.108985,Blue
B2,0.007299,0.054754,Blue
B2,0.005480,0.070759,Blue
B2,0.004136,0.256061,Blue
B2,0.007785,0.068117,Blue
B2,0.006226,0.005670,Blue
B2,0.005751,0.037604,Blue
B2,0.006554,-0.040037,Blue
B2,0.005819,0.167928,Blue
B2,0.007288,-0.013996,Blue
B2,0.006305,-0.016843,Blue
B2,0.006316,-0.033027,Blue
B2,0.005254,0.065960,Blue
B2,0.003288,0.151430,Blue
B2,0.005051,-0.000023,Blue
B2,0.005356,-0.078039,Blue
B2,0.006271,-0.128748,Blue
B2,0.006847,-0.077381,Blue
B2,0.003040,0.121867,Blue
B2,0.010938,-0.025709,Blue
B2,0.007955,-0.026112,Blue
B2,0.007096,-0.037596,Blue
B2,0.009119,-0.122517,Blue
B2,0.024237,-0.051143,Blue
B2,0.010237,-0.168548,Blue
B2,0.007153,-0.011518,Blue
B2,0.008215,-0.043775,Blue
B2,0.023842,-0.129165,Blue
B2,0.009774,-0.102311,Blue
B2,0.019853,0.052704,Blue
B2,0.008407,-0.073074,Blue
B2,0.005774,0.030382,Blue
B2,0.010249,-0.103063,Blue
B2,0.010158,-0.124381,Blue
B2,0.002000,0.074307,Blue
B2,0.032226,-0.072760,Blue
B2,0.008407,0.022897,Blue
B2,0.009921,-0.224084,Blue
B2,0.010011,-0.289479,Blue
B2,0.005345,0.020254,Blue
B2,0.011322,0.026105,Blue
B2,0.010362,-0.164615,Blue
B2,0.071390,-0.152190,Blue
B2,0.031277,-0.121099,Blue
B2,0.012328,-0.039703,Blue
B2,0.011006,-0.095523,Blue
B2,0.003718,0.197497,Blue
B2,0.017853,0.036104,Blue
B2,0.004316,0.056055,Blue
B2,0.011774,-0.006277,Blue
B2,0.007322,0.028990,Blue
B2,0.004508,0.113015,Blue
B2,0.006960,0.005639,Blue
B2,0.003898,0.111658,Blue
B2,0.008395,-0.034724,Blue
B2,0.007989,0.076119,Blue
B2,0.011028,-0.034610,Blue
B2,0.005062,0.032740,Blue
B2,0.012000,0.046229,Blue
B2,0.006045,-0.001248,Blue
B2,0.006147,-0.001575,Blue
B2,0.005232,0.045598,Blue
B2,0.005435,0.070850,Blue
B2,0.005751,0.048398,Blue
B2,0.004079,0.081902,Blue
B2,0.003277,0.106604,Blue
B2,0.007458,-0.117229,Blue
B2,0.005740,-0.023088,Blue
B2,0.008994,-0.076659,Blue
B2,0.007322,-0.081050,Blue
B2,0.007548,-0.122381,Blue
B2,0.008350,-0.100284,Blue
B2,0.010520,-0.044684,Blue
B2,0.008034,-0.102565,Blue
B2,0.008497,-0.122895,Blue
B2,0.005548,0.012217,Blue
B2,0.005989,0.049633,Blue
B2,0.006418,0.027250,Blue
B2,0.009514,-0.149824,Blue
B2,0.017944,0.061884,Blue
B2,0.016373,0.075265,Blue
B2,0.013299,-0.037159,Blue
B2,0.007220,0.051912,Blue
B2,0.008407,-0.063146,Blue
B2,0.006226,0.131056,Blue
B2,0.007051,0.040155,Blue
B2,0.005220,0.184212,Blue
B2,0.005921,0.112694,Blue
B2,0.006147,0.185849,Blue
B2,0.007198,0.054213,Blue
B2,0.008565,-0.124292,Blue
B2,0.006814,0.110917,Blue
B2,0.005774,-0.110845,Blue
B2,0.006542,0.061242,Blue
B2,0.006746,0.029872,Blue
B2,0.006881,0.054860,Blue
B2,0.013198,0.026249,Blue
B2,0.005333,0.212432,Blue
B2,0.006938,0.124581,Blue
B2,0.005706,0.157244,Blue
B2,0.005898,0.084046,Blue
B2,0.005763,0.056170,Blue
B2,0.012531,0.117919,Blue
B2,0.009333,-0.085719,Blue
B2,0.006983,0.012833,Blue
B2,0.003458,0.204178,Blue
B2,0.008881,-0.078171,Blue
B2,0.006768,0.028157,Blue
B2,0.004418,0.091389,Blue
B2,0.005322,0.090964,Blue
B2,0.005379,0.136903,Blue
B2,0.005175,0.118818,Blue
B2,0.005480,0.152003,Blue
B2,0.005921,0.105410,Blue
B2,0.004746,0.044632,Blue
B2,0.005390,0.080258,Blue
B2,0.006780,-0.154278,Blue
B2,0.011390,0.001958,Blue
B2,0.008723,-0.048223,Blue
B2,0.008780,-0.062691,Blue
B2,0.006147,0.025407,Blue
B2,0.006045,-0.022553,Blue
B2,0.009062,-0.101704,Blue
B2,0.007119,-0.114844,Blue
B2,0.008994,-0.072701,Blue
B2,0.008565,-0.085627,Blue
B2,0.009435,-0.098736,Blue
B2,0.010588,-0.041989,Blue
B2,0.010667,-0.176391,Blue
B2,0.009051,-0.045580,Blue
B2,0.009469,-0.126014,Blue
B2,0.009559,-0.143390,Blue
B2,0.008034,-0.054579,Blue
B2,0.004395,0.060662,Blue
B2,0.008780,-0.078526,Blue
B2,0.019198,0.004567,Blue
B2,0.010475,-0.166409,Blue
B2,0.011842,-0.170934,Blue
B2,0.008441,0.007185,Blue
B2,0.007627,0.035410,Blue
B2,0.009638,-0.057578,Blue
B2,0.008825,-0.190595,Blue
B2,0.008938,-0.166273,Blue
B2,0.009910,-0.233312,Blue
B2,0.005627,0.084013,Blue
B2,0.007661,0.082976,Blue
B2,0.008249,0.073722,Blue
B2,0.008350,0.049799,Blue
B2,0.007661,0.048040,Blue
B2,0.012554,0.032429,Blue
B2,0.010780,-0.028290,Blue
B2,0.008814,-0.003097,Blue
B2,0.005390,-0.038511,Blue
B2,0.007469,-0.023036,Blue
B2,0.029559,-0.109398,Blue
B2,0.015537,0.118486,Blue
B2,0.009774,-0.241531,Blue
B2,0.004768,0.071365,Blue
B2,0.005548,0.040232,Blue
B2,0.007966,0.037007,Blue
B2,0.007503,0.042130,Blue
B2,0.008226,-0.010487,Blue
B2,0.009469,-0.114659,Blue
B2,0.008859,-0.134328,Blue
B2,0.008362,-0.085861,Blue
B2,0.006667,0.076801,Blue
B2,0.009062,-0.128261,Blue
B2,0.007898,-0.038678,Blue
B2,0.006983,-0.025758,Blue
B2,0.009288,-0.124127,Blue
B2,0.007153,-0.006269,Blue
B2,0.007537,-0.052891,Blue
B2,0.006271,0.008682,Blue
B2,0.006960,-0.020192,Blue
B2,0.008090,-0.037133,Blue
B2,0.021910,0.017142,Blue
B2,0.007684,-0.094638,Blue
B2,0.015051,0.043283,Blue
B2,0.008339,-0.084677,Blue
B2,0.020983,0.018612,Blue
B2,0.012023,0.022335,Blue
B2,0.006847,-0.110126,Blue
B2,0.010723,-0.032132,Blue
B2,0.011062,-0.009292,Blue
B2,0.008870,-0.034039,Blue
B2,0.013107,0.044000,Blue
B2,0.009797,-0.053957,Blue
B3,0.008288,0.706101,Green
B3,0.011720,-0.360824,Green
B3,0.012616,-1.020173,Green
B3,0.012575,-0.664969,Green
B3,0.012143,-0.943797,Green
B3,0.013602,-1.026871,Green
B3,0.010955,0.174873,Green
B3,0.017215,-1.987428,Green
B3,0.009435,0.969749,Green
B3,0.009637,0.830048,Green
B3,0.011750,-0.465064,Green
B3,0.013048,-0.592231,Green
B3,0.017165,-2.252939,Green
B3,0.011146,0.340949,Green
B3,0.014699,-1.469118,Green
B3,0.008660,1.226176,Green
B3,0.053757,-2.363430,Green
B3,0.009395,1.271954,Green
B3,0.011036,-0.180171,Green
B3,0.010391,0.771005,Green
B3,0.011146,0.309929,Green
B3,0.011951,-0.524608,Green
B3,0.010492,0.376489,Green
B3,0.009707,0.894860,Green
B3,0.011106,0.264600,Green
B3,0.011297,0.116036,Green
B3,0.011066,0.400812,Green
B3,0.010714,0.990850,Green
B3,0.013441,-1.229603,Green
B3,0.010110,0.933588,Green
B3,0.010331,0.912286,Green
B3,0.010784,0.689641,Green
B3,0.012022,-0.708160,Green
B3,0.020868,-2.696428,Green
B3,0.008983,1.299784,Green
B3,0.010100,1.293391,Green
B3,0.009959,1.395704,Green
B3,0.009445,0.739674,Green
B3,0.011992,-0.976198,Green
B3,0.013169,-1.052918,Green
B3,0.012163,-0.674808,Green
B3,0.012485,-1.027644,Green
B3,0.012867,-1.051688,Green
B3,0.011599,0.328647,Green
B3,0.009325,1.391580,Green
B3,0.009546,1.603050,Green
B3,0.011700,-0.607731,Green
B3,0.009757,0.764610,Green
B3,0.008157,1.668097,Green
B3,0.009425,1.345480,Green
B3,0.010271,1.429220,Green
B3,0.011005,0.862738,Green
B3,0.009878,1.380910,Green
B3,0.009003,1.550866,Green
B3,0.012163,-0.784279,Green
B3,0.012767,-0.976256,Green
B3,0.012022,-0.858625,Green
B3,0.011076,0.298885,Green
B3,0.012837,-1.020743,Green
B3,0.015816,-1.580410,Green
B3,0.022468,-1.625135,Green
B3,0.010844,0.073502,Green
B3,0.011559,-0.699574,Green
B3,0.009355,1.297727,Green
B3,0.009435,0.956099,Green
B3,0.005772,1.904978,Green
B3,0.010875,0.227828,Green
B3,0.010412,0.514616,Green
B3,0.010180,0.516774,Green
B3,0.008087,1.243767,Green
B3,0.008610,1.064287,Green
B3,0.009898,0.907909,Green
B3,0.008862,0.785726,Green
B3,0.009214,0.520579,Green
B3,0.009445,0.544801,Green
B3,0.008208,0.777142,Green
B3,0.007614,1.181192,Green
B3,0.017688,-2.550575,Green
B3,0.006849,1.794223,Green
B3,0.007614,0.674047,Green
B3,0.007121,0.973209,Green
B3,0.009234,0.758603,Green
B3,0.011267,0.367980,Green
B3,0.012646,-0.830776,Green
B3,0.013240,-0.777207,Green
B3,0.014286,-1.056569,Green
B3,0.007725,0.827894,Green
B3,0.007352,0.902609,Green
B3,0.009415,0.876417,Green
B3,0.008177,0.794211,Green
B3,0.017607,-1.597185,Green
B3,0.008540,1.008076,Green
B3,0.009033,0.650426,Green
B3,0.009194,0.821834,Green
B3,0.011881,-0.133687,Green
B3,0.014729,-1.982193,Green
B3,0.017275,-2.796703,Green
B3,0.031747,-2.654132,Green
B3,0.017708,-2.281974,Green
B3,0.013230,-0.709861,Green
B3,0.013682,-1.253250,Green
B3,0.022066,-2.555881,Green
B3,0.015303,-1.974055,Green
B3,0.035461,-2.506422,Green
B3,0.017054,-1.983853,Green
B3,0.030942,-2.803976,Green
B3,0.009445,0.544801,Green
B3,0.015806,-1.446335,Green
B3,0.012626,-0.791407,Green
B3,0.020123,-2.176609,Green
B3,0.012585,-0.395479,Green
B3,0.011720,-0.116103,Green
B3,0.007181,1.799821,Green
B3,0.015393,-1.651795,Green
B3,0.015947,-1.332423,Green
B3,0.013310,-1.076152,Green
B3,0.009717,1.264169,Green
B3,0.004091,1.485732,Green
B3,0.006165,1.481964,Green
B3,0.050899,-2.165627,Green
B3,0.001867,1.683825,Green
B3,0.006376,1.741373,Green
B3,0.006940,1.247077,Green
B3,0.003669,1.907372,Green
B3,0.007382,1.254073,Green
B3,0.027349,-2.097205,Green
B3,0.010764,0.485720,Green
B3,0.008499,0.863559,Green
B3,0.009375,0.847056,Green
B3,0.007674,0.997496,Green
B3,0.010613,0.611759,Green
B3,0.007060,1.171858,Green
B3,0.012324,-0.033562,Green
B3,0.008258,1.716374,Green
B3,0.008026,0.586189,Green
B3,0.009405,0.480764,Green
B3,0.007342,1.203785,Green
B3,0.007936,0.972908,Green
B3,0.011921,-0.387733,Green
B3,0.011156,0.131766,Green
B3,0.009305,0.693432,Green
B3,0.009617,0.514670,Green
B3,0.005963,1.355077,Green
B3,0.009888,1.068042,Green
B3,0.004122,1.510375,Green
B3,0.006165,1.907890,Green
B3,0.014528,-1.512745,Green
B3,0.011800,-0.443775,Green
B3,0.009315,0.535085,Green
B3,0.000569,1.572693,Green
B3,-0.000498,1.354879,Green
B3,0.005490,1.275884,Green
B3,0.005219,1.311091,Green
B3,0.016158,-1.643315,Green
B3,0.013360,-1.389923,Green
B3,0.018262,-2.112983,Green
B3,0.020576,-2.120638,Green
B3,0.015605,-2.634374,Green
B3,0.018362,-2.765534,Green
B3,0.020053,-2.717631,Green
B3,0.018614,-1.656610,Green
B3,0.018886,-1.866651,Green
B3,0.017738,-1.671328,Green
B3,0.015041,-1.258343,Green
B3,0.013924,-0.798364,Green
B3,0.019258,-1.781600,Green
B3,0.021462,-2.056103,Green
B3,0.020737,-1.945071,Green
B3,0.023062,-2.236759,Green
B3,0.010925,0.163243,Green
B3,0.012042,-0.512897,Green
B3,0.012726,-0.501503,Green
B3,0.013018,-0.510842,Green
B3,0.014397,-0.632745,Green
B3,0.014165,-0.410590,Green
B3,0.013542,-0.349042,Green
B3,0.012133,0.172086,Green
B3,0.012696,-0.102466,Green
B3,0.015856,-1.990082,Green
B3,0.017507,-2.059535,Green
B3,0.013280,-0.152982,Green
B3,0.013491,-0.205569,Green
B3,0.013823,-0.643077,Green
B3,0.020113,-2.117574,Green
B3,0.012575,-0.326857,Green
B3,0.011921,-0.105897,Green
B3,0.011881,-0.140659,Green
B3,0.012706,0.036840,Green
B3,0.014437,-1.579689,Green
B3,0.015816,-2.083634,Green
B3,0.014145,-0.627796,Green
B3,0.017929,-2.035214,Green
B3,0.010714,0.481883,Green
B3,0.012243,-0.429899,Green
B3,0.011619,-0.218645,Green
B3,0.008620,0.477175,Green
B3,0.011448,-0.474783,Green
B3,0.008348,0.589820,Green
B3,0.011881,-0.431518,Green
B3,0.013622,-0.538431,Green
B3,0.009939,0.489660,Green
B3,0.006195,1.472960,Green
B3,0.004454,1.669783,Green
B3,0.024310,-3.039273,Green
B3,0.043462,-3.398634,Green
B3,0.040040,-3.428750,Green
B3,0.030701,-2.902297,Green
B3,0.017456,-1.799504,Green
B3,0.020466,-2.037535,Green
B3,0.039446,-2.076863,Green
B3,0.025125,-1.966806,Green
B3,0.026343,-1.984639,Green
B3,0.025689,-2.133720,Green
B3,0.034153,-2.089370,Green
B3,0.024300,-2.815447,Green
B3,0.014508,-1.518147,Green
B3,0.015313,-1.927530,Green
B3,0.013209,-0.431270,Green
B3,0.012575,-0.180869,Green
B3,0.011176,0.183460,Green
B3,0.009053,0.933808,Green
B3,0.009888,0.515914,Green
B3,0.019811,-2.626876,Green
B3,0.012344,-0.820489,Green
B3,0.013370,-0.529116,Green
B3,0.011076,0.426086,Green
B3,0.010653,0.743660,Green
B3,0.018131,-2.038279,Green
B3,0.008741,0.759540,Green
B3,0.009385,0.611490,Green
B3,0.011227,0.102419,Green
B3,0.010683,0.374404,Green
B3,0.015192,-1.139608,Green
B3,0.014347,-0.782066,Green
B3,0.014025,-0.412070,Green
B3,0.012716,-0.362002,Green
B3,0.018191,-1.827436,Green
B3,0.016047,-1.977155,Green
B3,0.012334,-0.414812,Green
B3,0.013572,-0.664522,Green
B3,0.014065,-1.196659,Green
B3,0.023676,-2.455919,Green
B3,0.014145,-0.838162,Green
B3,0.013129,-0.024252,Green
B3,0.013944,-0.355765,Green
B3,0.015061,-1.577527,Green
B3,0.010341,0.395472,Green
B3,0.015192,-1.071078,Green
B3,0.018322,-1.661264,Green
B3,0.013974,-0.674354,Green
B3,0.012696,-0.361337,Green
B3,0.008681,0.582321,Green
B3,0.006809,0.820096,Green
B3,0.011639,-0.385811,Green
B3,0.006607,0.969377,Green
B3,0.003820,1.907409,Green
B3,0.027641,-2.078501,Green
B3,0.008218,0.589107,Green
B3,0.011418,-0.049424,Green
B3,0.007996,0.613407,Green
B3,0.009506,0.412478,Green
B3,0.004574,1.355601,Green
B3,0.044217,-2.484439,Green
B3,0.018785,-2.702921,Green
B3,0.027541,-2.286262,Green
B3,0.034344,-2.265278,Green
B3,0.060722,-2.524458,Green
B3,0.036820,-3.334029,Green
B3,0.015967,-2.779310,Green
B3,0.037534,-3.597076,Green
B3,0.021120,-2.195415,Green
B3,0.021583,-2.903447,Green
B3,0.023666,-1.715223,Green
B3,0.022810,-1.633796,Green
B3,0.051261,-2.473667,Green
B3,0.015134,-1.581029,Green
B3,0.015660,-2.111231,Green
B3,0.015026,-1.971542,Green
B3,0.032360,-2.395864,Green
B3,0.066287,-3.114122,Green
B3,0.036031,-1.461722,Green
B3,0.005388,1.147133,Green
B3,0.031931,-1.480168,Green
B3,0.023301,-1.802990,Green
B3,0.021606,-1.509475,Green
B3,0.027283,-1.407377,Green
B3,0.015788,-0.944809,Green
B3,0.032993,-1.496180,Green
B3,0.040077,-1.638091,Green
B3,0.024010,-1.369228,Green
B3,0.051916,-2.590294,Green
B3,0.036793,-1.626282,Green
B3,0.013760,-0.886288,Green
B3,0.035666,-1.371464,Green
B3,0.075346,-1.448071,Green
B3,0.017205,-1.528891,Green
B3,0.015563,-1.098106,Green
B3,0.018525,-1.557115,Green
B3,0.023162,-1.624391,Green
B3,-0.034754,1.008115,Green
B3,0.033884,-1.393091,Green
B3,0.043608,-1.585374,Green
B3,0.035720,-1.376836,Green
B3,0.044682,-1.628930,Green
B3,0.017066,-1.691862,Green
B3,0.013513,-0.886792,Green
B3,0.010690,0.495657,Green
B3,0.024965,-1.444090,Green
B3,0.071278,-1.463898,Green
B3,0.047655,-1.711471,Green
B3,0.027885,-1.572653,Green
B3,0.028829,-1.773493,Green
B3,0.036117,-1.367981,Green
B3,0.010980,-0.183232,Green
B3,0.024493,-2.448921,Green
B3,0.011119,-0.037542,Green
B3,0.014758,-1.920631,Green
B3,0.019105,-2.268953,Green
B3,0.010089,0.191195,Green
B3,0.010433,0.297118,Green
B3,0.016701,-1.896026,Green
B3,0.010744,0.799780,Green
B3,0.007481,1.314421,Green
B3,0.009628,0.180363,Green
B3,0.013738,-0.623328,Green
B3,0.009488,0.226438,Green
B3,0.009123,0.400942,Green
B3,0.037201,-2.648781,Green
B3,0.007019,1.439009,Green
B3,0.008028,0.576560,Green
B3,0.009821,0.278760,Green
B3,0.021831,-2.226707,Green
B3,0.007749,1.289822,Green
B3,0.008061,0.667372,Green
B3,0.007019,1.076571,Green
B3,0.006601,1.029955,Green
B3,0.006934,1.059819,Green
B3,0.006386,1.509972,Green
B3,0.006740,1.368568,Green
B3,0.008973,0.530065,Green
B3,0.008211,0.537272,Green
B3,0.009456,1.111285,Green
B3,0.023784,-1.224914,Green
B3,0.009188,0.282157,Green
B3,0.008050,0.654352,Green
B3,0.006139,1.160252,Green
B3,0.004969,1.348851,Green
B3,0.006247,1.615782,Green
B3,0.007975,1.010759,Green
B3,0.006053,1.788828,Green
B3,0.005721,1.612264,Green
B3,0.007427,0.691220,Green
B3,0.010905,-0.028363,Green
B3,0.008490,0.523645,Green
B3,0.005474,1.419823,Green
B3,0.007481,1.652730,Green
B3,0.005892,1.962190,Green
B3,0.007653,1.632274,Green
B3,0.006365,1.740311,Green
B3,0.005420,1.942474,Green
B3,0.010390,0.266312,Green
B3,0.007395,0.870977,Green
B3,0.006848,0.947200,Green
B3,0.009166,0.591707,Green
B3,0.007320,0.803055,Green
B3,0.007781,0.752676,Green
B3,0.008705,0.609923,Green
B3,0.007363,1.256173,Green
B3,0.007502,1.076427,Green
B3,0.005774,2.130375,Green
B3,0.006311,1.810396,Green
B3,0.005474,1.883151,Green
B3,0.006011,1.559255,Green
B3,0.007567,1.122996,Green
B3,0.006547,1.072129,Green
B3,0.005613,1.907742,Green
B3,0.007706,0.835320,Green
B3,0.006096,2.140253,Green
B3,0.005860,1.850771,Green
B3,0.008908,1.111251,Green
B3,0.006944,1.260111,Green
B3,0.010400,-0.005566,Green
B3,0.010840,-0.262415,Green
B3,0.014758,-1.218855,Green
B3,0.011216,-0.425464,Green
B3,0.013738,-1.429401,Green
B3,0.012504,-0.767896,Green
B3,0.009864,0.178444,Green
B3,0.009628,0.381481,Green
B3,0.008898,0.413571,Green
B3,0.007996,0.871952,Green
B3,0.007631,0.694872,Green
B3,0.007781,0.749024,Green
B3,0.010229,0.237765,Green
B3,0.010808,-0.141116,Green
B3,0.007846,0.772785,Green
B3,0.007288,0.707736,Green
B3,0.008286,0.623501,Green
B3,0.007771,0.679454,Green
B3,0.009509,0.249074,Green
B3,0.009574,0.397764,Green
B3,0.009681,-0.010523,Green
B3,0.009370,0.032458,Green
B3,0.012043,-0.487381,Green
B3,0.012150,-0.399338,Green
B3,0.017119,-1.459559,Green
B3,0.014661,-1.114681,Green
B3,0.012236,-0.702941,Green
B3,0.012826,-0.656751,Green
B3,0.011259,-0.284053,Green
B3,0.009853,0.122707,Green
B3,0.022014,-1.880556,Green
B3,0.006150,1.403982,Green
B3,0.006547,1.013727,Green
B3,0.006172,1.065780,Green
B3,0.007170,0.802260,Green
B3,0.006129,1.714482,Green
B3,0.004808,1.521467,Green
B3,0.005388,1.491860,Green
B3,0.005098,1.463077,Green
B3,0.006472,0.891911,Green
B3,0.006590,0.954429,Green
B3,0.006236,1.147109,Green
B3,0.007009,0.791871,Green
B3,0.009617,0.382844,Green
B3,0.008984,0.530455,Green
B3,0.006773,0.943097,Green
B3,0.009284,0.441636,Green
B3,0.006483,0.975123,Green
B3,0.007631,0.717341,Green
B3,0.005152,1.157689,Green
B3,0.005860,1.207496,Green
B3,0.006655,1.012078,Green
B3,0.005485,1.435231,Green
B3,0.007438,0.943035,Green
B3,0.006096,1.247233,Green
B3,0.007116,0.857332,Green
B3,0.006365,1.038909,Green
B3,0.007942,0.666962,Green
B3,0.019481,-2.023142,Green
B3,0.021509,-2.256599,Green
B3,0.010765,0.049579,Green
B3,0.011796,-0.578639,Green
B3,0.010669,0.197554,Green
B3,0.007878,0.987437,Green
B3,0.009252,0.184782,Green
B3,0.008082,0.811623,Green
B3,0.006815,0.893870,Green
B3,0.007256,0.874263,Green
B3,0.007449,0.882790,Green
B3,0.008254,0.813560,Green
B3,0.007363,1.064426,Green
B3,0.007073,1.062347,Green
B3,0.009338,0.481073,Green
B3,0.008157,0.746481,Green
B3,0.008629,0.379479,Green
B3,0.008823,0.287906,Green
B3,0.008608,0.403054,Green
B3,0.007073,1.199656,Green
B3,0.008554,0.449798,Green
B3,0.006923,0.876521,Green
B3,0.007545,0.767250,Green
B3,0.008318,0.631093,Green
B3,0.007341,0.901623,Green
B3,0.007556,1.086910,Green
B3,0.006461,1.344879,Green
B3,0.007792,1.000803,Green
B3,0.014629,-1.195394,Green
B3,0.008168,0.931445,Green
B3,0.008082,0.636400,Green
B3,0.007846,0.647807,Green
B3,0.008458,0.567165,Green
B3,0.008758,0.416980,Green
B3,0.008061,0.623678,Green
B3,0.007470,0.861600,Green
B3,0.008157,0.707168,Green
B3,0.008973,0.455038,Green
B3,0.009241,0.186360,Green
B3,0.008082,0.722319,Green
B3,0.009434,0.462418,Green
B3,0.009273,1.323820,Green
B3,0.011635,-0.808552,Green
B3,0.010314,0.286866,Green
B3,0.010636,0.206455,Green
B3,0.017871,-2.187192,Green
B3,0.008597,0.801500,Green
B3,0.011474,-0.286742,Green
B3,0.012397,-0.759999,Green
B3,0.017710,-2.040856,Green
B3,0.018837,-2.267887,Green
B3,0.013395,-1.100792,Green
B3,0.016143,-1.970283,Green
B3,0.013427,-0.985037,Green
B3,0.013685,-1.161641,Green
B3,0.010658,0.098796,Green
B3,0.010690,-0.110598,Green
B3,0.011871,-0.419897,Green
B3,0.009134,0.363225,Green
B3,0.013127,-0.828103,Green
B3,0.009874,0.200831,Green
B3,0.018193,-1.500293,Green
B3,0.007470,0.829862,Green
B3,0.009188,0.347344,Green
B3,0.011034,-0.371121,Green
B3,0.013996,-0.983175,Green
B3,0.015874,-1.663673,Green
B3,0.010594,-0.090295,Green
B3,0.011044,-0.161134,Green
B3,0.015016,-0.998512,Green
B3,0.052463,-2.303514,Green
B3,0.012043,-0.575880,Green
B3,0.017989,-1.994086,Green
B3,0.006805,0.973350,Green
B3,0.007696,0.604355,Green
B3,0.007417,0.817581,Green
B3,0.008780,0.423290,Green
B3,0.004894,1.089767,Green
B3,0.008114,0.624104,Green
B3,0.007942,0.579114,Green
B3,0.007835,0.640958,Green
B3,0.007674,0.684899,Green
B3,0.013889,-1.135611,Green
B3,0.006751,0.892104,Green
B3,0.007567,0.618940,Green
B3,0.005624,1.070989,Green
B3,0.006257,1.194731,Green
B3,0.019599,-2.227558,Green
B3,0.005742,2.422587,Green
B3,0.006386,1.011334,Green
B3,0.006461,1.052990,Green
B3,0.008018,0.528990,Green
B3,0.006043,1.471253,Green
B3,0.011431,-0.113554,Green
B3,0.016153,-1.949538,Green
B3,0.007642,0.629333,Green
B3,0.007116,0.993787,Green
B3,0.009230,0.658694,Green
B3,0.007170,0.767189,Green
B3,0.005828,1.551130,Green
B3,0.006107,1.044166,Green
B3,0.006129,1.267126,Green
B3,0.006665,2.265153,Green
B3,0.006139,1.387212,Green
B3,0.007137,0.997389,Green
B3,0.005087,2.061876,Green
B3,0.006408,1.965270,Green
B3,0.007910,1.047806,Green
B3,0.015048,-1.380015,Green
B3,0.009735,0.941248,Green
B3,0.009241,0.774003,Green
B3,0.005892,2.029954,Green
B3,0.009649,0.459724,Green
B3,0.012729,-0.635178,Green
B3,0.020479,-1.497607,Green
B3,0.013373,-1.054574,Green
B3,0.011023,-0.122358,Green
B3,0.010894,-0.136156,Green
B3,0.019599,-1.632624,Green
B3,0.006011,1.061020,Green
B3,0.007073,1.020386,Green
B3,0.005871,1.134829,Green
B3,0.007384,0.797160,Green
B3,0.006987,1.025307,Green
B3,0.005667,1.815270,Green
B3,0.010594,0.719258,Green
B3,0.005270,1.269072,Green
B3,0.006858,1.251394,Green
B3,0.005925,1.400059,Green
B3,0.004873,1.634274,Green
B3,0.004948,1.887144,Green
B3,0.019352,-2.221731,Green
B3,0.006590,2.060394,Green
B3,0.005045,1.663013,Green
B3,0.004733,1.722460,Green
B3,0.005678,1.564783,Green
B3,0.007352,0.922072,Green
B3,0.008544,0.950031,Green
B3,0.008222,1.082042,Green
B3,0.008157,1.248687,Green
B3,0.006075,1.629987,Green
B3,0.005248,1.301218,Green
B3,0.006665,1.948842,Green
B3,0.004851,2.530219,Green
B3,0.005356,1.903580,Green
B3,0.005742,1.994681,Green
B3,0.005560,2.224511,Green
B3,0.005528,1.968104,Green
B3,0.004819,1.998163,Green
B3,0.004658,1.732529,Green
B3,0.006290,1.424252,Green
B3,0.022014,-2.138318,Green
B3,0.014457,-1.303134,Green
B3,0.009402,0.570444,Green
B3,0.011441,-0.224185,Green
B3,0.017795,-1.777696,Green
B3,0.012257,-0.592798,Green
B3,0.030128,-2.063421,Green
B3,0.013159,-0.688412,Green
B3,0.024278,-2.033179,Green
B3,0.013985,-1.205475,Green
B3,0.007867,1.761916,Green
B3,0.013255,-0.944877,Green
B3,0.012966,-0.454310,Green
B3,0.007277,1.380953,Green
B3,0.015509,-1.386076,Green
B3,0.014372,-0.783360,Green
B3,0.015939,-1.554391,Green
B3,0.019717,-2.073492,Green
B3,0.005345,1.575337,Green
B3,0.007814,0.664105,Green
B3,0.007771,0.698531,Green
B3,0.011334,0.515108,Green
B3,0.005646,1.139786,Green
B3,0.006601,0.984351,Green
B3,0.006783,0.901589,Green
B3,0.005087,1.323063,Green
B3,0.007846,0.559228,Green
B3,0.010100,0.027065,Green
B3,0.005925,1.400059,Green
B3,0.006783,0.886772,Green
B3,0.006129,1.108504,Green
B3,0.010894,-0.058934,Green
B3,0.006343,1.363901,Green
B3,0.005903,1.081027,Green
B3,0.005860,1.261822,Green
B3,0.006182,1.132023,Green
B3,0.007159,0.777998,Green
B3,0.006826,1.066926,Green
B3,0.005592,1.526797,Green
B3,0.009649,0.925407,Green
B3,0.006440,0.982730,Green
B3,0.006043,1.159862,Green
B3,0.007470,0.895020,Green
B3,0.005463,1.175505,Green
B3,0.009724,0.623460,Green
B3,0.007298,0.878156,Green
B3,0.007084,0.901093,Green
B3,0.007459,1.492450,Green
B3,0.006536,1.740993,Green
B3,0.006976,1.404388,Green
B3,0.009928,0.486107,Green
B3,0.020715,-2.303294,Green
B3,0.015863,-2.090958,Green
B3,0.009037,0.914375,Green
B3,0.029172,-2.870789,Green
B3,0.011420,-0.006468,Green
B3,0.009767,0.466515,Green
B3,0.013084,-0.548528,Green
B3,0.023591,-2.073881,Green
B3,0.012397,-0.727639,Green
B3,0.018837,-1.645374,Green
B3,0.009928,0.089005,Green
B3,0.028249,-2.488323,Green
B3,0.013481,-1.042996,Green
B3,0.028067,-2.437066,Green
B3,0.017538,-1.351259,Green
B3,0.009424,1.283824,Green
B3,0.010411,0.120354,Green
B3,0.010100,0.188992,Green
B3,0.010411,0.715059,Green
B3,0.046678,-2.199215,Green
B3,0.008640,0.653163,Green
B3,0.009724,0.133395,Green
B3,0.009670,0.032267,Green
B3,0.008200,1.522015,Green
B3,0.010347,0.295320,Green
B3,0.011334,-0.276095,Green
B3,0.072126,-1.883904,Green
B3,0.050338,-1.948668,Green
B3,0.013137,-0.666758,Green
B3,0.011710,-0.418495,Green
B3,0.006311,2.325370,Green
B3,0.028131,-1.722625,Green
B3,0.007696,1.358437,Green
B3,0.011001,0.012344,Green
B3,0.008801,0.805669,Green
B3,0.007985,1.119466,Green
B3,0.009306,0.728664,Green
B3,0.007567,1.695325,Green
B3,0.010325,0.213097,Green
B3,0.008715,0.888221,Green
B3,0.013481,-1.176182,Green
B3,0.006053,1.728514,Green
B3,0.015606,-1.782447,Green
B3,0.009810,0.598328,Green
B3,0.008780,0.693111,Green
B3,0.006064,1.598081,Green
B3,0.007814,1.518421,Green
B3,0.008372,1.310038,Green
B3,0.006934,1.968516,Green
B3,0.006697,1.899687,Green
B3,0.015198,-1.166276,Green
B3,0.012107,-0.780206,Green
B3,0.013406,-1.203993,Green
B3,0.013760,-0.728151,Green
B3,0.013137,-0.930832,Green
B3,0.015971,-2.120254,Green
B3,0.017602,-2.118984,Green
B3,0.016400,-1.416284,Green
B3,0.013534,-1.103361,Green
B3,0.009767,0.736468,Green
B3,0.007781,0.901732,Green
B3,0.006644,0.939898,Green
B3,0.008715,0.587321,Green
B3,0.018107,-1.269593,Green
B3,0.016529,-1.233355,Green
B3,0.022153,-1.763354,Green
B3,0.005860,1.030459,Green
B3,0.006719,0.902362,Green
B3,0.005646,1.335358,Green
B3,0.006955,0.884537,Green
B3,0.006418,1.369073,Green
B3,0.006161,1.266886,Green
B3,0.005774,1.365970,Green
B3,0.005914,1.396334,Green
B3,0.007234,0.721630,Green
B3,0.007116,1.243983,Green
B3,0.009520,0.446523,Green
B3,0.005785,1.441119,Green
B3,0.006826,1.181926,Green
B3,0.006558,1.232028,Green
B3,0.019384,-1.600810,Green
B3,0.006644,1.343651,Green
B3,0.005753,1.165671,Green
B3,0.005452,1.315501,Green
B3,0.005699,1.417308,Green
B3,0.006279,1.352474,Green
B3,0.013094,-0.513530,Green
B3,0.009896,0.637462,Green
B3,0.008393,1.126209,Green
B3,0.004454,1.352871,Green
B3,0.008082,0.704434,Green
B3,0.007878,0.848195,Green
B3,0.005892,1.318786,Green
B3,0.008490,1.411007,Green
B3,0.005817,1.316343,Green
B3,0.006579,1.333468,Green
B3,0.006257,1.285890,Green
B3,0.007245,0.920790,Green
B3,0.006730,1.517502,Green
B3,0.007223,1.462538,Green
B3,0.017742,-2.499081,Green
B3,0.039004,-3.019397,Green
B3,0.033756,-3.012287,Green
B3,0.021273,-2.455431,Green
B3,0.014168,-1.031251,Green
B3,0.013245,-1.212360,Green
B3,0.028078,-1.566157,Green
B3,0.015058,-1.146632,Green
B3,0.016196,-1.360656,Green
B3,0.017591,-1.410225,Green
B3,0.025008,-1.838960,Green
B3,0.016840,-2.587023,Green
B3,0.012987,-1.117877,Green
B3,0.011162,-0.132240,Green
B3,0.009477,-0.023462,Green
B3,0.009027,0.229624,Green
B3,0.010594,0.249107,Green
B3,0.010272,0.313326,Green
B3,0.008951,0.358117,Green
B3,0.030171,-2.158449,Green
B3,0.009907,0.157440,Green
B3,0.010701,0.115637,Green
B3,0.008082,0.641417,Green
B3,0.007449,0.780335,Green
B3,0.016014,-1.413505,Green
B3,0.007578,0.715440,Green
B3,0.007749,0.754505,Green
B3,0.008136,0.666679,Green
B3,0.006987,1.301842,Green
B3,0.007041,1.038257,Green
B3,0.007395,0.911732,Green
B3,0.007824,0.890964,Green
B3,0.007567,1.000014,Green
B3,0.012901,-0.306105,Green
B3,0.015617,-1.914613,Green
B3,0.008672,0.684036,Green
B3,0.007459,1.154159,Green
B3,0.008747,0.810414,Green
B3,0.040796,-2.947995,Green
B3,0.017473,-2.057620,Green
B3,0.010035,-0.082021,Green
B3,0.007105,1.767274,Green
B3,0.008125,1.626030,Green
B3,0.008018,0.877863,Green
B3,0.008994,0.863565,Green
B3,0.011023,-0.121392,Green
B3,0.010658,0.161070,Green
B3,0.011635,-0.486715,Green
B3,0.008608,0.495881,Green
B3,0.007180,0.988338,Green
B3,0.009982,0.227725,Green
B3,0.009134,0.435111,Green
B3,0.012279,-0.744238,Green
B3,0.021767,-1.846642,Green
B3,0.007900,0.767819,Green
B3,0.008383,0.560612,Green
B3,0.008018,0.844712,Green
B3,0.009220,0.606257,Green
B3,0.011227,0.358978,Green
B3,0.056692,-2.376862,Green
B3,0.014812,-2.534946,Green
B3,0.037705,-2.649735,Green
B3,0.031577,-2.311298,Green
B3,0.050381,-2.526380,Green
B3,0.035301,-3.372538,Green
B3,0.014189,-1.746218,Green
B3,0.034249,-2.940742,Green
B3,0.026554,-2.929151,Green
B3,0.019566,-2.332855,Green
B3,0.023033,-1.429653,Green
B3,0.024922,-1.683171,Green
B4,0.004123,-0.050216,Red
B4,0.005597,0.033336,Red
B4,0.004758,0.171509,Red
B4,0.004269,0.097929,Red
B4,0.004562,0.123282,Red
B4,0.004279,0.106105,Red
B4,0.004143,0.055842,Red
B4,0.005090,0.141275,Red
B4,0.004396,0.063528,Red
B4,0.003527,0.008221,Red
B4,0.004601,0.125724,Red
B4,0.005041,0.101394,Red
B4,0.008760,-0.022447,Red
B4,0.004016,0.133111,Red
B4,0.004816,0.067940,Red
B4,0.001175,-0.032053,Red
B4,0.034408,-0.214748,Red
B4,0.001799,-0.000368,Red
B4,0.000950,-0.042732,Red
B4,0.004523,0.064317,Red
B4,0.005988,0.247278,Red
B4,0.006105,0.229350,Red
B4,0.004387,0.009830,Red
B4,0.005295,0.133175,Red
B4,0.006349,0.077877,Red
B4,0.006193,0.095034,Red
B4,0.005958,0.229578,Red
B4,0.005392,0.268140,Red
B4,0.006720,0.069321,Red
B4,0.005168,0.340189,Red
B4,0.005246,0.318482,Red
B4,0.005646,0.157391,Red
B4,0.006134,0.117564,Red
B4,0.007745,0.101753,Red
B4,0.004875,0.133512,Red
B4,0.005500,0.110893,Red
B4,0.005041,0.149058,Red
B4,0.004182,-0.009644,Red
B4,0.006583,0.121053,Red
B4,0.006671,0.061977,Red
B4,0.006476,0.065730,Red
B4,0.006554,0.092634,Red
B4,0.006408,0.074282,Red
B4,0.006202,0.148047,Red
B4,0.004582,0.177766,Red
B4,0.005216,0.369375,Red
B4,0.006534,0.087101,Red
B4,0.005480,0.184074,Red
B4,0.003820,0.116412,Red
B4,0.005119,0.369839,Red
B4,0.005558,0.341092,Red
B4,0.006652,0.211441,Red
B4,0.004719,0.128034,Red
B4,0.003879,0.104378,Red
B4,0.005011,0.158922,Red
B4,0.005119,0.100095,Red
B4,0.004640,0.067156,Red
B4,0.005695,0.179487,Red
B4,0.005441,0.146275,Red
B4,0.006798,-0.019809,Red
B4,0.010762,0.001510,Red
B4,0.003752,0.095929,Red
B4,0.002873,0.076118,Red
B4,0.002424,-0.024639,Red
B4,0.001321,0.027448,Red
B4,0.001965,-0.093772,Red
B4,0.004875,0.121969,Red
B4,0.005314,0.223580,Red
B4,0.004357,0.021509,Red
B4,0.004074,0.010655,Red
B4,0.004689,0.279504,Red
B4,0.005851,0.167265,Red
B4,0.004592,0.243192,Red
B4,0.004474,0.108114,Red
B4,0.005236,0.207270,Red
B4,0.004182,-0.043767,Red
B4,0.003752,-0.018716,Red
B4,0.005090,0.138158,Red
B4,0.003371,0.059982,Red
B4,0.004133,0.021523,Red
B4,0.003264,-0.062834,Red
B4,0.005187,0.254412,Red
B4,0.006593,0.182142,Red
B4,0.006251,0.038203,Red
B4,0.007677,-0.001386,Red
B4,0.010274,0.042329,Red
B4,0.004240,-0.044711,Red
B4,0.003596,0.042019,Red
B4,0.005041,0.073396,Red
B4,0.004484,0.049233,Red
B4,0.013115,-0.075616,Red
B4,0.004621,0.190732,Red
B4,0.004260,-0.009683,Red
B4,0.004992,0.326182,Red
B4,0.007843,0.118455,Red
B4,0.010957,0.134375,Red
B4,0.011709,0.053962,Red
B4,0.012207,0.072569,Red
B4,0.003957,0.059136,Red
B4,0.006427,0.040783,Red
B4,0.005705,0.075017,Red
B4,0.006593,0.088145,Red
B4,0.006027,0.068507,Red
B4,0.009307,0.085779,Red
B4,0.006886,0.034329,Red
B4,0.010977,-0.003051,Red
B4,0.005236,0.207270,Red
B4,0.008614,0.015677,Red
B4,0.005656,0.103360,Red
B4,0.005890,0.123470,Red
B4,0.006339,0.409477,Red
B4,0.005812,0.404433,Red
B4,0.003391,0.060927,Red
B4,0.005412,0.097940,Red
B4,0.010098,-0.016388,Red
B4,0.006925,-0.050998,Red
B4,0.002532,0.037042,Red
B4,0.001048,0.026974,Red
B4,0.001165,-0.004279,Red
B4,0.074221,0.005350,Red
B4,0.001057,0.005127,Red
B4,0.003069,-0.021686,Red
B4,0.002717,-0.004823,Red
B4,0.001184,0.023609,Red
B4,0.003801,0.061122,Red
B4,0.022448,-0.099180,Red
B4,0.006573,0.042859,Red
B4,0.004250,-0.004130,Red
B4,0.004064,0.031218,Red
B4,0.004055,0.043630,Red
B4,0.006310,0.053644,Red
B4,0.003508,0.046224,Red
B4,0.005656,0.075251,Red
B4,0.003293,-0.025688,Red
B4,0.004504,0.009489,Red
B4,0.005539,0.097830,Red
B4,0.003791,0.045830,Red
B4,0.004182,0.022896,Red
B4,0.006925,0.087979,Red
B4,0.005968,0.410797,Red
B4,0.004631,0.079587,Red
B4,0.005216,0.410244,Red
B4,0.002649,-0.047182,Red
B4,0.006720,0.213656,Red
B4,0.002229,-0.053684,Red
B4,0.003078,-0.086867,Red
B4,0.006378,0.083256,Red
B4,0.005480,0.144757,Red
B4,0.005353,0.161958,Red
B4,0.001048,0.035180,Red
B4,0.001048,0.017230,Red
B4,0.003586,0.021318,Red
B4,0.003654,0.024120,Red
B4,0.004416,0.040403,Red
B4,0.005851,0.095698,Red
B4,0.009776,-0.196585,Red
B4,0.008487,-0.129414,Red
B4,0.006534,0.076063,Red
B4,0.007267,0.063236,Red
B4,0.006642,0.079507,Red
B4,0.006847,0.051037,Red
B4,0.011504,-0.125495,Red
B4,0.010459,-0.073617,Red
B4,0.008233,-0.016384,Red
B4,0.007804,-0.003433,Red
B4,0.008878,0.155109,Red
B4,0.008897,0.080372,Red
B4,0.009991,0.087323,Red
B4,0.008077,-0.161349,Red
B4,0.004826,0.090046,Red
B4,0.006066,0.070059,Red
B4,0.006720,0.048293,Red
B4,0.007345,0.021726,Red
B4,0.008409,0.027006,Red
B4,0.008868,0.027988,Red
B4,0.008360,0.053304,Red
B4,0.006944,0.145735,Red
B4,0.006905,0.095346,Red
B4,0.010196,0.105870,Red
B4,0.009161,0.034335,Red
B4,0.007657,0.072385,Red
B4,0.008077,0.068821,Red
B4,0.007433,0.038877,Red
B4,0.009707,-0.035470,Red
B4,0.008009,0.015207,Red
B4,0.007560,0.032756,Red
B4,0.007081,0.010521,Red
B4,0.007745,0.055725,Red
B4,0.008673,0.054666,Red
B4,0.010205,0.047534,Red
B4,0.008546,0.098901,Red
B4,0.012158,0.043833,Red
B4,0.006661,0.088477,Red
B4,0.008438,-0.025828,Red
B4,0.007384,0.119570,Red
B4,0.004953,0.064153,Red
B4,0.005695,0.115928,Red
B4,0.004484,0.004353,Red
B4,0.007306,0.048279,Red
B4,0.008760,0.012731,Red
B4,0.006251,0.125750,Red
B4,0.003098,-0.057858,Red
B4,0.001546,0.016693,Red
B4,0.007530,0.049481,Red
B4,0.010762,-0.012889,Red
B4,0.012177,-0.080988,Red
B4,0.013017,-0.011887,Red
B4,0.010430,-0.191362,Red
B4,0.010986,-0.132630,Red
B4,0.016893,-0.291551,Red
B4,0.013788,-0.177246,Red
B4,0.014013,-0.190134,Red
B4,0.010918,-0.102032,Red
B4,0.015048,-0.256762,Red
B4,0.008321,0.051938,Red
B4,0.006456,0.044946,Red
B4,0.006388,0.058563,Red
B4,0.005773,0.052380,Red
B4,0.005734,0.089437,Red
B4,0.003869,-0.020729,Red
B4,0.001135,-0.018487,Red
B4,0.003176,-0.058973,Red
B4,0.007677,0.116379,Red
B4,0.005109,0.107030,Red
B4,0.005441,0.094744,Red
B4,0.004914,0.259354,Red
B4,0.005226,0.288441,Red
B4,0.004474,0.082524,Red
B4,0.003811,0.002391,Red
B4,0.004396,0.109593,Red
B4,0.005783,0.085688,Red
B4,0.005900,0.096921,Red
B4,0.009825,0.101783,Red
B4,0.009053,0.101031,Red
B4,0.008926,0.104245,Red
B4,0.006486,0.075629,Red
B4,0.008985,0.091906,Red
B4,0.009180,0.025551,Red
B4,0.007150,0.015454,Red
B4,0.008399,0.067294,Red
B4,0.008956,0.062121,Red
B4,0.009268,0.031447,Red
B4,0.009483,0.068917,Red
B4,0.007608,0.073860,Red
B4,0.009571,0.114966,Red
B4,0.010430,0.065173,Red
B4,0.004484,0.159421,Red
B4,0.009493,0.097952,Red
B4,0.010235,0.077397,Red
B4,0.007755,-0.016564,Red
B4,0.007677,0.002910,Red
B4,0.004650,0.006634,Red
B4,0.003225,-0.003736,Red
B4,0.006769,0.033684,Red
B4,0.001546,-0.002669,Red
B4,0.000950,0.049963,Red
B4,0.013378,-0.255650,Red
B4,0.004963,0.031125,Red
B4,0.007091,0.015871,Red
B4,0.003772,0.025319,Red
B4,0.004279,0.026561,Red
B4,0.000950,-0.024551,Red
B4,0.012890,0.083617,Red
B4,0.006710,0.094396,Red
B4,0.004582,0.059620,Red
B4,0.007071,0.102643,Red
B4,0.014511,0.063530,Red
B4,0.014325,-0.116652,Red
B4,0.008565,0.022017,Red
B4,0.014472,-0.113912,Red
B4,0.001721,0.171054,Red
B4,0.008731,-0.005450,Red
B4,0.008858,-0.013042,Red
B4,0.009229,-0.002075,Red
B4,0.042467,0.012381,Red
B4,0.005698,0.130749,Red
B4,0.007192,0.097716,Red
B4,0.005922,0.121754,Red
B4,0.024733,0.012530,Red
B4,0.063455,-0.016694,Red
B4,0.027454,-0.119157,Red
B4,-0.004727,0.070409,Red
B4,0.022023,-0.096692,Red
B4,0.012292,-0.102278,Red
B4,0.012761,-0.099371,Red
B4,0.017979,-0.094285,Red
B4,0.006669,0.020700,Red
B4,0.024232,-0.092899,Red
B4,0.032042,-0.102217,Red
B4,0.015898,-0.097562,Red
B4,0.047397,-0.126311,Red
B4,0.028190,-0.107312,Red
B4,0.005634,0.117350,Red
B4,0.025149,-0.098543,Red
B4,0.070391,-0.070567,Red
B4,0.008504,-0.093727,Red
B4,0.007725,-0.021133,Red
B4,0.008685,-0.072973,Red
B4,0.013946,-0.122144,Red
B4,-0.043779,0.078976,Red
B4,0.024648,-0.085569,Red
B4,0.034358,-0.126672,Red
B4,0.026291,-0.086698,Red
B4,0.037847,-0.125430,Red
B4,0.009571,-0.134929,Red
B4,0.007469,0.002787,Red
B4,0.002796,0.013298,Red
B4,0.017915,-0.072503,Red
B4,0.065120,-0.076911,Red
B4,0.040472,-0.119298,Red
B4,0.019761,-0.103755,Red
B4,0.004556,0.072488,Red
B4,0.023431,-0.065891,Red
B4,0.000395,-0.002932,Red
B4,0.014394,-0.000441,Red
B4,0.000405,0.097658,Red
B4,0.002860,0.138141,Red
B4,0.006242,0.101416,Red
B4,0.000971,-0.088282,Red
B4,0.000854,-0.040144,Red
B4,0.001782,0.067794,Red
B4,0.003062,-0.003792,Red
B4,0.000043,-0.015205,Red
B4,0.001504,-0.044151,Red
B4,0.002166,-0.051395,Red
B4,0.000768,-0.074931,Red
B4,0.001088,-0.132127,Red
B4,0.028180,0.039814,Red
B4,0.000128,0.009030,Red
B4,0.001152,-0.090547,Red
B4,0.002241,-0.064512,Red
B4,0.015440,0.001165,Red
B4,0.000790,0.009097,Red
B4,0.001387,-0.070297,Red
B4,0.000331,0.056313,Red
B4,-0.000043,0.029306,Red
B4,0.000427,-0.041465,Red
B4,0.000053,0.020455,Red
B4,-0.000064,0.028365,Red
B4,0.002251,-0.013744,Red
B4,0.000459,-0.033606,Red
B4,0.000907,-0.000600,Red
B4,0.017147,-0.095393,Red
B4,0.000715,-0.084087,Red
B4,0.001206,-0.051087,Red
B4,-0.000181,-0.000867,Red
B4,-0.000405,0.049168,Red
B4,0.000726,0.012856,Red
B4,0.000950,0.000651,Red
B4,0.000139,-0.018152,Red
B4,-0.000523,0.109560,Red
B4,0.001430,-0.014054,Red
B4,0.001579,0.046462,Red
B4,0.001440,-0.045871,Red
B4,-0.000224,0.013785,Red
B4,0.000384,0.005610,Red
B4,-0.000331,0.037245,Red
B4,-0.000896,0.086365,Red
B4,-0.000331,0.029116,Red
B4,-0.000437,0.041975,Red
B4,0.000683,0.024982,Red
B4,0.000630,-0.037324,Red
B4,0.000950,-0.018961,Red
B4,0.001206,0.006652,Red
B4,0.000747,-0.042901,Red
B4,0.001238,0.023667,Red
B4,0.001686,-0.031987,Red
B4,0.001184,-0.016749,Red
B4,0.000886,-0.037096,Red
B4,-0.000875,0.103722,Red
B4,-0.000096,0.011479,Red
B4,0.000501,0.003735,Red
B4,0.000566,-0.012026,Red
B4,0.001259,-0.014415,Red
B4,0.000939,-0.026991,Red
B4,-0.000534,0.078820,Red
B4,0.001398,-0.030920,Red
B4,0.000928,0.008555,Red
B4,-0.000096,0.026644,Red
B4,0.002059,-0.048864,Red
B4,-0.000224,0.024228,Red
B4,0.001227,-0.013296,Red
B4,0.000939,-0.059839,Red
B4,0.002732,0.009930,Red
B4,0.002038,-0.042461,Red
B4,0.002230,0.036937,Red
B4,0.001152,0.025112,Red
B4,0.001110,-0.068789,Red
B4,0.000886,-0.059775,Red
B4,0.000747,-0.061624,Red
B4,0.000726,-0.062149,Red
B4,0.000768,-0.052016,Red
B4,0.000598,-0.067971,Red
B4,0.001611,-0.004671,Red
B4,0.002561,-0.004493,Red
B4,0.001494,0.007472,Red
B4,0.000587,0.018857,Red
B4,0.001099,0.000980,Red
B4,0.000694,0.026836,Red
B4,0.001793,-0.012025,Red
B4,0.001878,-0.054944,Red
B4,0.001238,-0.047882,Red
B4,0.000630,-0.101311,Red
B4,0.001152,-0.034724,Red
B4,0.001142,-0.048724,Red
B4,0.002497,0.030486,Red
B4,0.001718,-0.023711,Red
B4,0.000992,0.018176,Red
B4,0.001686,-0.009745,Red
B4,0.001163,-0.057592,Red
B4,0.000736,-0.100565,Red
B4,0.003777,0.068132,Red
B4,-0.000437,0.009524,Red
B4,0.000288,-0.021618,Red
B4,-0.000117,0.002268,Red
B4,0.000416,-0.054485,Red
B4,0.000021,-0.039235,Red
B4,-0.000800,0.034697,Red
B4,-0.000662,0.033169,Red
B4,-0.000950,0.079655,Red
B4,0.000288,0.005133,Red
B4,0.000331,0.012906,Red
B4,-0.000352,0.060686,Red
B4,0.000544,-0.035426,Red
B4,0.001280,0.033571,Red
B4,0.001142,-0.019250,Red
B4,0.000075,0.055658,Red
B4,0.001312,-0.032849,Red
B4,0.000267,0.033006,Red
B4,0.000555,0.020055,Red
B4,-0.000149,0.078451,Red
B4,-0.000043,0.018294,Red
B4,0.000534,0.022221,Red
B4,-0.000203,-0.014970,Red
B4,0.001259,-0.014753,Red
B4,0.000171,0.026466,Red
B4,0.000864,-0.037417,Red
B4,-0.000171,0.040549,Red
B4,0.001174,-0.005025,Red
B4,0.002507,0.138392,Red
B4,0.003489,0.062776,Red
B4,0.000886,-0.093849,Red
B4,0.001302,-0.016506,Red
B4,0.000960,-0.069127,Red
B4,0.000395,-0.024831,Red
B4,0.001302,-0.046656,Red
B4,0.000149,-0.045828,Red
B4,0.000459,-0.047954,Red
B4,0.000886,-0.031060,Red
B4,0.000662,-0.007862,Red
B4,0.000363,-0.040953,Red
B4,0.000747,-0.044682,Red
B4,0.000811,-0.050641,Red
B4,0.001761,-0.009237,Red
B4,0.000075,0.002565,Red
B4,0.001259,0.008385,Red
B4,0.001152,-0.033309,Red
B4,0.001408,0.006646,Red
B4,-0.000907,0.087915,Red
B4,0.001697,-0.027329,Red
B4,0.000299,0.022987,Red
B4,0.000171,0.072827,Red
B4,0.000982,0.001657,Red
B4,0.000704,-0.052304,Red
B4,0.000534,-0.020848,Red
B4,0.000213,-0.020219,Red
B4,0.001195,-0.031796,Red
B4,0.003073,0.053174,Red
B4,0.001451,-0.020209,Red
B4,0.001579,-0.047907,Red
B4,0.001280,-0.024269,Red
B4,0.001120,-0.062790,Red
B4,0.001472,-0.015630,Red
B4,0.000427,-0.054166,Red
B4,0.000224,-0.076059,Red
B4,0.000619,0.020423,Red
B4,0.000971,-0.067924,Red
B4,0.001771,-0.012069,Red
B4,0.000630,0.020795,Red
B4,0.002187,-0.035382,Red
B4,0.001686,0.033693,Red
B4,0.002273,0.106919,Red
B4,0.002315,-0.038835,Red
B4,0.002454,-0.038876,Red
B4,0.003073,-0.032415,Red
B4,0.000480,-0.039817,Red
B4,0.002262,-0.010267,Red
B4,0.002369,0.002097,Red
B4,0.003137,0.045159,Red
B4,0.004257,0.055819,Red
B4,0.003052,0.012926,Red
B4,0.002529,-0.005572,Red
B4,0.002881,-0.009447,Red
B4,0.002273,-0.002698,Red
B4,0.001558,0.019325,Red
B4,0.001291,-0.033474,Red
B4,0.001729,-0.020117,Red
B4,0.000363,-0.042812,Red
B4,0.001227,0.007618,Red
B4,0.001536,-0.052562,Red
B4,0.001504,0.076596,Red
B4,0.000843,-0.057421,Red
B4,0.001675,-0.050259,Red
B4,0.001771,-0.015109,Red
B4,0.003895,0.084930,Red
B4,0.005431,0.076501,Red
B4,0.001686,-0.043235,Red
B4,0.001280,-0.011130,Red
B4,0.002027,-0.019788,Red
B4,0.036950,-0.203016,Red
B4,0.001686,-0.033969,Red
B4,0.002443,0.015900,Red
B4,-0.000075,0.030508,Red
B4,0.000555,-0.053644,Red
B4,0.000213,-0.020982,Red
B4,0.001697,-0.019626,Red
B4,-0.000352,-0.005471,Red
B4,0.001238,-0.064610,Red
B4,0.000651,-0.067352,Red
B4,0.000907,-0.056105,Red
B4,0.000694,-0.062047,Red
B4,0.002123,-0.016478,Red
B4,0.000683,-0.053500,Red
B4,0.000854,-0.056693,Red
B4,-0.000064,0.016970,Red
B4,-0.000021,0.012514,Red
B4,0.003308,0.061664,Red
B4,-0.000523,0.067836,Red
B4,0.000277,0.008712,Red
B4,0.000640,-0.005415,Red
B4,0.001515,-0.030387,Red
B4,-0.000277,-0.004607,Red
B4,0.001899,0.002480,Red
B4,0.003276,0.066606,Red
B4,0.000928,-0.044850,Red
B4,0.000501,-0.065970,Red
B4,0.000096,-0.057806,Red
B4,0.001376,-0.041276,Red
B4,-0.000320,-0.003535,Red
B4,-0.000352,0.064237,Red
B4,-0.000192,0.066681,Red
B4,0.001323,-0.002037,Red
B4,-0.000085,-0.031633,Red
B4,0.000256,-0.071345,Red
B4,-0.000982,0.055143,Red
B4,0.000448,0.050114,Red
B4,0.002027,-0.010763,Red
B4,0.005890,0.066701,Red
B4,0.000651,-0.019766,Red
B4,0.000576,-0.026959,Red
B4,-0.000555,0.111007,Red
B4,0.000875,0.001671,Red
B4,0.002678,0.129508,Red
B4,0.006615,0.025086,Red
B4,0.002347,-0.001521,Red
B4,0.002070,-0.004150,Red
B4,0.001697,0.026998,Red
B4,0.002796,0.164721,Red
B4,0.000053,0.014429,Red
B4,-0.000555,0.074219,Red
B4,-0.000875,0.064290,Red
B4,0.000245,0.021670,Red
B4,0.001494,-0.040256,Red
B4,0.000469,0.015087,Red
B4,0.004012,0.019156,Red
B4,-0.000736,0.098138,Red
B4,0.000843,-0.027684,Red
B4,-0.000149,-0.011789,Red
B4,-0.000982,0.080224,Red
B4,-0.000747,0.096924,Red
B4,0.003148,0.044900,Red
B4,0.000171,0.015746,Red
B4,-0.000566,0.081463,Red
B4,-0.000928,0.095153,Red
B4,0.000032,-0.035280,Red
B4,0.001174,-0.037859,Red
B4,0.001227,-0.014472,Red
B4,0.001387,-0.007706,Red
B4,0.002529,-0.014750,Red
B4,0.000331,-0.032962,Red
B4,-0.000181,0.047041,Red
B4,0.000672,0.003870,Red
B4,-0.000715,0.067558,Red
B4,0.000309,0.022473,Red
B4,-0.000075,0.019281,Red
B4,-0.000427,0.070454,Red
B4,0.000928,-0.015032,Red
B4,-0.000021,0.012210,Red
B4,0.000277,-0.007148,Red
B4,0.000096,-0.000048,Red
B4,0.002454,-0.018757,Red
B4,0.000811,0.002157,Red
B4,0.001526,-0.036075,Red
B4,0.002187,-0.010830,Red
B4,0.003254,0.022534,Red
B4,0.001921,0.034224,Red
B4,0.006615,0.098932,Red
B4,0.002753,0.039409,Red
B4,0.005826,0.106659,Red
B4,0.003329,0.119577,Red
B4,0.001419,0.042208,Red
B4,0.007384,-0.036399,Red
B4,0.002945,0.119703,Red
B4,0.002262,-0.011415,Red
B4,0.002764,0.024598,Red
B4,0.002113,-0.004639,Red
B4,0.003254,-0.003877,Red
B4,0.003286,0.026747,Red
B4,-0.000619,0.100772,Red
B4,0.001120,-0.044919,Red
B4,0.001355,-0.032012,Red
B4,0.004770,0.288938,Red
B4,0.000309,0.017427,Red
B4,0.000459,-0.045908,Red
B4,0.000534,-0.052867,Red
B4,0.000011,0.095755,Red
B4,0.000982,-0.034553,Red
B4,0.001270,-0.020287,Red
B4,-0.000149,-0.011789,Red
B4,0.000779,-0.080761,Red
B4,0.000043,0.035427,Red
B4,0.000000,0.032411,Red
B4,0.000288,-0.013759,Red
B4,0.000213,-0.005315,Red
B4,0.000224,0.026173,Red
B4,0.000256,0.008010,Red
B4,0.000822,-0.044309,Red
B4,0.000181,0.010565,Red
B4,-0.000512,0.077580,Red
B4,0.004471,0.066502,Red
B4,0.000469,-0.027972,Red
B4,0.000555,-0.030742,Red
B4,0.001419,0.013926,Red
B4,-0.000053,0.073292,Red
B4,0.003735,0.064062,Red
B4,0.000587,-0.030305,Red
B4,0.000704,0.019123,Red
B4,0.000790,0.041358,Red
B4,0.000331,0.000195,Red
B4,0.000523,-0.004132,Red
B4,0.001472,-0.033866,Red
B4,0.003713,0.052046,Red
B4,0.004204,0.144572,Red
B4,0.001206,-0.018565,Red
B4,0.008717,0.008013,Red
B4,0.002561,-0.008787,Red
B4,0.001046,-0.049104,Red
B4,0.002561,0.025401,Red
B4,0.013082,0.059311,Red
B4,0.002422,0.042270,Red
B4,0.002166,0.139596,Red
B4,0.000683,-0.056904,Red
B4,0.020529,0.003532,Red
B4,0.004866,0.123051,Red
B4,0.017584,-0.014153,Red
B4,0.011534,-0.030981,Red
B4,0.000523,0.004390,Red
B4,0.000427,-0.035966,Red
B4,0.000822,-0.035754,Red
B4,0.004503,0.127058,Red
B4,0.059624,-0.003908,Red
B4,0.000373,0.001191,Red
B4,0.001195,-0.039912,Red
B4,0.000843,-0.125300,Red
B4,0.000341,0.010222,Red
B4,0.002518,0.004770,Red
B4,0.002113,0.000754,Red
B4,0.067275,-0.071043,Red
B4,0.051654,-0.096178,Red
B4,0.003329,0.033791,Red
B4,0.002465,0.015424,Red
B4,-0.001857,0.071283,Red
B4,0.012633,-0.095879,Red
B4,-0.000779,0.101662,Red
B4,0.002678,0.004846,Red
B4,-0.000395,0.029126,Red
B4,-0.000128,0.015780,Red
B4,0.000395,-0.002740,Red
B4,-0.000928,0.082461,Red
B4,0.001302,0.007000,Red
B4,0.000704,-0.011794,Red
B4,0.005122,0.052002,Red
B4,-0.001088,0.062159,Red
B4,0.001793,-0.009575,Red
B4,0.001355,-0.009134,Red
B4,0.000373,-0.041920,Red
B4,0.000459,0.005495,Red
B4,0.002166,0.041286,Red
B4,0.001355,-0.021309,Red
B4,0.001344,-0.011842,Red
B4,0.002475,0.028647,Red
B4,0.001686,0.095978,Red
B4,0.003041,0.092366,Red
B4,0.004161,0.089549,Red
B4,0.003190,0.102801,Red
B4,0.002027,0.031631,Red
B4,0.003318,0.043492,Red
B4,0.003222,0.043728,Red
B4,0.003542,0.054656,Red
B4,0.005399,0.122995,Red
B4,0.001483,0.045317,Red
B4,0.000245,0.019432,Red
B4,-0.000277,0.081004,Red
B4,0.000085,0.013205,Red
B4,0.002732,-0.008670,Red
B4,0.002294,-0.013465,Red
B4,0.004940,0.086624,Red
B4,-0.000811,0.054648,Red
B4,-0.000053,0.047946,Red
B4,-0.000726,0.097236,Red
B4,0.000149,0.080148,Red
B4,0.000341,0.055648,Red
B4,0.000085,0.057654,Red
B4,-0.000277,0.099139,Red
B4,-0.000309,0.078378,Red
B4,0.000384,-0.053418,Red
B4,0.000032,0.048122,Red
B4,0.000960,-0.041148,Red
B4,0.000021,0.039555,Red
B4,0.000107,0.041930,Red
B4,0.000619,-0.001081,Red
B4,0.006253,0.049896,Red
B4,0.001206,0.033592,Red
B4,0.000373,0.005334,Red
B4,-0.000448,0.091883,Red
B4,0.000181,0.006620,Red
B4,0.000437,0.026979,Red
B4,0.006583,0.016204,Red
B4,0.003969,-0.019727,Red
B4,0.002934,0.006707,Red
B4,-0.000213,0.048556,Red
B4,0.003436,0.027725,Red
B4,0.002806,0.050445,Red
B4,0.000662,0.063895,Red
B4,0.002636,-0.027915,Red
B4,0.001163,0.022252,Red
B4,0.001398,0.021934,Red
B4,0.000971,0.023040,Red
B4,0.002454,0.030912,Red
B4,0.001889,-0.013069,Red
B4,0.002038,0.022037,Red
B4,0.002646,0.116675,Red
B4,0.009080,0.008747,Red
B4,0.008365,0.051015,Red
B4,0.004001,0.065321,Red
B4,0.006338,0.058663,Red
B4,0.004449,0.078688,Red
B4,0.007597,-0.036109,Red
B4,0.003628,0.102714,Red
B4,0.004545,0.094477,Red
B4,0.003649,0.127550,Red
B4,0.006968,-0.056890,Red
B4,0.004673,0.158917,Red
B4,0.001206,0.023273,Red
B4,0.000918,-0.071927,Red
B4,0.000555,-0.107168,Red
B4,0.000427,-0.066286,Red
B4,0.001238,-0.020392,Red
B4,0.001003,-0.037444,Red
B4,0.001014,-0.045980,Red
B4,0.004204,0.044125,Red
B4,-0.000043,-0.007065,Red
B4,0.001323,-0.050272,Red
B4,-0.000235,0.023129,Red
B4,0.000075,-0.027346,Red
B4,0.000971,0.139652,Red
B4,0.000886,-0.114584,Red
B4,0.000608,-0.040556,Red
B4,0.001099,-0.129943,Red
B4,0.000181,0.025852,Red
B4,0.000235,0.098173,Red
B4,0.000373,0.067698,Red
B4,0.000896,-0.058555,Red
B4,0.000064,0.087039,Red
B4,0.001569,-0.012006,Red
B4,0.001942,0.128792,Red
B4,0.000768,-0.012478,Red
B4,-0.000085,-0.011570,Red
B4,0.000982,-0.016752,Red
B4,0.021543,0.039267,Red
B4,0.010766,0.123835,Red
B4,0.001088,-0.141582,Red
B4,0.000128,0.016557,Red
B4,0.000704,0.006974,Red
B4,0.000459,0.032748,Red
B4,0.000854,0.002424,Red
B4,0.000288,0.009936,Red
B4,0.001334,0.017862,Red
B4,0.001771,0.047645,Red
B4,0.000736,-0.008008,Red
B4,-0.000128,0.044390,Red
B4,0.001120,-0.006593,Red
B4,0.001323,0.056826,Red
B4,0.004972,0.159862,Red
B4,0.008088,-0.172773,Red
B4,-0.000299,0.028748,Red
B4,0.000864,-0.019345,Red
B4,0.000832,0.049611,Red
B4,0.002785,0.015438,Red
B4,0.003329,0.004681,Red
B4,0.014522,0.089301,Red
B4,0.005506,0.058610,Red
B4,0.013626,0.088539,Red
B4,0.013082,0.078299,Red
B4,0.013519,0.079422,Red
B4,0.015120,-0.077278,Red
B4,0.004428,0.133347,Red
B4,0.011321,-0.030728,Red
B4,0.008003,0.075114,Red
B4,0.003873,0.071710,Red
B4,0.006029,0.011443,Red
B4,0.008077,0.060640,Red
B8,0.002095,0.228651,NIR
B8,0.003810,0.127869,NIR
B8,0.001676,0.092688,NIR
B8,0.000977,0.035893,NIR
B8,0.001566,0.093626,NIR
B8,0.001386,0.068020,NIR
B8,0.001207,0.251911,NIR
B8,0.001696,0.064200,NIR
B8,0.000838,0.197939,NIR
B8,0.000918,0.221217,NIR
B8,0.001087,0.106936,NIR
B8,0.001646,0.048964,NIR
B8,0.002523,0.029949,NIR
B8,0.001307,0.138085,NIR
B8,0.001187,0.110121,NIR
B8,-0.000050,-0.040615,NIR
B8,0.000628,0.019630,NIR
B8,-0.000050,-0.033486,NIR
B8,-0.000050,-0.017878,NIR
B8,0.001267,0.167057,NIR
B8,0.001925,0.203846,NIR
B8,0.002474,0.182001,NIR
B8,0.000618,0.135009,NIR
B8,0.002962,0.243507,NIR
B8,0.002414,0.175315,NIR
B8,0.002553,0.144764,NIR
B8,0.002414,0.256431,NIR
B8,0.001476,0.155302,NIR
B8,0.002733,0.094779,NIR
B8,0.001636,0.215171,NIR
B8,0.002144,0.272708,NIR
B8,0.002284,0.207351,NIR
B8,0.002523,0.126518,NIR
B8,0.003501,0.070940,NIR
B8,0.002184,0.184352,NIR
B8,0.002623,0.178175,NIR
B8,0.001845,0.203153,NIR
B8,0.001207,0.162081,NIR
B8,0.003611,0.187946,NIR
B8,0.002952,0.101519,NIR
B8,0.003910,0.137346,NIR
B8,0.003551,0.156236,NIR
B8,0.003162,0.149108,NIR
B8,0.003341,0.167580,NIR
B8,0.001456,0.209798,NIR
B8,0.002613,0.308753,NIR
B8,0.003501,0.195655,NIR
B8,0.001905,0.175551,NIR
B8,0.000918,0.104876,NIR
B8,0.001446,0.202627,NIR
B8,0.002693,0.332504,NIR
B8,0.003970,0.240158,NIR
B8,0.001676,0.128893,NIR
B8,0.001765,0.104377,NIR
B8,0.004199,0.128713,NIR
B8,0.001636,0.153772,NIR
B8,0.001097,0.119525,NIR
B8,0.002194,0.170708,NIR
B8,0.002653,0.093877,NIR
B8,0.002404,0.037983,NIR
B8,0.003830,0.069145,NIR
B8,0.001217,0.076780,NIR
B8,0.000928,0.051212,NIR
B8,0.000718,0.119817,NIR
B8,-0.000050,-0.007993,NIR
B8,0.000010,0.017827,NIR
B8,0.001676,0.179258,NIR
B8,0.002204,0.201856,NIR
B8,0.001656,0.145359,NIR
B8,0.002095,0.212576,NIR
B8,0.002065,0.232989,NIR
B8,0.002982,0.263006,NIR
B8,0.001676,0.251463,NIR
B8,0.001815,0.197966,NIR
B8,0.002753,0.209576,NIR
B8,0.001706,0.188449,NIR
B8,0.001376,0.177590,NIR
B8,0.001805,0.090470,NIR
B8,0.001715,0.129681,NIR
B8,0.001905,0.155307,NIR
B8,0.001197,0.154779,NIR
B8,0.002334,0.218248,NIR
B8,0.004309,0.205005,NIR
B8,0.003561,0.126108,NIR
B8,0.005117,0.155336,NIR
B8,0.010244,0.100540,NIR
B8,0.002184,0.230590,NIR
B8,0.001935,0.186856,NIR
B8,0.002713,0.301295,NIR
B8,0.001466,0.170632,NIR
B8,0.010882,0.054120,NIR
B8,0.002533,0.272200,NIR
B8,0.002284,0.246147,NIR
B8,0.002085,0.219357,NIR
B8,0.007142,0.170167,NIR
B8,0.010912,0.116973,NIR
B8,0.010762,0.111276,NIR
B8,0.009196,0.123723,NIR
B8,0.000997,0.069645,NIR
B8,0.002354,0.141829,NIR
B8,0.001895,0.150101,NIR
B8,0.002055,0.056341,NIR
B8,0.002134,0.111659,NIR
B8,0.002234,0.076621,NIR
B8,0.002813,0.059134,NIR
B8,0.003461,0.062253,NIR
B8,0.002753,0.209576,NIR
B8,0.006413,0.148756,NIR
B8,0.002693,0.111605,NIR
B8,0.002314,0.101083,NIR
B8,0.002942,0.212711,NIR
B8,0.002523,0.238273,NIR
B8,0.001466,0.114402,NIR
B8,0.001237,0.023590,NIR
B8,0.004279,0.084670,NIR
B8,0.003371,0.126935,NIR
B8,0.000399,0.050227,NIR
B8,0.000050,0.039001,NIR
B8,0.000070,0.045202,NIR
B8,0.130885,0.129785,NIR
B8,0.000050,0.026900,NIR
B8,0.000987,0.085792,NIR
B8,0.000898,0.121410,NIR
B8,0.000060,0.038347,NIR
B8,0.001626,0.172953,NIR
B8,0.019929,0.039660,NIR
B8,0.002823,0.284917,NIR
B8,0.001855,0.155879,NIR
B8,0.001795,0.173387,NIR
B8,0.001496,0.224178,NIR
B8,0.003840,0.280873,NIR
B8,0.001845,0.180772,NIR
B8,0.001815,0.139075,NIR
B8,0.001067,0.124197,NIR
B8,0.002085,0.088257,NIR
B8,0.003142,0.218010,NIR
B8,0.001676,0.170823,NIR
B8,0.002194,0.249074,NIR
B8,0.003810,0.162745,NIR
B8,0.002553,0.244591,NIR
B8,0.002204,0.130130,NIR
B8,0.001865,0.189385,NIR
B8,0.000738,0.118843,NIR
B8,0.005785,0.344723,NIR
B8,0.000469,0.103949,NIR
B8,0.000997,0.084727,NIR
B8,0.003112,0.069015,NIR
B8,0.001366,0.112369,NIR
B8,0.002234,0.236367,NIR
B8,0.000050,0.033190,NIR
B8,0.000050,0.031716,NIR
B8,0.002194,0.133245,NIR
B8,0.002144,0.134785,NIR
B8,0.000558,0.075684,NIR
B8,0.001905,0.025096,NIR
B8,0.004468,0.119306,NIR
B8,0.002992,0.077611,NIR
B8,0.001745,0.096869,NIR
B8,0.002533,0.090645,NIR
B8,0.001706,0.104841,NIR
B8,0.002264,0.120504,NIR
B8,0.009905,0.043858,NIR
B8,0.006643,0.111274,NIR
B8,0.005406,0.154653,NIR
B8,0.004927,0.182250,NIR
B8,0.004598,0.165016,NIR
B8,0.004448,0.112005,NIR
B8,0.005985,0.129039,NIR
B8,0.002863,0.092345,NIR
B8,0.002075,0.138339,NIR
B8,0.003062,0.148589,NIR
B8,0.003451,0.162365,NIR
B8,0.004558,0.164583,NIR
B8,0.005635,0.192422,NIR
B8,0.005097,0.172691,NIR
B8,0.005077,0.176346,NIR
B8,0.003491,0.258160,NIR
B8,0.003411,0.155925,NIR
B8,0.006623,0.084762,NIR
B8,0.005306,0.118017,NIR
B8,0.004030,0.253413,NIR
B8,0.004448,0.228625,NIR
B8,0.004957,0.214582,NIR
B8,0.006633,0.071675,NIR
B8,0.005516,0.202518,NIR
B8,0.005007,0.158113,NIR
B8,0.004588,0.162064,NIR
B8,0.004369,0.224875,NIR
B8,0.005576,0.147887,NIR
B8,0.005895,0.123993,NIR
B8,0.005276,0.176661,NIR
B8,0.012428,0.068346,NIR
B8,0.003730,0.264108,NIR
B8,0.005665,0.093549,NIR
B8,0.003810,0.295239,NIR
B8,0.002124,0.123797,NIR
B8,0.002703,0.135970,NIR
B8,0.002274,0.154131,NIR
B8,0.004030,0.191066,NIR
B8,0.005865,0.202539,NIR
B8,0.004030,0.240746,NIR
B8,0.001785,0.191187,NIR
B8,0.000459,0.088211,NIR
B8,0.003391,0.084582,NIR
B8,0.002474,0.095128,NIR
B8,0.003581,0.100320,NIR
B8,0.007371,0.100333,NIR
B8,0.006234,0.067425,NIR
B8,0.005775,0.108263,NIR
B8,0.008378,0.047186,NIR
B8,0.007541,0.060428,NIR
B8,0.007231,0.050948,NIR
B8,0.004838,0.152525,NIR
B8,0.006912,0.054815,NIR
B8,0.004319,0.106887,NIR
B8,0.003730,0.138065,NIR
B8,0.003800,0.137914,NIR
B8,0.003461,0.138127,NIR
B8,0.003411,0.185507,NIR
B8,0.000828,0.125798,NIR
B8,-0.000050,0.012526,NIR
B8,0.000090,0.010553,NIR
B8,0.003421,0.083950,NIR
B8,0.002583,0.146404,NIR
B8,0.002493,0.125375,NIR
B8,0.003082,0.231864,NIR
B8,0.003351,0.287671,NIR
B8,0.000758,0.036120,NIR
B8,0.001287,0.158923,NIR
B8,0.001566,0.167800,NIR
B8,0.002703,0.125641,NIR
B8,0.003162,0.166002,NIR
B8,0.006523,0.157165,NIR
B8,0.006423,0.165749,NIR
B8,0.005985,0.229018,NIR
B8,0.003561,0.118402,NIR
B8,0.005935,0.120110,NIR
B8,0.004778,0.139340,NIR
B8,0.004329,0.128242,NIR
B8,0.005207,0.160337,NIR
B8,0.006314,0.130117,NIR
B8,0.000718,0.048019,NIR
B8,0.007630,0.096316,NIR
B8,0.005386,0.146249,NIR
B8,0.007221,0.190298,NIR
B8,0.007441,0.145499,NIR
B8,0.001805,0.134928,NIR
B8,0.007062,0.149559,NIR
B8,0.007291,0.129424,NIR
B8,0.005745,0.201403,NIR
B8,0.007940,0.003921,NIR
B8,0.002603,0.155683,NIR
B8,0.001646,0.145159,NIR
B8,0.004748,0.179399,NIR
B8,0.000289,0.068250,NIR
B8,-0.000050,-0.004417,NIR
B8,0.006384,0.041440,NIR
B8,0.002892,0.157389,NIR
B8,0.005436,0.185009,NIR
B8,0.001017,0.091623,NIR
B8,0.001875,0.096510,NIR
B8,-0.000050,0.032677,NIR
B8,0.000519,0.027553,NIR
B8,0.003790,0.085186,NIR
B8,-0.000050,-0.002853,NIR
B8,0.000269,0.028539,NIR
B8,0.006314,0.142854,NIR
B8,0.001127,0.036203,NIR
B8,0.004798,0.164673,NIR
B8,0.003461,0.089482,NIR
B8,-0.000050,0.031401,NIR
B8,0.003132,0.074568,NIR
B8,0.003471,0.073437,NIR
B8,0.004059,0.059446,NIR
B8,0.053196,0.115326,NIR
B8,0.010157,0.139126,NIR
B8,0.011272,0.112351,NIR
B8,0.008083,0.152727,NIR
B8,0.030243,0.130841,NIR
B8,0.070764,0.102602,NIR
B8,0.031730,0.117571,NIR
B8,0.002614,0.088236,NIR
B8,0.028912,0.104178,NIR
B8,0.014726,0.043355,NIR
B8,0.015050,0.051468,NIR
B8,0.025459,0.072827,NIR
B8,0.009078,0.090997,NIR
B8,0.029548,0.067624,NIR
B8,0.036755,0.061265,NIR
B8,0.020650,0.061877,NIR
B8,0.050450,0.068639,NIR
B8,0.031551,0.063953,NIR
B8,0.005588,0.142949,NIR
B8,0.032498,0.114095,NIR
B8,0.078463,0.085167,NIR
B8,0.011536,0.054036,NIR
B8,0.011860,0.072982,NIR
B8,0.012867,0.047567,NIR
B8,0.021118,0.032361,NIR
B8,-0.019259,-0.105628,NIR
B8,0.030903,0.112265,NIR
B8,0.039693,0.116424,NIR
B8,0.032846,0.112569,NIR
B8,0.041888,0.117363,NIR
B8,0.011320,0.051160,NIR
B8,0.009090,0.110554,NIR
B8,0.004581,0.175676,NIR
B8,0.019918,0.066694,NIR
B8,0.066063,0.088270,NIR
B8,0.040556,0.110819,NIR
B8,0.021717,0.036122,NIR
B8,-0.001919,-0.100836,NIR
B8,0.022713,0.072836,NIR
B8,-0.000252,-0.084064,NIR
B8,0.020134,0.098241,NIR
B8,0.000827,0.075283,NIR
B8,0.002350,0.095504,NIR
B8,0.006032,0.166263,NIR
B8,-0.001619,-0.315928,NIR
B8,-0.001139,-0.212723,NIR
B8,-0.000660,-0.005103,NIR
B8,0.003154,0.284517,NIR
B8,-0.000767,-0.104145,NIR
B8,-0.001079,-0.102243,NIR
B8,-0.000983,-0.049105,NIR
B8,-0.000983,-0.084409,NIR
B8,-0.000324,-0.012903,NIR
B8,0.032354,0.086576,NIR
B8,0.000372,0.029344,NIR
B8,-0.000959,-0.079509,NIR
B8,-0.000204,-0.053822,NIR
B8,0.017280,0.117328,NIR
B8,-0.000072,-0.029127,NIR
B8,-0.000755,-0.053189,NIR
B8,-0.000983,-0.081039,NIR
B8,-0.001511,-0.160637,NIR
B8,-0.000971,-0.058370,NIR
B8,-0.000863,-0.078136,NIR
B8,-0.001595,-0.187359,NIR
B8,-0.000228,-0.003288,NIR
B8,-0.001427,-0.169416,NIR
B8,0.000684,0.060778,NIR
B8,0.037618,0.063804,NIR
B8,-0.001307,-0.224916,NIR
B8,-0.000600,-0.050068,NIR
B8,-0.001211,-0.173174,NIR
B8,-0.001427,-0.199912,NIR
B8,-0.000336,0.011850,NIR
B8,-0.000815,-0.089270,NIR
B8,-0.000935,-0.099655,NIR
B8,-0.001355,-0.120211,NIR
B8,-0.000420,0.036837,NIR
B8,-0.001091,-0.095977,NIR
B8,-0.000384,-0.025484,NIR
B8,-0.001115,-0.153421,NIR
B8,-0.000276,-0.021007,NIR
B8,-0.001079,-0.091176,NIR
B8,-0.001739,-0.129270,NIR
B8,-0.001139,-0.101231,NIR
B8,-0.001199,-0.082575,NIR
B8,0.000684,0.174921,NIR
B8,-0.001223,-0.207309,NIR
B8,-0.000791,-0.063221,NIR
B8,-0.000516,-0.026315,NIR
B8,-0.001043,-0.115367,NIR
B8,-0.000600,0.014215,NIR
B8,-0.000120,0.005238,NIR
B8,-0.000396,-0.013832,NIR
B8,-0.000432,-0.001645,NIR
B8,-0.001595,-0.108231,NIR
B8,-0.001307,-0.112424,NIR
B8,-0.000540,-0.000781,NIR
B8,-0.000540,0.036737,NIR
B8,-0.000396,-0.024284,NIR
B8,-0.000300,0.053191,NIR
B8,-0.001451,-0.153590,NIR
B8,-0.000276,0.050349,NIR
B8,-0.000144,0.069795,NIR
B8,-0.000803,-0.069772,NIR
B8,0.000408,0.125788,NIR
B8,-0.000959,-0.097439,NIR
B8,-0.000779,-0.162109,NIR
B8,-0.001475,-0.287121,NIR
B8,-0.000024,0.051612,NIR
B8,-0.000468,-0.089752,NIR
B8,-0.000312,-0.041666,NIR
B8,-0.001835,-0.232625,NIR
B8,-0.000600,-0.001431,NIR
B8,-0.001139,-0.043630,NIR
B8,-0.001511,-0.215488,NIR
B8,-0.001535,-0.210157,NIR
B8,-0.001271,-0.081105,NIR
B8,-0.001091,-0.124470,NIR
B8,-0.000839,-0.082371,NIR
B8,-0.000024,-0.009849,NIR
B8,-0.000420,0.086005,NIR
B8,-0.000995,-0.070212,NIR
B8,-0.000396,0.094276,NIR
B8,-0.001079,-0.076901,NIR
B8,-0.000432,0.029936,NIR
B8,-0.000012,0.031248,NIR
B8,-0.001199,-0.181712,NIR
B8,-0.001367,-0.213953,NIR
B8,-0.001679,-0.213964,NIR
B8,-0.001163,-0.107692,NIR
B8,-0.001379,-0.092762,NIR
B8,-0.001535,-0.207762,NIR
B8,-0.000971,-0.105396,NIR
B8,-0.001355,-0.193265,NIR
B8,-0.001007,-0.188614,NIR
B8,-0.001403,-0.253628,NIR
B8,-0.000779,-0.036023,NIR
B8,-0.001487,-0.223205,NIR
B8,-0.001223,-0.148223,NIR
B8,-0.001331,-0.193498,NIR
B8,-0.001307,-0.107322,NIR
B8,-0.001319,-0.121413,NIR
B8,-0.002159,-0.296279,NIR
B8,-0.001655,-0.281057,NIR
B8,-0.001703,-0.149003,NIR
B8,-0.001055,-0.083915,NIR
B8,-0.001187,-0.072274,NIR
B8,-0.001835,-0.117090,NIR
B8,-0.001019,-0.040498,NIR
B8,-0.000827,-0.067361,NIR
B8,-0.000696,-0.026137,NIR
B8,-0.001571,-0.319634,NIR
B8,-0.000396,-0.028860,NIR
B8,-0.001559,-0.317154,NIR
B8,-0.001151,-0.094823,NIR
B8,-0.001631,-0.272687,NIR
B8,-0.001247,-0.118404,NIR
B8,-0.001271,-0.143840,NIR
B8,-0.001067,-0.081004,NIR
B8,-0.000612,-0.010314,NIR
B8,-0.001139,-0.135527,NIR
B8,-0.000971,-0.038125,NIR
B8,-0.001523,-0.345040,NIR
B8,-0.000708,0.016548,NIR
B8,-0.001763,-0.164655,NIR
B8,-0.000624,0.002969,NIR
B8,-0.001379,-0.241057,NIR
B8,-0.001439,-0.192643,NIR
B8,-0.000875,-0.113563,NIR
B8,-0.001103,-0.175885,NIR
B8,-0.000624,-0.020455,NIR
B8,-0.001403,-0.139615,NIR
B8,-0.001019,-0.076408,NIR
B8,-0.000767,-0.010245,NIR
B8,-0.000779,-0.018941,NIR
B8,-0.001295,-0.180841,NIR
B8,-0.000803,-0.045703,NIR
B8,-0.001055,-0.140837,NIR
B8,-0.000132,-0.006205,NIR
B8,-0.001523,-0.361777,NIR
B8,-0.000516,0.057038,NIR
B8,-0.000396,0.048955,NIR
B8,-0.000480,0.049605,NIR
B8,-0.001823,-0.027482,NIR
B8,-0.000396,0.010371,NIR
B8,-0.001343,-0.196046,NIR
B8,-0.001007,-0.059752,NIR
B8,-0.000540,0.110190,NIR
B8,-0.000396,0.024362,NIR
B8,-0.000252,-0.023881,NIR
B8,-0.000720,-0.018033,NIR
B8,-0.000132,-0.025534,NIR
B8,-0.000144,-0.086309,NIR
B8,-0.000312,-0.024390,NIR
B8,-0.000048,0.029041,NIR
B8,-0.001019,-0.067216,NIR
B8,-0.000480,-0.009932,NIR
B8,-0.000180,-0.003122,NIR
B8,-0.000995,-0.062249,NIR
B8,-0.000803,-0.096913,NIR
B8,-0.000779,-0.012555,NIR
B8,-0.000612,-0.004209,NIR
B8,-0.000084,0.072891,NIR
B8,-0.000767,-0.007886,NIR
B8,0.000372,0.087301,NIR
B8,0.000552,0.109220,NIR
B8,0.001031,0.019508,NIR
B8,0.000096,-0.018177,NIR
B8,-0.000048,-0.023163,NIR
B8,-0.000312,-0.006812,NIR
B8,-0.001379,-0.190343,NIR
B8,-0.000240,-0.021936,NIR
B8,-0.000444,-0.089177,NIR
B8,-0.000899,-0.017134,NIR
B8,-0.000012,0.036432,NIR
B8,0.000012,-0.035832,NIR
B8,-0.000204,-0.010899,NIR
B8,-0.000336,-0.037093,NIR
B8,-0.000372,-0.032385,NIR
B8,-0.000264,-0.093860,NIR
B8,-0.001067,-0.231978,NIR
B8,-0.000540,0.012205,NIR
B8,-0.001319,-0.134671,NIR
B8,-0.001403,-0.185250,NIR
B8,-0.000899,-0.082417,NIR
B8,-0.001523,-0.106885,NIR
B8,-0.000995,-0.067756,NIR
B8,-0.000576,0.021174,NIR
B8,-0.000899,-0.187100,NIR
B8,-0.000887,-0.073214,NIR
B8,-0.000696,-0.009877,NIR
B8,-0.000899,-0.061129,NIR
B8,-0.001547,-0.219440,NIR
B8,-0.001331,-0.082382,NIR
B8,-0.000576,-0.023292,NIR
B8,-0.000947,0.002428,NIR
B8,-0.001223,-0.032069,NIR
B8,-0.001667,-0.227767,NIR
B8,-0.001223,-0.133583,NIR
B8,-0.001535,-0.220780,NIR
B8,-0.000144,0.006463,NIR
B8,-0.001367,-0.186293,NIR
B8,-0.000312,-0.044186,NIR
B8,-0.001067,-0.151884,NIR
B8,-0.000923,-0.078405,NIR
B8,-0.001103,-0.109693,NIR
B8,-0.001523,-0.221501,NIR
B8,-0.000959,-0.063589,NIR
B8,-0.000660,-0.033890,NIR
B8,-0.001415,-0.187788,NIR
B8,-0.001475,-0.231660,NIR
B8,-0.001415,-0.101578,NIR
B8,-0.001475,-0.063735,NIR
B8,-0.000887,-0.096750,NIR
B8,-0.000516,0.002407,NIR
B8,-0.000384,0.006441,NIR
B8,-0.001511,-0.238573,NIR
B8,-0.000732,-0.030126,NIR
B8,-0.000648,-0.001905,NIR
B8,-0.000935,-0.070894,NIR
B8,-0.001103,-0.109551,NIR
B8,-0.001403,-0.226273,NIR
B8,-0.000300,-0.002087,NIR
B8,-0.001547,-0.231989,NIR
B8,-0.001211,-0.076119,NIR
B8,-0.001187,-0.119753,NIR
B8,0.000360,0.043355,NIR
B8,-0.001295,-0.144924,NIR
B8,-0.000959,-0.109676,NIR
B8,-0.001475,-0.097173,NIR
B8,-0.000480,0.025202,NIR
B8,0.000827,0.123882,NIR
B8,0.002830,0.089588,NIR
B8,-0.001679,-0.117724,NIR
B8,-0.001559,-0.199459,NIR
B8,-0.001655,-0.095201,NIR
B8,-0.001355,-0.148053,NIR
B8,-0.000791,-0.013168,NIR
B8,-0.001787,-0.002340,NIR
B8,-0.000336,0.027756,NIR
B8,-0.000192,0.097965,NIR
B8,-0.000624,0.058044,NIR
B8,-0.000875,-0.041199,NIR
B8,-0.001019,-0.147207,NIR
B8,-0.002171,-0.258225,NIR
B8,-0.001763,-0.295167,NIR
B8,-0.001079,-0.130317,NIR
B8,0.000779,0.102508,NIR
B8,-0.000995,-0.116581,NIR
B8,0.004137,0.263978,NIR
B8,-0.001571,-0.266471,NIR
B8,-0.001055,-0.130809,NIR
B8,-0.001451,-0.250502,NIR
B8,-0.001727,-0.186530,NIR
B8,-0.001607,-0.173206,NIR
B8,-0.001235,-0.099238,NIR
B8,-0.000528,-0.018842,NIR
B8,-0.001511,-0.162067,NIR
B8,-0.001667,-0.184288,NIR
B8,-0.000935,-0.118726,NIR
B8,-0.000384,-0.030992,NIR
B8,0.000000,-0.012913,NIR
B8,-0.000492,-0.010422,NIR
B8,0.003214,0.303222,NIR
B8,-0.001043,-0.117358,NIR
B8,-0.000971,-0.064482,NIR
B8,-0.000420,-0.014520,NIR
B8,-0.001439,-0.069475,NIR
B8,-0.000708,-0.002203,NIR
B8,-0.001151,-0.130529,NIR
B8,-0.001307,-0.032075,NIR
B8,0.000204,0.057943,NIR
B8,0.000048,0.053231,NIR
B8,0.000084,0.030246,NIR
B8,-0.000540,-0.009189,NIR
B8,-0.000060,-0.005288,NIR
B8,-0.000600,-0.030529,NIR
B8,-0.000540,-0.059067,NIR
B8,-0.000408,-0.060730,NIR
B8,-0.001067,-0.047509,NIR
B8,-0.001139,-0.113430,NIR
B8,-0.001103,-0.054177,NIR
B8,0.000084,-0.097714,NIR
B8,-0.000803,-0.050018,NIR
B8,0.001031,-0.016151,NIR
B8,0.000708,0.084046,NIR
B8,0.010277,0.081488,NIR
B8,0.003010,0.094653,NIR
B8,-0.000588,-0.036583,NIR
B8,-0.000827,0.000654,NIR
B8,-0.001103,-0.065554,NIR
B8,-0.000324,0.033476,NIR
B8,-0.000815,-0.007459,NIR
B8,-0.000875,-0.013099,NIR
B8,-0.000216,-0.047045,NIR
B8,-0.000336,-0.043450,NIR
B8,0.007207,0.223649,NIR
B8,0.003729,0.358175,NIR
B8,-0.000971,-0.033263,NIR
B8,-0.000839,-0.031371,NIR
B8,-0.000372,0.065420,NIR
B8,-0.000576,0.015865,NIR
B8,-0.000600,-0.012368,NIR
B8,-0.001451,-0.250502,NIR
B8,-0.000060,-0.032638,NIR
B8,-0.000779,-0.004689,NIR
B8,-0.001367,-0.158889,NIR
B8,-0.000720,-0.015940,NIR
B8,-0.000983,-0.023595,NIR
B8,-0.001175,-0.063950,NIR
B8,-0.000971,-0.010888,NIR
B8,-0.000779,-0.008231,NIR
B8,-0.000803,-0.100072,NIR
B8,-0.001739,-0.080677,NIR
B8,0.005996,0.291119,NIR
B8,-0.000851,-0.044813,NIR
B8,-0.000660,0.057620,NIR
B8,-0.000612,0.095178,NIR
B8,-0.001031,-0.055997,NIR
B8,0.003897,0.244831,NIR
B8,-0.000504,0.012168,NIR
B8,-0.000672,0.118733,NIR
B8,-0.000288,0.060548,NIR
B8,-0.000120,0.030921,NIR
B8,0.000252,0.038603,NIR
B8,0.000156,-0.027951,NIR
B8,-0.000672,-0.018367,NIR
B8,0.004089,0.134632,NIR
B8,-0.000779,-0.147969,NIR
B8,0.000228,-0.005758,NIR
B8,-0.000156,-0.018547,NIR
B8,-0.000791,-0.100282,NIR
B8,-0.000600,-0.038163,NIR
B8,0.009090,0.122335,NIR
B8,-0.000468,-0.031905,NIR
B8,-0.001271,-0.053535,NIR
B8,-0.001595,-0.381365,NIR
B8,0.023660,0.125324,NIR
B8,0.005133,0.147180,NIR
B8,0.019906,0.132426,NIR
B8,0.010457,0.070746,NIR
B8,-0.001055,-0.059005,NIR
B8,-0.001907,-0.111988,NIR
B8,-0.001859,-0.087684,NIR
B8,0.007075,0.148346,NIR
B8,0.096786,0.126699,NIR
B8,-0.001619,-0.277101,NIR
B8,-0.000947,-0.085838,NIR
B8,-0.001487,-0.203619,NIR
B8,-0.000576,-0.015278,NIR
B8,-0.000132,0.026794,NIR
B8,-0.000348,0.010252,NIR
B8,0.074182,-0.018426,NIR
B8,0.069565,0.069098,NIR
B8,0.000072,0.085278,NIR
B8,-0.000660,0.005683,NIR
B8,-0.004041,0.000164,NIR
B8,0.007819,0.076592,NIR
B8,-0.001823,-0.155186,NIR
B8,-0.000360,0.075773,NIR
B8,-0.002338,-0.238265,NIR
B8,-0.000540,-0.058465,NIR
B8,-0.001523,-0.289684,NIR
B8,-0.002063,-0.098619,NIR
B8,-0.001091,-0.247056,NIR
B8,-0.001019,-0.079766,NIR
B8,0.003514,0.137452,NIR
B8,-0.002530,-0.166137,NIR
B8,-0.000636,0.011381,NIR
B8,-0.000803,-0.128798,NIR
B8,-0.000767,-0.133587,NIR
B8,-0.000516,0.029126,NIR
B8,0.001403,0.123242,NIR
B8,0.000432,0.045552,NIR
B8,0.000660,0.044062,NIR
B8,0.002111,0.129034,NIR
B8,-0.000696,-0.020012,NIR
B8,0.000372,-0.018625,NIR
B8,0.000875,-0.015881,NIR
B8,-0.001151,0.003655,NIR
B8,-0.001583,-0.230543,NIR
B8,-0.000947,-0.028662,NIR
B8,-0.000612,-0.014455,NIR
B8,0.000096,-0.020109,NIR
B8,0.003286,0.084897,NIR
B8,-0.000060,0.001348,NIR
B8,-0.000516,0.103744,NIR
B8,-0.001139,-0.051662,NIR
B8,-0.001235,-0.110116,NIR
B8,-0.000672,0.010098,NIR
B8,-0.000420,-0.009334,NIR
B8,0.000684,0.015249,NIR
B8,-0.001631,-0.180769,NIR
B8,-0.001031,-0.061072,NIR
B8,0.000072,0.072897,NIR
B8,-0.000743,0.054352,NIR
B8,0.000192,0.143323,NIR
B8,-0.000648,0.041757,NIR
B8,-0.000684,0.042498,NIR
B8,-0.001415,-0.136540,NIR
B8,-0.000396,-0.070064,NIR
B8,-0.000276,0.044082,NIR
B8,-0.000827,-0.204428,NIR
B8,-0.000911,-0.043360,NIR
B8,-0.000492,0.043431,NIR
B8,0.000504,0.058394,NIR
B8,0.003070,0.055932,NIR
B8,0.000755,0.155856,NIR
B8,-0.000132,0.021901,NIR
B8,-0.001067,-0.037610,NIR
B8,-0.000288,0.006363,NIR
B8,0.000096,0.042663,NIR
B8,0.005756,0.110905,NIR
B8,0.003178,0.229653,NIR
B8,0.004317,0.286586,NIR
B8,-0.000660,-0.027730,NIR
B8,0.002578,0.142042,NIR
B8,0.002674,0.211735,NIR
B8,0.000372,0.052899,NIR
B8,0.002218,0.106878,NIR
B8,0.001019,0.136636,NIR
B8,0.001307,0.172750,NIR
B8,0.000779,0.198892,NIR
B8,0.002099,0.107573,NIR
B8,0.002314,0.223922,NIR
B8,0.002015,0.267544,NIR
B8,0.000755,0.055898,NIR
B8,0.000228,-0.005410,NIR
B8,0.000108,0.004103,NIR
B8,0.000384,0.034114,NIR
B8,0.004497,0.148647,NIR
B8,0.001871,0.013990,NIR
B8,-0.000144,0.000592,NIR
B8,-0.000456,-0.042587,NIR
B8,-0.000072,-0.044527,NIR
B8,-0.000324,-0.032298,NIR
B8,0.000156,0.009602,NIR
B8,0.002015,0.096853,NIR
B8,-0.000851,-0.088125,NIR
B8,-0.001019,-0.150252,NIR
B8,-0.001163,-0.173704,NIR
B8,-0.001235,-0.180035,NIR
B8,-0.000696,-0.102380,NIR
B8,-0.000887,-0.187196,NIR
B8,-0.000552,-0.008402,NIR
B8,-0.001487,-0.089414,NIR
B8,-0.001499,-0.222156,NIR
B8,-0.000624,-0.035970,NIR
B8,-0.001751,-0.271642,NIR
B8,-0.001187,-0.081498,NIR
B8,-0.000839,-0.013861,NIR
B8,-0.000480,-0.044091,NIR
B8,-0.000851,-0.062939,NIR
B8,-0.000552,-0.028066,NIR
B8,-0.000372,-0.019371,NIR
B8,-0.000875,-0.025274,NIR
B8,-0.001079,-0.086093,NIR
B8,-0.000935,-0.037119,NIR
B8,-0.001463,-0.158967,NIR
B8,-0.000899,-0.081538,NIR
B8,-0.001943,-0.158803,NIR
B8,-0.001175,-0.168589,NIR
B8,-0.000791,-0.109175,NIR
B8,-0.000444,-0.053127,NIR
B8,0.014342,0.089353,NIR
B8,0.010277,0.084925,NIR
B8,-0.001139,-0.216468,NIR
B8,-0.000180,-0.026235,NIR
B8,-0.000240,-0.031624,NIR
B8,-0.001091,-0.158266,NIR
B8,-0.000300,-0.010743,NIR
B8,-0.001511,-0.276202,NIR
B8,-0.000108,0.009305,NIR
B8,0.002446,0.210214,NIR
B8,-0.000240,0.009191,NIR
B8,-0.000827,-0.083519,NIR
B8,-0.000839,-0.061915,NIR
B8,0.000372,0.068352,NIR
B8,0.004869,0.157684,NIR
B8,-0.000084,-0.001673,NIR
B8,-0.000899,-0.087453,NIR
B8,-0.000672,-0.035872,NIR
B8,0.000312,0.050513,NIR
B8,0.002578,0.136448,NIR
B8,0.002818,0.246529,NIR
B8,-0.000899,-0.045672,NIR
B8,0.004533,0.095644,NIR
B8,0.007579,0.121988,NIR
B8,0.002051,0.062922,NIR
B8,0.001811,0.063543,NIR
B8,0.000528,0.015540,NIR
B8,0.002518,0.083423,NIR
B8,-0.000708,-0.043459,NIR
B8,0.003789,0.103142,NIR
B8,-0.000863,-0.016607,NIR
B8,-0.000228,-0.004640,NIR
B8,0.001499,0.051811,NIR
B11,0.000549,-0.179267,SWIR1
B11,0.005416,0.180123,SWIR1
B11,0.000020,-0.166648,SWIR1
B11,0.000949,-0.085279,SWIR1
B11,0.000229,-0.186965,SWIR1
B11,0.000079,-0.074091,SWIR1
B11,-0.000240,-0.142890,SWIR1
B11,0.000409,-0.023996,SWIR1
B11,-0.000080,-0.070747,SWIR1
B11,-0.000310,-0.128842,SWIR1
B11,0.000839,-0.142336,SWIR1
B11,0.001908,0.024830,SWIR1
B11,0.002938,0.075125,SWIR1
B11,-0.000000,-0.059911,SWIR1
B11,-0.000250,-0.033212,SWIR1
B11,-0.000660,-0.053539,SWIR1
B11,-0.000530,-0.061421,SWIR1
B11,-0.000590,-0.054975,SWIR1
B11,0.001678,0.104358,SWIR1
B11,0.000829,-0.119522,SWIR1
B11,0.000299,-0.186154,SWIR1
B11,0.000849,-0.048779,SWIR1
B11,0.000619,-0.158210,SWIR1
B11,0.002268,0.206002,SWIR1
B11,0.001728,-0.004100,SWIR1
B11,0.001399,-0.024169,SWIR1
B11,0.000849,-0.088765,SWIR1
B11,0.001559,-0.001251,SWIR1
B11,0.001728,0.072712,SWIR1
B11,0.000669,-0.092088,SWIR1
B11,0.001079,-0.036649,SWIR1
B11,0.001339,-0.058878,SWIR1
B11,0.001309,-0.101270,SWIR1
B11,0.004926,0.154896,SWIR1
B11,0.001229,-0.057804,SWIR1
B11,0.001479,-0.058955,SWIR1
B11,0.001169,-0.028264,SWIR1
B11,0.000229,-0.087276,SWIR1
B11,0.001379,-0.018103,SWIR1
B11,0.002028,0.101781,SWIR1
B11,0.005816,0.183162,SWIR1
B11,0.001489,-0.013929,SWIR1
B11,0.001239,0.005520,SWIR1
B11,0.001718,0.086325,SWIR1
B11,0.000219,-0.100136,SWIR1
B11,0.001559,-0.002464,SWIR1
B11,0.002008,0.039252,SWIR1
B11,0.000849,-0.099542,SWIR1
B11,0.000289,-0.018738,SWIR1
B11,0.000359,-0.093988,SWIR1
B11,0.001419,0.000302,SWIR1
B11,0.002748,0.110967,SWIR1
B11,0.000599,-0.091253,SWIR1
B11,0.002208,0.123075,SWIR1
B11,0.005276,0.164024,SWIR1
B11,0.000559,-0.045915,SWIR1
B11,0.000519,-0.084232,SWIR1
B11,0.001139,-0.101284,SWIR1
B11,0.001439,-0.040167,SWIR1
B11,0.003177,0.050430,SWIR1
B11,0.004637,0.151812,SWIR1
B11,0.000779,-0.055176,SWIR1
B11,0.000759,-0.127409,SWIR1
B11,0.000999,-0.072001,SWIR1
B11,0.001868,0.013450,SWIR1
B11,0.000109,-0.020185,SWIR1
B11,0.000669,-0.129817,SWIR1
B11,0.000969,-0.121776,SWIR1
B11,0.001409,-0.120137,SWIR1
B11,0.001569,-0.045245,SWIR1
B11,0.001349,-0.009559,SWIR1
B11,0.002268,0.170357,SWIR1
B11,0.000739,-0.034616,SWIR1
B11,0.001249,-0.031898,SWIR1
B11,0.001379,0.046417,SWIR1
B11,0.000999,-0.157499,SWIR1
B11,0.000549,-0.121427,SWIR1
B11,0.004177,0.190731,SWIR1
B11,0.000929,-0.011883,SWIR1
B11,0.001459,-0.073083,SWIR1
B11,0.000609,-0.162062,SWIR1
B11,0.001229,-0.038115,SWIR1
B11,0.002348,0.117863,SWIR1
B11,0.003297,0.186617,SWIR1
B11,0.003277,0.145301,SWIR1
B11,0.008714,0.145684,SWIR1
B11,0.000869,-0.029097,SWIR1
B11,0.001519,-0.083392,SWIR1
B11,0.001798,0.058306,SWIR1
B11,0.000639,-0.075705,SWIR1
B11,0.008634,0.246856,SWIR1
B11,0.001139,-0.026742,SWIR1
B11,0.001618,0.016032,SWIR1
B11,0.001229,-0.043234,SWIR1
B11,0.006485,0.127753,SWIR1
B11,0.010653,0.055324,SWIR1
B11,0.008774,0.100645,SWIR1
B11,0.006855,0.188127,SWIR1
B11,0.001808,-0.022105,SWIR1
B11,0.001768,0.063463,SWIR1
B11,0.000649,-0.063917,SWIR1
B11,0.001149,0.015790,SWIR1
B11,0.001099,0.015693,SWIR1
B11,0.000999,0.026896,SWIR1
B11,0.001738,-0.036427,SWIR1
B11,0.002078,-0.131758,SWIR1
B11,0.001379,0.046417,SWIR1
B11,0.005436,0.193023,SWIR1
B11,0.000479,-0.015342,SWIR1
B11,0.000909,-0.008046,SWIR1
B11,0.000479,-0.087638,SWIR1
B11,0.000599,-0.123921,SWIR1
B11,0.000549,0.030370,SWIR1
B11,0.002988,0.145032,SWIR1
B11,0.003927,0.086023,SWIR1
B11,0.003138,0.106860,SWIR1
B11,0.000639,-0.025852,SWIR1
B11,-0.000060,-0.004400,SWIR1
B11,-0.000040,-0.004748,SWIR1
B11,0.197051,0.330981,SWIR1
B11,0.000269,0.009277,SWIR1
B11,0.000569,-0.039187,SWIR1
B11,0.000219,-0.147991,SWIR1
B11,0.002558,0.078947,SWIR1
B11,0.001099,-0.066697,SWIR1
B11,0.020256,0.224262,SWIR1
B11,0.002018,0.085126,SWIR1
B11,0.002268,0.145265,SWIR1
B11,0.001599,-0.007959,SWIR1
B11,0.000409,-0.049477,SWIR1
B11,0.002988,0.146571,SWIR1
B11,0.000919,-0.042153,SWIR1
B11,0.004677,0.164255,SWIR1
B11,0.001648,-0.019475,SWIR1
B11,0.001429,-0.187866,SWIR1
B11,0.001738,0.273738,SWIR1
B11,0.000319,-0.109764,SWIR1
B11,0.000659,-0.214976,SWIR1
B11,0.003767,0.201026,SWIR1
B11,0.000999,-0.115421,SWIR1
B11,0.002288,0.417605,SWIR1
B11,0.000509,-0.172502,SWIR1
B11,0.001169,-0.109392,SWIR1
B11,0.007705,0.123308,SWIR1
B11,0.000149,-0.243705,SWIR1
B11,0.001099,-0.032405,SWIR1
B11,0.001269,-0.101345,SWIR1
B11,0.001079,-0.085429,SWIR1
B11,0.000569,-0.536165,SWIR1
B11,0.000889,0.036551,SWIR1
B11,0.000959,-0.031145,SWIR1
B11,0.001878,-0.007329,SWIR1
B11,0.002268,0.049235,SWIR1
B11,0.002088,-0.002667,SWIR1
B11,0.000599,-0.084629,SWIR1
B11,0.001798,-0.024227,SWIR1
B11,0.001409,-0.088281,SWIR1
B11,0.000239,-0.085434,SWIR1
B11,0.000479,-0.093112,SWIR1
B11,-0.000000,-0.105834,SWIR1
B11,0.000259,0.067434,SWIR1
B11,0.007425,0.154637,SWIR1
B11,0.002018,0.011300,SWIR1
B11,0.001878,0.119415,SWIR1
B11,0.001848,0.199892,SWIR1
B11,0.001579,0.054318,SWIR1
B11,0.001678,0.106452,SWIR1
B11,0.002568,0.259652,SWIR1
B11,0.004407,0.134694,SWIR1
B11,0.001189,-0.140684,SWIR1
B11,0.000839,-0.191134,SWIR1
B11,0.001219,-0.096344,SWIR1
B11,0.002288,0.322179,SWIR1
B11,0.003227,0.290607,SWIR1
B11,0.002538,0.174269,SWIR1
B11,0.003347,0.219702,SWIR1
B11,0.001409,0.090483,SWIR1
B11,0.001878,0.319388,SWIR1
B11,0.002928,0.236670,SWIR1
B11,0.002118,0.090678,SWIR1
B11,0.001199,0.128182,SWIR1
B11,0.001828,0.161843,SWIR1
B11,0.002608,0.271678,SWIR1
B11,0.006176,0.263035,SWIR1
B11,0.003008,0.291031,SWIR1
B11,0.002618,0.303977,SWIR1
B11,0.002578,0.267040,SWIR1
B11,0.002228,0.272444,SWIR1
B11,0.001668,0.079839,SWIR1
B11,0.002928,0.148946,SWIR1
B11,0.001748,0.248983,SWIR1
B11,0.008484,0.148791,SWIR1
B11,0.001329,-0.045149,SWIR1
B11,0.003078,0.364562,SWIR1
B11,0.001419,0.017833,SWIR1
B11,0.000669,-0.271097,SWIR1
B11,0.003247,0.289978,SWIR1
B11,0.000979,-0.291334,SWIR1
B11,0.001119,-0.047618,SWIR1
B11,0.002698,0.320692,SWIR1
B11,0.001698,0.273755,SWIR1
B11,0.002088,0.101011,SWIR1
B11,0.002848,0.281607,SWIR1
B11,0.001509,-0.110442,SWIR1
B11,0.001039,0.021642,SWIR1
B11,0.001319,-0.081910,SWIR1
B11,0.004716,0.157019,SWIR1
B11,0.002458,0.037698,SWIR1
B11,0.002308,0.081365,SWIR1
B11,0.003327,0.068001,SWIR1
B11,0.003517,0.144359,SWIR1
B11,0.003607,0.090011,SWIR1
B11,0.001589,-0.111756,SWIR1
B11,0.002118,0.036092,SWIR1
B11,0.007485,0.184383,SWIR1
B11,0.001988,0.074466,SWIR1
B11,0.002328,0.112279,SWIR1
B11,0.002298,0.212340,SWIR1
B11,0.001968,0.321606,SWIR1
B11,0.001549,0.141148,SWIR1
B11,0.001928,0.039605,SWIR1
B11,0.001808,0.475003,SWIR1
B11,0.001678,0.013056,SWIR1
B11,0.001179,-0.069742,SWIR1
B11,0.000919,-0.209480,SWIR1
B11,0.001489,-0.038533,SWIR1
B11,0.001169,-0.028469,SWIR1
B11,0.004696,0.194994,SWIR1
B11,0.000889,-0.218096,SWIR1
B11,0.000949,-0.182252,SWIR1
B11,0.002108,0.237814,SWIR1
B11,0.002398,0.365005,SWIR1
B11,0.005066,0.267873,SWIR1
B11,0.005436,0.355180,SWIR1
B11,0.003737,0.337753,SWIR1
B11,0.002258,0.195046,SWIR1
B11,0.003967,0.396238,SWIR1
B11,0.003797,0.157438,SWIR1
B11,0.003187,0.173133,SWIR1
B11,0.003617,0.233530,SWIR1
B11,0.004836,0.173517,SWIR1
B11,0.005416,0.180919,SWIR1
B11,0.004637,0.238733,SWIR1
B11,0.004776,0.476877,SWIR1
B11,0.004946,0.403937,SWIR1
B11,0.005936,0.236417,SWIR1
B11,0.001269,-0.195084,SWIR1
B11,0.004906,0.324847,SWIR1
B11,0.007175,0.250069,SWIR1
B11,0.004786,0.377971,SWIR1
B11,0.006975,0.428319,SWIR1
B11,0.001778,0.171286,SWIR1
B11,0.003697,0.365606,SWIR1
B11,0.003437,0.273896,SWIR1
B11,0.002448,0.448528,SWIR1
B11,0.004637,0.221856,SWIR1
B11,0.006026,0.141618,SWIR1
B11,0.001898,0.169527,SWIR1
B11,0.003118,0.340519,SWIR1
B11,0.001299,-0.161123,SWIR1
B11,0.002978,0.566470,SWIR1
B11,0.002438,0.215838,SWIR1
B11,0.000959,-0.043059,SWIR1
B11,0.002898,0.057247,SWIR1
B11,0.001898,-0.042911,SWIR1
B11,0.001848,-0.048480,SWIR1
B11,0.002708,0.055568,SWIR1
B11,0.001059,0.005467,SWIR1
B11,0.003947,0.158771,SWIR1
B11,0.002268,-0.064287,SWIR1
B11,0.002648,0.119711,SWIR1
B11,0.001559,-0.066860,SWIR1
B11,0.001758,-0.086720,SWIR1
B11,0.002238,-0.016080,SWIR1
B11,0.058410,0.332262,SWIR1
B11,0.022341,0.185703,SWIR1
B11,0.022526,0.176217,SWIR1
B11,0.016703,0.167259,SWIR1
B11,0.038650,0.196905,SWIR1
B11,0.062912,0.269001,SWIR1
B11,0.041000,0.298361,SWIR1
B11,0.019134,0.192300,SWIR1
B11,0.037562,0.260134,SWIR1
B11,0.024424,0.187492,SWIR1
B11,0.024841,0.204129,SWIR1
B11,0.035803,0.238297,SWIR1
B11,0.018335,0.245928,SWIR1
B11,0.038083,0.246111,SWIR1
B11,0.048281,0.219056,SWIR1
B11,0.033754,0.229594,SWIR1
B11,0.050145,0.233412,SWIR1
B11,0.043084,0.222794,SWIR1
B11,0.012143,0.203070,SWIR1
B11,0.045341,0.299959,SWIR1
B11,0.074094,0.352515,SWIR1
B11,0.021519,0.181743,SWIR1
B11,0.022225,0.190903,SWIR1
B11,0.020859,0.181503,SWIR1
B11,0.031196,0.188082,SWIR1
B11,0.011726,0.439425,SWIR1
B11,0.040329,0.274012,SWIR1
B11,0.046429,0.286840,SWIR1
B11,0.042331,0.302844,SWIR1
B11,0.048443,0.280417,SWIR1
B11,0.017490,0.165351,SWIR1
B11,0.015384,0.189362,SWIR1
B11,0.014168,0.214893,SWIR1
B11,0.024667,0.311949,SWIR1
B11,0.067161,0.297039,SWIR1
B11,0.046070,0.237827,SWIR1
B11,0.034830,0.202102,SWIR1
B11,0.004248,0.156345,SWIR1
B11,0.024389,0.329482,SWIR1
B11,0.005302,0.338851,SWIR1
B11,0.031277,0.164117,SWIR1
B11,0.007987,0.271227,SWIR1
B11,0.008172,0.193707,SWIR1
B11,0.013150,0.160189,SWIR1
B11,0.000579,-0.242134,SWIR1
B11,0.002535,0.359441,SWIR1
B11,0.001435,-0.059412,SWIR1
B11,0.006494,0.240322,SWIR1
B11,0.002859,0.189873,SWIR1
B11,0.000243,-0.697061,SWIR1
B11,0.000532,-0.661836,SWIR1
B11,0.000521,-0.664927,SWIR1
B11,0.001042,-0.408855,SWIR1
B11,0.052101,0.063991,SWIR1
B11,0.006100,0.226206,SWIR1
B11,0.000509,-0.534189,SWIR1
B11,0.000903,-0.196001,SWIR1
B11,0.017155,0.155320,SWIR1
B11,0.003021,0.490584,SWIR1
B11,0.001042,-0.291930,SWIR1
B11,0.001621,0.228006,SWIR1
B11,0.000370,-0.563558,SWIR1
B11,0.000729,-0.369850,SWIR1
B11,0.001320,-0.161656,SWIR1
B11,0.001320,-0.129516,SWIR1
B11,0.000868,0.029985,SWIR1
B11,0.000718,-0.196533,SWIR1
B11,0.005139,0.247178,SWIR1
B11,0.046267,0.243651,SWIR1
B11,0.000544,-0.255506,SWIR1
B11,0.001007,-0.177744,SWIR1
B11,0.000567,-0.294724,SWIR1
B11,0.001447,0.013303,SWIR1
B11,0.002477,0.319857,SWIR1
B11,0.001864,0.164816,SWIR1
B11,0.001759,0.051464,SWIR1
B11,0.001065,-0.113751,SWIR1
B11,0.001158,-0.359829,SWIR1
B11,0.000752,-0.177382,SWIR1
B11,0.001123,-0.363099,SWIR1
B11,0.001354,-0.093158,SWIR1
B11,0.004248,0.296232,SWIR1
B11,0.002882,0.162300,SWIR1
B11,0.001991,0.028077,SWIR1
B11,0.001250,-0.135858,SWIR1
B11,0.001169,-0.093305,SWIR1
B11,0.002917,0.360020,SWIR1
B11,0.000972,-0.126126,SWIR1
B11,0.000741,-0.111878,SWIR1
B11,0.001632,0.017610,SWIR1
B11,0.000845,-0.100157,SWIR1
B11,0.001077,-0.114945,SWIR1
B11,0.001447,-0.035769,SWIR1
B11,0.000521,-0.173586,SWIR1
B11,0.000648,-0.229716,SWIR1
B11,0.000891,0.091891,SWIR1
B11,0.001389,-0.114700,SWIR1
B11,0.001945,-0.004154,SWIR1
B11,0.000787,-0.161394,SWIR1
B11,0.000833,-0.165027,SWIR1
B11,0.001053,-0.187313,SWIR1
B11,0.000833,0.082989,SWIR1
B11,0.000949,-0.055955,SWIR1
B11,0.000822,0.078565,SWIR1
B11,0.001123,-0.076792,SWIR1
B11,0.001320,-0.003515,SWIR1
B11,0.000613,0.000826,SWIR1
B11,0.000486,-0.158478,SWIR1
B11,0.000556,-0.181641,SWIR1
B11,0.000776,-0.110074,SWIR1
B11,0.000556,-0.181553,SWIR1
B11,0.000521,-0.139188,SWIR1
B11,0.000463,-0.129934,SWIR1
B11,0.000926,-0.311906,SWIR1
B11,0.000660,-0.342425,SWIR1
B11,0.000440,-0.404115,SWIR1
B11,0.000660,-0.243125,SWIR1
B11,0.000822,-0.351976,SWIR1
B11,0.000961,-0.202520,SWIR1
B11,0.000822,-0.198239,SWIR1
B11,0.001621,-0.037691,SWIR1
B11,0.001447,-0.159524,SWIR1
B11,0.001042,-0.329472,SWIR1
B11,0.001320,-0.270391,SWIR1
B11,0.000579,-0.302579,SWIR1
B11,0.001227,-0.247397,SWIR1
B11,0.001401,0.248401,SWIR1
B11,0.000718,-0.285325,SWIR1
B11,0.000764,-0.344059,SWIR1
B11,0.000243,-0.256211,SWIR1
B11,0.001111,-0.138645,SWIR1
B11,0.000417,-0.105576,SWIR1
B11,0.000532,-0.225096,SWIR1
B11,0.001540,-0.027618,SWIR1
B11,0.000683,-0.247844,SWIR1
B11,0.001389,-0.111730,SWIR1
B11,0.000984,-0.273152,SWIR1
B11,0.001516,-0.081836,SWIR1
B11,0.000451,-0.214390,SWIR1
B11,0.000961,-0.330984,SWIR1
B11,0.000521,-0.454223,SWIR1
B11,0.000637,-0.459301,SWIR1
B11,0.001158,-0.074802,SWIR1
B11,0.000440,-0.410099,SWIR1
B11,0.000567,-0.322730,SWIR1
B11,0.000648,-0.115874,SWIR1
B11,0.001181,-0.147412,SWIR1
B11,0.000752,-0.248604,SWIR1
B11,0.000567,-0.345910,SWIR1
B11,0.000706,-0.278093,SWIR1
B11,0.000822,-0.116509,SWIR1
B11,0.000868,-0.099091,SWIR1
B11,0.000556,-0.466913,SWIR1
B11,0.000868,-0.199756,SWIR1
B11,0.000579,-0.461146,SWIR1
B11,0.000625,-0.330040,SWIR1
B11,0.000648,-0.358800,SWIR1
B11,0.000787,-0.128688,SWIR1
B11,0.000683,-0.159375,SWIR1
B11,0.001459,-0.062417,SWIR1
B11,0.000590,-0.250889,SWIR1
B11,0.001227,-0.097791,SWIR1
B11,0.000648,-0.178900,SWIR1
B11,0.000613,-0.267954,SWIR1
B11,0.000776,-0.130889,SWIR1
B11,0.001574,-0.066607,SWIR1
B11,0.001736,-0.068792,SWIR1
B11,0.000810,-0.200543,SWIR1
B11,0.000880,-0.109226,SWIR1
B11,0.001470,0.064418,SWIR1
B11,0.001331,-0.110843,SWIR1
B11,0.001042,-0.221370,SWIR1
B11,0.001239,-0.108819,SWIR1
B11,0.000764,-0.458604,SWIR1
B11,0.000637,-0.259722,SWIR1
B11,0.000799,-0.202936,SWIR1
B11,0.000972,-0.174775,SWIR1
B11,0.000567,-0.268537,SWIR1
B11,0.000602,-0.259563,SWIR1
B11,0.000683,-0.142297,SWIR1
B11,0.000671,-0.224132,SWIR1
B11,0.000451,-0.391128,SWIR1
B11,0.000428,-0.359731,SWIR1
B11,0.000637,-0.372107,SWIR1
B11,0.000440,-0.109831,SWIR1
B11,0.000521,-0.284899,SWIR1
B11,0.000150,-0.306645,SWIR1
B11,0.000521,-0.334775,SWIR1
B11,0.000579,-0.213074,SWIR1
B11,0.000289,-0.385215,SWIR1
B11,0.001563,-0.047948,SWIR1
B11,0.000787,-0.226071,SWIR1
B11,0.000787,-0.223975,SWIR1
B11,0.001320,-0.108282,SWIR1
B11,0.000776,-0.200980,SWIR1
B11,0.000671,-0.406538,SWIR1
B11,0.000347,-0.422788,SWIR1
B11,0.001007,-0.263473,SWIR1
B11,0.000787,-0.368914,SWIR1
B11,0.000463,-0.448004,SWIR1
B11,0.000266,-0.327448,SWIR1
B11,0.000162,-0.200890,SWIR1
B11,0.000787,-0.359005,SWIR1
B11,0.000451,-0.364042,SWIR1
B11,0.000451,-0.172623,SWIR1
B11,0.000995,-0.176765,SWIR1
B11,0.001563,-0.063479,SWIR1
B11,0.001296,-0.052435,SWIR1
B11,0.000706,-0.159525,SWIR1
B11,0.000938,-0.104775,SWIR1
B11,0.000880,-0.047817,SWIR1
B11,0.000949,-0.037954,SWIR1
B11,0.000475,-0.179170,SWIR1
B11,0.000613,-0.129932,SWIR1
B11,0.000695,-0.081302,SWIR1
B11,0.000857,-0.053553,SWIR1
B11,0.000683,-0.104196,SWIR1
B11,0.000938,-0.050182,SWIR1
B11,0.000625,-0.146340,SWIR1
B11,0.000938,-0.062743,SWIR1
B11,0.002790,0.242682,SWIR1
B11,0.000776,-0.268438,SWIR1
B11,0.000926,-0.221195,SWIR1
B11,0.000567,-0.663871,SWIR1
B11,0.000544,-0.269286,SWIR1
B11,0.000509,-0.563724,SWIR1
B11,0.000521,-0.093576,SWIR1
B11,0.000382,-0.446850,SWIR1
B11,0.000625,-0.459283,SWIR1
B11,0.000532,-0.235492,SWIR1
B11,0.001007,-0.095607,SWIR1
B11,0.001783,-0.056157,SWIR1
B11,0.000394,-0.420453,SWIR1
B11,0.000648,-0.298046,SWIR1
B11,0.000486,-0.213257,SWIR1
B11,0.000324,-0.062770,SWIR1
B11,0.000857,-0.144811,SWIR1
B11,0.001875,0.053190,SWIR1
B11,0.000440,-0.406587,SWIR1
B11,0.000660,-0.435735,SWIR1
B11,0.000347,-0.617153,SWIR1
B11,0.001053,-0.096342,SWIR1
B11,0.000880,-0.255856,SWIR1
B11,0.000729,-0.398380,SWIR1
B11,0.000440,-0.479804,SWIR1
B11,0.000451,-0.237759,SWIR1
B11,0.000660,-0.464010,SWIR1
B11,0.000440,-0.147368,SWIR1
B11,0.000752,-0.396444,SWIR1
B11,0.000463,-0.464632,SWIR1
B11,0.001065,-0.331919,SWIR1
B11,0.000278,-0.447305,SWIR1
B11,0.001922,-0.017636,SWIR1
B11,0.000914,0.091072,SWIR1
B11,0.001377,-0.145374,SWIR1
B11,0.001540,-0.030991,SWIR1
B11,0.000637,-0.258608,SWIR1
B11,0.000405,-0.388485,SWIR1
B11,0.001181,-0.072605,SWIR1
B11,0.001945,0.027929,SWIR1
B11,0.000718,-0.403521,SWIR1
B11,0.000984,-0.176846,SWIR1
B11,0.001806,0.116934,SWIR1
B11,0.000706,-0.367551,SWIR1
B11,0.000475,-0.257771,SWIR1
B11,0.000590,-0.425278,SWIR1
B11,0.001540,-0.039006,SWIR1
B11,0.000949,-0.034598,SWIR1
B11,0.000359,-0.326512,SWIR1
B11,0.000440,-0.167399,SWIR1
B11,0.002037,0.164625,SWIR1
B11,0.000868,-0.041252,SWIR1
B11,0.001528,-0.110323,SWIR1
B11,0.003357,0.174879,SWIR1
B11,0.000405,-0.077597,SWIR1
B11,0.000347,-0.114534,SWIR1
B11,0.000405,-0.106221,SWIR1
B11,0.000394,-0.130236,SWIR1
B11,0.001239,0.107780,SWIR1
B11,0.001459,-0.117355,SWIR1
B11,0.000718,-0.280458,SWIR1
B11,0.000567,-0.409763,SWIR1
B11,0.000891,-0.348406,SWIR1
B11,0.001632,-0.072564,SWIR1
B11,0.000914,-0.214225,SWIR1
B11,0.000949,-0.137009,SWIR1
B11,0.000475,-0.221550,SWIR1
B11,0.001030,-0.298390,SWIR1
B11,0.001864,0.300297,SWIR1
B11,0.001655,-0.016237,SWIR1
B11,0.006714,0.165462,SWIR1
B11,0.000810,-0.199133,SWIR1
B11,0.000833,-0.063981,SWIR1
B11,0.000810,-0.119429,SWIR1
B11,0.000706,-0.156317,SWIR1
B11,0.001204,-0.099777,SWIR1
B11,0.001667,-0.098541,SWIR1
B11,0.001482,-0.116525,SWIR1
B11,0.000590,-0.087731,SWIR1
B11,0.001065,-0.120976,SWIR1
B11,0.001632,-0.049054,SWIR1
B11,0.001204,-0.133321,SWIR1
B11,0.001864,0.168063,SWIR1
B11,0.001227,-0.122014,SWIR1
B11,0.005139,0.346492,SWIR1
B11,0.000868,0.107224,SWIR1
B11,0.001134,-0.090434,SWIR1
B11,0.001493,-0.114530,SWIR1
B11,0.000833,0.063921,SWIR1
B11,0.000926,-0.000326,SWIR1
B11,0.001007,-0.049981,SWIR1
B11,0.001123,-0.051503,SWIR1
B11,0.001667,-0.013210,SWIR1
B11,0.001736,0.058663,SWIR1
B11,0.002060,0.087557,SWIR1
B11,0.001389,-0.049133,SWIR1
B11,0.001169,0.044078,SWIR1
B11,0.001273,-0.022700,SWIR1
B11,0.001806,0.062440,SWIR1
B11,0.001158,-0.059113,SWIR1
B11,0.000961,0.046029,SWIR1
B11,0.001042,-0.093134,SWIR1
B11,0.000857,-0.005206,SWIR1
B11,0.001053,-0.117523,SWIR1
B11,0.001111,0.084170,SWIR1
B11,0.004063,0.202095,SWIR1
B11,0.006309,0.280954,SWIR1
B11,0.011309,0.311070,SWIR1
B11,0.011020,0.270816,SWIR1
B11,0.005255,0.213515,SWIR1
B11,0.000648,-0.122032,SWIR1
B11,0.000301,-0.214538,SWIR1
B11,0.000833,-0.064212,SWIR1
B11,0.001551,-0.032668,SWIR1
B11,0.002790,0.423124,SWIR1
B11,0.001331,0.008335,SWIR1
B11,0.000938,-0.011130,SWIR1
B11,0.013497,0.126881,SWIR1
B11,0.001296,-0.188797,SWIR1
B11,0.000475,-0.425757,SWIR1
B11,0.000625,-0.433020,SWIR1
B11,0.002905,0.633762,SWIR1
B11,0.000648,-0.262453,SWIR1
B11,0.000590,-0.401802,SWIR1
B11,0.000810,-0.119429,SWIR1
B11,0.001088,-0.230016,SWIR1
B11,0.000359,-0.483934,SWIR1
B11,0.001910,0.034885,SWIR1
B11,0.000764,-0.220555,SWIR1
B11,0.000405,-0.561263,SWIR1
B11,0.000359,-0.241964,SWIR1
B11,0.000382,-0.170253,SWIR1
B11,0.000845,-0.172277,SWIR1
B11,0.001262,-0.136606,SWIR1
B11,0.000683,-0.072420,SWIR1
B11,0.007941,0.532941,SWIR1
B11,0.000556,-0.228463,SWIR1
B11,0.000857,-0.123603,SWIR1
B11,0.000613,-0.193668,SWIR1
B11,0.000451,-0.432716,SWIR1
B11,0.005255,0.260469,SWIR1
B11,0.000822,-0.120138,SWIR1
B11,0.000590,-0.195858,SWIR1
B11,0.000984,-0.106750,SWIR1
B11,0.001493,-0.022076,SWIR1
B11,0.001296,-0.119217,SWIR1
B11,0.001100,-0.083982,SWIR1
B11,0.001204,-0.022516,SWIR1
B11,0.006332,0.180280,SWIR1
B11,0.001505,-0.001937,SWIR1
B11,0.003183,0.113264,SWIR1
B11,0.001806,0.121651,SWIR1
B11,0.002118,0.259459,SWIR1
B11,0.001817,0.117174,SWIR1
B11,0.005788,0.355491,SWIR1
B11,0.001783,0.126509,SWIR1
B11,0.001667,-0.030986,SWIR1
B11,0.001412,-0.110553,SWIR1
B11,0.036497,0.150089,SWIR1
B11,0.012316,0.353790,SWIR1
B11,0.025871,0.197179,SWIR1
B11,0.011112,0.221506,SWIR1
B11,0.002292,0.174537,SWIR1
B11,0.001158,-0.057213,SWIR1
B11,0.000972,-0.131111,SWIR1
B11,0.019852,0.212081,SWIR1
B11,0.125628,0.313870,SWIR1
B11,0.001331,-0.127726,SWIR1
B11,0.001597,0.183404,SWIR1
B11,0.001262,-0.249564,SWIR1
B11,0.003218,0.330300,SWIR1
B11,0.001702,0.281007,SWIR1
B11,0.003496,0.391262,SWIR1
B11,0.095555,0.275404,SWIR1
B11,0.101158,0.239119,SWIR1
B11,0.003484,0.323962,SWIR1
B11,0.002894,0.275892,SWIR1
B11,0.001320,-0.093595,SWIR1
B11,0.006610,0.253730,SWIR1
B11,0.002373,0.135627,SWIR1
B11,0.001864,0.421109,SWIR1
B11,0.001875,0.350187,SWIR1
B11,0.003936,0.282562,SWIR1
B11,0.002547,0.441063,SWIR1
B11,0.002697,0.176892,SWIR1
B11,0.002593,0.465965,SWIR1
B11,0.002095,0.603858,SWIR1
B11,0.006772,0.204483,SWIR1
B11,0.002396,0.387335,SWIR1
B11,0.002743,0.101859,SWIR1
B11,0.003102,0.346073,SWIR1
B11,0.002836,0.262437,SWIR1
B11,0.001690,0.205775,SWIR1
B11,0.002882,0.103347,SWIR1
B11,0.002651,0.146644,SWIR1
B11,0.002628,0.087996,SWIR1
B11,0.002882,0.089653,SWIR1
B11,0.002072,-0.079578,SWIR1
B11,0.002084,0.020660,SWIR1
B11,0.002072,0.031777,SWIR1
B11,0.001505,-0.077874,SWIR1
B11,0.001401,-0.018410,SWIR1
B11,0.001169,-0.060181,SWIR1
B11,0.000880,-0.039478,SWIR1
B11,0.001690,-0.143186,SWIR1
B11,0.003912,0.134107,SWIR1
B11,0.002026,0.041840,SWIR1
B11,0.001713,0.199222,SWIR1
B11,0.001239,-0.306916,SWIR1
B11,0.001030,-0.306248,SWIR1
B11,0.001412,-0.012112,SWIR1
B11,0.001459,-0.007900,SWIR1
B11,0.003762,0.145006,SWIR1
B11,0.001158,-0.288130,SWIR1
B11,0.001401,-0.190110,SWIR1
B11,0.003461,0.853849,SWIR1
B11,0.001690,0.429737,SWIR1
B11,0.005406,0.556226,SWIR1
B11,0.003345,0.627191,SWIR1
B11,0.003264,0.580470,SWIR1
B11,0.001250,0.061941,SWIR1
B11,0.001239,-0.010692,SWIR1
B11,0.002454,0.777622,SWIR1
B11,0.002292,0.153226,SWIR1
B11,0.001748,0.274053,SWIR1
B11,0.002732,0.518894,SWIR1
B11,0.004283,0.749085,SWIR1
B11,0.004746,0.181251,SWIR1
B11,0.003172,0.252144,SWIR1
B11,0.002107,0.173304,SWIR1
B11,0.002234,0.394083,SWIR1
B11,0.003044,0.574737,SWIR1
B11,0.002466,0.428263,SWIR1
B11,0.005753,0.221189,SWIR1
B11,0.004804,0.497262,SWIR1
B11,0.006309,0.370393,SWIR1
B11,0.002304,0.117498,SWIR1
B11,0.003843,0.621319,SWIR1
B11,0.006077,0.620565,SWIR1
B11,0.003831,0.338962,SWIR1
B11,0.003230,0.208527,SWIR1
B11,0.002014,0.377839,SWIR1
B11,0.004688,0.473520,SWIR1
B11,0.002952,0.297856,SWIR1
B11,0.003461,0.382124,SWIR1
B11,0.003230,0.255586,SWIR1
B11,0.003473,0.487936,SWIR1
B11,0.002304,0.016166,SWIR1
B11,0.001088,0.035458,SWIR1
B11,0.001493,-0.106726,SWIR1
B11,0.001887,-0.110674,SWIR1
B11,0.006783,0.201975,SWIR1
B11,0.001840,-0.022945,SWIR1
B11,0.001192,0.285622,SWIR1
B11,0.001377,-0.119094,SWIR1
B11,0.001366,-0.072262,SWIR1
B11,0.001308,-0.095623,SWIR1
B11,0.001736,-0.127332,SWIR1
B11,0.004376,0.194255,SWIR1
B11,0.001285,-0.066778,SWIR1
B11,0.000822,-0.175453,SWIR1
B11,0.000718,-0.383937,SWIR1
B11,0.000706,-0.393267,SWIR1
B11,0.001459,0.018200,SWIR1
B11,0.001898,0.036730,SWIR1
B11,0.001609,0.003510,SWIR1
B11,0.001308,-0.053995,SWIR1
B11,0.000810,-0.612397,SWIR1
B11,0.000833,-0.399610,SWIR1
B11,0.000845,-0.495967,SWIR1
B11,0.001019,-0.339361,SWIR1
B11,0.003345,0.175439,SWIR1
B11,0.001331,-0.159852,SWIR1
B11,0.001621,0.273091,SWIR1
B11,0.001574,0.100147,SWIR1
B11,0.002917,0.423811,SWIR1
B11,0.003079,0.857877,SWIR1
B11,0.001597,0.212542,SWIR1
B11,0.002489,0.676547,SWIR1
B11,0.001794,0.440713,SWIR1
B11,0.002014,0.336169,SWIR1
B11,0.001227,-0.076390,SWIR1
B11,0.001655,0.362936,SWIR1
B11,0.004306,0.331693,SWIR1
B11,0.003357,0.576376,SWIR1
B11,0.014446,0.097353,SWIR1
B11,0.012143,0.095804,SWIR1
B11,0.001204,-0.273805,SWIR1
B11,0.004619,0.359905,SWIR1
B11,0.004480,0.423673,SWIR1
B11,0.002222,0.748982,SWIR1
B11,0.002905,0.576153,SWIR1
B11,0.001667,0.059230,SWIR1
B11,0.001922,0.098681,SWIR1
B11,0.005996,0.465801,SWIR1
B11,0.001690,0.194552,SWIR1
B11,0.003183,0.401076,SWIR1
B11,0.002199,0.555348,SWIR1
B11,0.004422,0.641748,SWIR1
B11,0.005440,0.220774,SWIR1
B11,0.002674,-0.027347,SWIR1
B11,0.002222,0.209242,SWIR1
B11,0.002003,0.082560,SWIR1
B11,0.002639,0.300695,SWIR1
B11,0.003704,0.323873,SWIR1
B11,0.004561,0.376432,SWIR1
B11,0.001354,-0.113135,SWIR1
B11,0.005464,0.137583,SWIR1
B11,0.006147,0.236272,SWIR1
B11,0.002442,0.015246,SWIR1
B11,0.002396,0.005205,SWIR1
B11,0.001898,-0.089134,SWIR1
B11,0.005174,0.190249,SWIR1
B11,0.001123,0.021962,SWIR1
B11,0.005313,0.149643,SWIR1
B11,0.002049,-0.005468,SWIR1
B11,0.001748,-0.095071,SWIR1
B11,0.002350,-0.029957,SWIR1
B12,0.001003,-0.060257,SWIR2
B12,0.004823,0.017068,SWIR2
B12,0.000406,-0.077631,SWIR2
B12,0.001958,0.067247,SWIR2
B12,0.000267,-0.084003,SWIR2
B12,0.000475,0.010816,SWIR2
B12,0.000515,0.000681,SWIR2
B12,0.000466,0.063598,SWIR2
B12,0.000167,0.071759,SWIR2
B12,0.000475,-0.012822,SWIR2
B12,0.001421,-0.016941,SWIR2
B12,0.002525,0.023980,SWIR2
B12,0.003271,-0.032486,SWIR2
B12,0.000655,0.020996,SWIR2
B12,0.000097,-0.150041,SWIR2
B12,0.001023,-0.038712,SWIR2
B12,0.000664,-0.010473,SWIR2
B12,0.000316,0.022495,SWIR2
B12,0.002664,0.079310,SWIR2
B12,0.000913,-0.035413,SWIR2
B12,0.000515,-0.022208,SWIR2
B12,0.000655,0.059600,SWIR2
B12,0.001142,-0.022898,SWIR2
B12,0.002167,0.034245,SWIR2
B12,0.002017,-0.004947,SWIR2
B12,0.001679,0.057501,SWIR2
B12,0.001003,-0.013242,SWIR2
B12,0.001679,0.012350,SWIR2
B12,0.002067,0.011272,SWIR2
B12,0.000744,0.037564,SWIR2
B12,0.001202,0.013532,SWIR2
B12,0.001361,0.074457,SWIR2
B12,0.001082,-0.002772,SWIR2
B12,0.005062,0.082947,SWIR2
B12,0.001590,0.002697,SWIR2
B12,0.002107,0.040231,SWIR2
B12,0.001530,0.018618,SWIR2
B12,0.000844,-0.026010,SWIR2
B12,0.001530,0.022385,SWIR2
B12,0.002296,0.030688,SWIR2
B12,0.006126,0.021982,SWIR2
B12,0.001978,0.026953,SWIR2
B12,0.001540,0.019914,SWIR2
B12,0.002017,0.023521,SWIR2
B12,0.000674,0.057351,SWIR2
B12,0.001948,0.005882,SWIR2
B12,0.002505,0.074753,SWIR2
B12,0.000655,-0.060032,SWIR2
B12,0.000605,0.097088,SWIR2
B12,0.000625,0.032513,SWIR2
B12,0.001769,0.004594,SWIR2
B12,0.002714,0.011303,SWIR2
B12,0.000834,-0.099470,SWIR2
B12,0.002545,0.095647,SWIR2
B12,0.004146,0.116000,SWIR2
B12,0.000714,-0.000156,SWIR2
B12,0.000605,-0.104914,SWIR2
B12,0.001809,0.056467,SWIR2
B12,0.001838,0.048102,SWIR2
B12,0.003162,0.045585,SWIR2
B12,0.004326,0.076669,SWIR2
B12,0.001202,-0.031355,SWIR2
B12,0.002167,0.153585,SWIR2
B12,0.001440,-0.021001,SWIR2
B12,0.002793,0.121208,SWIR2
B12,0.000376,-0.052403,SWIR2
B12,0.000764,-0.103736,SWIR2
B12,0.001381,-0.018469,SWIR2
B12,0.002097,0.148795,SWIR2
B12,0.001450,0.009095,SWIR2
B12,0.001540,0.019544,SWIR2
B12,0.002515,0.059017,SWIR2
B12,0.000863,-0.038974,SWIR2
B12,0.001600,0.010822,SWIR2
B12,0.001480,0.015129,SWIR2
B12,0.001470,0.009595,SWIR2
B12,0.000565,-0.044054,SWIR2
B12,0.003928,0.048611,SWIR2
B12,0.001431,-0.041458,SWIR2
B12,0.001242,-0.006032,SWIR2
B12,0.000903,-0.062584,SWIR2
B12,0.001421,-0.013156,SWIR2
B12,0.002396,0.013960,SWIR2
B12,0.003201,0.034187,SWIR2
B12,0.003251,0.021935,SWIR2
B12,0.007051,0.058942,SWIR2
B12,0.001639,-0.004678,SWIR2
B12,0.001699,-0.016233,SWIR2
B12,0.002117,0.064235,SWIR2
B12,0.001112,-0.047170,SWIR2
B12,0.007847,0.222705,SWIR2
B12,0.001421,0.008832,SWIR2
B12,0.001689,-0.003314,SWIR2
B12,0.001242,0.015023,SWIR2
B12,0.006445,-0.024845,SWIR2
B12,0.009648,0.017783,SWIR2
B12,0.007808,0.041973,SWIR2
B12,0.006554,0.143825,SWIR2
B12,0.002177,-0.056688,SWIR2
B12,0.002585,0.005964,SWIR2
B12,0.001033,-0.027262,SWIR2
B12,0.002167,-0.090530,SWIR2
B12,0.001242,-0.025301,SWIR2
B12,0.001590,-0.081038,SWIR2
B12,0.001580,-0.058981,SWIR2
B12,0.002366,-0.113720,SWIR2
B12,0.001480,0.015129,SWIR2
B12,0.004654,0.065565,SWIR2
B12,0.000804,0.072847,SWIR2
B12,0.001122,0.028398,SWIR2
B12,0.000883,-0.053254,SWIR2
B12,0.000873,-0.063138,SWIR2
B12,0.000883,-0.003518,SWIR2
B12,0.002803,-0.001052,SWIR2
B12,0.003778,0.038355,SWIR2
B12,0.003679,0.113451,SWIR2
B12,0.000873,-0.021541,SWIR2
B12,0.000983,-0.028320,SWIR2
B12,0.000426,0.032321,SWIR2
B12,0.140680,0.221098,SWIR2
B12,0.000873,-0.111771,SWIR2
B12,0.000873,-0.050800,SWIR2
B12,0.000903,-0.104345,SWIR2
B12,0.003132,0.109901,SWIR2
B12,0.001341,0.009218,SWIR2
B12,0.015925,0.201189,SWIR2
B12,0.002306,0.027324,SWIR2
B12,0.002356,0.000345,SWIR2
B12,0.001868,0.004267,SWIR2
B12,0.000863,-0.018973,SWIR2
B12,0.002913,0.050797,SWIR2
B12,0.001242,-0.007510,SWIR2
B12,0.004455,0.094981,SWIR2
B12,0.002037,0.059360,SWIR2
B12,0.001092,-0.080045,SWIR2
B12,0.001649,0.114050,SWIR2
B12,0.001450,-0.009501,SWIR2
B12,0.000814,0.009030,SWIR2
B12,0.003430,0.010645,SWIR2
B12,0.001092,-0.016216,SWIR2
B12,0.002326,0.124373,SWIR2
B12,0.000684,0.014199,SWIR2
B12,0.001699,-0.009559,SWIR2
B12,0.006604,-0.014120,SWIR2
B12,0.000276,0.013764,SWIR2
B12,0.001321,-0.010110,SWIR2
B12,0.001540,-0.055621,SWIR2
B12,0.001719,0.021634,SWIR2
B12,0.001132,-0.021934,SWIR2
B12,0.001600,-0.021327,SWIR2
B12,0.002505,0.044667,SWIR2
B12,0.001490,-0.025924,SWIR2
B12,0.002027,-0.000221,SWIR2
B12,0.002037,-0.006773,SWIR2
B12,0.000674,-0.082337,SWIR2
B12,0.001639,-0.015661,SWIR2
B12,0.001242,-0.096661,SWIR2
B12,0.000684,-0.054253,SWIR2
B12,0.000535,-0.044546,SWIR2
B12,0.000366,-0.065104,SWIR2
B12,0.000814,0.015925,SWIR2
B12,0.005927,0.073999,SWIR2
B12,0.001699,0.014868,SWIR2
B12,0.001440,-0.000460,SWIR2
B12,0.001550,0.014844,SWIR2
B12,0.001102,-0.054185,SWIR2
B12,0.002754,0.097700,SWIR2
B12,0.002167,0.066732,SWIR2
B12,0.004206,0.069948,SWIR2
B12,0.001321,-0.056549,SWIR2
B12,0.000824,-0.111149,SWIR2
B12,0.001261,-0.058978,SWIR2
B12,0.002137,0.174131,SWIR2
B12,0.002724,0.190195,SWIR2
B12,0.002376,0.094518,SWIR2
B12,0.003112,0.103977,SWIR2
B12,0.001490,0.023454,SWIR2
B12,0.001938,0.061771,SWIR2
B12,0.002326,0.054695,SWIR2
B12,0.001908,0.032432,SWIR2
B12,0.001092,0.013037,SWIR2
B12,0.001649,0.026366,SWIR2
B12,0.002594,0.120828,SWIR2
B12,0.005897,0.209963,SWIR2
B12,0.003261,0.216049,SWIR2
B12,0.002425,0.185807,SWIR2
B12,0.002704,0.230156,SWIR2
B12,0.002127,0.127232,SWIR2
B12,0.001450,0.008842,SWIR2
B12,0.002594,0.057280,SWIR2
B12,0.001719,0.112499,SWIR2
B12,0.006922,0.046631,SWIR2
B12,0.001152,0.040348,SWIR2
B12,0.002614,0.235349,SWIR2
B12,0.001351,0.087151,SWIR2
B12,0.000893,-0.098685,SWIR2
B12,0.003550,0.228568,SWIR2
B12,0.001341,-0.049968,SWIR2
B12,0.000933,-0.055936,SWIR2
B12,0.002366,0.204817,SWIR2
B12,0.002127,0.175569,SWIR2
B12,0.002505,0.088923,SWIR2
B12,0.003868,0.172933,SWIR2
B12,0.001580,-0.042034,SWIR2
B12,0.001659,-0.005924,SWIR2
B12,0.001500,-0.039161,SWIR2
B12,0.004127,0.016779,SWIR2
B12,0.002973,-0.000279,SWIR2
B12,0.001888,0.015822,SWIR2
B12,0.002684,0.040190,SWIR2
B12,0.002704,0.101688,SWIR2
B12,0.003002,0.039838,SWIR2
B12,0.001232,-0.085704,SWIR2
B12,0.001669,-0.002645,SWIR2
B12,0.006723,0.159480,SWIR2
B12,0.001858,0.060011,SWIR2
B12,0.001828,0.039908,SWIR2
B12,0.001938,0.119588,SWIR2
B12,0.001988,0.093541,SWIR2
B12,0.002057,0.127284,SWIR2
B12,0.003480,0.106132,SWIR2
B12,0.002624,0.157280,SWIR2
B12,0.001779,-0.030203,SWIR2
B12,0.001013,-0.045179,SWIR2
B12,0.002386,0.080483,SWIR2
B12,0.001819,-0.021082,SWIR2
B12,0.001431,-0.016924,SWIR2
B12,0.005708,0.039429,SWIR2
B12,0.001132,-0.044571,SWIR2
B12,0.001242,-0.021509,SWIR2
B12,0.002226,0.147223,SWIR2
B12,0.002555,0.228976,SWIR2
B12,0.004843,0.078691,SWIR2
B12,0.005639,0.106274,SWIR2
B12,0.003758,0.111210,SWIR2
B12,0.002137,0.066872,SWIR2
B12,0.003460,0.166427,SWIR2
B12,0.004505,0.033838,SWIR2
B12,0.003351,0.020928,SWIR2
B12,0.003002,-0.007911,SWIR2
B12,0.004355,-0.000574,SWIR2
B12,0.006375,0.136004,SWIR2
B12,0.003987,-0.025368,SWIR2
B12,0.004445,0.191372,SWIR2
B12,0.004127,0.129917,SWIR2
B12,0.005529,0.076052,SWIR2
B12,0.001679,-0.104151,SWIR2
B12,0.004405,0.134243,SWIR2
B12,0.006922,0.125076,SWIR2
B12,0.004753,0.369709,SWIR2
B12,0.005589,0.334997,SWIR2
B12,0.002216,0.175371,SWIR2
B12,0.005231,0.199519,SWIR2
B12,0.003460,0.074064,SWIR2
B12,0.003152,0.140963,SWIR2
B12,0.006325,0.152237,SWIR2
B12,0.005748,0.109445,SWIR2
B12,0.001729,0.098394,SWIR2
B12,0.002754,0.234672,SWIR2
B12,0.001540,-0.045987,SWIR2
B12,0.003510,0.256264,SWIR2
B12,0.004485,0.078397,SWIR2
B12,0.001192,-0.108433,SWIR2
B12,0.002575,-0.029341,SWIR2
B12,0.002475,-0.008493,SWIR2
B12,0.002157,-0.065977,SWIR2
B12,0.002813,-0.021191,SWIR2
B12,0.001182,-0.062047,SWIR2
B12,0.004296,0.025867,SWIR2
B12,0.002246,-0.108882,SWIR2
B12,0.003838,0.033931,SWIR2
B12,0.001570,-0.012004,SWIR2
B12,0.001908,-0.035679,SWIR2
B12,0.002744,0.013601,SWIR2
B12,0.056759,0.246987,SWIR2
B12,0.024604,0.162998,SWIR2
B12,0.024408,0.180239,SWIR2
B12,0.018407,0.133461,SWIR2
B12,0.039247,0.204187,SWIR2
B12,0.057360,0.162143,SWIR2
B12,0.040502,0.325544,SWIR2
B12,0.021549,0.131995,SWIR2
B12,0.038833,0.306482,SWIR2
B12,0.024059,0.239313,SWIR2
B12,0.025128,0.155985,SWIR2
B12,0.037239,0.201856,SWIR2
B12,0.019978,0.201256,SWIR2
B12,0.038549,0.219285,SWIR2
B12,0.046307,0.193110,SWIR2
B12,0.032897,0.178590,SWIR2
B12,0.043633,0.150504,SWIR2
B12,0.042117,0.192265,SWIR2
B12,0.012919,0.170962,SWIR2
B12,0.043644,0.326119,SWIR2
B12,0.065085,0.196720,SWIR2
B12,0.022040,0.177107,SWIR2
B12,0.022826,0.210846,SWIR2
B12,0.022979,0.256084,SWIR2
B12,0.032264,0.238218,SWIR2
B12,0.015101,0.127260,SWIR2
B12,0.041135,0.336251,SWIR2
B12,0.046361,0.285907,SWIR2
B12,0.041386,0.340454,SWIR2
B12,0.045717,0.283944,SWIR2
B12,0.018516,0.165052,SWIR2
B12,0.016137,0.155349,SWIR2
B12,0.015243,0.159228,SWIR2
B12,0.024288,0.190374,SWIR2
B12,0.059389,0.167919,SWIR2
B12,0.041779,0.213108,SWIR2
B12,0.033606,0.257247,SWIR2
B12,0.005685,0.162306,SWIR2
B12,0.022270,0.146764,SWIR2
B12,0.006383,0.159720,SWIR2
B12,0.029907,0.177400,SWIR2
B12,0.009231,0.197342,SWIR2
B12,0.008871,0.139772,SWIR2
B12,0.013617,0.142346,SWIR2
B12,0.000840,-0.139901,SWIR2
B12,0.002924,0.110554,SWIR2
B12,0.001800,-0.016389,SWIR2
B12,0.006852,0.084801,SWIR2
B12,0.003317,0.036522,SWIR2
B12,0.000469,-0.183012,SWIR2
B12,0.000578,-0.148604,SWIR2
B12,0.000709,-0.107865,SWIR2
B12,0.000993,-0.153084,SWIR2
B12,0.036367,0.033800,SWIR2
B12,0.005663,0.138611,SWIR2
B12,0.000491,-0.184641,SWIR2
B12,0.000818,-0.167259,SWIR2
B12,0.016716,0.088424,SWIR2
B12,0.003426,0.257112,SWIR2
B12,0.001342,-0.068661,SWIR2
B12,0.001997,0.279801,SWIR2
B12,0.000655,-0.159122,SWIR2
B12,0.000851,-0.182811,SWIR2
B12,0.001604,0.108652,SWIR2
B12,0.001779,0.147850,SWIR2
B12,0.001069,-0.006160,SWIR2
B12,0.001102,-0.054246,SWIR2
B12,0.006285,0.054763,SWIR2
B12,0.041691,0.187489,SWIR2
B12,0.000927,-0.098897,SWIR2
B12,0.001124,-0.062843,SWIR2
B12,0.000862,-0.123953,SWIR2
B12,0.001538,0.044761,SWIR2
B12,0.002488,0.107093,SWIR2
B12,0.002051,0.121847,SWIR2
B12,0.001899,0.036523,SWIR2
B12,0.001517,0.025940,SWIR2
B12,0.001244,-0.067406,SWIR2
B12,0.000960,-0.090788,SWIR2
B12,0.000927,-0.177066,SWIR2
B12,0.001440,-0.022758,SWIR2
B12,0.004757,0.155798,SWIR2
B12,0.003262,0.126966,SWIR2
B12,0.002444,0.085403,SWIR2
B12,0.001222,-0.077225,SWIR2
B12,0.001702,0.066762,SWIR2
B12,0.003546,0.302847,SWIR2
B12,0.001200,-0.095641,SWIR2
B12,0.000753,-0.042685,SWIR2
B12,0.001702,0.031377,SWIR2
B12,0.000960,-0.055297,SWIR2
B12,0.001080,-0.070481,SWIR2
B12,0.001495,-0.037355,SWIR2
B12,0.000600,-0.076347,SWIR2
B12,0.000644,-0.108160,SWIR2
B12,0.000927,-0.042512,SWIR2
B12,0.001288,-0.083758,SWIR2
B12,0.002051,0.053995,SWIR2
B12,0.000917,-0.131783,SWIR2
B12,0.000404,-0.082617,SWIR2
B12,0.000906,-0.129845,SWIR2
B12,0.001026,-0.041604,SWIR2
B12,0.000753,-0.045017,SWIR2
B12,0.000611,0.091301,SWIR2
B12,0.001004,-0.083807,SWIR2
B12,0.000840,0.030437,SWIR2
B12,0.000513,0.070818,SWIR2
B12,0.000491,-0.093783,SWIR2
B12,0.000949,-0.052242,SWIR2
B12,0.000622,-0.061406,SWIR2
B12,0.000295,-0.117481,SWIR2
B12,0.000436,-0.077354,SWIR2
B12,0.000764,-0.050718,SWIR2
B12,0.000873,-0.082364,SWIR2
B12,0.000818,-0.065821,SWIR2
B12,0.000753,-0.059949,SWIR2
B12,0.000633,-0.051084,SWIR2
B12,0.000873,-0.115119,SWIR2
B12,0.001026,-0.109902,SWIR2
B12,0.000851,-0.093693,SWIR2
B12,0.001637,0.021923,SWIR2
B12,0.001768,0.107197,SWIR2
B12,0.001091,-0.120270,SWIR2
B12,0.001255,-0.101850,SWIR2
B12,0.000676,-0.119098,SWIR2
B12,0.001255,-0.061264,SWIR2
B12,0.001560,0.061404,SWIR2
B12,0.000764,-0.116524,SWIR2
B12,0.000698,-0.133421,SWIR2
B12,0.000502,-0.091067,SWIR2
B12,0.001037,-0.088970,SWIR2
B12,0.000611,-0.038682,SWIR2
B12,0.000546,-0.139746,SWIR2
B12,0.001320,-0.042053,SWIR2
B12,0.000960,-0.145126,SWIR2
B12,0.001353,-0.049116,SWIR2
B12,0.001069,-0.097393,SWIR2
B12,0.001517,-0.012826,SWIR2
B12,0.000491,-0.141148,SWIR2
B12,0.001266,-0.134828,SWIR2
B12,0.001004,-0.153612,SWIR2
B12,0.000818,-0.125653,SWIR2
B12,0.001004,-0.073127,SWIR2
B12,0.000393,-0.109868,SWIR2
B12,0.000513,-0.086691,SWIR2
B12,0.000644,-0.047607,SWIR2
B12,0.001102,-0.090578,SWIR2
B12,0.001135,-0.059762,SWIR2
B12,0.000687,-0.170896,SWIR2
B12,0.000906,-0.127874,SWIR2
B12,0.000884,-0.090215,SWIR2
B12,0.001189,-0.056347,SWIR2
B12,0.000567,-0.150359,SWIR2
B12,0.001222,-0.035888,SWIR2
B12,0.000556,-0.153604,SWIR2
B12,0.000666,-0.137021,SWIR2
B12,0.000818,-0.135395,SWIR2
B12,0.000862,-0.102556,SWIR2
B12,0.001091,-0.107875,SWIR2
B12,0.001429,-0.015942,SWIR2
B12,0.000546,-0.067649,SWIR2
B12,0.001037,-0.066143,SWIR2
B12,0.000622,-0.116885,SWIR2
B12,0.000786,-0.166443,SWIR2
B12,0.000818,-0.130346,SWIR2
B12,0.001713,-0.034896,SWIR2
B12,0.001855,-0.039667,SWIR2
B12,0.001058,-0.076020,SWIR2
B12,0.000960,-0.106746,SWIR2
B12,0.001440,0.040203,SWIR2
B12,0.001255,-0.032291,SWIR2
B12,0.001058,-0.122165,SWIR2
B12,0.001408,0.017183,SWIR2
B12,0.000818,-0.127878,SWIR2
B12,0.000818,-0.169775,SWIR2
B12,0.000884,-0.156496,SWIR2
B12,0.001189,-0.098270,SWIR2
B12,0.000764,-0.125329,SWIR2
B12,0.000666,-0.116862,SWIR2
B12,0.000382,-0.167409,SWIR2
B12,0.000666,-0.144635,SWIR2
B12,0.000458,-0.202606,SWIR2
B12,0.000578,-0.168456,SWIR2
B12,0.000447,-0.203573,SWIR2
B12,0.000698,-0.025731,SWIR2
B12,0.000491,-0.161264,SWIR2
B12,0.000185,-0.134716,SWIR2
B12,0.000393,-0.159932,SWIR2
B12,0.000513,-0.135411,SWIR2
B12,0.000251,-0.166355,SWIR2
B12,0.001549,0.019774,SWIR2
B12,0.000840,-0.145116,SWIR2
B12,0.000644,-0.094769,SWIR2
B12,0.000862,0.016452,SWIR2
B12,0.000480,-0.089999,SWIR2
B12,0.000436,-0.119497,SWIR2
B12,0.000436,-0.132747,SWIR2
B12,0.000917,-0.077534,SWIR2
B12,0.000797,-0.083435,SWIR2
B12,0.000349,-0.134142,SWIR2
B12,0.000098,-0.092001,SWIR2
B12,0.000262,-0.081534,SWIR2
B12,0.000655,-0.045514,SWIR2
B12,0.000207,-0.211158,SWIR2
B12,0.000502,-0.114140,SWIR2
B12,0.000895,-0.097752,SWIR2
B12,0.001135,-0.048277,SWIR2
B12,0.001004,-0.079808,SWIR2
B12,0.000524,-0.090469,SWIR2
B12,0.000426,-0.092929,SWIR2
B12,0.000862,-0.134994,SWIR2
B12,0.001178,-0.031445,SWIR2
B12,0.000240,-0.117069,SWIR2
B12,0.000404,-0.093383,SWIR2
B12,0.000742,-0.050363,SWIR2
B12,0.000491,-0.075831,SWIR2
B12,0.000524,-0.073386,SWIR2
B12,0.000556,-0.097701,SWIR2
B12,0.000535,-0.132926,SWIR2
B12,0.001037,-0.050911,SWIR2
B12,0.002848,0.096026,SWIR2
B12,0.000731,-0.083631,SWIR2
B12,0.001102,-0.097461,SWIR2
B12,0.000546,-0.196573,SWIR2
B12,0.000480,-0.172856,SWIR2
B12,0.000611,-0.161256,SWIR2
B12,0.000666,0.015905,SWIR2
B12,0.000436,-0.166382,SWIR2
B12,0.000535,-0.174962,SWIR2
B12,0.000873,-0.158417,SWIR2
B12,0.001135,0.011902,SWIR2
B12,0.001702,-0.013118,SWIR2
B12,0.000535,-0.305504,SWIR2
B12,0.000655,-0.191548,SWIR2
B12,0.000567,-0.334144,SWIR2
B12,0.000775,-0.016083,SWIR2
B12,0.000797,-0.210320,SWIR2
B12,0.001964,-0.012515,SWIR2
B12,0.000426,-0.121664,SWIR2
B12,0.000491,-0.079694,SWIR2
B12,0.000447,-0.215891,SWIR2
B12,0.001015,-0.043900,SWIR2
B12,0.000917,-0.171211,SWIR2
B12,0.000469,-0.189404,SWIR2
B12,0.000633,-0.174203,SWIR2
B12,0.000556,-0.038839,SWIR2
B12,0.000786,-0.128742,SWIR2
B12,0.000546,-0.110773,SWIR2
B12,0.000666,-0.095762,SWIR2
B12,0.000491,-0.089089,SWIR2
B12,0.001178,-0.124990,SWIR2
B12,0.000589,-0.180798,SWIR2
B12,0.002019,-0.083423,SWIR2
B12,0.000938,0.009698,SWIR2
B12,0.001571,-0.060688,SWIR2
B12,0.001658,0.012548,SWIR2
B12,0.000327,-0.178089,SWIR2
B12,0.000807,-0.075112,SWIR2
B12,0.001167,-0.010410,SWIR2
B12,0.002400,0.009830,SWIR2
B12,0.000655,-0.050077,SWIR2
B12,0.001266,0.007330,SWIR2
B12,0.001833,0.046746,SWIR2
B12,0.000360,-0.108003,SWIR2
B12,0.000491,-0.090664,SWIR2
B12,0.000720,-0.144943,SWIR2
B12,0.001560,0.035492,SWIR2
B12,0.000764,0.211018,SWIR2
B12,0.000447,-0.090063,SWIR2
B12,0.000426,-0.075315,SWIR2
B12,0.002237,0.064593,SWIR2
B12,0.000862,-0.063757,SWIR2
B12,0.001124,-0.094101,SWIR2
B12,0.002891,0.141636,SWIR2
B12,0.000753,0.091975,SWIR2
B12,0.000611,-0.037144,SWIR2
B12,0.000731,-0.056734,SWIR2
B12,0.000982,-0.068054,SWIR2
B12,0.001266,-0.023550,SWIR2
B12,0.001702,-0.003911,SWIR2
B12,0.000676,-0.229713,SWIR2
B12,0.000447,-0.263951,SWIR2
B12,0.000687,-0.162985,SWIR2
B12,0.001680,-0.000734,SWIR2
B12,0.000993,-0.135031,SWIR2
B12,0.001069,-0.095010,SWIR2
B12,0.000960,-0.102720,SWIR2
B12,0.001113,-0.141537,SWIR2
B12,0.001582,0.033356,SWIR2
B12,0.001506,-0.002121,SWIR2
B12,0.005892,0.092516,SWIR2
B12,0.001157,0.016364,SWIR2
B12,0.000775,-0.054093,SWIR2
B12,0.001026,-0.056723,SWIR2
B12,0.001080,-0.036673,SWIR2
B12,0.001517,0.025891,SWIR2
B12,0.001768,-0.054415,SWIR2
B12,0.001440,-0.072330,SWIR2
B12,0.000698,-0.005773,SWIR2
B12,0.001298,0.008694,SWIR2
B12,0.001833,0.044860,SWIR2
B12,0.001146,-0.108830,SWIR2
B12,0.001789,0.076332,SWIR2
B12,0.001146,-0.053094,SWIR2
B12,0.004004,0.138813,SWIR2
B12,0.000938,-0.043287,SWIR2
B12,0.001244,-0.062188,SWIR2
B12,0.001309,-0.071344,SWIR2
B12,0.000775,0.159233,SWIR2
B12,0.000622,0.082472,SWIR2
B12,0.001102,-0.116484,SWIR2
B12,0.001266,-0.051993,SWIR2
B12,0.001571,-0.024919,SWIR2
B12,0.001473,-0.035357,SWIR2
B12,0.001855,0.025701,SWIR2
B12,0.001113,-0.058265,SWIR2
B12,0.001102,-0.122727,SWIR2
B12,0.001211,-0.008368,SWIR2
B12,0.001800,0.045742,SWIR2
B12,0.000862,-0.060692,SWIR2
B12,0.000535,-0.052043,SWIR2
B12,0.000949,-0.064700,SWIR2
B12,0.000687,-0.090260,SWIR2
B12,0.000633,-0.045663,SWIR2
B12,0.001277,0.001804,SWIR2
B12,0.004113,0.146378,SWIR2
B12,0.005379,0.164217,SWIR2
B12,0.010453,0.215914,SWIR2
B12,0.010464,0.085024,SWIR2
B12,0.005456,0.133411,SWIR2
B12,0.000524,-0.077185,SWIR2
B12,0.000404,-0.108924,SWIR2
B12,0.000567,-0.059280,SWIR2
B12,0.001582,0.002845,SWIR2
B12,0.002881,0.191856,SWIR2
B12,0.001058,-0.064589,SWIR2
B12,0.000917,-0.033837,SWIR2
B12,0.013279,0.038427,SWIR2
B12,0.001178,-0.122862,SWIR2
B12,0.000513,-0.126098,SWIR2
B12,0.000415,-0.150914,SWIR2
B12,0.002990,0.375567,SWIR2
B12,0.000513,-0.159983,SWIR2
B12,0.000622,-0.254406,SWIR2
B12,0.001026,-0.056723,SWIR2
B12,0.001091,-0.112093,SWIR2
B12,0.000480,-0.161991,SWIR2
B12,0.001789,0.088459,SWIR2
B12,0.000720,-0.120846,SWIR2
B12,0.000284,-0.184098,SWIR2
B12,0.000360,-0.125331,SWIR2
B12,0.000338,-0.091488,SWIR2
B12,0.000807,-0.178734,SWIR2
B12,0.001113,-0.072976,SWIR2
B12,0.000687,-0.023266,SWIR2
B12,0.005859,0.279778,SWIR2
B12,0.000546,-0.168395,SWIR2
B12,0.000818,-0.125744,SWIR2
B12,0.000633,-0.104458,SWIR2
B12,0.000600,-0.140853,SWIR2
B12,0.005106,0.151050,SWIR2
B12,0.000797,-0.054094,SWIR2
B12,0.000458,-0.121712,SWIR2
B12,0.000884,-0.083231,SWIR2
B12,0.001375,-0.042713,SWIR2
B12,0.001091,-0.123507,SWIR2
B12,0.001135,-0.047436,SWIR2
B12,0.001047,-0.068248,SWIR2
B12,0.006023,0.140427,SWIR2
B12,0.001517,0.005681,SWIR2
B12,0.002564,-0.045298,SWIR2
B12,0.002073,0.049185,SWIR2
B12,0.002859,0.084582,SWIR2
B12,0.002019,0.070601,SWIR2
B12,0.004343,0.146029,SWIR2
B12,0.002073,0.068646,SWIR2
B12,0.002084,-0.007874,SWIR2
B12,0.001637,0.030252,SWIR2
B12,0.025576,0.094885,SWIR2
B12,0.009885,0.196596,SWIR2
B12,0.020655,0.119758,SWIR2
B12,0.007889,0.193781,SWIR2
B12,0.002597,0.115278,SWIR2
B12,0.001408,0.044784,SWIR2
B12,0.001702,0.218542,SWIR2
B12,0.016738,0.089045,SWIR2
B12,0.094337,0.173889,SWIR2
B12,0.001768,0.207647,SWIR2
B12,0.002008,0.186254,SWIR2
B12,0.001713,0.026158,SWIR2
B12,0.003524,0.115955,SWIR2
B12,0.001866,0.171535,SWIR2
B12,0.003775,0.269469,SWIR2
B12,0.074523,0.233956,SWIR2
B12,0.089733,0.207370,SWIR2
B12,0.003252,0.272068,SWIR2
B12,0.003033,0.266829,SWIR2
B12,0.002106,0.004050,SWIR2
B12,0.004899,0.128904,SWIR2
B12,0.002793,0.096722,SWIR2
B12,0.001964,0.161647,SWIR2
B12,0.002433,0.132497,SWIR2
B12,0.004081,0.021136,SWIR2
B12,0.002477,0.135979,SWIR2
B12,0.003077,0.110561,SWIR2
B12,0.002990,0.223442,SWIR2
B12,0.002379,0.182759,SWIR2
B12,0.006819,0.073233,SWIR2
B12,0.002619,0.132418,SWIR2
B12,0.002935,0.009544,SWIR2
B12,0.003317,0.131745,SWIR2
B12,0.003088,0.039506,SWIR2
B12,0.001691,0.022754,SWIR2
B12,0.002444,0.052473,SWIR2
B12,0.002313,0.078518,SWIR2
B12,0.002422,0.036025,SWIR2
B12,0.002400,0.009500,SWIR2
B12,0.002291,0.003258,SWIR2
B12,0.001986,0.039945,SWIR2
B12,0.001517,-0.028357,SWIR2
B12,0.001517,0.009697,SWIR2
B12,0.001702,0.017864,SWIR2
B12,0.000862,-0.093431,SWIR2
B12,0.000655,-0.050081,SWIR2
B12,0.001626,-0.033887,SWIR2
B12,0.003164,0.104258,SWIR2
B12,0.001888,0.068809,SWIR2
B12,0.001811,0.110560,SWIR2
B12,0.001484,-0.065338,SWIR2
B12,0.001004,-0.140797,SWIR2
B12,0.001473,-0.088410,SWIR2
B12,0.001528,-0.077776,SWIR2
B12,0.003655,0.053786,SWIR2
B12,0.001320,-0.081329,SWIR2
B12,0.001680,0.036438,SWIR2
B12,0.004004,0.269019,SWIR2
B12,0.001757,0.087103,SWIR2
B12,0.005521,0.322488,SWIR2
B12,0.003873,0.375327,SWIR2
B12,0.003502,0.292795,SWIR2
B12,0.001637,0.073900,SWIR2
B12,0.001429,-0.011458,SWIR2
B12,0.002640,0.227636,SWIR2
B12,0.002662,0.060472,SWIR2
B12,0.001975,0.064857,SWIR2
B12,0.002946,0.192334,SWIR2
B12,0.004495,0.196131,SWIR2
B12,0.003906,0.057893,SWIR2
B12,0.002990,0.120451,SWIR2
B12,0.002302,0.141595,SWIR2
B12,0.002717,0.288792,SWIR2
B12,0.003033,0.144925,SWIR2
B12,0.002793,0.156032,SWIR2
B12,0.004681,0.075804,SWIR2
B12,0.004364,0.206998,SWIR2
B12,0.004724,0.167430,SWIR2
B12,0.002575,0.068492,SWIR2
B12,0.003448,0.162115,SWIR2
B12,0.006001,0.297559,SWIR2
B12,0.003983,0.158622,SWIR2
B12,0.002706,0.120645,SWIR2
B12,0.001757,0.041893,SWIR2
B12,0.004517,0.269925,SWIR2
B12,0.002695,0.095994,SWIR2
B12,0.003197,0.093680,SWIR2
B12,0.002837,0.074567,SWIR2
B12,0.003066,0.149877,SWIR2
B12,0.002182,-0.100775,SWIR2
B12,0.001124,-0.041962,SWIR2
B12,0.001113,-0.053817,SWIR2
B12,0.001691,-0.056866,SWIR2
B12,0.006208,0.128573,SWIR2
B12,0.001309,-0.047361,SWIR2
B12,0.001288,-0.030706,SWIR2
B12,0.001888,0.024935,SWIR2
B12,0.001626,-0.020423,SWIR2
B12,0.001528,-0.035409,SWIR2
B12,0.001822,-0.038308,SWIR2
B12,0.004212,0.060178,SWIR2
B12,0.001124,-0.077434,SWIR2
B12,0.000993,-0.090601,SWIR2
B12,0.000895,-0.181030,SWIR2
B12,0.001418,0.032469,SWIR2
B12,0.001560,0.038656,SWIR2
B12,0.002270,0.047840,SWIR2
B12,0.001888,0.066520,SWIR2
B12,0.001222,-0.054118,SWIR2
B12,0.000917,-0.120570,SWIR2
B12,0.000993,-0.109131,SWIR2
B12,0.001146,-0.073499,SWIR2
B12,0.001244,-0.021647,SWIR2
B12,0.003775,0.008068,SWIR2
B12,0.001386,-0.135119,SWIR2
B12,0.001855,0.125541,SWIR2
B12,0.001517,-0.087975,SWIR2
B12,0.002859,0.203999,SWIR2
B12,0.003459,0.356344,SWIR2
B12,0.001920,0.142545,SWIR2
B12,0.002586,0.352206,SWIR2
B12,0.002182,0.261262,SWIR2
B12,0.002444,0.256819,SWIR2
B12,0.001495,-0.014947,SWIR2
B12,0.001833,0.215481,SWIR2
B12,0.004626,0.039467,SWIR2
B12,0.003524,0.097574,SWIR2
B12,0.012275,0.056073,SWIR2
B12,0.010616,0.048295,SWIR2
B12,0.001353,-0.121732,SWIR2
B12,0.005095,0.147178,SWIR2
B12,0.004648,0.172729,SWIR2
B12,0.002302,0.294988,SWIR2
B12,0.003153,0.272089,SWIR2
B12,0.001909,0.120202,SWIR2
B12,0.002182,0.100179,SWIR2
B12,0.004845,0.331300,SWIR2
B12,0.001789,0.122252,SWIR2
B12,0.003339,0.305401,SWIR2
B12,0.002302,0.278787,SWIR2
B12,0.004615,0.373785,SWIR2
B12,0.004681,0.136128,SWIR2
B12,0.002630,0.010119,SWIR2
B12,0.002215,0.092642,SWIR2
B12,0.002226,0.106166,SWIR2
B12,0.002706,0.211003,SWIR2
B12,0.003131,0.091239,SWIR2
B12,0.004026,0.140517,SWIR2
B12,0.001899,-0.080430,SWIR2
B12,0.004288,-0.025336,SWIR2
B12,0.004495,0.001382,SWIR2
B12,0.002029,-0.085004,SWIR2
B12,0.002073,-0.080289,SWIR2
B12,0.001658,-0.013422,SWIR2
B12,0.004474,0.056922,SWIR2
B12,0.001298,0.009110,SWIR2
B12,0.004124,0.018929,SWIR2
B12,0.002149,-0.082683,SWIR2
B12,0.001582,-0.024167,SWIR2
B12,0.002270,-0.002162,SWIR2
NDWI,0.596534,0.236557,NDWI
NDWI,0.509322,0.187740,NDWI
NDWI,0.765508,-0.024045,NDWI
NDWI,0.855767,-0.070661,NDWI
NDWI,0.771548,-0.027992,NDWI
NDWI,0.815011,-0.000157,NDWI
NDWI,0.801546,0.064241,NDWI
NDWI,0.820677,-0.090341,NDWI
NDWI,0.836908,0.080307,NDWI
NDWI,0.826131,0.142040,NDWI
NDWI,0.830634,-0.052773,NDWI
NDWI,0.776009,0.022056,NDWI
NDWI,0.743659,-0.139331,NDWI
NDWI,0.790163,0.095933,NDWI
NDWI,0.850578,-0.085787,NDWI
NDWI,1.011614,-0.168767,NDWI
NDWI,0.976896,-0.208507,NDWI
NDWI,1.010701,-0.162477,NDWI
NDWI,1.009103,-0.178874,NDWI
NDWI,0.782704,0.195805,NDWI
NDWI,0.705468,0.257746,NDWI
NDWI,0.657046,0.084566,NDWI
NDWI,0.888701,-0.096008,NDWI
NDWI,0.532371,0.288948,NDWI
NDWI,0.642936,0.090349,NDWI
NDWI,0.631302,0.151731,NDWI
NDWI,0.641870,0.298453,NDWI
NDWI,0.757811,0.234578,NDWI
NDWI,0.662059,0.026525,NDWI
NDWI,0.721475,0.326027,NDWI
NDWI,0.656224,0.298889,NDWI
NDWI,0.650439,0.195486,NDWI
NDWI,0.653025,0.070120,NDWI
NDWI,0.712675,-0.024117,NDWI
NDWI,0.608789,0.263333,NDWI
NDWI,0.587643,0.325953,NDWI
NDWI,0.687365,0.234159,NDWI
NDWI,0.773421,0.232785,NDWI
NDWI,0.537166,0.257760,NDWI
NDWI,0.633740,0.060504,NDWI
NDWI,0.513474,0.194227,NDWI
NDWI,0.557136,0.151787,NDWI
NDWI,0.605492,0.102828,NDWI
NDWI,0.552715,0.285995,NDWI
NDWI,0.729864,0.355348,NDWI
NDWI,0.570174,0.369418,NDWI
NDWI,0.539374,0.398677,NDWI
NDWI,0.673310,0.454567,NDWI
NDWI,0.797786,0.059702,NDWI
NDWI,0.733952,0.359682,NDWI
NDWI,0.584534,0.439750,NDWI
NDWI,0.469824,0.396817,NDWI
NDWI,0.709950,0.608714,NDWI
NDWI,0.672111,0.621322,NDWI
NDWI,0.486717,0.735261,NDWI
NDWI,0.772857,0.071009,NDWI
NDWI,0.832750,-0.090448,NDWI
NDWI,0.669292,0.238805,NDWI
NDWI,0.657448,0.309697,NDWI
NDWI,0.736140,-0.105537,NDWI
NDWI,0.708721,-0.042523,NDWI
NDWI,0.798234,0.240992,NDWI
NDWI,0.851438,0.000633,NDWI
NDWI,0.857432,0.487758,NDWI
NDWI,1.010655,-0.384012,NDWI
NDWI,0.996594,-0.265502,NDWI
NDWI,0.732977,0.209552,NDWI
NDWI,0.650561,0.366460,NDWI
NDWI,0.720231,0.235385,NDWI
NDWI,0.588558,0.281230,NDWI
NDWI,0.613182,0.272433,NDWI
NDWI,0.536940,0.380008,NDWI
NDWI,0.681971,0.216221,NDWI
NDWI,0.670833,0.154103,NDWI
NDWI,0.548653,0.279389,NDWI
NDWI,0.655908,0.186770,NDWI
NDWI,0.693809,0.185912,NDWI
NDWI,0.814780,-0.223774,NDWI
NDWI,0.599393,0.232257,NDWI
NDWI,0.599740,0.240142,NDWI
NDWI,0.712218,0.175304,NDWI
NDWI,0.596490,0.198942,NDWI
NDWI,0.446728,0.297738,NDWI
NDWI,0.560578,0.088418,NDWI
NDWI,0.442506,0.210261,NDWI
NDWI,0.164802,0.244013,NDWI
NDWI,0.559122,0.267843,NDWI
NDWI,0.583308,0.346341,NDWI
NDWI,0.552624,0.404662,NDWI
NDWI,0.695936,0.240860,NDWI
NDWI,0.236064,0.408752,NDWI
NDWI,0.542424,0.373288,NDWI
NDWI,0.596349,0.357789,NDWI
NDWI,0.630348,0.230181,NDWI
NDWI,0.249143,0.235280,NDWI
NDWI,0.148867,0.168154,NDWI
NDWI,0.232292,0.084368,NDWI
NDWI,0.550780,0.066254,NDWI
NDWI,0.893365,-0.053840,NDWI
NDWI,0.697902,0.078514,NDWI
NDWI,0.756696,0.070715,NDWI
NDWI,0.829636,-0.097046,NDWI
NDWI,0.755187,0.020749,NDWI
NDWI,0.881461,-0.075792,NDWI
NDWI,0.716842,-0.124047,NDWI
NDWI,0.798796,-0.188171,NDWI
NDWI,0.548653,0.279389,NDWI
NDWI,0.422714,0.255196,NDWI
NDWI,0.648405,0.114586,NDWI
NDWI,0.793740,-0.082277,NDWI
NDWI,0.621021,0.084863,NDWI
NDWI,0.645670,0.086937,NDWI
NDWI,0.660902,0.224804,NDWI
NDWI,0.851268,-0.094567,NDWI
NDWI,0.576883,0.336292,NDWI
NDWI,0.595804,0.204690,NDWI
NDWI,0.921145,-0.052234,NDWI
NDWI,0.975975,-0.109589,NDWI
NDWI,0.977642,-0.109619,NDWI
NDWI,-0.440006,0.874557,NDWI
NDWI,0.948101,-0.073243,NDWI
NDWI,0.731819,0.040749,NDWI
NDWI,0.770942,0.026822,NDWI
NDWI,0.967965,-0.068930,NDWI
NDWI,0.639053,0.270131,NDWI
NDWI,0.156952,0.346529,NDWI
NDWI,0.584491,0.433040,NDWI
NDWI,0.641680,0.244592,NDWI
NDWI,0.678562,0.255798,NDWI
NDWI,0.673717,0.297055,NDWI
NDWI,0.468613,0.661060,NDWI
NDWI,0.585613,0.330675,NDWI
NDWI,0.743231,0.057227,NDWI
NDWI,0.771123,0.515092,NDWI
NDWI,0.587668,0.112007,NDWI
NDWI,0.499191,0.653425,NDWI
NDWI,0.628377,0.233235,NDWI
NDWI,0.566785,0.298356,NDWI
NDWI,0.515600,0.218218,NDWI
NDWI,0.627513,0.111646,NDWI
NDWI,0.616948,0.022987,NDWI
NDWI,0.675116,0.092167,NDWI
NDWI,0.779749,0.046843,NDWI
NDWI,0.261795,0.342826,NDWI
NDWI,0.795797,0.069285,NDWI
NDWI,0.721493,0.090196,NDWI
NDWI,0.647169,-0.003493,NDWI
NDWI,0.792451,0.031157,NDWI
NDWI,0.613092,0.218343,NDWI
NDWI,0.839212,-0.031923,NDWI
NDWI,1.222071,-0.124668,NDWI
NDWI,0.428918,0.328617,NDWI
NDWI,0.417521,0.330066,NDWI
NDWI,0.933187,-0.093226,NDWI
NDWI,0.750415,0.000745,NDWI
NDWI,0.606823,0.242495,NDWI
NDWI,0.746083,-0.093642,NDWI
NDWI,0.798801,-0.187532,NDWI
NDWI,0.757518,-0.136914,NDWI
NDWI,0.843232,-0.244885,NDWI
NDWI,0.783111,0.038103,NDWI
NDWI,0.311946,0.626489,NDWI
NDWI,0.455079,0.468509,NDWI
NDWI,0.471216,0.549933,NDWI
NDWI,0.477246,0.625228,NDWI
NDWI,0.614510,0.008500,NDWI
NDWI,0.656624,-0.053507,NDWI
NDWI,0.552084,0.126904,NDWI
NDWI,0.779163,-0.037458,NDWI
NDWI,0.680822,0.160110,NDWI
NDWI,0.594539,0.152359,NDWI
NDWI,0.573349,0.136812,NDWI
NDWI,0.481325,0.622171,NDWI
NDWI,0.437366,0.556766,NDWI
NDWI,0.470797,0.569340,NDWI
NDWI,0.454637,0.532628,NDWI
NDWI,0.553116,0.228894,NDWI
NDWI,0.576446,0.094115,NDWI
NDWI,0.410749,0.129429,NDWI
NDWI,0.534801,0.201659,NDWI
NDWI,0.534407,0.300631,NDWI
NDWI,0.504061,0.295751,NDWI
NDWI,0.472091,0.258961,NDWI
NDWI,0.504011,0.375137,NDWI
NDWI,0.390224,0.571836,NDWI
NDWI,0.408437,0.543188,NDWI
NDWI,0.442818,0.513398,NDWI
NDWI,0.488290,0.310776,NDWI
NDWI,0.442796,0.224524,NDWI
NDWI,0.456970,0.234202,NDWI
NDWI,0.456652,0.276554,NDWI
NDWI,0.181218,0.306671,NDWI
NDWI,0.483471,0.699949,NDWI
NDWI,0.367302,0.392652,NDWI
NDWI,0.506121,0.718884,NDWI
NDWI,0.604559,0.158779,NDWI
NDWI,0.617987,0.191416,NDWI
NDWI,0.571843,0.187380,NDWI
NDWI,0.493471,0.586531,NDWI
NDWI,0.398070,0.525302,NDWI
NDWI,0.423036,0.568742,NDWI
NDWI,0.552560,0.200296,NDWI
NDWI,0.813249,-0.049605,NDWI
NDWI,0.755158,-0.228323,NDWI
NDWI,0.892303,-0.370039,NDWI
NDWI,0.835825,-0.371494,NDWI
NDWI,0.612781,0.282839,NDWI
NDWI,0.473715,0.565551,NDWI
NDWI,0.559835,0.156731,NDWI
NDWI,0.649618,0.449566,NDWI
NDWI,0.538318,0.259186,NDWI
NDWI,0.569231,0.148170,NDWI
NDWI,0.683060,0.013440,NDWI
NDWI,0.663351,0.354380,NDWI
NDWI,0.698182,-0.177731,NDWI
NDWI,0.590927,0.166820,NDWI
NDWI,0.602347,0.160346,NDWI
NDWI,0.584771,0.154344,NDWI
NDWI,0.573247,0.217579,NDWI
NDWI,0.862089,-0.089967,NDWI
NDWI,1.011107,-0.171783,NDWI
NDWI,0.982032,-0.132558,NDWI
NDWI,0.705488,-0.021557,NDWI
NDWI,0.653884,0.084942,NDWI
NDWI,0.685639,0.047005,NDWI
NDWI,0.564624,0.242299,NDWI
NDWI,0.521395,0.423041,NDWI
NDWI,0.919747,-0.164635,NDWI
NDWI,0.743391,0.027314,NDWI
NDWI,0.714021,0.047848,NDWI
NDWI,0.611916,0.030946,NDWI
NDWI,0.543263,0.181900,NDWI
NDWI,0.399205,0.251269,NDWI
NDWI,0.381471,0.252975,NDWI
NDWI,0.401817,0.259287,NDWI
NDWI,0.562480,0.056934,NDWI
NDWI,0.508020,0.269723,NDWI
NDWI,0.541164,0.180414,NDWI
NDWI,0.480418,0.211387,NDWI
NDWI,0.445470,0.200112,NDWI
NDWI,0.380356,0.189597,NDWI
NDWI,0.941130,-0.077296,NDWI
NDWI,0.299186,0.157941,NDWI
NDWI,0.418190,0.265523,NDWI
NDWI,0.317624,0.266170,NDWI
NDWI,0.338651,0.284945,NDWI
NDWI,0.702751,0.054460,NDWI
NDWI,0.365339,0.255320,NDWI
NDWI,0.430665,0.237782,NDWI
NDWI,0.417308,0.458938,NDWI
NDWI,0.230502,0.471805,NDWI
NDWI,0.538593,0.321004,NDWI
NDWI,0.610695,0.113320,NDWI
NDWI,0.420554,0.391578,NDWI
NDWI,0.916151,-0.075758,NDWI
NDWI,1.026527,-0.239859,NDWI
NDWI,0.624770,0.382322,NDWI
NDWI,0.479309,0.519765,NDWI
NDWI,0.354933,0.536365,NDWI
NDWI,0.774279,0.093764,NDWI
NDWI,0.670488,0.096951,NDWI
NDWI,1.022102,-0.093901,NDWI
NDWI,0.976817,-0.112763,NDWI
NDWI,0.664215,-0.008265,NDWI
NDWI,1.003638,-0.101958,NDWI
NDWI,0.984446,-0.103827,NDWI
NDWI,0.811630,-0.024002,NDWI
NDWI,0.940601,-0.403375,NDWI
NDWI,0.537904,0.289443,NDWI
NDWI,0.831149,-0.366072,NDWI
NDWI,1.004746,-0.260288,NDWI
NDWI,0.746557,-0.163619,NDWI
NDWI,0.744186,-0.082444,NDWI
NDWI,0.697841,-0.058705,NDWI
NDWI,-0.018521,0.682066,NDWI
NDWI,0.196773,0.506951,NDWI
NDWI,0.162900,0.455185,NDWI
NDWI,0.300483,0.447962,NDWI
NDWI,0.033812,0.556113,NDWI
NDWI,-0.032663,0.589773,NDWI
NDWI,0.063465,1.030038,NDWI
NDWI,0.346626,0.447432,NDWI
NDWI,0.049612,0.969966,NDWI
NDWI,0.225508,0.801874,NDWI
NDWI,0.178852,0.435759,NDWI
NDWI,0.034598,0.596426,NDWI
NDWI,0.269865,0.522054,NDWI
NDWI,0.055092,0.591005,NDWI
NDWI,0.043241,0.558844,NDWI
NDWI,0.075234,0.499743,NDWI
NDWI,0.014323,0.389734,NDWI
NDWI,0.076707,0.537598,NDWI
NDWI,0.422348,0.826787,NDWI
NDWI,0.046477,1.033559,NDWI
NDWI,-0.020262,0.479399,NDWI
NDWI,0.197241,0.839350,NDWI
NDWI,0.135034,0.932761,NDWI
NDWI,0.180235,0.883343,NDWI
NDWI,0.046168,0.923910,NDWI
NDWI,0.286873,0.323263,NDWI
NDWI,0.046017,1.034331,NDWI
NDWI,0.047003,0.934928,NDWI
NDWI,0.041916,1.051155,NDWI
NDWI,0.032278,0.928916,NDWI
NDWI,0.202399,0.782341,NDWI
NDWI,0.195689,0.850662,NDWI
NDWI,0.400055,0.998747,NDWI
NDWI,0.112439,0.469430,NDWI
NDWI,0.037973,0.484434,NDWI
NDWI,0.080470,0.577711,NDWI
NDWI,0.124336,0.966972,NDWI
NDWI,1.142599,-0.202278,NDWI
NDWI,0.227849,0.474387,NDWI
NDWI,1.046947,-0.258140,NDWI
NDWI,0.097666,0.489957,NDWI
NDWI,0.861481,0.228176,NDWI
NDWI,0.725234,-0.054542,NDWI
NDWI,0.520074,0.441318,NDWI
NDWI,1.382258,-0.328119,NDWI
NDWI,1.245171,-0.290067,NDWI
NDWI,1.082233,-0.089631,NDWI
NDWI,0.546131,0.367369,NDWI
NDWI,1.228638,-0.178067,NDWI
NDWI,1.252510,-0.156663,NDWI
NDWI,1.154188,-0.109042,NDWI
NDWI,1.231244,-0.164482,NDWI
NDWI,1.073592,-0.138461,NDWI
NDWI,0.069683,0.158771,NDWI
NDWI,0.899408,-0.034099,NDWI
NDWI,1.271424,-0.170585,NDWI
NDWI,1.042396,-0.158403,NDWI
NDWI,0.116355,0.289368,NDWI
NDWI,1.018744,-0.160538,NDWI
NDWI,1.206839,-0.144026,NDWI
NDWI,1.325817,-0.102090,NDWI
NDWI,1.593718,-0.104117,NDWI
NDWI,1.325831,-0.116694,NDWI
NDWI,1.312674,-0.108047,NDWI
NDWI,1.619932,-0.137700,NDWI
NDWI,1.052109,-0.200365,NDWI
NDWI,1.420719,-0.210050,NDWI
NDWI,0.865172,-0.038486,NDWI
NDWI,-0.225298,0.574125,NDWI
NDWI,1.331737,-0.263969,NDWI
NDWI,1.160960,-0.161218,NDWI
NDWI,1.491535,-0.214669,NDWI
NDWI,1.805689,-0.171796,NDWI
NDWI,1.113611,-0.161647,NDWI
NDWI,1.227803,-0.203716,NDWI
NDWI,1.365513,-0.157198,NDWI
NDWI,1.620791,-0.164793,NDWI
NDWI,1.119789,-0.146887,NDWI
NDWI,1.222398,-0.182898,NDWI
NDWI,1.094679,-0.133352,NDWI
NDWI,1.511740,-0.198682,NDWI
NDWI,1.076560,-0.126259,NDWI
NDWI,1.448462,-0.105181,NDWI
NDWI,1.588048,-0.118131,NDWI
NDWI,1.436026,-0.125577,NDWI
NDWI,1.568197,-0.098273,NDWI
NDWI,0.876542,-0.035734,NDWI
NDWI,1.396366,-0.321738,NDWI
NDWI,1.261371,-0.241618,NDWI
NDWI,1.119220,-0.228434,NDWI
NDWI,1.332435,-0.263662,NDWI
NDWI,1.166973,-0.200708,NDWI
NDWI,1.027938,-0.140271,NDWI
NDWI,1.113599,-0.141665,NDWI
NDWI,1.122111,-0.134652,NDWI
NDWI,1.763213,0.025589,NDWI
NDWI,1.522433,-0.111050,NDWI
NDWI,1.218730,-0.096597,NDWI
NDWI,1.197274,-0.104073,NDWI
NDWI,1.110368,-0.152868,NDWI
NDWI,1.095975,-0.154258,NDWI
NDWI,1.697203,-0.145278,NDWI
NDWI,1.074237,-0.127359,NDWI
NDWI,1.048350,-0.077559,NDWI
NDWI,1.317771,-0.154635,NDWI
NDWI,0.912470,-0.055783,NDWI
NDWI,1.320587,-0.173610,NDWI
NDWI,1.162037,-0.323282,NDWI
NDWI,1.314988,-0.348012,NDWI
NDWI,1.003255,-0.123981,NDWI
NDWI,1.087024,-0.324200,NDWI
NDWI,1.046443,-0.271582,NDWI
NDWI,1.343932,-0.302897,NDWI
NDWI,1.129444,-0.136259,NDWI
NDWI,1.268421,-0.112274,NDWI
NDWI,1.409104,-0.156741,NDWI
NDWI,1.475132,-0.191936,NDWI
NDWI,1.399723,-0.115902,NDWI
NDWI,1.326225,-0.220076,NDWI
NDWI,1.178808,-0.220874,NDWI
NDWI,1.004448,-0.483441,NDWI
NDWI,1.113037,-0.126610,NDWI
NDWI,1.316356,-0.128710,NDWI
NDWI,1.100309,-0.174597,NDWI
NDWI,1.322579,-0.148320,NDWI
NDWI,1.095113,-0.191296,NDWI
NDWI,1.002508,-0.139597,NDWI
NDWI,1.282758,-0.242767,NDWI
NDWI,1.341644,-0.246775,NDWI
NDWI,1.323990,-0.186274,NDWI
NDWI,1.211750,-0.147979,NDWI
NDWI,1.175228,-0.171710,NDWI
NDWI,1.233873,-0.196987,NDWI
NDWI,1.172462,-0.221842,NDWI
NDWI,1.236263,-0.244929,NDWI
NDWI,1.196517,-0.238517,NDWI
NDWI,1.332085,-0.229753,NDWI
NDWI,1.073417,-0.231650,NDWI
NDWI,1.637774,-0.151153,NDWI
NDWI,1.459492,-0.135186,NDWI
NDWI,1.549991,-0.131244,NDWI
NDWI,1.445917,-0.119546,NDWI
NDWI,1.548543,-0.117454,NDWI
NDWI,2.629152,-0.120266,NDWI
NDWI,1.886589,-0.121488,NDWI
NDWI,2.003038,-0.143231,NDWI
NDWI,1.389636,-0.206245,NDWI
NDWI,1.439464,-0.147177,NDWI
NDWI,1.833758,-0.156849,NDWI
NDWI,1.340371,-0.174393,NDWI
NDWI,1.188281,-0.227809,NDWI
NDWI,1.167838,-0.230572,NDWI
NDWI,1.604014,-0.153825,NDWI
NDWI,1.089044,-0.175905,NDWI
NDWI,1.633222,-0.166619,NDWI
NDWI,1.355314,-0.177006,NDWI
NDWI,1.926384,-0.126439,NDWI
NDWI,1.540699,-0.181871,NDWI
NDWI,1.472245,-0.198313,NDWI
NDWI,1.483222,-0.154262,NDWI
NDWI,1.179181,-0.150406,NDWI
NDWI,1.459628,-0.233850,NDWI
NDWI,1.316156,-0.223386,NDWI
NDWI,1.629097,-0.207817,NDWI
NDWI,1.195583,-0.184719,NDWI
NDWI,1.198987,-0.337146,NDWI
NDWI,1.059714,-0.273317,NDWI
NDWI,1.293849,-0.307675,NDWI
NDWI,1.277894,-0.287903,NDWI
NDWI,1.178777,-0.268540,NDWI
NDWI,1.325691,-0.238486,NDWI
NDWI,1.144541,-0.203711,NDWI
NDWI,1.420139,-0.158134,NDWI
NDWI,1.351716,-0.146552,NDWI
NDWI,1.236581,-0.149990,NDWI
NDWI,1.233749,-0.154630,NDWI
NDWI,1.372235,-0.196480,NDWI
NDWI,1.244976,-0.107908,NDWI
NDWI,1.350720,-0.140212,NDWI
NDWI,1.028658,-0.225022,NDWI
NDWI,1.459127,-0.242789,NDWI
NDWI,1.127105,-0.157083,NDWI
NDWI,1.093921,-0.170640,NDWI
NDWI,1.118026,-0.155523,NDWI
NDWI,1.694341,-0.241196,NDWI
NDWI,1.097010,-0.209424,NDWI
NDWI,1.481415,-0.227420,NDWI
NDWI,1.308140,-0.130327,NDWI
NDWI,1.138750,-0.164074,NDWI
NDWI,1.113950,-0.112939,NDWI
NDWI,1.068954,-0.164406,NDWI
NDWI,1.250622,-0.119971,NDWI
NDWI,1.034440,-0.162390,NDWI
NDWI,1.019869,-0.255779,NDWI
NDWI,1.079375,-0.153567,NDWI
NDWI,1.011941,-0.080012,NDWI
NDWI,1.298629,-0.110189,NDWI
NDWI,1.120249,-0.111042,NDWI
NDWI,1.041938,-0.118843,NDWI
NDWI,1.281753,-0.116836,NDWI
NDWI,1.241032,-0.197232,NDWI
NDWI,1.211305,-0.185454,NDWI
NDWI,1.146290,-0.137291,NDWI
NDWI,1.018334,-0.165352,NDWI
NDWI,1.209850,-0.166624,NDWI
NDWI,0.924180,-0.223171,NDWI
NDWI,0.887710,0.397940,NDWI
NDWI,0.837154,-0.074624,NDWI
NDWI,0.981569,-0.201408,NDWI
NDWI,1.009060,-0.183384,NDWI
NDWI,1.035514,-0.134365,NDWI
NDWI,1.382111,-0.218190,NDWI
NDWI,1.042699,-0.209348,NDWI
NDWI,1.074240,-0.258947,NDWI
NDWI,1.107005,-0.306914,NDWI
NDWI,1.001274,-0.280387,NDWI
NDWI,0.998211,-0.271224,NDWI
NDWI,1.025581,-0.141329,NDWI
NDWI,1.051297,-0.140310,NDWI
NDWI,1.055848,-0.122309,NDWI
NDWI,1.050763,-0.244519,NDWI
NDWI,1.221820,-0.251467,NDWI
NDWI,1.095248,-0.141903,NDWI
NDWI,1.337593,-0.141979,NDWI
NDWI,1.239356,-0.244071,NDWI
NDWI,1.200420,-0.178970,NDWI
NDWI,1.182724,-0.167352,NDWI
NDWI,1.307441,-0.121291,NDWI
NDWI,1.133677,-0.136003,NDWI
NDWI,1.177495,-0.244505,NDWI
NDWI,1.135392,-0.188035,NDWI
NDWI,1.091645,-0.188474,NDWI
NDWI,1.185553,-0.241210,NDWI
NDWI,1.325763,-0.285004,NDWI
NDWI,1.194541,-0.189493,NDWI
NDWI,1.022187,-0.227566,NDWI
NDWI,1.170769,-0.209808,NDWI
NDWI,1.145915,-0.066032,NDWI
NDWI,1.648851,-0.132751,NDWI
NDWI,1.377962,-0.148993,NDWI
NDWI,1.521952,-0.130731,NDWI
NDWI,1.033327,-0.229012,NDWI
NDWI,1.775157,-0.114765,NDWI
NDWI,1.079921,-0.168820,NDWI
NDWI,1.310471,-0.119523,NDWI
NDWI,1.267188,-0.148573,NDWI
NDWI,1.335799,-0.180967,NDWI
NDWI,1.246322,-0.166428,NDWI
NDWI,1.331280,-0.137550,NDWI
NDWI,1.190973,-0.138174,NDWI
NDWI,1.672372,-0.106425,NDWI
NDWI,1.616846,-0.148602,NDWI
NDWI,1.155639,-0.083824,NDWI
NDWI,1.691319,-0.070209,NDWI
NDWI,1.322761,-0.247481,NDWI
NDWI,1.173454,-0.205970,NDWI
NDWI,1.100536,-0.214600,NDWI
NDWI,1.666839,-0.206196,NDWI
NDWI,1.136739,-0.167464,NDWI
NDWI,1.083525,-0.085198,NDWI
NDWI,1.278939,-0.129923,NDWI
NDWI,1.366968,-0.188834,NDWI
NDWI,1.358496,-0.253892,NDWI
NDWI,1.087278,-0.120528,NDWI
NDWI,1.722685,-0.166788,NDWI
NDWI,1.494767,-0.154269,NDWI
NDWI,1.480509,-0.172224,NDWI
NDWI,0.897578,-0.061284,NDWI
NDWI,1.534709,-0.166952,NDWI
NDWI,1.310562,-0.202762,NDWI
NDWI,1.816612,-0.067010,NDWI
NDWI,1.161834,-0.156523,NDWI
NDWI,0.810605,0.158418,NDWI
NDWI,0.683398,0.013475,NDWI
NDWI,1.416795,-0.161576,NDWI
NDWI,1.405856,-0.241801,NDWI
NDWI,1.781047,-0.066452,NDWI
NDWI,1.326763,-0.393911,NDWI
NDWI,1.132596,-0.144619,NDWI
NDWI,1.191183,-0.127621,NDWI
NDWI,1.051508,-0.143241,NDWI
NDWI,1.035430,-0.168152,NDWI
NDWI,1.121431,-0.181847,NDWI
NDWI,1.093510,-0.272163,NDWI
NDWI,1.408440,-0.196025,NDWI
NDWI,1.885464,-0.184983,NDWI
NDWI,1.858189,-0.166932,NDWI
NDWI,1.342348,-0.215397,NDWI
NDWI,0.799279,-0.003259,NDWI
NDWI,1.426104,-0.171843,NDWI
NDWI,0.438291,0.424368,NDWI
NDWI,1.849380,-0.171453,NDWI
NDWI,1.363693,-0.216656,NDWI
NDWI,1.648694,-0.232060,NDWI
NDWI,2.097795,-0.146767,NDWI
NDWI,1.961921,-0.130663,NDWI
NDWI,1.136357,-0.361257,NDWI
NDWI,1.174068,-0.109887,NDWI
NDWI,1.855210,-0.100564,NDWI
NDWI,2.087175,-0.135735,NDWI
NDWI,1.394466,-0.148191,NDWI
NDWI,1.110137,-0.169640,NDWI
NDWI,1.000000,-0.163734,NDWI
NDWI,1.127212,-0.185275,NDWI
NDWI,0.434732,0.434524,NDWI
NDWI,1.414693,-0.167406,NDWI
NDWI,1.454201,-0.222922,NDWI
NDWI,1.134405,-0.121967,NDWI
NDWI,1.843425,-0.047238,NDWI
NDWI,1.304421,-0.147139,NDWI
NDWI,1.501513,-0.164721,NDWI
NDWI,1.614732,-0.064055,NDWI
NDWI,0.928861,-0.054669,NDWI
NDWI,0.980289,-0.053399,NDWI
NDWI,0.964596,-0.114415,NDWI
NDWI,1.187700,-0.107712,NDWI
NDWI,1.005462,-0.121553,NDWI
NDWI,1.086535,-0.102645,NDWI
NDWI,1.121778,-0.156067,NDWI
NDWI,1.073905,-0.209997,NDWI
NDWI,1.127602,-0.047411,NDWI
NDWI,1.204935,-0.144923,NDWI
NDWI,1.076022,-0.085759,NDWI
NDWI,0.987322,-0.255590,NDWI
NDWI,1.068453,-0.253667,NDWI
NDWI,0.862644,-0.145409,NDWI
NDWI,0.834978,0.286998,NDWI
NDWI,0.126563,0.431851,NDWI
NDWI,0.623179,0.110817,NDWI
NDWI,1.175680,-0.094427,NDWI
NDWI,1.112716,-0.172395,NDWI
NDWI,1.166298,-0.150694,NDWI
NDWI,1.041471,-0.159504,NDWI
NDWI,1.086285,-0.267974,NDWI
NDWI,1.391709,-0.096626,NDWI
NDWI,1.056820,-0.125146,NDWI
NDWI,1.090322,-0.137113,NDWI
NDWI,0.222586,0.392770,NDWI
NDWI,0.204386,0.386791,NDWI
NDWI,1.345089,-0.103646,NDWI
NDWI,1.282452,-0.127990,NDWI
NDWI,1.157662,-0.084163,NDWI
NDWI,1.158346,-0.188501,NDWI
NDWI,1.126227,-0.231777,NDWI
NDWI,1.648694,-0.232060,NDWI
NDWI,1.017836,-0.160144,NDWI
NDWI,1.291439,-0.096838,NDWI
NDWI,1.286989,-0.220122,NDWI
NDWI,1.255883,-0.102098,NDWI
NDWI,1.399740,-0.079118,NDWI
NDWI,1.501680,-0.093979,NDWI
NDWI,1.372810,-0.092591,NDWI
NDWI,1.244367,-0.192031,NDWI
NDWI,1.266805,-0.269417,NDWI
NDWI,1.902552,-0.113881,NDWI
NDWI,0.233501,0.686657,NDWI
NDWI,1.304709,-0.215885,NDWI
NDWI,1.245042,-0.206074,NDWI
NDWI,1.178340,-0.145069,NDWI
NDWI,1.465405,-0.125821,NDWI
NDWI,0.427765,0.534024,NDWI
NDWI,1.148247,-0.214423,NDWI
NDWI,1.209455,-0.127991,NDWI
NDWI,1.080261,-0.208395,NDWI
NDWI,1.037378,-0.107474,NDWI
NDWI,0.930322,-0.136926,NDWI
NDWI,0.969081,-0.256189,NDWI
NDWI,1.067009,-0.334579,NDWI
NDWI,0.590109,0.403834,NDWI
NDWI,1.188784,-0.273541,NDWI
NDWI,0.984500,-0.378250,NDWI
NDWI,1.027680,-0.186233,NDWI
NDWI,1.176358,-0.201160,NDWI
NDWI,1.096057,-0.109364,NDWI
NDWI,0.443726,0.292060,NDWI
NDWI,1.078411,-0.202913,NDWI
NDWI,1.144732,-0.195837,NDWI
NDWI,1.382787,-0.262982,NDWI
NDWI,0.088414,0.292825,NDWI
NDWI,0.448510,0.439846,NDWI
NDWI,0.170105,0.364429,NDWI
NDWI,0.252939,0.459980,NDWI
NDWI,1.252208,-0.135404,NDWI
NDWI,1.448405,-0.225444,NDWI
NDWI,1.451090,-0.179127,NDWI
NDWI,0.190772,0.495444,NDWI
NDWI,-0.349272,0.840690,NDWI
NDWI,1.461144,-0.153179,NDWI
NDWI,1.215877,-0.187986,NDWI
NDWI,1.363411,-0.190657,NDWI
NDWI,1.150990,-0.108579,NDWI
NDWI,1.025827,-0.214283,NDWI
NDWI,1.063308,-0.230617,NDWI
NDWI,-0.014048,0.375743,NDWI
NDWI,-0.160352,0.568779,NDWI
NDWI,0.989106,-0.153198,NDWI
NDWI,1.119373,-0.219306,NDWI
NDWI,4.560898,-0.020935,NDWI
NDWI,0.565025,0.413000,NDWI
NDWI,1.620741,-0.263105,NDWI
NDWI,1.067613,-0.190929,NDWI
NDWI,1.723662,-0.158246,NDWI
NDWI,1.144950,-0.146026,NDWI
NDWI,1.391376,-0.231242,NDWI
NDWI,1.749461,-0.010983,NDWI
NDWI,1.236358,-0.215680,NDWI
NDWI,1.264894,-0.121257,NDWI
NDWI,0.586496,0.103889,NDWI
NDWI,2.436364,-0.076152,NDWI
NDWI,1.084910,-0.076573,NDWI
NDWI,1.178415,-0.197774,NDWI
NDWI,1.191578,-0.201294,NDWI
NDWI,1.185868,-0.110812,NDWI
NDWI,0.695543,0.152677,NDWI
NDWI,0.901924,-0.047670,NDWI
NDWI,0.826276,-0.028031,NDWI
NDWI,0.520762,0.317281,NDWI
NDWI,1.095918,-0.212510,NDWI
NDWI,0.940419,-0.336240,NDWI
NDWI,0.877403,-0.171059,NDWI
NDWI,1.182608,-0.145430,NDWI
NDWI,1.273996,-0.321255,NDWI
NDWI,1.126117,-0.324763,NDWI
NDWI,1.071991,-0.304511,NDWI
NDWI,0.988369,-0.233738,NDWI
NDWI,0.609306,0.445305,NDWI
NDWI,1.012354,-0.384204,NDWI
NDWI,1.141938,-0.171921,NDWI
NDWI,1.413922,-0.142275,NDWI
NDWI,1.330252,-0.130201,NDWI
NDWI,1.077033,-0.182529,NDWI
NDWI,1.052109,-0.178367,NDWI
NDWI,0.940137,-0.274783,NDWI
NDWI,1.771222,-0.112700,NDWI
NDWI,1.362648,-0.130678,NDWI
NDWI,0.974831,-0.049443,NDWI
NDWI,1.239391,-0.129054,NDWI
NDWI,0.941948,-0.050007,NDWI
NDWI,1.234911,-0.156397,NDWI
NDWI,1.268534,-0.124176,NDWI
NDWI,1.629061,-0.093799,NDWI
NDWI,1.115738,-0.175279,NDWI
NDWI,1.080644,-0.064837,NDWI
NDWI,1.190373,-0.307296,NDWI
NDWI,1.373996,-0.083154,NDWI
NDWI,1.155232,-0.095512,NDWI
NDWI,0.857352,-0.061272,NDWI
NDWI,0.726558,-0.049097,NDWI
NDWI,0.795794,0.089533,NDWI
NDWI,1.046935,-0.178349,NDWI
NDWI,1.486770,-0.142421,NDWI
NDWI,1.106368,-0.132698,NDWI
NDWI,0.969902,-0.141068,NDWI
NDWI,0.389289,0.201519,NDWI
NDWI,0.513859,0.426533,NDWI
NDWI,0.320700,0.457226,NDWI
NDWI,1.347619,-0.227495,NDWI
NDWI,0.516288,0.447987,NDWI
NDWI,0.493154,0.518877,NDWI
NDWI,0.881310,0.027092,NDWI
NDWI,0.585652,0.608913,NDWI
NDWI,0.701810,0.094736,NDWI
NDWI,0.668518,0.230879,NDWI
NDWI,0.778460,0.142453,NDWI
NDWI,0.550790,0.304283,NDWI
NDWI,0.488189,0.327488,NDWI
NDWI,0.563838,0.391969,NDWI
NDWI,0.918314,-0.327007,NDWI
NDWI,0.988385,-0.376232,NDWI
NDWI,0.993626,-0.378790,NDWI
NDWI,0.964562,-0.349776,NDWI
NDWI,0.518131,0.785276,NDWI
NDWI,0.752473,-0.124212,NDWI
NDWI,1.010303,-0.291566,NDWI
NDWI,1.062411,-0.344296,NDWI
NDWI,1.008925,-0.353015,NDWI
NDWI,1.037501,-0.317366,NDWI
NDWI,0.987610,-0.338712,NDWI
NDWI,0.786301,-0.180710,NDWI
NDWI,1.140318,-0.239963,NDWI
NDWI,1.200985,-0.303407,NDWI
NDWI,1.279816,-0.239443,NDWI
NDWI,1.317059,-0.215384,NDWI
NDWI,1.140539,-0.278200,NDWI
NDWI,1.189127,-0.313364,NDWI
NDWI,1.131343,-0.133240,NDWI
NDWI,1.103682,-0.062521,NDWI
NDWI,1.356576,-0.167984,NDWI
NDWI,1.123759,-0.131501,NDWI
NDWI,1.553074,-0.120197,NDWI
NDWI,1.379200,-0.120833,NDWI
NDWI,1.110638,-0.136042,NDWI
NDWI,1.135160,-0.184306,NDWI
NDWI,1.246865,-0.161412,NDWI
NDWI,1.145470,-0.186663,NDWI
NDWI,1.112387,-0.148009,NDWI
NDWI,1.283969,-0.089702,NDWI
NDWI,1.341766,-0.115273,NDWI
NDWI,1.271551,-0.136833,NDWI
NDWI,1.479374,-0.117697,NDWI
NDWI,1.149876,-0.156207,NDWI
NDWI,1.284143,-0.331064,NDWI
NDWI,1.313507,-0.147668,NDWI
NDWI,1.237390,-0.184660,NDWI
NDWI,1.106867,-0.192721,NDWI
NDWI,0.479775,0.067322,NDWI
NDWI,0.259326,0.134796,NDWI
NDWI,1.256115,-0.229643,NDWI
NDWI,1.051947,-0.127185,NDWI
NDWI,1.060833,-0.132271,NDWI
NDWI,1.315103,-0.110137,NDWI
NDWI,1.068962,-0.160980,NDWI
NDWI,1.317702,-0.241776,NDWI
NDWI,1.020460,-0.265870,NDWI
NDWI,0.652533,0.221168,NDWI
NDWI,1.057322,-0.204798,NDWI
NDWI,1.260488,-0.237932,NDWI
NDWI,1.183636,-0.222961,NDWI
NDWI,0.921783,-0.148969,NDWI
NDWI,0.432134,0.739405,NDWI
NDWI,1.007743,-0.354758,NDWI
NDWI,1.256962,-0.259588,NDWI
NDWI,1.174178,-0.264912,NDWI
NDWI,0.925135,-0.173161,NDWI
NDWI,0.562933,0.312920,NDWI
NDWI,0.598703,0.410141,NDWI
NDWI,1.032240,-0.120310,NDWI
NDWI,0.531349,0.081242,NDWI
NDWI,0.665276,-0.015973,NDWI
NDWI,0.878039,-0.091837,NDWI
NDWI,0.930611,-0.080300,NDWI
NDWI,0.970546,-0.413705,NDWI
NDWI,0.698542,-0.046105,NDWI
NDWI,1.042187,-0.363607,NDWI
NDWI,0.750228,-0.203444,NDWI
NDWI,1.092329,-0.333945,NDWI
NDWI,1.019982,-0.200930,NDWI
NDWI,0.886532,-0.133075,NDWI
NDTI,-0.335598,-0.012878,NDTI
NDTI,-0.353566,0.014635,NDTI
NDTI,-0.452309,0.003430,NDTI
NDTI,-0.493087,0.085699,NDTI
NDTI,-0.453777,0.004074,NDTI
NDTI,-0.521373,0.033477,NDTI
NDTI,-0.451236,0.028266,NDTI
NDTI,-0.543631,-0.013329,NDTI
NDTI,-0.364312,0.081499,NDTI
NDTI,-0.464084,0.060930,NDTI
NDTI,-0.437194,0.000950,NDTI
NDTI,-0.442681,0.079860,NDTI
NDTI,-0.324173,0.000278,NDTI
NDTI,-0.470305,0.099349,NDTI
NDTI,-0.506416,-0.043531,NDTI
NDTI,-0.761150,-0.036926,NDTI
NDTI,-0.219469,0.074161,NDTI
NDTI,-0.678525,-0.044736,NDTI
NDTI,-0.841476,-0.081366,NDTI
NDTI,-0.393452,0.023935,NDTI
NDTI,-0.301073,0.094008,NDTI
NDTI,-0.323796,0.102594,NDTI
NDTI,-0.410355,0.055786,NDTI
NDTI,-0.294141,-0.005780,NDTI
NDTI,-0.272535,0.058903,NDTI
NDTI,-0.291854,0.048948,NDTI
NDTI,-0.300006,0.089609,NDTI
NDTI,-0.330403,0.098287,NDTI
NDTI,-0.333367,-0.027613,NDTI
NDTI,-0.323491,0.107720,NDTI
NDTI,-0.326471,0.100334,NDTI
NDTI,-0.312720,0.080624,NDTI
NDTI,-0.324284,0.075368,NDTI
NDTI,-0.458637,-0.043183,NDTI
NDTI,-0.296437,0.058213,NDTI
NDTI,-0.294892,0.087507,NDTI
NDTI,-0.327882,0.119589,NDTI
NDTI,-0.386285,0.058396,NDTI
NDTI,-0.291168,0.022404,NDTI
NDTI,-0.327517,-0.030834,NDTI
NDTI,-0.305114,0.020359,NDTI
NDTI,-0.311514,0.006489,NDTI
NDTI,-0.335139,-0.016215,NDTI
NDTI,-0.303156,0.072277,NDTI
NDTI,-0.341053,0.079250,NDTI
NDTI,-0.293288,0.102912,NDTI
NDTI,-0.283279,0.008725,NDTI
NDTI,-0.280717,0.028853,NDTI
NDTI,-0.362089,0.085446,NDTI
NDTI,-0.296101,0.096742,NDTI
NDTI,-0.297721,0.118070,NDTI
NDTI,-0.246577,0.145511,NDTI
NDTI,-0.353483,0.000790,NDTI
NDTI,-0.397759,-0.019885,NDTI
NDTI,-0.416401,0.003260,NDTI
NDTI,-0.427600,0.024834,NDTI
NDTI,-0.443003,0.014538,NDTI
NDTI,-0.320859,0.045282,NDTI
NDTI,-0.404642,-0.009983,NDTI
NDTI,-0.398777,-0.052854,NDTI
NDTI,-0.352285,-0.016462,NDTI
NDTI,-0.485901,-0.050896,NDTI
NDTI,-0.601820,-0.059136,NDTI
NDTI,-0.588388,-0.062667,NDTI
NDTI,-0.754380,-0.005607,NDTI
NDTI,-0.491991,-0.095756,NDTI
NDTI,-0.380959,-0.000838,NDTI
NDTI,-0.324155,0.054505,NDTI
NDTI,-0.400542,-0.030320,NDTI
NDTI,-0.329963,0.007143,NDTI
NDTI,-0.294820,-0.002195,NDTI
NDTI,-0.256983,-0.004768,NDTI
NDTI,-0.317405,0.034649,NDTI
NDTI,-0.346245,-0.036793,NDTI
NDTI,-0.286724,-0.052747,NDTI
NDTI,-0.324965,0.010618,NDTI
NDTI,-0.339777,-0.000040,NDTI
NDTI,-0.553109,-0.004902,NDTI
NDTI,-0.340281,0.035027,NDTI
NDTI,-0.296349,-0.022641,NDTI
NDTI,-0.371404,-0.018063,NDTI
NDTI,-0.280626,0.045500,NDTI
NDTI,-0.261703,0.052090,NDTI
NDTI,-0.338385,-0.033415,NDTI
NDTI,-0.265960,-0.033121,NDTI
NDTI,-0.163380,0.227526,NDTI
NDTI,-0.291224,-0.007603,NDTI
NDTI,-0.343114,0.025812,NDTI
NDTI,-0.302614,0.008939,NDTI
NDTI,-0.291685,-0.012235,NDTI
NDTI,-0.146236,0.161652,NDTI
NDTI,-0.297769,0.001698,NDTI
NDTI,-0.359089,0.025112,NDTI
NDTI,-0.296212,0.049506,NDTI
NDTI,-0.204743,0.137730,NDTI
NDTI,-0.146849,0.149765,NDTI
NDTI,-0.192051,-0.020057,NDTI
NDTI,-0.444568,-0.027062,NDTI
NDTI,-0.634710,0.060613,NDTI
NDTI,-0.346067,-0.002876,NDTI
NDTI,-0.411504,-0.018718,NDTI
NDTI,-0.539895,-0.082500,NDTI
NDTI,-0.434889,-0.054687,NDTI
NDTI,-0.584207,-0.036016,NDTI
NDTI,-0.424731,-0.042582,NDTI
NDTI,-0.476292,0.009057,NDTI
NDTI,-0.286724,-0.052747,NDTI
NDTI,-0.294513,-0.010603,NDTI
NDTI,-0.381257,0.040496,NDTI
NDTI,-0.547151,-0.022593,NDTI
NDTI,-0.330060,0.072381,NDTI
NDTI,-0.336983,0.077327,NDTI
NDTI,-0.358531,0.061276,NDTI
NDTI,-0.479770,0.055824,NDTI
NDTI,-0.224571,0.032053,NDTI
NDTI,-0.315547,-0.021001,NDTI
NDTI,-0.586636,0.072940,NDTI
NDTI,-0.592287,-0.006815,NDTI
NDTI,-0.682160,-0.016562,NDTI
NDTI,0.186398,0.182863,NDTI
NDTI,-0.276915,0.055648,NDTI
NDTI,-0.350190,0.037689,NDTI
NDTI,-0.437257,0.013225,NDTI
NDTI,-0.511931,0.031978,NDTI
NDTI,-0.320264,0.035641,NDTI
NDTI,-0.098423,0.171906,NDTI
NDTI,-0.241696,0.150292,NDTI
NDTI,-0.333316,0.043179,NDTI
NDTI,-0.395153,0.055953,NDTI
NDTI,-0.308605,0.008181,NDTI
NDTI,-0.254273,0.094336,NDTI
NDTI,-0.336140,0.040642,NDTI
NDTI,-0.370866,0.056580,NDTI
NDTI,-0.429814,-0.021292,NDTI
NDTI,-0.281138,-0.031024,NDTI
NDTI,-0.258743,0.124683,NDTI
NDTI,-0.318964,0.058862,NDTI
NDTI,-0.309828,0.040609,NDTI
NDTI,-0.265107,0.027219,NDTI
NDTI,-0.302967,0.086695,NDTI
NDTI,-0.335404,0.000897,NDTI
NDTI,-0.296645,0.070141,NDTI
NDTI,-0.384874,-0.029697,NDTI
NDTI,-0.190770,0.171739,NDTI
NDTI,-0.298030,0.013651,NDTI
NDTI,-0.333906,0.042916,NDTI
NDTI,-0.389819,-0.009450,NDTI
NDTI,-0.365755,-0.008419,NDTI
NDTI,-0.270084,0.103978,NDTI
NDTI,0.296047,0.054889,NDTI
NDTI,2.810459,0.055264,NDTI
NDTI,-0.209811,0.057572,NDTI
NDTI,-0.176293,0.053523,NDTI
NDTI,-0.570734,-0.023983,NDTI
NDTI,-0.390880,-0.025790,NDTI
NDTI,-0.302661,-0.070440,NDTI
NDTI,-0.415962,-0.073504,NDTI
NDTI,-0.409692,-0.033209,NDTI
NDTI,-0.432931,-0.022921,NDTI
NDTI,-0.502387,-0.004797,NDTI
NDTI,-0.462162,-0.008340,NDTI
NDTI,-0.242905,0.018605,NDTI
NDTI,-0.258146,0.222044,NDTI
NDTI,-0.292506,-0.059265,NDTI
NDTI,-0.281685,-0.050940,NDTI
NDTI,-0.368941,-0.050925,NDTI
NDTI,-0.413875,-0.063781,NDTI
NDTI,-0.349740,-0.067520,NDTI
NDTI,-0.481231,-0.062781,NDTI
NDTI,-0.387217,-0.028775,NDTI
NDTI,-0.330033,-0.030218,NDTI
NDTI,-0.308872,-0.015502,NDTI
NDTI,-0.278615,-0.060861,NDTI
NDTI,-0.262565,0.063601,NDTI
NDTI,-0.230002,0.155550,NDTI
NDTI,-0.236576,0.123550,NDTI
NDTI,-0.271954,0.044949,NDTI
NDTI,-0.295421,-0.013427,NDTI
NDTI,-0.217286,0.311255,NDTI
NDTI,-0.312968,-0.135402,NDTI
NDTI,-0.268552,-0.029785,NDTI
NDTI,-0.251028,0.031827,NDTI
NDTI,-0.300654,-0.110392,NDTI
NDTI,-0.348949,-0.026906,NDTI
NDTI,-0.221858,0.212875,NDTI
NDTI,-0.223896,0.183762,NDTI
NDTI,-0.253125,0.126170,NDTI
NDTI,-0.242585,0.063185,NDTI
NDTI,-0.249448,0.059094,NDTI
NDTI,-0.215618,0.212664,NDTI
NDTI,-0.246783,0.105668,NDTI
NDTI,-0.191825,0.190775,NDTI
NDTI,-0.233221,0.191407,NDTI
NDTI,-0.183983,0.284006,NDTI
NDTI,-0.222883,0.412353,NDTI
NDTI,-0.270197,0.070627,NDTI
NDTI,-0.335611,-0.066158,NDTI
NDTI,-0.301128,-0.007602,NDTI
NDTI,-0.238460,0.210260,NDTI
NDTI,-0.217207,0.223653,NDTI
NDTI,-0.227753,0.272100,NDTI
NDTI,-0.333267,-0.037966,NDTI
NDTI,-0.484756,-0.012505,NDTI
NDTI,-0.526997,-0.018541,NDTI
NDTI,-0.603058,-0.040015,NDTI
NDTI,-0.533587,-0.027066,NDTI
NDTI,-0.404494,-0.015832,NDTI
NDTI,-0.251971,0.043515,NDTI
NDTI,-0.301387,-0.062227,NDTI
NDTI,-0.400312,-0.036262,NDTI
NDTI,-0.291334,-0.077131,NDTI
NDTI,-0.305533,-0.083350,NDTI
NDTI,-0.403497,-0.083948,NDTI
NDTI,-0.388306,-0.035120,NDTI
NDTI,-0.489834,0.026515,NDTI
NDTI,-0.384055,-0.116545,NDTI
NDTI,-0.411266,-0.103656,NDTI
NDTI,-0.391758,-0.088574,NDTI
NDTI,-0.373664,-0.063570,NDTI
NDTI,-0.485679,-0.020643,NDTI
NDTI,-0.777102,-0.030005,NDTI
NDTI,-0.513793,-0.075848,NDTI
NDTI,-0.441452,-0.066918,NDTI
NDTI,-0.414536,-0.040230,NDTI
NDTI,-0.421523,-0.046708,NDTI
NDTI,-0.385379,-0.017326,NDTI
NDTI,-0.341762,0.018280,NDTI
NDTI,-0.604122,-0.020487,NDTI
NDTI,-0.392815,0.025545,NDTI
NDTI,-0.361991,0.037627,NDTI
NDTI,-0.320063,0.001362,NDTI
NDTI,-0.288455,-0.040947,NDTI
NDTI,-0.214556,0.173271,NDTI
NDTI,-0.226212,0.191141,NDTI
NDTI,-0.222135,0.228967,NDTI
NDTI,-0.324481,-0.021842,NDTI
NDTI,-0.338759,-0.042066,NDTI
NDTI,-0.272211,-0.077515,NDTI
NDTI,-0.266091,-0.038490,NDTI
NDTI,-0.235427,0.174034,NDTI
NDTI,-0.221941,0.115173,NDTI
NDTI,-0.437344,-0.036347,NDTI
NDTI,-0.197327,0.176673,NDTI
NDTI,-0.266213,-0.021357,NDTI
NDTI,-0.185983,0.224240,NDTI
NDTI,-0.181684,0.141266,NDTI
NDTI,-0.395063,0.001298,NDTI
NDTI,-0.230888,0.165921,NDTI
NDTI,-0.283203,-0.052803,NDTI
NDTI,-0.286227,-0.041789,NDTI
NDTI,-0.246379,0.105876,NDTI
NDTI,-0.302340,-0.012031,NDTI
NDTI,-0.357196,-0.013998,NDTI
NDTI,-0.264593,0.046702,NDTI
NDTI,-0.620864,-0.082977,NDTI
NDTI,-0.601652,-0.097081,NDTI
NDTI,-0.347710,-0.051473,NDTI
NDTI,-0.246966,0.125687,NDTI
NDTI,-0.233784,0.172211,NDTI
NDTI,-0.359010,-0.055847,NDTI
NDTI,-0.379155,-0.074673,NDTI
NDTI,-0.656077,-0.050921,NDTI
NDTI,-0.548559,-0.061667,NDTI
NDTI,-0.473610,-0.035470,NDTI
NDTI,-0.714726,0.030515,NDTI
NDTI,-0.658512,0.040010,NDTI
NDTI,-0.614240,0.049475,NDTI
NDTI,-0.439814,-0.010981,NDTI
NDTI,-0.301719,-0.059590,NDTI
NDTI,-0.443457,-0.008510,NDTI
NDTI,-0.849282,0.038097,NDTI
NDTI,-0.423951,-0.022716,NDTI
NDTI,-0.455292,0.014351,NDTI
NDTI,-0.423897,0.004724,NDTI
NDTI,-0.093827,0.153239,NDTI
NDTI,-0.452959,0.083862,NDTI
NDTI,-0.370568,-0.019134,NDTI
NDTI,-0.434615,0.053553,NDTI
NDTI,-0.133587,0.132993,NDTI
NDTI,-0.021831,0.154927,NDTI
NDTI,-0.135099,0.201229,NDTI
NDTI,-15.298740,-0.018787,NDTI
NDTI,-0.183635,0.106716,NDTI
NDTI,-0.309314,-0.059994,NDTI
NDTI,-0.257347,0.004586,NDTI
NDTI,-0.205565,0.040401,NDTI
NDTI,-0.406086,0.024100,NDTI
NDTI,-0.153109,0.071671,NDTI
NDTI,-0.111413,0.069176,NDTI
NDTI,-0.203252,0.032900,NDTI
NDTI,-0.045506,0.138438,NDTI
NDTI,-0.132382,0.068856,NDTI
NDTI,-0.419004,-0.012888,NDTI
NDTI,-0.172927,0.155358,NDTI
NDTI,-0.034004,0.327990,NDTI
NDTI,-0.338442,-0.047356,NDTI
NDTI,-0.336559,-0.042715,NDTI
NDTI,-0.361616,-0.050433,NDTI
NDTI,-0.248362,0.050324,NDTI
NDTI,0.114928,0.109317,NDTI
NDTI,-0.157801,0.194965,NDTI
NDTI,-0.118651,0.183786,NDTI
NDTI,-0.152047,0.202277,NDTI
NDTI,-0.082820,0.183768,NDTI
NDTI,-0.281361,-0.058518,NDTI
NDTI,-0.288051,-0.023789,NDTI
NDTI,-0.585403,-0.054121,NDTI
NDTI,-0.164413,0.314525,NDTI
NDTI,-0.045153,0.335412,NDTI
NDTI,-0.081510,0.321079,NDTI
NDTI,-0.170499,0.175875,NDTI
NDTI,-0.727057,-0.017524,NDTI
NDTI,-0.213025,0.338174,NDTI
NDTI,-0.930584,-0.058480,NDTI
NDTI,-0.259701,-0.044730,NDTI
NDTI,-0.929637,-0.048444,NDTI
NDTI,-0.675371,0.011740,NDTI
NDTI,-0.507474,0.077993,NDTI
NDTI,-0.824417,-0.069296,NDTI
NDTI,-0.848734,-0.067225,NDTI
NDTI,-0.807180,0.039880,NDTI
NDTI,-0.556383,0.010705,NDTI
NDTI,-0.988654,-0.035276,NDTI
NDTI,-0.729703,-0.053334,NDTI
NDTI,-0.727618,-0.085515,NDTI
NDTI,-0.850190,-0.076852,NDTI
NDTI,-0.786838,-0.051840,NDTI
NDTI,-0.137979,0.152958,NDTI
NDTI,-0.964172,-0.032045,NDTI
NDTI,-0.748958,-0.052025,NDTI
NDTI,-0.628451,-0.046041,NDTI
NDTI,-0.171488,0.086219,NDTI
NDTI,-0.815060,-0.017742,NDTI
NDTI,-0.706358,-0.044731,NDTI
NDTI,-0.909996,-0.031006,NDTI
NDTI,-1.013016,-0.001014,NDTI
NDTI,-0.884026,-0.057708,NDTI
NDTI,-0.983430,-0.027961,NDTI
NDTI,-1.019178,-0.006489,NDTI
NDTI,-0.598835,-0.014066,NDTI
NDTI,-0.894156,-0.045287,NDTI
NDTI,-0.824959,-0.047851,NDTI
NDTI,-0.162166,0.046188,NDTI
NDTI,-0.855612,-0.068480,NDTI
NDTI,-0.739459,-0.047964,NDTI
NDTI,-1.060891,-0.006933,NDTI
NDTI,-1.177681,0.057904,NDTI
NDTI,-0.791869,-0.019643,NDTI
NDTI,-0.787180,-0.029407,NDTI
NDTI,-0.955198,-0.074976,NDTI
NDTI,-1.201171,-0.000499,NDTI
NDTI,-0.677141,-0.075170,NDTI
NDTI,-0.747008,-0.054083,NDTI
NDTI,-0.709886,-0.055919,NDTI
NDTI,-1.085364,0.028658,NDTI
NDTI,-0.902322,-0.042068,NDTI
NDTI,-1.118947,0.015679,NDTI
NDTI,-1.265315,0.010105,NDTI
NDTI,-1.109637,0.003356,NDTI
NDTI,-1.175596,0.016580,NDTI
NDTI,-0.876652,-0.050486,NDTI
NDTI,-0.843099,-0.059164,NDTI
NDTI,-0.756420,-0.024373,NDTI
NDTI,-0.767500,-0.021351,NDTI
NDTI,-0.814821,-0.043539,NDTI
NDTI,-0.725535,-0.015285,NDTI
NDTI,-0.675494,-0.041115,NDTI
NDTI,-0.722864,-0.035305,NDTI
NDTI,-0.788838,-0.029178,NDTI
NDTI,-1.357161,0.019968,NDTI
NDTI,-1.030903,-0.021713,NDTI
NDTI,-0.832146,-0.023462,NDTI
NDTI,-0.828007,-0.024043,NDTI
NDTI,-0.714687,-0.041639,NDTI
NDTI,-0.749145,-0.038895,NDTI
NDTI,-1.210045,0.062465,NDTI
NDTI,-0.692935,-0.020140,NDTI
NDTI,-0.735704,-0.018025,NDTI
NDTI,-1.033319,0.050249,NDTI
NDTI,-0.624477,-0.042851,NDTI
NDTI,-1.066686,0.030083,NDTI
NDTI,-0.788937,-0.042756,NDTI
NDTI,-0.840574,-0.069144,NDTI
NDTI,-0.687637,-0.086058,NDTI
NDTI,-0.692473,-0.063628,NDTI
NDTI,-0.720692,-0.026648,NDTI
NDTI,-0.831234,-0.026234,NDTI
NDTI,-0.797749,-0.064171,NDTI
NDTI,-0.831522,-0.046524,NDTI
NDTI,-0.845114,-0.039337,NDTI
NDTI,-0.833618,-0.039341,NDTI
NDTI,-0.817072,-0.036926,NDTI
NDTI,-0.857376,-0.063125,NDTI
NDTI,-0.727836,-0.031233,NDTI
NDTI,-0.616902,-0.075611,NDTI
NDTI,-0.680115,-0.034548,NDTI
NDTI,-0.850950,-0.052404,NDTI
NDTI,-0.765791,-0.032459,NDTI
NDTI,-0.836122,-0.033772,NDTI
NDTI,-0.682788,-0.059434,NDTI
NDTI,-0.672029,-0.038632,NDTI
NDTI,-0.773288,-0.048915,NDTI
NDTI,-0.874087,-0.074699,NDTI
NDTI,-0.825331,-0.074667,NDTI
NDTI,-0.828207,-0.081233,NDTI
NDTI,-0.745433,-0.045708,NDTI
NDTI,-0.790237,-0.074804,NDTI
NDTI,-0.849967,-0.050361,NDTI
NDTI,-0.767656,-0.054444,NDTI
NDTI,-0.812746,-0.074388,NDTI
NDTI,-0.860946,-0.068290,NDTI
NDTI,-0.707088,-0.030442,NDTI
NDTI,-1.153161,-0.017409,NDTI
NDTI,-0.915704,-0.055671,NDTI
NDTI,-1.038774,-0.023132,NDTI
NDTI,-0.890286,-0.061596,NDTI
NDTI,-0.993060,-0.036111,NDTI
NDTI,-1.399313,0.027124,NDTI
NDTI,-1.279933,0.016841,NDTI
NDTI,-1.457814,0.043522,NDTI
NDTI,-0.914767,-0.042510,NDTI
NDTI,-0.904413,-0.035895,NDTI
NDTI,-1.119689,-0.014534,NDTI
NDTI,-0.855903,-0.047480,NDTI
NDTI,-0.765003,-0.016037,NDTI
NDTI,-0.774485,-0.026258,NDTI
NDTI,-0.978184,-0.046723,NDTI
NDTI,-0.752292,-0.032810,NDTI
NDTI,-0.920957,-0.049037,NDTI
NDTI,-0.864442,-0.047443,NDTI
NDTI,-1.059722,-0.029025,NDTI
NDTI,-1.014673,-0.048961,NDTI
NDTI,-0.851557,-0.043585,NDTI
NDTI,-1.076765,-0.015879,NDTI
NDTI,-0.710462,-0.016000,NDTI
NDTI,-0.945518,-0.033094,NDTI
NDTI,-0.783397,-0.029012,NDTI
NDTI,-1.055125,-0.037585,NDTI
NDTI,-0.742500,-0.020749,NDTI
NDTI,-0.771924,0.007806,NDTI
NDTI,-0.720850,-0.009107,NDTI
NDTI,-0.847974,-0.075972,NDTI
NDTI,-0.801220,-0.042023,NDTI
NDTI,-0.834842,-0.062005,NDTI
NDTI,-0.904557,-0.075215,NDTI
NDTI,-0.753308,-0.060594,NDTI
NDTI,-0.963704,-0.068645,NDTI
NDTI,-0.873854,-0.057073,NDTI
NDTI,-0.782435,-0.035228,NDTI
NDTI,-0.836863,-0.043696,NDTI
NDTI,-0.915793,-0.066942,NDTI
NDTI,-0.815801,-0.034054,NDTI
NDTI,-0.794286,-0.026264,NDTI
NDTI,-0.682734,-0.028714,NDTI
NDTI,-0.981853,-0.073732,NDTI
NDTI,-0.745346,-0.056164,NDTI
NDTI,-0.768947,-0.048639,NDTI
NDTI,-0.718770,-0.063200,NDTI
NDTI,-1.294173,0.050631,NDTI
NDTI,-0.668993,-0.041518,NDTI
NDTI,-0.917258,-0.052488,NDTI
NDTI,-0.955749,-0.038132,NDTI
NDTI,-0.788888,-0.031472,NDTI
NDTI,-0.824942,-0.039512,NDTI
NDTI,-0.868101,-0.069791,NDTI
NDTI,-0.936057,-0.045338,NDTI
NDTI,-0.734057,-0.047516,NDTI
NDTI,-0.652812,-0.045295,NDTI
NDTI,-0.698278,-0.058988,NDTI
NDTI,-0.673089,-0.050814,NDTI
NDTI,-0.719402,-0.037656,NDTI
NDTI,-0.766056,-0.035890,NDTI
NDTI,-0.712145,-0.037736,NDTI
NDTI,-0.899426,-0.063757,NDTI
NDTI,-0.941756,-0.066191,NDTI
NDTI,-0.858964,-0.051647,NDTI
NDTI,-0.804707,-0.040453,NDTI
NDTI,-0.678320,-0.061415,NDTI
NDTI,-0.855471,-0.045308,NDTI
NDTI,-0.623573,-0.061317,NDTI
NDTI,-0.692338,-0.020193,NDTI
NDTI,-0.673162,-0.022897,NDTI
NDTI,-0.633345,-0.024273,NDTI
NDTI,-0.625056,-0.031427,NDTI
NDTI,-0.706546,0.029895,NDTI
NDTI,-0.894208,-0.067689,NDTI
NDTI,-0.670631,-0.013703,NDTI
NDTI,-0.679149,-0.035814,NDTI
NDTI,-0.699039,-0.006970,NDTI
NDTI,-0.631300,-0.007406,NDTI
NDTI,-0.628901,-0.031094,NDTI
NDTI,-0.729124,0.031199,NDTI
NDTI,-0.646686,-0.006818,NDTI
NDTI,-0.715150,0.006769,NDTI
NDTI,-0.744947,-0.058958,NDTI
NDTI,-0.784483,-0.057519,NDTI
NDTI,-0.745788,-0.062656,NDTI
NDTI,-0.923597,-0.041828,NDTI
NDTI,-0.829024,-0.061949,NDTI
NDTI,-0.730698,-0.053227,NDTI
NDTI,-0.847238,-0.010618,NDTI
NDTI,-0.797204,-0.027362,NDTI
NDTI,-0.691568,-0.051552,NDTI
NDTI,-0.723349,-0.086681,NDTI
NDTI,-0.564620,0.004545,NDTI
NDTI,-0.490167,0.025294,NDTI
NDTI,-0.725415,-0.055604,NDTI
NDTI,-0.792221,-0.062220,NDTI
NDTI,-0.762092,-0.092257,NDTI
NDTI,-0.173494,0.079740,NDTI
NDTI,-0.754396,-0.089025,NDTI
NDTI,-0.760822,0.002605,NDTI
NDTI,-1.022196,0.009192,NDTI
NDTI,-0.865500,-0.073163,NDTI
NDTI,-0.944062,-0.046061,NDTI
NDTI,-0.676115,-0.030612,NDTI
NDTI,-1.155041,-0.026107,NDTI
NDTI,-0.735300,-0.050410,NDTI
NDTI,-0.848516,-0.071144,NDTI
NDTI,-0.792508,-0.064095,NDTI
NDTI,-0.834230,-0.042894,NDTI
NDTI,-0.734780,-0.024521,NDTI
NDTI,-0.816280,-0.067694,NDTI
NDTI,-0.797253,-0.062811,NDTI
NDTI,-1.023028,-0.012067,NDTI
NDTI,-1.006844,-0.018681,NDTI
NDTI,-0.711195,0.026271,NDTI
NDTI,-1.200344,0.020100,NDTI
NDTI,-0.916735,-0.037516,NDTI
NDTI,-0.819699,-0.038641,NDTI
NDTI,-0.682117,-0.047888,NDTI
NDTI,-1.096238,0.001375,NDTI
NDTI,-0.715037,-0.039442,NDTI
NDTI,-0.662801,0.034852,NDTI
NDTI,-0.783367,-0.031606,NDTI
NDTI,-0.868331,-0.057762,NDTI
NDTI,-0.979407,-0.089491,NDTI
NDTI,-0.677880,-0.052510,NDTI
NDTI,-1.116233,0.006572,NDTI
NDTI,-1.122367,-0.041233,NDTI
NDTI,-1.064705,-0.027589,NDTI
NDTI,-0.668744,-0.033626,NDTI
NDTI,-1.028200,-0.032299,NDTI
NDTI,-0.930728,-0.067202,NDTI
NDTI,-1.478172,0.017313,NDTI
NDTI,-0.869265,-0.022657,NDTI
NDTI,-0.591990,-0.056654,NDTI
NDTI,-0.437388,-0.076753,NDTI
NDTI,-0.874660,-0.072128,NDTI
NDTI,-0.882619,-0.057584,NDTI
NDTI,-1.207900,0.015147,NDTI
NDTI,-0.833723,-0.052016,NDTI
NDTI,-0.652355,-0.036954,NDTI
NDTI,-0.511669,-0.030360,NDTI
NDTI,-0.701362,-0.090521,NDTI
NDTI,-0.683798,-0.070150,NDTI
NDTI,-0.730507,-0.059756,NDTI
NDTI,-0.750331,-0.014423,NDTI
NDTI,-0.982404,-0.063534,NDTI
NDTI,-1.170243,-0.033800,NDTI
NDTI,-1.350256,-0.030576,NDTI
NDTI,-0.935670,-0.061959,NDTI
NDTI,-0.647729,-0.039319,NDTI
NDTI,-0.846987,-0.032048,NDTI
NDTI,-0.450624,0.047104,NDTI
NDTI,-1.324783,0.048902,NDTI
NDTI,-0.781094,-0.021987,NDTI
NDTI,-1.051731,-0.008852,NDTI
NDTI,-1.504551,0.071213,NDTI
NDTI,-1.355581,0.075996,NDTI
NDTI,-0.720199,-0.008178,NDTI
NDTI,-0.949497,-0.035016,NDTI
NDTI,-1.252516,0.051592,NDTI
NDTI,-1.487937,0.076633,NDTI
NDTI,-0.988787,-0.042642,NDTI
NDTI,-0.724671,-0.029346,NDTI
NDTI,-0.748826,-0.011115,NDTI
NDTI,-0.711278,-0.023427,NDTI
NDTI,-0.526703,0.021879,NDTI
NDTI,-0.896725,-0.055919,NDTI
NDTI,-1.071596,-0.019751,NDTI
NDTI,-0.816771,-0.040412,NDTI
NDTI,-1.345656,0.015484,NDTI
NDTI,-0.890761,-0.034633,NDTI
NDTI,-1.026357,0.034916,NDTI
NDTI,-1.166300,0.020441,NDTI
NDTI,-0.712416,-0.009186,NDTI
NDTI,-1.008896,-0.017859,NDTI
NDTI,-0.887582,-0.025220,NDTI
NDTI,-0.969923,-0.028970,NDTI
NDTI,-0.799399,0.039029,NDTI
NDTI,-0.893777,-0.011651,NDTI
NDTI,-0.720750,-0.010367,NDTI
NDTI,-0.679009,-0.017733,NDTI
NDTI,-0.690793,0.037675,NDTI
NDTI,-0.729067,0.004590,NDTI
NDTI,-0.639909,0.079202,NDTI
NDTI,-0.653979,-0.058629,NDTI
NDTI,-0.612952,-0.020685,NDTI
NDTI,-0.615454,-0.046093,NDTI
NDTI,-0.694368,-0.016736,NDTI
NDTI,-0.284492,-0.027292,NDTI
NDTI,-0.629811,-0.019073,NDTI
NDTI,-0.525728,0.041742,NDTI
NDTI,-0.697524,-0.088443,NDTI
NDTI,-0.743673,-0.092225,NDTI
NDTI,-0.660879,-0.087386,NDTI
NDTI,-0.714265,-0.026900,NDTI
NDTI,-1.261886,0.069730,NDTI
NDTI,-0.749193,-0.047369,NDTI
NDTI,-0.703019,-0.040645,NDTI
NDTI,-0.407646,0.010747,NDTI
NDTI,-0.896077,-0.041608,NDTI
NDTI,-0.870018,-0.049512,NDTI
NDTI,-0.854170,-0.057749,NDTI
NDTI,-0.995814,0.001091,NDTI
NDTI,-0.777594,-0.044787,NDTI
NDTI,-0.776642,-0.042507,NDTI
NDTI,-1.051731,-0.008852,NDTI
NDTI,-0.793998,-0.035277,NDTI
NDTI,-0.986168,-0.000124,NDTI
NDTI,-1.000000,-0.055151,NDTI
NDTI,-0.913112,-0.045354,NDTI
NDTI,-0.930222,-0.035964,NDTI
NDTI,-0.926344,-0.022531,NDTI
NDTI,-0.920451,-0.027048,NDTI
NDTI,-0.794100,-0.048117,NDTI
NDTI,-0.948230,-0.042686,NDTI
NDTI,-1.201648,0.051568,NDTI
NDTI,-0.366738,0.037054,NDTI
NDTI,-0.864101,-0.045787,NDTI
NDTI,-0.831803,-0.042126,NDTI
NDTI,-0.680714,-0.030772,NDTI
NDTI,-1.019723,-0.020904,NDTI
NDTI,-0.445038,-0.026825,NDTI
NDTI,-0.851153,-0.041196,NDTI
NDTI,-0.819152,-0.026548,NDTI
NDTI,-0.808564,-0.003214,NDTI
NDTI,-0.903666,-0.031675,NDTI
NDTI,-0.860565,-0.042840,NDTI
NDTI,-0.741684,-0.044094,NDTI
NDTI,-0.695989,-0.014280,NDTI
NDTI,-0.581013,0.080949,NDTI
NDTI,-0.764576,-0.034397,NDTI
NDTI,-0.539854,-0.009246,NDTI
NDTI,-0.633666,-0.023108,NDTI
NDTI,-0.806586,-0.025763,NDTI
NDTI,-0.672622,-0.010601,NDTI
NDTI,-0.286582,-0.062920,NDTI
NDTI,-0.673103,-0.043597,NDTI
NDTI,-0.793737,0.004533,NDTI
NDTI,-0.871287,-0.078279,NDTI
NDTI,-0.158270,0.181118,NDTI
NDTI,-0.469587,0.031840,NDTI
NDTI,-0.229625,0.035546,NDTI
NDTI,-0.206502,0.032333,NDTI
NDTI,-0.894870,-0.054925,NDTI
NDTI,-0.921239,-0.068577,NDTI
NDTI,-0.849544,-0.067951,NDTI
NDTI,-0.396162,0.077681,NDTI
NDTI,0.121787,0.179642,NDTI
NDTI,-0.917135,-0.036322,NDTI
NDTI,-0.781111,-0.055228,NDTI
NDTI,-0.839646,-0.093290,NDTI
NDTI,-0.920051,-0.041116,NDTI
NDTI,-0.608523,-0.015865,NDTI
NDTI,-0.685773,-0.043205,NDTI
NDTI,-0.034801,0.185629,NDTI
NDTI,0.012901,0.088455,NDTI
NDTI,-0.595652,-0.043459,NDTI
NDTI,-0.652224,-0.062056,NDTI
NDTI,-1.833590,0.021158,NDTI
NDTI,-0.380181,0.005844,NDTI
NDTI,-1.225228,-0.009845,NDTI
NDTI,-0.608440,-0.080634,NDTI
NDTI,-1.093927,0.016492,NDTI
NDTI,-1.032591,-0.027697,NDTI
NDTI,-0.918602,-0.058209,NDTI
NDTI,-1.279670,0.014953,NDTI
NDTI,-0.776081,-0.046945,NDTI
NDTI,-0.850475,-0.026809,NDTI
NDTI,-0.449356,-0.016165,NDTI
NDTI,-1.438399,0.048502,NDTI
NDTI,-0.793939,-0.041598,NDTI
NDTI,-0.757262,-0.035220,NDTI
NDTI,-0.918399,-0.101011,NDTI
NDTI,-0.859324,-0.032640,NDTI
NDTI,-0.565913,0.067195,NDTI
NDTI,-0.721370,-0.045666,NDTI
NDTI,-0.675180,-0.027765,NDTI
NDTI,-0.460266,0.044240,NDTI
NDTI,-0.800298,0.003159,NDTI
NDTI,-0.598495,-0.067820,NDTI
NDTI,-0.526231,-0.079042,NDTI
NDTI,-0.623560,-0.045838,NDTI
NDTI,-0.732625,-0.035802,NDTI
NDTI,-0.655932,-0.014317,NDTI
NDTI,-0.690523,-0.010495,NDTI
NDTI,-0.644734,-0.024564,NDTI
NDTI,-0.429680,-0.008686,NDTI
NDTI,-0.736336,-0.002575,NDTI
NDTI,-0.938852,-0.065194,NDTI
NDTI,-1.087153,-0.030395,NDTI
NDTI,-0.980601,-0.012404,NDTI
NDTI,-0.737834,-0.073928,NDTI
NDTI,-0.756248,-0.071097,NDTI
NDTI,-0.635316,-0.037342,NDTI
NDTI,-1.321201,-0.021157,NDTI
NDTI,-1.016008,-0.034797,NDTI
NDTI,-1.294943,-0.006568,NDTI
NDTI,-0.957947,-0.030763,NDTI
NDTI,-0.898979,-0.021449,NDTI
NDTI,-0.972668,-0.008175,NDTI
NDTI,-1.100936,0.016397,NDTI
NDTI,-1.110423,0.054426,NDTI
NDTI,-0.899157,-0.065700,NDTI
NDTI,-0.991043,-0.010516,NDTI
NDTI,-0.816745,-0.042469,NDTI
NDTI,-0.992649,-0.003340,NDTI
NDTI,-0.969219,-0.024633,NDTI
NDTI,-0.827537,-0.031581,NDTI
NDTI,-0.512208,-0.009435,NDTI
NDTI,-0.692790,-0.005724,NDTI
NDTI,-0.878083,-0.032117,NDTI
NDTI,-1.179105,0.022258,NDTI
NDTI,-0.938309,-0.045528,NDTI
NDTI,-0.869728,-0.051977,NDTI
NDTI,-0.330876,-0.102500,NDTI
NDTI,-0.427447,-0.013783,NDTI
NDTI,-0.481922,0.027650,NDTI
NDTI,-1.100641,-0.019786,NDTI
NDTI,-0.403397,-0.057911,NDTI
NDTI,-0.474700,-0.016608,NDTI
NDTI,-0.798125,-0.020443,NDTI
NDTI,-0.526216,-0.048254,NDTI
NDTI,-0.666768,-0.037304,NDTI
NDTI,-0.649554,-0.018155,NDTI
NDTI,-0.731342,-0.007392,NDTI
NDTI,-0.493941,-0.032275,NDTI
NDTI,-0.561719,0.008839,NDTI
NDTI,-0.559894,0.024551,NDTI
NDTI,-0.740417,-0.011404,NDTI
NDTI,-0.622319,-0.041244,NDTI
NDTI,-0.602793,-0.028801,NDTI
NDTI,-0.683371,-0.024106,NDTI
NDTI,-0.381827,-0.012252,NDTI
NDTI,-0.497071,-0.074448,NDTI
NDTI,-0.574092,-0.109368,NDTI
NDTI,-0.611713,-0.060243,NDTI
NDTI,-0.561708,-0.099428,NDTI
NDTI,-0.656398,-0.020863,NDTI
NDTI,-0.564195,-0.108015,NDTI
NDTI,-0.565533,0.003468,NDTI
NDTI,-0.830093,-0.040112,NDTI
NDTI,-0.848075,-0.075175,NDTI
NDTI,-0.889387,-0.078013,NDTI
NDTI,-0.909703,-0.060213,NDTI
NDTI,-0.790770,-0.046972,NDTI
NDTI,-0.822079,-0.040039,NDTI
NDTI,-0.796557,-0.054866,NDTI
NDTI,-0.755401,0.042368,NDTI
NDTI,-1.008654,-0.063487,NDTI
NDTI,-0.779924,-0.068132,NDTI
NDTI,-1.059828,-0.036415,NDTI
NDTI,-0.980144,-0.066570,NDTI
NDTI,-0.885665,0.004404,NDTI
NDTI,-0.790713,-0.061548,NDTI
NDTI,-0.854455,-0.062272,NDTI
NDTI,-0.761980,-0.071265,NDTI
NDTI,-0.949393,-0.042447,NDTI
NDTI,-0.935472,0.001501,NDTI
NDTI,-0.903855,-0.037595,NDTI
NDTI,-0.794446,-0.032466,NDTI
NDTI,-0.983220,-0.005577,NDTI
NDTI,-0.783201,-0.043181,NDTI
NDTI,-0.778803,0.010198,NDTI
NDTI,-0.837246,-0.054302,NDTI
NDTI,-1.023151,-0.018573,NDTI
NDTI,-0.798204,-0.030845,NDTI
NDTI,-0.308850,-0.029804,NDTI
NDTI,-0.237515,0.090386,NDTI
NDTI,-0.804320,-0.102691,NDTI
NDTI,-0.964597,-0.029238,NDTI
NDTI,-0.840477,-0.015316,NDTI
NDTI,-0.891743,-0.042121,NDTI
NDTI,-0.826642,-0.026566,NDTI
NDTI,-0.949060,-0.053233,NDTI
NDTI,-0.777553,-0.019791,NDTI
NDTI,-0.735753,-0.037439,NDTI
NDTI,-0.842418,-0.054001,NDTI
NDTI,-1.036311,-0.025171,NDTI
NDTI,-0.798172,-0.029344,NDTI
NDTI,-0.746945,-0.020410,NDTI
NDTI,-0.423536,-0.000407,NDTI
NDTI,-0.458179,-0.074364,NDTI
NDTI,-1.078613,-0.051760,NDTI
NDTI,-0.813065,-0.036393,NDTI
NDTI,-0.811914,-0.026449,NDTI
NDTI,-0.536029,-0.034981,NDTI
NDTI,-0.542581,0.013541,NDTI
NDTI,-0.592160,-0.033381,NDTI
NDTI,-0.458025,-0.050481,NDTI
NDTI,-0.469104,-0.036362,NDTI
NDTI,-0.414149,-0.053458,NDTI
NDTI,-0.576870,-0.035252,NDTI
NDTI,-0.400264,-0.008353,NDTI
NDTI,-0.524302,0.017505,NDTI
NDTI,-0.503142,-0.031522,NDTI
NDTI,-0.536838,0.009519,NDTI
NDTI,-0.669513,-0.017356,NDTI
NDTI,-0.585118,-0.004212,NDTI
NDTI,-0.510461,-0.018525,NDTI
B2_B3,0.898882,0.101176,Blue/Green
B2_B3,0.482160,-1.149168,Blue/Green
B2_B3,0.780432,-0.242980,Blue/Green
B2_B3,0.702065,-0.577665,Blue/Green
B2_B3,0.799560,-0.249138,Blue/Green
B2_B3,0.613137,-0.653299,Blue/Green
B2_B3,0.760384,-0.038035,Blue/Green
B2_B3,0.557727,-0.582972,Blue/Green
B2_B3,0.741913,-0.036159,Blue/Green
B2_B3,0.716270,-0.279961,Blue/Green
B2_B3,0.748877,-0.324225,Blue/Green
B2_B3,0.621912,-0.837598,Blue/Green
B2_B3,0.510940,-0.776105,Blue/Green
B2_B3,0.700845,-1.072294,Blue/Green
B2_B3,0.773597,0.427411,Blue/Green
B2_B3,0.590394,-1.001670,Blue/Green
B2_B3,0.587859,-1.573248,Blue/Green
B2_B3,0.560879,-0.988493,Blue/Green
B2_B3,0.482821,-1.058675,Blue/Green
B2_B3,0.749870,-0.171110,Blue/Green
B2_B3,0.871030,0.092388,Blue/Green
B2_B3,0.844260,0.001965,Blue/Green
B2_B3,0.820960,0.324898,Blue/Green
B2_B3,0.819860,-0.098221,Blue/Green
B2_B3,0.762374,-0.174736,Blue/Green
B2_B3,0.706194,-0.578259,Blue/Green
B2_B3,0.838488,-0.048835,Blue/Green
B2_B3,0.731893,-0.277065,Blue/Green
B2_B3,0.789986,-0.392331,Blue/Green
B2_B3,0.794952,-0.065048,Blue/Green
B2_B3,0.777915,-0.082409,Blue/Green
B2_B3,0.711697,-0.432848,Blue/Green
B2_B3,0.822232,-0.269113,Blue/Green
B2_B3,0.638143,-0.610747,Blue/Green
B2_B3,0.575758,-1.021946,Blue/Green
B2_B3,0.620508,-1.106320,Blue/Green
B2_B3,0.637142,-1.022100,Blue/Green
B2_B3,0.792883,0.344258,Blue/Green
B2_B3,0.828380,-0.493567,Blue/Green
B2_B3,0.801089,-0.462919,Blue/Green
B2_B3,0.703373,-0.705118,Blue/Green
B2_B3,0.805058,-0.461560,Blue/Green
B2_B3,0.817606,-0.448483,Blue/Green
B2_B3,0.697928,-0.507306,Blue/Green
B2_B3,0.642714,-0.311752,Blue/Green
B2_B3,0.673900,-0.357966,Blue/Green
B2_B3,0.730369,-0.226742,Blue/Green
B2_B3,0.760516,0.025670,Blue/Green
B2_B3,0.655582,-0.890955,Blue/Green
B2_B3,0.697059,-0.201237,Blue/Green
B2_B3,0.644444,-0.443875,Blue/Green
B2_B3,0.717814,-0.425690,Blue/Green
B2_B3,0.641345,-0.262084,Blue/Green
B2_B3,0.541887,-0.321748,Blue/Green
B2_B3,0.576352,-0.447095,Blue/Green
B2_B3,0.760481,0.203532,Blue/Green
B2_B3,0.804339,0.114518,Blue/Green
B2_B3,0.859797,0.112624,Blue/Green
B2_B3,0.703751,-0.238336,Blue/Green
B2_B3,0.584800,-0.443282,Blue/Green
B2_B3,0.653622,-1.286242,Blue/Green
B2_B3,0.679783,-0.368467,Blue/Green
B2_B3,0.720661,-0.209442,Blue/Green
B2_B3,0.675132,-0.230176,Blue/Green
B2_B3,0.440347,-0.504984,Blue/Green
B2_B3,0.443692,-0.415650,Blue/Green
B2_B3,0.882005,0.141936,Blue/Green
B2_B3,0.875205,0.092713,Blue/Green
B2_B3,0.873974,0.047255,Blue/Green
B2_B3,0.726586,-0.402472,Blue/Green
B2_B3,0.801666,-0.106437,Blue/Green
B2_B3,0.846499,0.070720,Blue/Green
B2_B3,0.862763,0.121481,Blue/Green
B2_B3,0.910433,0.100097,Blue/Green
B2_B3,0.969903,0.273581,Blue/Green
B2_B3,1.005389,0.349775,Blue/Green
B2_B3,0.807684,-0.015507,Blue/Green
B2_B3,0.577639,-0.532733,Blue/Green
B2_B3,0.526691,-1.045456,Blue/Green
B2_B3,0.977204,0.751518,Blue/Green
B2_B3,0.873232,0.148048,Blue/Green
B2_B3,0.912684,0.027100,Blue/Green
B2_B3,0.896408,0.104818,Blue/Green
B2_B3,0.865170,-0.104946,Blue/Green
B2_B3,0.858864,0.229831,Blue/Green
B2_B3,0.900659,0.735592,Blue/Green
B2_B3,0.921427,0.256356,Blue/Green
B2_B3,0.860369,0.460100,Blue/Green
B2_B3,0.825542,0.438714,Blue/Green
B2_B3,0.857243,0.391838,Blue/Green
B2_B3,0.863501,0.682609,Blue/Green
B2_B3,0.836904,-0.033538,Blue/Green
B2_B3,0.878896,0.458697,Blue/Green
B2_B3,0.863503,-0.066680,Blue/Green
B2_B3,0.691251,-0.710851,Blue/Green
B2_B3,0.787944,0.011028,Blue/Green
B2_B3,0.680866,-0.665962,Blue/Green
B2_B3,0.648920,-0.557770,Blue/Green
B2_B3,0.563178,-0.605091,Blue/Green
B2_B3,0.635569,-0.860111,Blue/Green
B2_B3,0.761748,-0.184580,Blue/Green
B2_B3,0.398338,-0.779233,Blue/Green
B2_B3,0.768630,0.079474,Blue/Green
B2_B3,0.454673,-0.691145,Blue/Green
B2_B3,0.752775,0.034204,Blue/Green
B2_B3,0.560258,-0.698954,Blue/Green
B2_B3,0.969903,0.273581,Blue/Green
B2_B3,0.785608,0.073230,Blue/Green
B2_B3,0.700816,-0.643193,Blue/Green
B2_B3,0.505299,-0.591481,Blue/Green
B2_B3,0.943129,0.767628,Blue/Green
B2_B3,0.956045,0.727709,Blue/Green
B2_B3,0.698408,-0.753637,Blue/Green
B2_B3,0.605305,-0.719488,Blue/Green
B2_B3,0.530336,-1.570765,Blue/Green
B2_B3,0.762489,0.157784,Blue/Green
B2_B3,0.650966,-0.902519,Blue/Green
B2_B3,-0.177046,-1.945562,Blue/Green
B2_B3,0.017318,-1.952216,Blue/Green
B2_B3,0.495425,-0.701639,Blue/Green
B2_B3,-1.204821,-0.825677,Blue/Green
B2_B3,0.696118,-0.324342,Blue/Green
B2_B3,0.794577,0.007937,Blue/Green
B2_B3,0.284961,-0.951220,Blue/Green
B2_B3,0.733671,0.053674,Blue/Green
B2_B3,0.937752,0.889705,Blue/Green
B2_B3,0.894710,0.709690,Blue/Green
B2_B3,0.761488,0.298119,Blue/Green
B2_B3,0.811356,0.345015,Blue/Green
B2_B3,0.791136,0.402503,Blue/Green
B2_B3,0.849393,0.681128,Blue/Green
B2_B3,0.740822,0.235831,Blue/Green
B2_B3,0.434733,-1.501742,Blue/Green
B2_B3,0.653513,-0.254831,Blue/Green
B2_B3,1.007371,0.187111,Blue/Green
B2_B3,0.964697,0.249485,Blue/Green
B2_B3,0.808277,-0.044640,Blue/Green
B2_B3,0.899352,0.069465,Blue/Green
B2_B3,0.912836,0.136081,Blue/Green
B2_B3,0.986813,0.661088,Blue/Green
B2_B3,0.981437,0.610890,Blue/Green
B2_B3,0.983151,0.474433,Blue/Green
B2_B3,1.024671,0.468477,Blue/Green
B2_B3,0.838461,-0.056238,Blue/Green
B2_B3,0.879956,0.044919,Blue/Green
B2_B3,0.540748,-0.516707,Blue/Green
B2_B3,0.757805,-0.133573,Blue/Green
B2_B3,0.864175,-0.031943,Blue/Green
B2_B3,1.049660,0.648657,Blue/Green
B2_B3,-6.256309,-1.857998,Blue/Green
B2_B3,-38.239960,-2.106808,Blue/Green
B2_B3,0.229598,-2.097683,Blue/Green
B2_B3,0.217195,-2.170640,Blue/Green
B2_B3,0.737015,-0.150105,Blue/Green
B2_B3,0.711314,-0.219283,Blue/Green
B2_B3,0.710488,-0.335679,Blue/Green
B2_B3,0.629137,-0.401428,Blue/Green
B2_B3,0.752506,-0.195469,Blue/Green
B2_B3,0.736947,-0.284798,Blue/Green
B2_B3,0.717722,-0.327465,Blue/Green
B2_B3,0.736967,0.062506,Blue/Green
B2_B3,0.632132,-0.465759,Blue/Green
B2_B3,0.806970,-0.016773,Blue/Green
B2_B3,0.943224,0.344476,Blue/Green
B2_B3,1.006257,0.420328,Blue/Green
B2_B3,1.056059,1.443679,Blue/Green
B2_B3,1.104333,1.728717,Blue/Green
B2_B3,1.034943,1.533210,Blue/Green
B2_B3,0.708447,-0.356485,Blue/Green
B2_B3,1.191200,0.838384,Blue/Green
B2_B3,1.174075,1.018189,Blue/Green
B2_B3,1.143978,1.050023,Blue/Green
B2_B3,1.122837,0.682067,Blue/Green
B2_B3,1.121256,2.338535,Blue/Green
B2_B3,1.185826,2.700863,Blue/Green
B2_B3,1.150207,2.686590,Blue/Green
B2_B3,1.185458,2.248474,Blue/Green
B2_B3,1.108960,1.607747,Blue/Green
B2_B3,1.131531,2.045020,Blue/Green
B2_B3,0.985198,0.967106,Blue/Green
B2_B3,1.137528,1.673047,Blue/Green
B2_B3,1.182039,1.810704,Blue/Green
B2_B3,1.131712,1.691970,Blue/Green
B2_B3,0.816199,0.293562,Blue/Green
B2_B3,0.982761,1.475951,Blue/Green
B2_B3,1.095745,1.825567,Blue/Green
B2_B3,1.078883,1.758210,Blue/Green
B2_B3,1.175802,1.855625,Blue/Green
B2_B3,1.147253,1.679776,Blue/Green
B2_B3,0.994072,1.219656,Blue/Green
B2_B3,1.060323,1.460404,Blue/Green
B2_B3,1.003419,1.197109,Blue/Green
B2_B3,0.953673,0.965392,Blue/Green
B2_B3,1.041366,0.671496,Blue/Green
B2_B3,0.943288,0.399310,Blue/Green
B2_B3,0.961802,0.157274,Blue/Green
B2_B3,0.877099,0.125142,Blue/Green
B2_B3,0.927518,0.092610,Blue/Green
B2_B3,0.938973,0.732199,Blue/Green
B2_B3,1.046505,1.962237,Blue/Green
B2_B3,0.993598,0.331939,Blue/Green
B2_B3,0.812758,-0.122674,Blue/Green
B2_B3,0.779211,-0.028545,Blue/Green
B2_B3,0.510788,-0.721237,Blue/Green
B2_B3,0.370522,-0.804915,Blue/Green
B2_B3,0.422700,-0.761689,Blue/Green
B2_B3,0.694293,-0.419676,Blue/Green
B2_B3,0.694525,-0.412364,Blue/Green
B2_B3,0.789729,-0.056897,Blue/Green
B2_B3,0.594648,-0.407656,Blue/Green
B2_B3,0.823844,0.059982,Blue/Green
B2_B3,0.797638,-0.058457,Blue/Green
B2_B3,0.749055,-0.068684,Blue/Green
B2_B3,0.653893,-0.423649,Blue/Green
B2_B3,0.639764,-0.511379,Blue/Green
B2_B3,0.970489,0.831130,Blue/Green
B2_B3,0.906052,0.756478,Blue/Green
B2_B3,0.962239,0.696770,Blue/Green
B2_B3,1.073735,1.426743,Blue/Green
B2_B3,0.919420,0.361502,Blue/Green
B2_B3,0.698728,-0.550346,Blue/Green
B2_B3,1.092595,1.245866,Blue/Green
B2_B3,0.737824,-0.175794,Blue/Green
B2_B3,0.896629,0.049162,Blue/Green
B2_B3,0.941874,0.458643,Blue/Green
B2_B3,0.860680,0.022529,Blue/Green
B2_B3,0.864540,0.004647,Blue/Green
B2_B3,0.699436,-0.551464,Blue/Green
B2_B3,0.920547,0.249956,Blue/Green
B2_B3,0.939678,0.398011,Blue/Green
B2_B3,1.002394,0.926123,Blue/Green
B2_B3,0.998470,0.883229,Blue/Green
B2_B3,0.985985,1.243346,Blue/Green
B2_B3,1.014096,1.337922,Blue/Green
B2_B3,0.990670,1.205279,Blue/Green
B2_B3,0.975717,0.825626,Blue/Green
B2_B3,1.042200,1.666301,Blue/Green
B2_B3,0.887117,0.839232,Blue/Green
B2_B3,0.956819,0.545737,Blue/Green
B2_B3,0.974736,0.731514,Blue/Green
B2_B3,0.885639,0.081834,Blue/Green
B2_B3,0.700402,-0.403490,Blue/Green
B2_B3,0.955253,0.879016,Blue/Green
B2_B3,1.096985,1.703958,Blue/Green
B2_B3,1.009012,1.313718,Blue/Green
B2_B3,0.875743,0.378607,Blue/Green
B2_B3,1.033399,0.716467,Blue/Green
B2_B3,0.999501,1.433310,Blue/Green
B2_B3,0.953638,1.043118,Blue/Green
B2_B3,0.975345,1.463082,Blue/Green
B2_B3,0.964941,1.327655,Blue/Green
B2_B3,1.066627,1.270291,Blue/Green
B2_B3,1.329714,1.492077,Blue/Green
B2_B3,0.919815,0.282914,Blue/Green
B2_B3,1.284389,0.759471,Blue/Green
B2_B3,0.680722,-0.335530,Blue/Green
B2_B3,0.621506,-0.402709,Blue/Green
B2_B3,1.073171,1.360212,Blue/Green
B2_B3,0.995884,1.517482,Blue/Green
B2_B3,1.203157,0.778444,Blue/Green
B2_B3,1.009001,0.302195,Blue/Green
B2_B3,1.273777,1.311826,Blue/Green
B2_B3,0.555482,-0.575616,Blue/Green
B2_B3,0.696941,-0.378331,Blue/Green
B2_B3,0.407202,-0.733068,Blue/Green
B2_B3,0.196996,-0.782252,Blue/Green
B2_B3,0.523979,-0.618306,Blue/Green
B2_B3,0.397264,-0.760275,Blue/Green
B2_B3,0.733593,-0.355296,Blue/Green
B2_B3,0.449098,-0.796661,Blue/Green
B2_B3,0.385161,-0.838264,Blue/Green
B2_B3,0.668210,-0.511940,Blue/Green
B2_B3,0.670952,-1.217679,Blue/Green
B2_B3,0.476210,-1.357713,Blue/Green
B2_B3,0.553938,-0.593586,Blue/Green
B2_B3,-0.055998,-0.775333,Blue/Green
B2_B3,0.091639,-0.695108,Blue/Green
B2_B3,0.360197,-0.777968,Blue/Green
B2_B3,0.451835,-0.686252,Blue/Green
B2_B3,0.751904,-0.259994,Blue/Green
B2_B3,0.523719,-0.455054,Blue/Green
B2_B3,-3.437226,-0.701672,Blue/Green
B2_B3,0.365196,-0.494245,Blue/Green
B2_B3,0.494137,-0.465378,Blue/Green
B2_B3,0.440876,-1.548434,Blue/Green
B2_B3,0.203347,-1.669424,Blue/Green
B2_B3,0.188224,-1.655100,Blue/Green
B2_B3,0.457889,-1.446905,Blue/Green
B2_B3,0.507776,-1.475183,Blue/Green
B2_B3,0.268722,-1.695012,Blue/Green
B2_B3,0.817490,0.256292,Blue/Green
B2_B3,0.514407,-1.455447,Blue/Green
B2_B3,0.479576,-0.532895,Blue/Green
B2_B3,0.301922,-0.495514,Blue/Green
B2_B3,0.823619,0.101192,Blue/Green
B2_B3,0.283059,-0.505740,Blue/Green
B2_B3,0.161182,-0.477774,Blue/Green
B2_B3,0.188474,-0.475218,Blue/Green
B2_B3,0.283925,-0.555459,Blue/Green
B2_B3,-1094.802260,-0.637169,Blue/Green
B2_B3,0.427843,-0.470397,Blue/Green
B2_B3,0.574190,-0.455221,Blue/Green
B2_B3,0.452994,-0.457470,Blue/Green
B2_B3,0.645367,-0.438514,Blue/Green
B2_B3,0.479374,-0.523791,Blue/Green
B2_B3,0.484156,-0.503889,Blue/Green
B2_B3,0.139524,-0.561074,Blue/Green
B2_B3,0.822843,0.129094,Blue/Green
B2_B3,0.816565,0.007936,Blue/Green
B2_B3,0.734567,-0.300119,Blue/Green
B2_B3,0.196938,-0.539990,Blue/Green
B2_B3,0.532263,-0.457289,Blue/Green
B2_B3,0.867869,0.309204,Blue/Green
B2_B3,0.506317,-1.176789,Blue/Green
B2_B3,0.055822,-0.699672,Blue/Green
B2_B3,0.324163,-0.596564,Blue/Green
B2_B3,0.560456,-0.671827,Blue/Green
B2_B3,0.539396,-0.589621,Blue/Green
B2_B3,0.807496,-0.072473,Blue/Green
B2_B3,0.709427,-0.628077,Blue/Green
B2_B3,0.584571,-0.524034,Blue/Green
B2_B3,0.620513,-0.818103,Blue/Green
B2_B3,0.637401,-0.720532,Blue/Green
B2_B3,1.052768,0.673893,Blue/Green
B2_B3,1.045366,0.938154,Blue/Green
B2_B3,1.105169,0.795735,Blue/Green
B2_B3,0.990841,0.486897,Blue/Green
B2_B3,0.783046,-0.147683,Blue/Green
B2_B3,0.352533,-1.183795,Blue/Green
B2_B3,1.179438,1.160121,Blue/Green
B2_B3,1.147115,1.580561,Blue/Green
B2_B3,0.758780,-0.040463,Blue/Green
B2_B3,0.743645,-0.234327,Blue/Green
B2_B3,1.094823,1.122194,Blue/Green
B2_B3,0.965843,0.676560,Blue/Green
B2_B3,1.092140,1.057484,Blue/Green
B2_B3,0.924024,0.331659,Blue/Green
B2_B3,0.759055,-0.148551,Blue/Green
B2_B3,0.834839,-0.047295,Blue/Green
B2_B3,1.195068,1.874982,Blue/Green
B2_B3,0.985336,0.777824,Blue/Green
B2_B3,0.499497,-1.599518,Blue/Green
B2_B3,-1.261802,-1.700934,Blue/Green
B2_B3,0.851070,0.075142,Blue/Green
B2_B3,1.092072,0.865046,Blue/Green
B2_B3,0.877920,0.088317,Blue/Green
B2_B3,0.891329,0.078957,Blue/Green
B2_B3,0.830276,-0.073108,Blue/Green
B2_B3,0.834563,-0.082223,Blue/Green
B2_B3,0.731711,-0.424350,Blue/Green
B2_B3,0.715013,-0.170213,Blue/Green
B2_B3,1.029948,0.237743,Blue/Green
B2_B3,0.889050,0.139477,Blue/Green
B2_B3,1.019495,0.489752,Blue/Green
B2_B3,0.784416,-0.150317,Blue/Green
B2_B3,0.521098,-0.894400,Blue/Green
B2_B3,0.567613,-0.752688,Blue/Green
B2_B3,0.534505,-0.707030,Blue/Green
B2_B3,0.479338,-0.661241,Blue/Green
B2_B3,0.683778,-0.369690,Blue/Green
B2_B3,0.924435,0.818710,Blue/Green
B2_B3,0.829685,0.156927,Blue/Green
B2_B3,0.886108,0.225722,Blue/Green
B2_B3,0.754443,0.259680,Blue/Green
B2_B3,0.886054,0.290482,Blue/Green
B2_B3,0.850927,0.441702,Blue/Green
B2_B3,0.951516,0.498089,Blue/Green
B2_B3,0.821037,0.011196,Blue/Green
B2_B3,0.853962,0.120792,Blue/Green
B2_B3,0.585089,-0.342246,Blue/Green
B2_B3,0.537127,-0.592459,Blue/Green
B2_B3,0.423172,-0.913093,Blue/Green
B2_B3,0.768897,-0.036873,Blue/Green
B2_B3,0.780990,-0.035885,Blue/Green
B2_B3,0.892264,0.138234,Blue/Green
B2_B3,0.430769,-0.618106,Blue/Green
B2_B3,0.876818,0.170775,Blue/Green
B2_B3,0.619057,-0.292291,Blue/Green
B2_B3,0.312360,-0.791399,Blue/Green
B2_B3,0.242264,-0.792692,Blue/Green
B2_B3,-0.107392,-0.950882,Blue/Green
B2_B3,0.482383,-0.822152,Blue/Green
B2_B3,0.489902,-0.894055,Blue/Green
B2_B3,0.935624,0.759559,Blue/Green
B2_B3,0.574237,-0.892465,Blue/Green
B2_B3,0.690057,-0.613222,Blue/Green
B2_B3,0.553042,-0.798421,Blue/Green
B2_B3,1.009237,0.471332,Blue/Green
B2_B3,0.955355,0.507445,Blue/Green
B2_B3,0.952444,0.403686,Blue/Green
B2_B3,0.856346,0.000278,Blue/Green
B2_B3,0.960966,0.386727,Blue/Green
B2_B3,0.890134,0.037944,Blue/Green
B2_B3,0.795376,-0.168044,Blue/Green
B2_B3,0.650270,-0.477786,Blue/Green
B2_B3,0.902990,0.089697,Blue/Green
B2_B3,0.967493,0.233412,Blue/Green
B2_B3,0.874125,0.048569,Blue/Green
B2_B3,1.089121,0.413889,Blue/Green
B2_B3,0.993357,0.225861,Blue/Green
B2_B3,1.026803,0.650238,Blue/Green
B2_B3,0.964065,0.327512,Blue/Green
B2_B3,1.020209,0.371117,Blue/Green
B2_B3,0.885752,0.317918,Blue/Green
B2_B3,0.992318,0.549383,Blue/Green
B2_B3,0.814493,0.071865,Blue/Green
B2_B3,0.914043,0.278717,Blue/Green
B2_B3,0.789576,-0.278722,Blue/Green
B2_B3,0.894192,0.199421,Blue/Green
B2_B3,0.856064,0.040309,Blue/Green
B2_B3,0.846343,0.054104,Blue/Green
B2_B3,0.676523,-0.562195,Blue/Green
B2_B3,0.823107,-0.058490,Blue/Green
B2_B3,0.969928,0.367213,Blue/Green
B2_B3,0.970378,0.360977,Blue/Green
B2_B3,0.981848,0.363838,Blue/Green
B2_B3,0.720897,-0.366781,Blue/Green
B2_B3,0.961121,0.256362,Blue/Green
B2_B3,0.887094,-0.007446,Blue/Green
B2_B3,0.797888,0.178909,Blue/Green
B2_B3,0.968966,0.564273,Blue/Green
B2_B3,0.994472,0.763645,Blue/Green
B2_B3,1.050956,0.965442,Blue/Green
B2_B3,1.030198,0.791026,Blue/Green
B2_B3,0.907073,0.429784,Blue/Green
B2_B3,0.869131,0.375167,Blue/Green
B2_B3,1.011058,0.279719,Blue/Green
B2_B3,0.889681,0.013471,Blue/Green
B2_B3,0.970848,0.181388,Blue/Green
B2_B3,0.947640,0.151694,Blue/Green
B2_B3,0.997937,0.238256,Blue/Green
B2_B3,0.813678,-0.063340,Blue/Green
B2_B3,0.843913,0.014949,Blue/Green
B2_B3,0.894132,-0.002829,Blue/Green
B2_B3,0.891739,0.088931,Blue/Green
B2_B3,0.806257,0.146119,Blue/Green
B2_B3,0.954319,0.400722,Blue/Green
B2_B3,0.877011,-0.016069,Blue/Green
B2_B3,0.946069,0.563014,Blue/Green
B2_B3,0.616580,-0.550708,Blue/Green
B2_B3,0.681358,-0.513078,Blue/Green
B2_B3,0.840745,0.019091,Blue/Green
B2_B3,0.821907,-0.216709,Blue/Green
B2_B3,0.840944,-0.029481,Blue/Green
B2_B3,0.823282,-0.135045,Blue/Green
B2_B3,0.950178,0.264247,Blue/Green
B2_B3,0.850044,-0.097736,Blue/Green
B2_B3,0.981479,0.377162,Blue/Green
B2_B3,0.906377,0.155983,Blue/Green
B2_B3,0.902590,0.149559,Blue/Green
B2_B3,0.792657,-0.123781,Blue/Green
B2_B3,0.902373,0.202274,Blue/Green
B2_B3,0.904199,0.201344,Blue/Green
B2_B3,0.970483,0.666293,Blue/Green
B2_B3,0.824207,-0.045999,Blue/Green
B2_B3,1.013486,0.219838,Blue/Green
B2_B3,1.013065,0.201139,Blue/Green
B2_B3,1.013388,0.226436,Blue/Green
B2_B3,0.770007,0.283143,Blue/Green
B2_B3,1.073903,0.985385,Blue/Green
B2_B3,0.861801,0.036411,Blue/Green
B2_B3,1.031803,0.353315,Blue/Green
B2_B3,0.863949,0.066084,Blue/Green
B2_B3,0.969655,0.384372,Blue/Green
B2_B3,0.792567,-0.136712,Blue/Green
B2_B3,0.842914,-0.001393,Blue/Green
B2_B3,0.822203,-0.040862,Blue/Green
B2_B3,0.453393,-0.767779,Blue/Green
B2_B3,0.762254,-0.088840,Blue/Green
B2_B3,1.070944,0.815017,Blue/Green
B2_B3,1.018204,0.462292,Blue/Green
B2_B3,0.987304,0.487070,Blue/Green
B2_B3,1.014064,0.415758,Blue/Green
B2_B3,0.999499,0.497075,Blue/Green
B2_B3,0.860668,0.013679,Blue/Green
B2_B3,0.813125,-0.027098,Blue/Green
B2_B3,0.925580,0.196154,Blue/Green
B2_B3,1.019755,0.209351,Blue/Green
B2_B3,0.838859,0.022985,Blue/Green
B2_B3,0.740172,-0.070383,Blue/Green
B2_B3,0.657980,-0.247649,Blue/Green
B2_B3,0.506960,-0.474781,Blue/Green
B2_B3,0.547746,-0.750206,Blue/Green
B2_B3,0.500357,-0.876461,Blue/Green
B2_B3,0.484969,-0.699203,Blue/Green
B2_B3,0.462640,-0.743587,Blue/Green
B2_B3,0.607632,-0.759878,Blue/Green
B2_B3,0.532309,-0.882635,Blue/Green
B2_B3,0.525746,-0.611525,Blue/Green
B2_B3,0.665254,-0.500922,Blue/Green
B2_B3,0.636048,-0.783296,Blue/Green
B2_B3,0.566983,-0.537410,Blue/Green
B2_B3,0.530171,-0.895046,Blue/Green
B2_B3,0.558999,-0.833835,Blue/Green
B2_B3,0.612790,-1.043686,Blue/Green
B2_B3,0.884706,0.195116,Blue/Green
B2_B3,0.912843,0.315673,Blue/Green
B2_B3,1.040397,0.722832,Blue/Green
B2_B3,0.826376,-0.178712,Blue/Green
B2_B3,1.122571,1.293161,Blue/Green
B2_B3,0.722963,-0.228416,Blue/Green
B2_B3,1.108734,1.102461,Blue/Green
B2_B3,1.030631,0.525982,Blue/Green
B2_B3,0.763974,-0.150814,Blue/Green
B2_B3,0.550604,-0.715288,Blue/Green
B2_B3,0.543824,-0.674056,Blue/Green
B2_B3,1.064501,1.126174,Blue/Green
B2_B3,0.983198,0.814305,Blue/Green
B2_B3,0.987300,0.864525,Blue/Green
B2_B3,0.625889,-1.579675,Blue/Green
B2_B3,0.995532,0.953434,Blue/Green
B2_B3,0.711686,-0.262280,Blue/Green
B2_B3,1.173986,1.716038,Blue/Green
B2_B3,1.099754,0.880587,Blue/Green
B2_B3,1.055815,0.753568,Blue/Green
B2_B3,1.091378,1.156198,Blue/Green
B2_B3,0.981199,0.262435,Blue/Green
B2_B3,1.157210,1.178616,Blue/Green
B2_B3,1.011511,0.457837,Blue/Green
B2_B3,1.136413,1.401660,Blue/Green
B2_B3,0.933504,0.137214,Blue/Green
B2_B3,0.826594,-0.235223,Blue/Green
B2_B3,1.131433,1.226108,Blue/Green
B2_B3,1.087114,0.769650,Blue/Green
B2_B3,1.020623,0.471271,Blue/Green
B2_B3,0.931781,0.291490,Blue/Green
B2_B3,0.538492,-0.664150,Blue/Green
B2_B3,0.651339,-0.686681,Blue/Green
B2_B3,0.920066,0.280646,Blue/Green
B2_B3,0.860402,0.276799,Blue/Green
B2_B3,1.102095,1.054131,Blue/Green
B2_B3,0.905044,0.028772,Blue/Green
B2_B3,0.838261,-0.148540,Blue/Green
B2_B3,0.687622,-0.389269,Blue/Green
B2_B3,0.946309,0.237582,Blue/Green
B2_B3,0.887628,0.044698,Blue/Green
B2_B3,0.668385,-0.804137,Blue/Green
B2_B3,1.070104,0.790305,Blue/Green
B2_B3,0.866644,-0.033831,Blue/Green
B2_B3,0.962108,0.201719,Blue/Green
B2_B3,0.743022,-0.114159,Blue/Green
B2_B3,0.625558,-0.757436,Blue/Green
B2_B3,0.877920,0.016029,Blue/Green
B2_B3,0.842215,-0.075022,Blue/Green
B2_B3,0.670751,-0.573645,Blue/Green
B2_B3,0.597803,-0.219128,Blue/Green
B2_B3,0.738509,-0.110143,Blue/Green
B2_B3,0.750905,-0.134739,Blue/Green
B2_B3,0.591965,-0.765570,Blue/Green
B2_B3,0.716518,-0.294628,Blue/Green
B2_B3,0.686505,-0.159089,Blue/Green
B2_B3,0.626508,-0.290765,Blue/Green
B2_B3,0.496204,-0.428214,Blue/Green
B2_B3,0.466794,-1.313026,Blue/Green
B2_B3,0.917581,0.152519,Blue/Green
B2_B3,1.057894,0.388445,Blue/Green
B2_B3,0.961494,0.266960,Blue/Green
B2_B3,0.690123,-0.311001,Blue/Green
B2_B3,0.896733,-0.024034,Blue/Green
B2_B3,0.766812,-0.064834,Blue/Green
B2_B3,0.844909,-0.027295,Blue/Green
B2_B3,0.876797,0.010554,Blue/Green
B2_B3,0.946036,0.368006,Blue/Green
B2_B3,0.707827,-0.433688,Blue/Green
B2_B3,0.710379,-0.493875,Blue/Green
B2_B3,0.930553,0.195555,Blue/Green
B2_B3,0.838590,-0.016956,Blue/Green
B2_B3,0.869678,0.050614,Blue/Green
B2_B3,0.781460,0.001402,Blue/Green
B2_B3,0.730772,-0.311820,Blue/Green
B2_B3,0.486971,-0.702716,Blue/Green
B2_B3,0.601827,-0.825231,Blue/Green
B2_B3,0.736938,0.016478,Blue/Green
B2_B3,0.759139,-0.094710,Blue/Green
B2_B3,0.774153,-0.293108,Blue/Green
B2_B3,0.845288,-0.053988,Blue/Green
B2_B3,0.726093,-0.469928,Blue/Green
B2_B3,0.740786,-0.198496,Blue/Green
B2_B3,0.721700,-0.494999,Blue/Green
B2_B3,0.762606,-0.136036,Blue/Green
B2_B3,0.835325,0.177469,Blue/Green
B2_B3,0.666245,-0.897221,Blue/Green
B2_B3,0.687094,-0.562188,Blue/Green
B2_B3,0.710988,-0.331047,Blue/Green
B2_B3,0.615919,-0.451001,Blue/Green
B2_B3,0.611744,-0.747033,Blue/Green
B2_B3,0.549893,-0.593704,Blue/Green
B2_B3,0.393909,-0.910159,Blue/Green
B2_B3,0.220742,-1.238839,Blue/Green
B2_B3,0.003593,-1.176921,Blue/Green
B2_B3,0.467612,-0.688917,Blue/Green
B2_B3,0.407195,-0.873852,Blue/Green
B2_B3,0.282421,-1.220061,Blue/Green
B2_B3,0.559962,-0.865642,Blue/Green
B2_B3,0.304782,-0.683467,Blue/Green
B2_B3,0.566946,-0.720797,Blue/Green
B2_B3,0.366425,-0.621864,Blue/Green
B2_B3,0.577048,-0.745118,Blue/Green
B2_B3,0.399791,-0.661321,Blue/Green
B2_B3,0.631015,-0.465102,Blue/Green
B2_B3,0.650619,-0.284035,Blue/Green
B2_B3,0.842215,0.061302,Blue/Green
B2_B3,0.451435,-1.085134,Blue/Green
B2_B3,-0.288813,-1.229247,Blue/Green
B2_B3,0.936927,0.839391,Blue/Green
B2_B3,0.984366,0.768024,Blue/Green
B2_B3,0.924451,0.859339,Blue/Green
B2_B3,0.758200,0.095853,Blue/Green
B2_B3,0.858281,0.175356,Blue/Green
B2_B3,1.197379,1.292237,Blue/Green
B2_B3,1.253434,1.374573,Blue/Green
B2_B3,0.726769,-0.473900,Blue/Green
B2_B3,0.934682,0.476675,Blue/Green
B2_B3,1.249627,1.330905,Blue/Green
B2_B3,1.226009,1.297103,Blue/Green
B2_B3,1.026116,1.433155,Blue/Green
B2_B3,1.059969,1.001151,Blue/Green
B2_B3,1.042699,0.907931,Blue/Green
B2_B3,0.869678,0.050614,Blue/Green
B2_B3,1.154380,1.462740,Blue/Green
B2_B3,1.215016,1.308245,Blue/Green
B2_B3,0.678335,-0.850926,Blue/Green
B2_B3,0.853259,0.064896,Blue/Green
B2_B3,1.033627,0.635945,Blue/Green
B2_B3,1.122182,1.397905,Blue/Green
B2_B3,1.145982,1.793876,Blue/Green
B2_B3,1.019623,0.715001,Blue/Green
B2_B3,0.802819,0.127650,Blue/Green
B2_B3,0.739565,0.109917,Blue/Green
B2_B3,0.806849,0.602270,Blue/Green
B2_B3,0.966792,0.406599,Blue/Green
B2_B3,0.951792,0.367490,Blue/Green
B2_B3,0.877307,0.071974,Blue/Green
B2_B3,1.065178,0.461457,Blue/Green
B2_B3,0.749487,-0.184283,Blue/Green
B2_B3,0.863889,0.300583,Blue/Green
B2_B3,0.891663,0.050899,Blue/Green
B2_B3,0.704370,-0.168827,Blue/Green
B2_B3,0.503047,-0.637070,Blue/Green
B2_B3,0.723981,-0.401253,Blue/Green
B2_B3,0.539473,-0.788353,Blue/Green
B2_B3,0.302739,-0.762005,Blue/Green
B2_B3,0.431649,-0.679021,Blue/Green
B2_B3,0.336336,-0.871093,Blue/Green
B2_B3,0.374937,-0.848602,Blue/Green
B2_B3,0.696569,-0.620139,Blue/Green
B2_B3,0.726526,-0.510285,Blue/Green
B2_B3,0.696952,-0.604210,Blue/Green
B2_B3,1.027383,1.408636,Blue/Green
B2_B3,0.825808,-0.250591,Blue/Green
B2_B3,0.379716,-0.730238,Blue/Green
B2_B3,0.827419,-0.172113,Blue/Green
B2_B3,0.843975,0.140668,Blue/Green
B2_B3,0.725036,-0.595815,Blue/Green
B2_B3,0.707348,-0.603208,Blue/Green
B2_B3,0.479351,-1.648830,Blue/Green
B2_B3,0.612716,-1.015532,Blue/Green
B2_B3,0.984393,0.878918,Blue/Green
B2_B3,1.005780,1.019823,Blue/Green
B2_B3,0.192103,-2.088509,Blue/Green
B2_B3,0.690388,-0.570066,Blue/Green
B2_B3,0.972993,0.558232,Blue/Green
B2_B3,1.020232,0.801230,Blue/Green
B2_B3,1.035242,0.918749,Blue/Green
B2_B3,0.651779,-0.783915,Blue/Green
B2_B3,1.094268,1.664459,Blue/Green
B2_B3,0.914194,0.645128,Blue/Green
B2_B3,0.989790,1.620994,Blue/Green
B2_B3,0.621335,-1.407596,Blue/Green
B2_B3,0.938374,0.799936,Blue/Green
B2_B3,0.939868,0.851820,Blue/Green
B2_B3,0.589049,-0.822183,Blue/Green
B2_B3,0.634633,-1.226441,Blue/Green
B2_B3,0.560889,-0.314862,Blue/Green
B2_B3,1.070229,0.610430,Blue/Green
B2_B3,0.831944,-0.147743,Blue/Green
B2_B3,0.564589,-0.817111,Blue/Green
B2_B3,0.747988,-0.281186,Blue/Green
B2_B3,0.515185,-0.778775,Blue/Green
B2_B3,0.813105,-0.172964,Blue/Green
B2_B3,0.916635,0.427562,Blue/Green
B2_B3,0.818075,-0.415812,Blue/Green
B2_B3,0.836242,-0.156421,Blue/Green
B2_B3,0.768941,-0.089142,Blue/Green
B2_B3,0.616227,-0.943467,Blue/Green
B2_B3,0.700130,-0.672476,Blue/Green
B2_B3,0.862711,-0.011349,Blue/Green
B2_B3,0.695579,-1.044690,Blue/Green
B2_B3,0.686999,-1.183823,Blue/Green
B2_B3,0.588312,-1.064365,Blue/Green
B2_B3,0.489267,-1.276055,Blue/Green
B2_B3,0.490697,-1.501631,Blue/Green
B2_B3,0.474119,-0.611701,Blue/Green
B2_B3,0.670940,-0.425992,Blue/Green
B2_B3,0.532133,-0.419645,Blue/Green
B2_B3,0.574550,-0.870337,Blue/Green
B2_B3,0.522847,-0.647740,Blue/Green
B2_B3,0.597639,-0.529014,Blue/Green
B2_B3,0.489868,-1.505694,Blue/Green
B2_B3,0.627821,-0.411525,Blue/Green
B2_B3,0.568032,-0.370953,Blue/Green
B2_B3,0.769610,-0.067968,Blue/Green
B2_B3,0.966030,0.257379,Blue/Green
B2_B3,1.091664,1.067898,Blue/Green
B2_B3,0.990988,1.029634,Blue/Green
B2_B3,0.990559,1.007704,Blue/Green
B2_B3,0.600343,-0.440615,Blue/Green
B2_B3,1.232086,0.786438,Blue/Green
B2_B3,1.251214,0.734244,Blue/Green
B2_B3,1.102805,0.595647,Blue/Green
B2_B3,1.013777,0.389601,Blue/Green
B2_B3,0.813343,0.386315,Blue/Green
B2_B3,0.961064,0.971676,Blue/Green
B2_B3,1.064509,1.597351,Blue/Green
B2_B3,1.217084,1.785237,Blue/Green
B2_B3,1.183974,1.559228,Blue/Green
B2_B3,0.957495,0.711206,Blue/Green
B2_B3,0.606499,-0.909255,Blue/Green
B2_B3,1.130896,1.302931,Blue/Green
B2_B3,0.988212,0.633197,Blue/Green
B2_B3,1.049322,0.937863,Blue/Green
B2_B3,0.680860,-1.260200,Blue/Green
B2_B3,0.802757,0.330894,Blue/Green
B2_B3,1.205970,1.794778,Blue/Green
B2_B3,1.046551,1.534795,Blue/Green
B2_B3,1.034925,0.956716,Blue/Green
B2_B3,0.917798,0.366299,Blue/Green
B2_B3,0.956984,0.604981,Blue/Green
B2_B3,0.943153,0.296123,Blue/Green
B2_B3,0.831983,0.031675,Blue/Green
B2_B3,0.776258,0.128944,Blue/Green
B2_B3,1.098906,0.455341,Blue/Green
B2_B3,0.859139,0.110936,Blue/Green
B2_B3,0.749786,-0.211090,Blue/Green
B2_B3,0.626870,-0.278202,Blue/Green
B2_B3,0.924571,0.223289,Blue/Green
B2_B3,0.786571,0.449312,Blue/Green
B2_B3,0.875802,0.464500,Blue/Green
B2_B3,0.817260,-0.056848,Blue/Green
B2_B3,0.705204,-0.549048,Blue/Green
B2_B3,0.746167,-0.144028,Blue/Green
B2_B3,0.382130,-0.909707,Blue/Green
B2_B3,0.292017,-0.814088,Blue/Green
B2_B3,0.258422,-0.855048,Blue/Green
B2_B3,0.412715,-0.763293,Blue/Green
B2_B3,0.433868,-0.546598,Blue/Green
B2_B3,0.456427,-0.593405,Blue/Green
B2_B3,0.322752,-0.476353,Blue/Green
B2_B3,0.472733,-0.559440,Blue/Green
B2_B3,0.555337,-0.407712,Blue/Green
B2_B3,0.486881,-0.488408,Blue/Green
B2_B3,0.377280,-0.608768,Blue/Green
B2_B3,0.628709,-0.540918,Blue/Green
B2_B3,0.821333,-0.350669,Blue/Green
B2_B3,0.810834,-0.069620,Blue/Green
B2_B3,0.999117,0.331369,Blue/Green
B2_B3,1.059027,0.743253,Blue/Green
B2_B3,0.758377,-0.189173,Blue/Green
B2_B3,0.427928,-0.967084,Blue/Green
B2_B3,0.980817,0.434663,Blue/Green
B2_B3,0.636305,-0.514677,Blue/Green
B2_B3,1.057331,0.963358,Blue/Green
B2_B3,1.106621,0.988863,Blue/Green
B2_B3,1.044380,0.848269,Blue/Green
B2_B3,1.023946,0.463321,Blue/Green
B2_B3,0.601884,-0.659496,Blue/Green
B2_B3,1.164606,1.340233,Blue/Green
B2_B3,1.153379,1.556873,Blue/Green
B2_B3,1.218045,1.388542,Blue/Green
B2_B3,0.805344,-0.209756,Blue/Green
B2_B3,1.088075,1.507786,Blue/Green
B2_B3,1.115415,1.488072,Blue/Green
B2_B3,1.067210,1.382351,Blue/Green
B2_B3,1.012450,0.961881,Blue/Green
B2_B3,0.973066,0.810711,Blue/Green
B2_B3,0.690269,-0.415276,Blue/Green
B2_B3,1.016286,0.742607,Blue/Green
B2_B3,0.722547,-0.581187,Blue/Green
B2_B3,0.853840,0.027527,Blue/Green
B2_B3,0.724557,-0.477583,Blue/Green
B2_B3,0.889162,0.397920,Blue/Green
B2_B3,0.973951,0.414353,Blue/Green
B2_B3,0.671100,-0.703356,Blue/Green
B2_B3,0.682839,-0.719473,Blue/Green
B2_B3,0.993577,0.943650,Blue/Green
B2_B3,0.834174,0.072412,Blue/Green
B2_B3,0.746266,-0.345680,Blue/Green
B2_B3,0.888439,0.591326,Blue/Green
B2_B3,0.761412,0.339162,Blue/Green
B2_B3,0.971382,0.873927,Blue/Green
B2_B3,0.928450,0.573247,Blue/Green
B2_B3,0.907871,0.147847,Blue/Green
B2_B3,0.864730,0.095029,Blue/Green
B2_B3,0.568716,-0.431437,Blue/Green
B2_B3,0.426714,-0.627819,Blue/Green
B2_B3,0.905438,0.395425,Blue/Green
B2_B3,0.899099,0.405478,Blue/Green
B2_B3,0.782177,-0.120299,Blue/Green
B2_B3,0.754954,-0.169419,Blue/Green
B2_B3,0.720633,-0.544291,Blue/Green
B2_B3,0.386467,-0.739607,Blue/Green
B2_B3,0.518755,-0.791778,Blue/Green
B2_B3,0.399171,-0.743831,Blue/Green
B2_B3,0.264087,-0.736086,Blue/Green
B2_B3,0.416487,-0.736370,Blue/Green
B2_B3,0.340573,-0.875411,Blue/Green
B2_B3,0.482585,-0.867656,Blue/Green
B2_B3,0.313092,-0.823002,Blue/Green
B2_B3,0.416597,-0.740258,Blue/Green
B2_B3,0.453331,-0.768107,Blue/Green
B2_B3,0.569064,-1.193064,Blue/Green
B2_B3,0.393088,-1.426651,Blue/Green
B4_B3,0.497456,0.018891,Red/Green
B4_B3,0.477578,0.059040,Red/Green
B4_B3,0.377117,0.036603,Red/Green
B4_B3,0.339506,0.099341,Red/Green
B4_B3,0.375727,0.028942,Red/Green
B4_B3,0.314602,0.079497,Red/Green
B4_B3,0.378135,0.110303,Red/Green
B4_B3,0.295646,0.021979,Red/Green
B4_B3,0.465941,0.187504,Red/Green
B4_B3,0.366042,0.255135,Red/Green
B4_B3,0.391601,0.010562,Red/Green
B4_B3,0.386308,0.091035,Red/Green
B4_B3,0.510377,0.034574,Red/Green
B4_B3,0.360262,0.142070,Red/Green
B4_B3,0.327654,-0.042223,Red/Green
B4_B3,0.135622,-0.057502,Red/Green
B4_B3,0.640059,0.067965,Red/Green
B4_B3,0.191522,-0.064242,Red/Green
B4_B3,0.086085,-0.114223,Red/Green
B4_B3,0.435285,0.063803,Red/Green
B4_B3,0.537193,0.144731,Red/Green
B4_B3,0.510807,0.137799,Red/Green
B4_B3,0.418083,0.068517,Red/Green
B4_B3,0.545427,0.080383,Red/Green
B4_B3,0.571666,0.110160,Red/Green
B4_B3,0.548163,0.119320,Red/Green
B4_B3,0.538455,0.149724,Red/Green
B4_B3,0.503304,0.146164,Red/Green
B4_B3,0.499962,0.000144,Red/Green
B4_B3,0.511154,0.161586,Red/Green
B4_B3,0.507760,0.137365,Red/Green
B4_B3,0.523554,0.199789,Red/Green
B4_B3,0.510250,0.111800,Red/Green
B4_B3,0.371143,-0.020108,Red/Green
B4_B3,0.542690,0.117736,Red/Green
B4_B3,0.544531,0.127851,Red/Green
B4_B3,0.506158,0.182186,Red/Green
B4_B3,0.442705,0.089692,Red/Green
B4_B3,0.548986,0.073027,Red/Green
B4_B3,0.506572,0.001224,Red/Green
B4_B3,0.532434,0.082173,Red/Green
B4_B3,0.524955,0.044705,Red/Green
B4_B3,0.497972,0.000503,Red/Green
B4_B3,0.534736,0.170760,Red/Green
B4_B3,0.491365,0.190797,Red/Green
B4_B3,0.546446,0.216463,Red/Green
B4_B3,0.558508,0.008786,Red/Green
B4_B3,0.561625,0.039026,Red/Green
B4_B3,0.468333,0.169454,Red/Green
B4_B3,0.543089,0.222211,Red/Green
B4_B3,0.541163,0.259604,Red/Green
B4_B3,0.604394,0.272765,Red/Green
B4_B3,0.477669,-0.002474,Red/Green
B4_B3,0.430862,-0.023651,Red/Green
B4_B3,0.412029,0.008833,Red/Green
B4_B3,0.400953,0.031119,Red/Green
B4_B3,0.385998,0.019447,Red/Green
B4_B3,0.514166,0.056743,Red/Green
B4_B3,0.423850,-0.004209,Red/Green
B4_B3,0.429821,-0.030863,Red/Green
B4_B3,0.478978,0.005287,Red/Green
B4_B3,0.345984,-0.045109,Red/Green
B4_B3,0.248580,-0.039952,Red/Green
B4_B3,0.259138,-0.051247,Red/Green
B4_B3,0.140004,0.003941,Red/Green
B4_B3,0.340491,-0.105163,Red/Green
B4_B3,0.448269,0.012947,Red/Green
B4_B3,0.510397,0.057662,Red/Green
B4_B3,0.428018,-0.013800,Red/Green
B4_B3,0.503802,0.045362,Red/Green
B4_B3,0.544616,0.038078,Red/Green
B4_B3,0.591111,0.062882,Red/Green
B4_B3,0.518136,0.068852,Red/Green
B4_B3,0.485614,0.001786,Red/Green
B4_B3,0.554335,-0.027982,Red/Green
B4_B3,0.509473,0.026172,Red/Green
B4_B3,0.492785,0.039004,Red/Green
B4_B3,0.287740,0.008881,Red/Green
B4_B3,0.492224,0.106957,Red/Green
B4_B3,0.542794,-0.006465,Red/Green
B4_B3,0.458359,0.011806,Red/Green
B4_B3,0.561736,0.100997,Red/Green
B4_B3,0.585159,0.103605,Red/Green
B4_B3,0.494338,-0.005618,Red/Green
B4_B3,0.579829,0.005906,Red/Green
B4_B3,0.719129,0.252971,Red/Green
B4_B3,0.548918,0.011366,Red/Green
B4_B3,0.489077,0.034006,Red/Green
B4_B3,0.535374,0.030867,Red/Green
B4_B3,0.548365,0.006730,Red/Green
B4_B3,0.744841,0.140307,Red/Green
B4_B3,0.541106,0.036222,Red/Green
B4_B3,0.471574,0.047739,Red/Green
B4_B3,0.542958,0.104509,Red/Green
B4_B3,0.660105,0.243580,Red/Green
B4_B3,0.743908,0.185294,Red/Green
B4_B3,0.677780,0.022508,Red/Green
B4_B3,0.384497,-0.009517,Red/Green
B4_B3,0.223458,0.034041,Red/Green
B4_B3,0.485810,0.049078,Red/Green
B4_B3,0.416928,-0.013195,Red/Green
B4_B3,0.298790,-0.080467,Red/Green
B4_B3,0.393836,-0.041861,Red/Green
B4_B3,0.262462,-0.027851,Red/Green
B4_B3,0.403774,-0.028493,Red/Green
B4_B3,0.354746,0.038198,Red/Green
B4_B3,0.554335,-0.027982,Red/Green
B4_B3,0.544983,-0.012177,Red/Green
B4_B3,0.447957,0.073742,Red/Green
B4_B3,0.292698,0.016580,Red/Green
B4_B3,0.503691,0.095101,Red/Green
B4_B3,0.495905,0.113351,Red/Green
B4_B3,0.472179,0.124628,Red/Green
B4_B3,0.351562,0.065163,Red/Green
B4_B3,0.633226,0.021637,Red/Green
B4_B3,0.520280,-0.003816,Red/Green
B4_B3,0.260528,0.102280,Red/Green
B4_B3,0.256055,0.009449,Red/Green
B4_B3,0.188947,-0.035655,Red/Green
B4_B3,1.458205,0.235329,Red/Green
B4_B3,0.566274,0.278409,Red/Green
B4_B3,0.481273,0.103917,Red/Green
B4_B3,0.391540,0.067359,Red/Green
B4_B3,0.322812,0.196106,Red/Green
B4_B3,0.514849,0.088572,Red/Green
B4_B3,0.820793,0.146470,Red/Green
B4_B3,0.610700,0.122503,Red/Green
B4_B3,0.500020,0.046283,Red/Green
B4_B3,0.433535,0.083295,Red/Green
B4_B3,0.528346,0.029075,Red/Green
B4_B3,0.594549,0.088738,Red/Green
B4_B3,0.496849,0.060013,Red/Green
B4_B3,0.458931,0.084308,Red/Green
B4_B3,0.398783,-0.022963,Red/Green
B4_B3,0.561111,-0.011232,Red/Green
B4_B3,0.588887,0.085791,Red/Green
B4_B3,0.516342,0.102794,Red/Green
B4_B3,0.526918,0.093838,Red/Green
B4_B3,0.580893,0.063292,Red/Green
B4_B3,0.534958,0.117002,Red/Green
B4_B3,0.497675,0.036515,Red/Green
B4_B3,0.542443,0.117017,Red/Green
B4_B3,0.444175,-0.025536,Red/Green
B4_B3,0.679585,0.255864,Red/Green
B4_B3,0.540796,0.058692,Red/Green
B4_B3,0.499356,0.095369,Red/Green
B4_B3,0.439036,0.025875,Red/Green
B4_B3,0.464392,0.002202,Red/Green
B4_B3,0.574699,0.143847,Red/Green
B4_B3,1.841100,0.121505,Red/Green
B4_B3,10.476300,0.112595,Red/Green
B4_B3,0.653151,0.120792,Red/Green
B4_B3,0.700256,0.119086,Red/Green
B4_B3,0.273290,-0.032506,Red/Green
B4_B3,0.437939,-0.001706,Red/Green
B4_B3,0.535319,-0.063904,Red/Green
B4_B3,0.412467,-0.043826,Red/Green
B4_B3,0.418750,-0.003684,Red/Green
B4_B3,0.395741,-0.000629,Red/Green
B4_B3,0.331215,0.012475,Red/Green
B4_B3,0.367838,-0.015166,Red/Green
B4_B3,0.609134,-0.013778,Red/Green
B4_B3,0.589640,0.133864,Red/Green
B4_B3,0.547382,-0.042603,Red/Green
B4_B3,0.560446,-0.043329,Red/Green
B4_B3,0.460983,-0.043966,Red/Green
B4_B3,0.414553,-0.080304,Red/Green
B4_B3,0.481767,-0.076809,Red/Green
B4_B3,0.350228,-0.026577,Red/Green
B4_B3,0.441736,-0.006079,Red/Green
B4_B3,0.503722,0.001450,Red/Green
B4_B3,0.528034,0.003785,Red/Green
B4_B3,0.564192,-0.046735,Red/Green
B4_B3,0.584077,0.038927,Red/Green
B4_B3,0.626014,0.164398,Red/Green
B4_B3,0.617369,0.142051,Red/Green
B4_B3,0.572384,0.100269,Red/Green
B4_B3,0.543900,-0.002363,Red/Green
B4_B3,0.643000,0.318699,Red/Green
B4_B3,0.523266,-0.105641,Red/Green
B4_B3,0.576601,0.027656,Red/Green
B4_B3,0.598686,0.082796,Red/Green
B4_B3,0.537688,-0.074755,Red/Green
B4_B3,0.482636,-0.010519,Red/Green
B4_B3,0.636852,0.168002,Red/Green
B4_B3,0.634126,0.171386,Red/Green
B4_B3,0.596009,0.126259,Red/Green
B4_B3,0.609548,0.125055,Red/Green
B4_B3,0.600707,0.089411,Red/Green
B4_B3,0.645254,0.249282,Red/Green
B4_B3,0.604128,0.159400,Red/Green
B4_B3,0.678099,0.217139,Red/Green
B4_B3,0.621770,0.155654,Red/Green
B4_B3,0.689213,0.217043,Red/Green
B4_B3,0.635479,0.280380,Red/Green
B4_B3,0.574559,0.060999,Red/Green
B4_B3,0.497442,-0.038703,Red/Green
B4_B3,0.537127,-0.012705,Red/Green
B4_B3,0.614909,0.168981,Red/Green
B4_B3,0.643105,0.199436,Red/Green
B4_B3,0.628992,0.167860,Red/Green
B4_B3,0.500074,-0.004943,Red/Green
B4_B3,0.347022,0.046469,Red/Green
B4_B3,0.309760,-0.015374,Red/Green
B4_B3,0.247616,-0.033156,Red/Green
B4_B3,0.304132,-0.021632,Red/Green
B4_B3,0.424000,0.037777,Red/Green
B4_B3,0.597481,-0.001713,Red/Green
B4_B3,0.536822,-0.070706,Red/Green
B4_B3,0.428253,-0.025255,Red/Green
B4_B3,0.548786,-0.072556,Red/Green
B4_B3,0.531941,-0.088383,Red/Green
B4_B3,0.425012,-0.052611,Red/Green
B4_B3,0.440604,-0.027975,Red/Green
B4_B3,0.342432,0.060687,Red/Green
B4_B3,0.445029,-0.098880,Red/Green
B4_B3,0.417167,-0.084754,Red/Green
B4_B3,0.437031,-0.062190,Red/Green
B4_B3,0.455960,-0.036620,Red/Green
B4_B3,0.346186,0.002941,Red/Green
B4_B3,0.125428,-0.025360,Red/Green
B4_B3,0.321184,-0.108704,Red/Green
B4_B3,0.387490,-0.045668,Red/Green
B4_B3,0.413892,-0.040555,Red/Green
B4_B3,0.406941,-0.048815,Red/Green
B4_B3,0.443648,0.015842,Red/Green
B4_B3,0.490577,0.065575,Red/Green
B4_B3,0.246788,-0.018403,Red/Green
B4_B3,0.435941,0.072003,Red/Green
B4_B3,0.468439,0.079286,Red/Green
B4_B3,0.515079,0.028699,Red/Green
B4_B3,0.552247,-0.001741,Red/Green
B4_B3,0.646693,0.249692,Red/Green
B4_B3,0.631039,0.271624,Red/Green
B4_B3,0.636480,0.274325,Red/Green
B4_B3,0.510025,-0.013040,Red/Green
B4_B3,0.493920,-0.050454,Red/Green
B4_B3,0.572066,-0.040531,Red/Green
B4_B3,0.579666,-0.017507,Red/Green
B4_B3,0.618873,0.231158,Red/Green
B4_B3,0.636741,0.192157,Red/Green
B4_B3,0.391455,-0.025508,Red/Green
B4_B3,0.670387,0.226677,Red/Green
B4_B3,0.579513,-0.017926,Red/Green
B4_B3,0.686365,0.272634,Red/Green
B4_B3,0.692500,0.204562,Red/Green
B4_B3,0.433627,0.042633,Red/Green
B4_B3,0.624843,0.230175,Red/Green
B4_B3,0.558599,-0.059233,Red/Green
B4_B3,0.554935,-0.062637,Red/Green
B4_B3,0.604649,0.087297,Red/Green
B4_B3,0.535697,0.008915,Red/Green
B4_B3,0.473626,0.001374,Red/Green
B4_B3,0.581536,0.028084,Red/Green
B4_B3,0.233910,-0.054942,Red/Green
B4_B3,0.248711,-0.101540,Red/Green
B4_B3,0.483999,-0.046802,Red/Green
B4_B3,0.603893,0.146422,Red/Green
B4_B3,0.621030,0.136085,Red/Green
B4_B3,0.471659,-0.030397,Red/Green
B4_B3,0.450163,-0.052945,Red/Green
B4_B3,0.207673,-0.051349,Red/Green
B4_B3,0.291523,-0.063886,Red/Green
B4_B3,0.357212,-0.017608,Red/Green
B4_B3,0.166367,0.000450,Red/Green
B4_B3,0.205900,0.030592,Red/Green
B4_B3,0.238973,0.026059,Red/Green
B4_B3,0.389068,0.017027,Red/Green
B4_B3,0.536430,-0.032086,Red/Green
B4_B3,0.385563,0.023918,Red/Green
B4_B3,0.081501,0.032150,Red/Green
B4_B3,0.404543,0.003535,Red/Green
B4_B3,0.374295,0.023877,Red/Green
B4_B3,0.404596,0.012589,Red/Green
B4_B3,0.828443,0.169235,Red/Green
B4_B3,0.376501,0.117391,Red/Green
B4_B3,0.459249,0.005098,Red/Green
B4_B3,0.394102,0.095825,Red/Green
B4_B3,0.764311,0.159462,Red/Green
B4_B3,0.957270,0.159852,Red/Green
B4_B3,0.761960,0.172958,Red/Green
B4_B3,-0.877291,-0.000144,Red/Green
B4_B3,0.689710,0.067386,Red/Green
B4_B3,0.527517,-0.063799,Red/Green
B4_B3,0.590651,0.014114,Red/Green
B4_B3,0.658974,0.048259,Red/Green
B4_B3,0.422388,0.047563,Red/Green
B4_B3,0.734441,0.069023,Red/Green
B4_B3,0.799512,0.082804,Red/Green
B4_B3,0.662162,0.040019,Red/Green
B4_B3,0.912949,0.106517,Red/Green
B4_B3,0.766189,0.083547,Red/Green
B4_B3,0.409439,-0.005215,Red/Green
B4_B3,0.705136,0.129991,Red/Green
B4_B3,0.934229,0.254063,Red/Green
B4_B3,0.494275,-0.042881,Red/Green
B4_B3,0.496380,-0.030872,Red/Green
B4_B3,0.468843,-0.040631,Red/Green
B4_B3,0.602099,0.021616,Red/Green
B4_B3,-437.793427,0.013244,Red/Green
B4_B3,0.727413,0.169218,Red/Green
B4_B3,0.787867,0.161250,Red/Green
B4_B3,0.736040,0.169063,Red/Green
B4_B3,0.847030,0.164227,Red/Green
B4_B3,0.560840,-0.058716,Red/Green
B4_B3,0.552734,-0.032840,Red/Green
B4_B3,0.261508,-0.047917,Red/Green
B4_B3,0.717604,0.238674,Red/Green
B4_B3,0.913595,0.263123,Red/Green
B4_B3,0.849266,0.234491,Red/Green
B4_B3,0.708673,0.137379,Red/Green
B4_B3,0.158040,-0.018871,Red/Green
B4_B3,0.648770,0.249930,Red/Green
B4_B3,0.035956,-0.112426,Red/Green
B4_B3,0.587679,0.005989,Red/Green
B4_B3,0.036464,-0.034702,Red/Green
B4_B3,0.193765,0.015384,Red/Green
B4_B3,0.326723,0.114918,Red/Green
B4_B3,0.096240,-0.072415,Red/Green
B4_B3,0.081822,-0.086709,Red/Green
B4_B3,0.106697,0.029465,Red/Green
B4_B3,0.285031,-0.004289,Red/Green
B4_B3,0.005705,-0.072096,Red/Green
B4_B3,0.156268,-0.072588,Red/Green
B4_B3,0.157663,-0.098304,Red/Green
B4_B3,0.080970,-0.099472,Red/Green
B4_B3,0.119296,-0.080880,Red/Green
B4_B3,0.757502,0.175951,Red/Green
B4_B3,0.018241,-0.134329,Red/Green
B4_B3,0.143538,-0.080286,Red/Green
B4_B3,0.228161,-0.080653,Red/Green
B4_B3,0.707231,0.137424,Red/Green
B4_B3,0.101892,-0.070771,Red/Green
B4_B3,0.172087,-0.079497,Red/Green
B4_B3,0.047122,-0.056362,Red/Green
B4_B3,-0.006466,-0.025706,Red/Green
B4_B3,0.061556,-0.079774,Red/Green
B4_B3,0.008354,-0.088382,Red/Green
B4_B3,-0.009498,-0.078533,Red/Green
B4_B3,0.250911,-0.005967,Red/Green
B4_B3,0.055879,-0.043193,Red/Green
B4_B3,0.095915,-0.060968,Red/Green
B4_B3,0.720925,0.046438,Red/Green
B4_B3,0.077812,-0.077469,Red/Green
B4_B3,0.149782,-0.054138,Red/Green
B4_B3,-0.029546,-0.044149,Red/Green
B4_B3,-0.081592,0.002797,Red/Green
B4_B3,0.116153,-0.012079,Red/Green
B4_B3,0.119082,-0.016447,Red/Green
B4_B3,0.022914,-0.068678,Red/Green
B4_B3,-0.091393,0.018419,Red/Green
B4_B3,0.192505,-0.045923,Red/Green
B4_B3,0.144814,-0.032801,Red/Green
B4_B3,0.169668,-0.091975,Red/Green
B4_B3,-0.040935,-0.022623,Red/Green
B4_B3,0.051347,-0.119327,Red/Green
B4_B3,-0.056135,-0.069502,Red/Green
B4_B3,-0.117121,-0.083202,Red/Green
B4_B3,-0.051970,-0.101506,Red/Green
B4_B3,-0.080712,-0.045950,Red/Green
B4_B3,0.065728,-0.037869,Red/Green
B4_B3,0.085129,-0.057156,Red/Green
B4_B3,0.138680,-0.028270,Red/Green
B4_B3,0.131542,-0.030701,Red/Green
B4_B3,0.102037,-0.039328,Red/Green
B4_B3,0.159061,-0.022546,Red/Green
B4_B3,0.193678,-0.063999,Red/Green
B4_B3,0.160858,-0.095118,Red/Green
B4_B3,0.118044,-0.069230,Red/Green
B4_B3,-0.151522,-0.038145,Red/Green
B4_B3,-0.015216,-0.106729,Red/Green
B4_B3,0.091616,-0.089309,Red/Green
B4_B3,0.094087,-0.049765,Red/Green
B4_B3,0.166394,-0.104567,Red/Green
B4_B3,0.143416,-0.032902,Red/Green
B4_B3,-0.095041,-0.008939,Red/Green
B4_B3,0.181381,-0.028426,Red/Green
B4_B3,0.152270,-0.015561,Red/Green
B4_B3,-0.016387,-0.034087,Red/Green
B4_B3,0.231166,-0.069789,Red/Green
B4_B3,-0.032267,-0.055362,Red/Green
B4_B3,0.117983,-0.077459,Red/Green
B4_B3,0.086617,-0.112627,Red/Green
B4_B3,0.185089,-0.102907,Red/Green
B4_B3,0.181702,-0.086806,Red/Green
B4_B3,0.162323,-0.024652,Red/Green
B4_B3,0.092160,-0.046482,Red/Green
B4_B3,0.112502,-0.074739,Red/Green
B4_B3,0.091988,-0.074365,Red/Green
B4_B3,0.083944,-0.073101,Red/Green
B4_B3,0.090740,-0.071151,Red/Green
B4_B3,0.100672,-0.054646,Red/Green
B4_B3,0.076788,-0.081916,Red/Green
B4_B3,0.157517,-0.059919,Red/Green
B4_B3,0.236933,-0.064512,Red/Green
B4_B3,0.190395,-0.027061,Red/Green
B4_B3,0.080526,-0.039019,Red/Green
B4_B3,0.132637,-0.019208,Red/Green
B4_B3,0.089252,-0.034547,Red/Green
B4_B3,0.188503,-0.043118,Red/Green
B4_B3,0.196151,-0.057496,Red/Green
B4_B3,0.127848,-0.064127,Red/Green
B4_B3,0.067186,-0.099006,Red/Green
B4_B3,0.095692,-0.102125,Red/Green
B4_B3,0.093968,-0.102193,Red/Green
B4_B3,0.145847,-0.064458,Red/Green
B4_B3,0.117171,-0.102430,Red/Green
B4_B3,0.081100,-0.079735,Red/Green
B4_B3,0.131442,-0.081597,Red/Green
B4_B3,0.103299,-0.113977,Red/Green
B4_B3,0.074722,-0.140888,Red/Green
B4_B3,0.171586,-0.050387,Red/Green
B4_B3,-0.071133,-0.077035,Red/Green
B4_B3,0.044003,-0.084926,Red/Green
B4_B3,-0.019018,-0.063531,Red/Green
B4_B3,0.058041,-0.069068,Red/Green
B4_B3,0.003482,-0.066237,Red/Green
B4_B3,-0.166428,-0.017960,Red/Green
B4_B3,-0.122781,-0.031360,Red/Green
B4_B3,-0.186269,0.055362,Red/Green
B4_B3,0.044513,-0.040433,Red/Green
B4_B3,0.050192,-0.037393,Red/Green
B4_B3,-0.056465,0.007582,Red/Green
B4_B3,0.077643,-0.037466,Red/Green
B4_B3,0.133143,-0.023951,Red/Green
B4_B3,0.127087,-0.027628,Red/Green
B4_B3,0.011028,-0.033592,Red/Green
B4_B3,0.141362,-0.063411,Red/Green
B4_B3,0.041148,-0.046430,Red/Green
B4_B3,0.072707,-0.039676,Red/Green
B4_B3,-0.028996,0.001265,Red/Green
B4_B3,-0.007283,-0.030934,Red/Green
B4_B3,0.080172,-0.034762,Red/Green
B4_B3,-0.036964,-0.043685,Red/Green
B4_B3,0.169275,-0.045965,Red/Green
B4_B3,0.028004,-0.028378,Red/Green
B4_B3,0.121455,-0.022120,Red/Green
B4_B3,-0.026823,-0.015604,Red/Green
B4_B3,0.147776,-0.021794,Red/Green
B4_B3,0.128717,0.003078,Red/Green
B4_B3,0.162216,-0.013093,Red/Green
B4_B3,0.082266,-0.088988,Red/Green
B4_B3,0.110359,-0.057272,Red/Green
B4_B3,0.090012,-0.071804,Red/Green
B4_B3,0.050113,-0.071089,Red/Green
B4_B3,0.140701,-0.068445,Red/Green
B4_B3,0.018483,-0.096704,Red/Green
B4_B3,0.067319,-0.068330,Red/Green
B4_B3,0.122061,-0.028181,Red/Green
B4_B3,0.088813,-0.043215,Red/Green
B4_B3,0.043954,-0.135516,Red/Green
B4_B3,0.101442,-0.063445,Red/Green
B4_B3,0.114649,-0.060337,Red/Green
B4_B3,0.188542,-0.027903,Red/Green
B4_B3,0.009156,-0.057447,Red/Green
B4_B3,0.145905,-0.040139,Red/Green
B4_B3,0.130616,-0.034119,Red/Green
B4_B3,0.163623,-0.041266,Red/Green
B4_B3,-0.128226,0.072404,Red/Green
B4_B3,0.198327,-0.043102,Red/Green
B4_B3,0.043156,-0.038232,Red/Green
B4_B3,0.022626,-0.006234,Red/Green
B4_B3,0.118013,-0.020615,Red/Green
B4_B3,0.095925,-0.055860,Red/Green
B4_B3,0.070606,-0.107992,Red/Green
B4_B3,0.033028,-0.089987,Red/Green
B4_B3,0.153365,-0.101899,Red/Green
B4_B3,0.210059,-0.063529,Red/Green
B4_B3,0.177663,-0.118697,Red/Green
B4_B3,0.195394,-0.068543,Red/Green
B4_B3,0.163195,-0.049470,Red/Green
B4_B3,0.132467,-0.047386,Red/Green
B4_B3,0.168125,-0.059718,Red/Green
B4_B3,0.052950,-0.078277,Red/Green
B4_B3,0.029995,-0.097156,Red/Green
B4_B3,0.075868,-0.033192,Red/Green
B4_B3,0.108213,-0.055507,Red/Green
B4_B3,0.191668,-0.041985,Red/Green
B4_B3,0.077893,-0.033137,Red/Green
B4_B3,0.231851,-0.058843,Red/Green
B4_B3,0.181797,-0.017899,Red/Green
B4_B3,0.195341,-0.018425,Red/Green
B4_B3,0.224481,-0.050470,Red/Green
B4_B3,0.230727,-0.065671,Red/Green
B4_B3,0.171958,0.019664,Red/Green
B4_B3,0.055850,-0.111423,Red/Green
B4_B3,0.197152,-0.056311,Red/Green
B4_B3,0.191080,-0.038648,Red/Green
B4_B3,0.177136,-0.008441,Red/Green
B4_B3,0.226016,-0.007898,Red/Green
B4_B3,0.227822,-0.033297,Red/Green
B4_B3,0.156655,0.027365,Red/Green
B4_B3,0.214561,-0.052662,Red/Green
B4_B3,0.166078,-0.018536,Red/Green
B4_B3,0.146166,-0.131524,Red/Green
B4_B3,0.120773,-0.114512,Red/Green
B4_B3,0.145614,-0.091830,Red/Green
B4_B3,0.039719,-0.085902,Red/Green
B4_B3,0.093479,-0.079552,Red/Green
B4_B3,0.155603,-0.095641,Red/Green
B4_B3,0.082698,-0.025167,Red/Green
B4_B3,0.112840,-0.044812,Red/Green
B4_B3,0.182335,-0.083379,Red/Green
B4_B3,0.160531,-0.130427,Red/Green
B4_B3,0.278265,0.032657,Red/Green
B4_B3,0.342132,0.052108,Red/Green
B4_B3,0.159142,-0.056504,Red/Green
B4_B3,0.115934,-0.047516,Red/Green
B4_B3,0.135014,-0.089466,Red/Green
B4_B3,0.704312,0.069116,Red/Green
B4_B3,0.139994,-0.076229,Red/Green
B4_B3,0.135833,-0.001377,Red/Green
B4_B3,-0.010976,-0.006522,Red/Green
B4_B3,0.072099,-0.082220,Red/Green
B4_B3,0.028774,-0.077206,Red/Green
B4_B3,0.193236,-0.042040,Red/Green
B4_B3,-0.071944,-0.051007,Red/Green
B4_B3,0.152539,-0.078900,Red/Green
B4_B3,0.081949,-0.097340,Red/Green
B4_B3,0.115755,-0.083998,Red/Green
B4_B3,0.090376,-0.062149,Red/Green
B4_B3,0.152884,-0.053960,Red/Green
B4_B3,0.101152,-0.075222,Red/Green
B4_B3,0.112809,-0.074932,Red/Green
B4_B3,-0.011383,-0.055697,Red/Green
B4_B3,-0.003410,-0.059995,Red/Green
B4_B3,0.168774,0.011452,Red/Green
B4_B3,-0.091051,0.026647,Red/Green
B4_B3,0.043441,-0.027794,Red/Green
B4_B3,0.099083,-0.027889,Red/Green
B4_B3,0.188978,-0.052125,Red/Green
B4_B3,-0.045910,-0.045436,Red/Green
B4_B3,0.166155,-0.065511,Red/Green
B4_B3,0.202790,0.010504,Red/Green
B4_B3,0.121474,-0.047059,Red/Green
B4_B3,0.070474,-0.068333,Red/Green
B4_B3,0.010404,-0.146553,Red/Green
B4_B3,0.191980,-0.064001,Red/Green
B4_B3,-0.054924,-0.054576,Red/Green
B4_B3,-0.057656,-0.005096,Red/Green
B4_B3,-0.031339,-0.002075,Red/Green
B4_B3,0.198506,-0.048969,Red/Green
B4_B3,-0.013904,-0.067846,Red/Green
B4_B3,0.035878,-0.103367,Red/Green
B4_B3,-0.192954,-0.028169,Red/Green
B4_B3,0.069939,-0.017718,Red/Green
B4_B3,0.256289,-0.047573,Red/Green
B4_B3,0.391413,-0.050402,Red/Green
B4_B3,0.066860,-0.084099,Red/Green
B4_B3,0.062350,-0.068430,Red/Green
B4_B3,-0.094162,0.022206,Red/Green
B4_B3,0.090677,-0.046647,Red/Green
B4_B3,0.210394,-0.029992,Red/Green
B4_B3,0.323041,-0.025805,Red/Green
B4_B3,0.175529,-0.064963,Red/Green
B4_B3,0.187791,-0.040916,Red/Green
B4_B3,0.155731,-0.041959,Red/Green
B4_B3,0.142641,-0.006368,Red/Green
B4_B3,0.008876,-0.046588,Red/Green
B4_B3,-0.078444,-0.004031,Red/Green
B4_B3,-0.149029,0.000094,Red/Green
B4_B3,0.033234,-0.039237,Red/Green
B4_B3,0.213792,-0.014223,Red/Green
B4_B3,0.082844,-0.025923,Red/Green
B4_B3,0.378717,0.077688,Red/Green
B4_B3,-0.139705,0.023214,Red/Green
B4_B3,0.122905,-0.012861,Red/Green
B4_B3,-0.025213,-0.035547,Red/Green
B4_B3,-0.201454,0.020638,Red/Green
B4_B3,-0.150953,0.018549,Red/Green
B4_B3,0.162656,-0.013905,Red/Green
B4_B3,0.025906,-0.041661,Red/Green
B4_B3,-0.112104,0.064804,Red/Green
B4_B3,-0.196121,0.028642,Red/Green
B4_B3,0.005638,-0.070301,Red/Green
B4_B3,0.159642,-0.056372,Red/Green
B4_B3,0.143625,-0.039834,Red/Green
B4_B3,0.168717,-0.027299,Red/Green
B4_B3,0.310012,0.046153,Red/Green
B4_B3,0.054449,-0.049392,Red/Green
B4_B3,-0.034561,-0.005337,Red/Green
B4_B3,0.100854,-0.046668,Red/Green
B4_B3,-0.147360,0.021346,Red/Green
B4_B3,0.057775,-0.036735,Red/Green
B4_B3,-0.013007,-0.013664,Red/Green
B4_B3,-0.076767,0.019577,Red/Green
B4_B3,0.167941,-0.041688,Red/Green
B4_B3,-0.004428,-0.051369,Red/Green
B4_B3,0.059556,-0.073138,Red/Green
B4_B3,0.015268,-0.068503,Red/Green
B4_B3,0.111482,0.036709,Red/Green
B4_B3,0.056091,-0.004779,Red/Green
B4_B3,0.162284,-0.067007,Red/Green
B4_B3,0.191179,-0.069284,Red/Green
B4_B3,0.182877,0.028996,Red/Green
B4_B3,0.156693,-0.031356,Red/Green
B4_B3,0.219580,0.037329,Red/Green
B4_B3,0.209205,-0.076483,Red/Green
B4_B3,0.239963,-0.033577,Red/Green
B4_B3,0.238042,-0.029989,Red/Green
B4_B3,0.180381,-0.012732,Red/Green
B4_B3,0.557036,-0.052680,Red/Green
B4_B3,0.227136,-0.041049,Red/Green
B4_B3,0.310849,0.259537,Red/Green
B4_B3,0.178187,-0.102618,Red/Green
B4_B3,0.147004,-0.101231,Red/Green
B4_B3,0.204182,-0.102042,Red/Green
B4_B3,0.166681,-0.025929,Red/Green
B4_B3,-0.115782,0.007852,Red/Green
B4_B3,0.143384,-0.059851,Red/Green
B4_B3,0.174385,-0.047976,Red/Green
B4_B3,0.420811,0.049291,Red/Green
B4_B3,0.054810,-0.067470,Red/Green
B4_B3,0.069508,-0.055178,Red/Green
B4_B3,0.078650,-0.062652,Red/Green
B4_B3,0.002097,0.026359,Red/Green
B4_B3,0.125116,-0.045523,Red/Green
B4_B3,0.125719,-0.051301,Red/Green
B4_B3,-0.025213,-0.035547,Red/Green
B4_B3,0.114828,-0.062665,Red/Green
B4_B3,0.006964,-0.018962,Red/Green
B4_B3,0.000000,-0.159872,Red/Green
B4_B3,0.045417,-0.085381,Red/Green
B4_B3,0.036150,-0.061878,Red/Green
B4_B3,0.038236,-0.024066,Red/Green
B4_B3,0.041422,-0.026948,Red/Green
B4_B3,0.114765,-0.037302,Red/Green
B4_B3,0.026573,-0.036348,Red/Green
B4_B3,-0.091590,0.068872,Red/Green
B4_B3,0.463338,0.076124,Red/Green
B4_B3,0.072903,-0.036627,Red/Green
B4_B3,0.091820,-0.035091,Red/Green
B4_B3,0.189971,-0.030304,Red/Green
B4_B3,-0.009766,-0.004802,Red/Green
B4_B3,0.384046,-0.019583,Red/Green
B4_B3,0.080408,-0.043228,Red/Green
B4_B3,0.099413,-0.026981,Red/Green
B4_B3,0.105850,-0.006167,Red/Green
B4_B3,0.050604,-0.039458,Red/Green
B4_B3,0.074942,-0.050163,Red/Green
B4_B3,0.148314,-0.073999,Red/Green
B4_B3,0.179253,-0.016810,Red/Green
B4_B3,0.265012,0.104958,Red/Green
B4_B3,0.133417,-0.054962,Red/Green
B4_B3,0.298825,-0.007327,Red/Green
B4_B3,0.224240,-0.057099,Red/Green
B4_B3,0.107060,-0.054137,Red/Green
B4_B3,0.195727,-0.040963,Red/Green
B4_B3,0.554506,-0.058171,Red/Green
B4_B3,0.195383,-0.067447,Red/Green
B4_B3,0.114991,-0.013500,Red/Green
B4_B3,0.068783,-0.147474,Red/Green
B4_B3,0.726713,0.235279,Red/Green
B4_B3,0.360927,0.047403,Red/Green
B4_B3,0.626512,0.067697,Red/Green
B4_B3,0.657684,0.030439,Red/Green
B4_B3,0.055481,-0.065571,Red/Green
B4_B3,0.040995,-0.062312,Red/Green
B4_B3,0.081348,-0.054330,Red/Green
B4_B3,0.432498,0.143617,Red/Green
B4_B3,1.277353,0.231131,Red/Green
B4_B3,0.043223,-0.077963,Red/Green
B4_B3,0.122895,-0.095030,Red/Green
B4_B3,0.087166,-0.124732,Red/Green
B4_B3,0.041639,-0.124392,Red/Green
B4_B3,0.243377,-0.021100,Red/Green
B4_B3,0.186400,-0.041629,Red/Green
B4_B3,0.932738,0.164531,Red/Green
B4_B3,1.026139,0.085255,Red/Green
B4_B3,0.253406,-0.028692,Red/Green
B4_B3,0.210490,-0.047426,Red/Green
B4_B3,-0.294182,0.012933,Red/Green
B4_B3,0.449085,0.036627,Red/Green
B4_B3,-0.101216,0.014949,Red/Green
B4_B3,0.243441,-0.062519,Red/Green
B4_B3,-0.044857,-0.070904,Red/Green
B4_B3,-0.016034,-0.081123,Red/Green
B4_B3,0.042425,-0.131824,Red/Green
B4_B3,-0.122680,-0.062925,Red/Green
B4_B3,0.126075,-0.107288,Red/Green
B4_B3,0.080804,-0.058902,Red/Green
B4_B3,0.379923,-0.002555,Red/Green
B4_B3,-0.179790,-0.028306,Red/Green
B4_B3,0.114865,-0.056189,Red/Green
B4_B3,0.138134,-0.158101,Red/Green
B4_B3,0.042536,-0.144598,Red/Green
B4_B3,0.075660,-0.056877,Red/Green
B4_B3,0.277210,0.086704,Red/Green
B4_B3,0.161865,-0.062710,Red/Green
B4_B3,0.193902,-0.046566,Red/Green
B4_B3,0.369613,0.141147,Red/Green
B4_B3,0.110927,-0.011567,Red/Green
B4_B3,0.251177,-0.056669,Red/Green
B4_B3,0.310417,-0.051707,Red/Green
B4_B3,0.231861,-0.029563,Red/Green
B4_B3,0.154318,-0.036171,Red/Green
B4_B3,0.207779,-0.005318,Red/Green
B4_B3,0.183066,-0.013903,Red/Green
B4_B3,0.216002,-0.028645,Red/Green
B4_B3,0.398914,-0.009144,Red/Green
B4_B3,0.151851,0.001544,Red/Green
B4_B3,0.031538,-0.039690,Red/Green
B4_B3,-0.041757,0.000869,Red/Green
B4_B3,0.009794,-0.048305,Red/Green
B4_B3,0.150858,-0.114361,Red/Green
B4_B3,0.138791,-0.101694,Red/Green
B4_B3,0.223005,-0.049583,Red/Green
B4_B3,-0.138377,-0.007072,Red/Green
B4_B3,-0.007940,-0.018115,Red/Green
B4_B3,-0.128519,0.009110,Red/Green
B4_B3,0.021478,-0.009756,Red/Green
B4_B3,0.053198,-0.016630,Red/Green
B4_B3,0.013855,0.014410,Red/Green
B4_B3,-0.048044,0.034854,Red/Green
B4_B3,-0.052323,0.054203,Red/Green
B4_B3,0.053099,-0.070040,Red/Green
B4_B3,0.004498,-0.027218,Red/Green
B4_B3,0.100870,-0.054236,Red/Green
B4_B3,0.003689,-0.030158,Red/Green
B4_B3,0.015631,-0.034219,Red/Green
B4_B3,0.094369,-0.037394,Red/Green
B4_B3,0.322570,0.002726,Red/Green
B4_B3,0.181481,-0.008297,Red/Green
B4_B3,0.064915,-0.028157,Red/Green
B4_B3,-0.082192,0.043555,Red/Green
B4_B3,0.031827,-0.052270,Red/Green
B4_B3,0.069674,-0.047020,Red/Green
B4_B3,0.502770,-0.083153,Red/Green
B4_B3,0.401103,0.015069,Red/Green
B4_B3,0.349599,0.094318,Red/Green
B4_B3,-0.047910,-0.007242,Red/Green
B4_B3,0.425113,-0.043420,Red/Green
B4_B3,0.356208,-0.008562,Red/Green
B4_B3,0.112270,-0.015983,Red/Green
B4_B3,0.310430,-0.047590,Red/Green
B4_B3,0.199927,-0.017514,Red/Green
B4_B3,0.212449,-0.010283,Red/Green
B4_B3,0.155173,-0.000983,Red/Green
B4_B3,0.338741,-0.023367,Red/Green
B4_B3,0.280640,0.033752,Red/Green
B4_B3,0.282138,0.047149,Red/Green
B4_B3,0.149150,-0.003596,Red/Green
B4_B3,0.232803,-0.030542,Red/Green
B4_B3,0.247822,-0.025669,Red/Green
B4_B3,0.188092,-0.017233,Red/Green
B4_B3,0.447359,-0.004158,Red/Green
B4_B3,0.335942,-0.054619,Red/Green
B4_B3,0.270574,-0.099688,Red/Green
B4_B3,0.240916,-0.046372,Red/Green
B4_B3,0.280649,-0.070314,Red/Green
B4_B3,0.207439,-0.023984,Red/Green
B4_B3,0.278613,-0.108534,Red/Green
B4_B3,0.277520,0.013868,Red/Green
B4_B3,0.092840,-0.051570,Red/Green
B4_B3,0.082207,-0.092018,Red/Green
B4_B3,0.058545,-0.097364,Red/Green
B4_B3,0.047283,-0.081807,Red/Green
B4_B3,0.116838,-0.049207,Red/Green
B4_B3,0.097647,-0.069068,Red/Green
B4_B3,0.113240,-0.076431,Red/Green
B4_B3,0.139341,0.018799,Red/Green
B4_B3,-0.004308,-0.068120,Red/Green
B4_B3,0.123643,-0.079607,Red/Green
B4_B3,-0.029045,-0.047290,Red/Green
B4_B3,0.010027,-0.057904,Red/Green
B4_B3,0.060634,-0.008047,Red/Green
B4_B3,0.116874,-0.075314,Red/Green
B4_B3,0.078484,-0.065320,Red/Green
B4_B3,0.135086,-0.105336,Red/Green
B4_B3,0.025960,-0.085719,Red/Green
B4_B3,0.033340,-0.019389,Red/Green
B4_B3,0.050500,-0.054138,Red/Green
B4_B3,0.114550,-0.044700,Red/Green
B4_B3,0.008461,-0.049794,Red/Green
B4_B3,0.121578,-0.059476,Red/Green
B4_B3,0.124352,0.004516,Red/Green
B4_B3,0.088586,-0.040261,Red/Green
B4_B3,-0.011443,-0.078745,Red/Green
B4_B3,0.112221,-0.050580,Red/Green
B4_B3,0.528059,0.004155,Red/Green
B4_B3,0.616142,0.115696,Red/Green
B4_B3,0.108451,-0.133776,Red/Green
B4_B3,0.018021,-0.104214,Red/Green
B4_B3,0.086675,-0.097542,Red/Green
B4_B3,0.057226,-0.062064,Red/Green
B4_B3,0.094905,-0.070196,Red/Green
B4_B3,0.026136,-0.118849,Red/Green
B4_B3,0.125142,-0.025506,Red/Green
B4_B3,0.152238,-0.035649,Red/Green
B4_B3,0.085530,-0.038354,Red/Green
B4_B3,-0.017832,-0.011018,Red/Green
B4_B3,0.112241,-0.034293,Red/Green
B4_B3,0.144856,-0.021709,Red/Green
B4_B3,0.404952,0.014889,Red/Green
B4_B3,0.371574,-0.049310,Red/Green
B4_B3,-0.037820,-0.028481,Red/Green
B4_B3,0.103105,-0.032803,Red/Green
B4_B3,0.103805,-0.023497,Red/Green
B4_B3,0.302059,-0.034162,Red/Green
B4_B3,0.296529,0.021673,Red/Green
B4_B3,0.256155,-0.032542,Red/Green
B4_B3,0.371719,-0.010719,Red/Green
B4_B3,0.361374,-0.008509,Red/Green
B4_B3,0.414278,-0.019936,Red/Green
B4_B3,0.268335,-0.029762,Red/Green
B4_B3,0.428302,0.015675,Red/Green
B4_B3,0.312076,0.031028,Red/Green
B4_B3,0.330546,-0.013307,Red/Green
B4_B3,0.301374,0.019649,Red/Green
B4_B3,0.197954,-0.012093,Red/Green
B4_B3,0.261735,-0.001072,Red/Green
B4_B3,0.324099,-0.009734,Red/Green
B3_B2,1.112493,0.149476,Green/Blue
B3_B2,2.074000,-0.886138,Green/Blue
B3_B2,1.281341,-0.079651,Green/Blue
B3_B2,1.424369,-0.439373,Green/Blue
B3_B2,1.250688,-0.097653,Green/Blue
B3_B2,1.630956,-0.581727,Green/Blue
B3_B2,1.315126,0.085397,Green/Blue
B3_B2,1.792993,-0.590248,Green/Blue
B3_B2,1.347867,0.034725,Green/Blue
B3_B2,1.396122,-0.161315,Green/Blue
B3_B2,1.335333,-0.084849,Green/Blue
B3_B2,1.607945,-0.665092,Green/Blue
B3_B2,1.957175,-0.711186,Green/Blue
B3_B2,1.426848,-0.216885,Green/Blue
B3_B2,1.292662,0.088458,Green/Blue
B3_B2,1.693784,-0.228201,Green/Blue
B3_B2,1.701088,-0.472735,Green/Blue
B3_B2,1.782916,-0.207211,Green/Blue
B3_B2,2.071161,-0.774323,Green/Blue
B3_B2,1.333564,-0.004593,Green/Blue
B3_B2,1.148066,0.240062,Green/Blue
B3_B2,1.184469,0.118487,Green/Blue
B3_B2,1.218086,-0.023689,Green/Blue
B3_B2,1.219720,0.046126,Green/Blue
B3_B2,1.311692,0.031384,Green/Blue
B3_B2,1.416041,-0.430546,Green/Blue
B3_B2,1.192622,0.149111,Green/Blue
B3_B2,1.366321,-0.104739,Green/Blue
B3_B2,1.265845,-0.023734,Green/Blue
B3_B2,1.257938,0.090853,Green/Blue
B3_B2,1.285488,0.086561,Green/Blue
B3_B2,1.405092,-0.259051,Green/Blue
B3_B2,1.216201,-0.057465,Green/Blue
B3_B2,1.567047,-0.607494,Green/Blue
B3_B2,1.736840,-0.248437,Green/Blue
B3_B2,1.611583,-0.305752,Green/Blue
B3_B2,1.569510,-0.275336,Green/Blue
B3_B2,1.261221,0.034449,Green/Blue
B3_B2,1.207176,-0.105898,Green/Blue
B3_B2,1.248301,-0.106733,Green/Blue
B3_B2,1.421721,-0.488813,Green/Blue
B3_B2,1.242147,-0.073993,Green/Blue
B3_B2,1.223083,-0.076190,Green/Blue
B3_B2,1.432812,-0.392079,Green/Blue
B3_B2,1.555902,-0.269991,Green/Blue
B3_B2,1.483899,-0.288630,Green/Blue
B3_B2,1.369171,-0.325250,Green/Blue
B3_B2,1.314896,0.190085,Green/Blue
B3_B2,1.525362,-0.252731,Green/Blue
B3_B2,1.434599,-0.179911,Green/Blue
B3_B2,1.551724,-0.375807,Green/Blue
B3_B2,1.393118,-0.211472,Green/Blue
B3_B2,1.559224,-0.881512,Green/Blue
B3_B2,1.845403,-1.056885,Green/Blue
B3_B2,1.735050,-1.442832,Green/Blue
B3_B2,1.314957,-0.040680,Green/Blue
B3_B2,1.243257,-0.107074,Green/Blue
B3_B2,1.163065,0.561816,Green/Blue
B3_B2,1.420958,-0.910467,Green/Blue
B3_B2,1.709986,-1.507092,Green/Blue
B3_B2,1.529937,-0.403861,Green/Blue
B3_B2,1.471058,-1.299226,Green/Blue
B3_B2,1.387615,-0.507565,Green/Blue
B3_B2,1.481192,-0.748707,Green/Blue
B3_B2,2.270937,-1.471823,Green/Blue
B3_B2,2.253817,-1.204001,Green/Blue
B3_B2,1.133780,0.582700,Green/Blue
B3_B2,1.142589,0.438026,Green/Blue
B3_B2,1.144199,0.339381,Green/Blue
B3_B2,1.376299,-0.197004,Green/Blue
B3_B2,1.247403,0.009871,Green/Blue
B3_B2,1.181336,0.133259,Green/Blue
B3_B2,1.159067,0.120284,Green/Blue
B3_B2,1.098379,0.140012,Green/Blue
B3_B2,1.031031,0.208104,Green/Blue
B3_B2,0.994639,0.280583,Green/Blue
B3_B2,1.238108,0.033650,Green/Blue
B3_B2,1.731185,-0.401866,Green/Blue
B3_B2,1.898647,-0.243640,Green/Blue
B3_B2,1.023328,0.214369,Green/Blue
B3_B2,1.145172,0.162861,Green/Blue
B3_B2,1.095670,0.186748,Green/Blue
B3_B2,1.115564,0.272324,Green/Blue
B3_B2,1.155843,0.176010,Green/Blue
B3_B2,1.164329,0.247305,Green/Blue
B3_B2,1.110298,0.697083,Green/Blue
B3_B2,1.085274,0.213841,Green/Blue
B3_B2,1.162292,0.051648,Green/Blue
B3_B2,1.211325,0.036823,Green/Blue
B3_B2,1.166530,0.027166,Green/Blue
B3_B2,1.158076,0.102380,Green/Blue
B3_B2,1.194880,0.054216,Green/Blue
B3_B2,1.137790,0.038131,Green/Blue
B3_B2,1.158073,0.126152,Green/Blue
B3_B2,1.446653,-0.504807,Green/Blue
B3_B2,1.269125,0.329972,Green/Blue
B3_B2,1.468718,-0.721559,Green/Blue
B3_B2,1.541023,-0.513634,Green/Blue
B3_B2,1.775638,-0.597504,Green/Blue
B3_B2,1.573393,-0.614416,Green/Blue
B3_B2,1.312770,0.076059,Green/Blue
B3_B2,2.510429,-0.746470,Green/Blue
B3_B2,1.301015,0.327626,Green/Blue
B3_B2,2.199382,-0.670163,Green/Blue
B3_B2,1.328418,0.135798,Green/Blue
B3_B2,1.784893,-0.655072,Green/Blue
B3_B2,1.031031,0.208104,Green/Blue
B3_B2,1.272899,0.217627,Green/Blue
B3_B2,1.426908,-0.490845,Green/Blue
B3_B2,1.979026,-0.578702,Green/Blue
B3_B2,1.060300,0.683882,Green/Blue
B3_B2,1.045976,0.688611,Green/Blue
B3_B2,1.431828,-0.187946,Green/Blue
B3_B2,1.652060,-0.621409,Green/Blue
B3_B2,1.885597,-0.509897,Green/Blue
B3_B2,1.311494,-0.147276,Green/Blue
B3_B2,1.536178,-0.267234,Green/Blue
B3_B2,40.914240,-0.649949,Green/Blue
B3_B2,57.742675,-0.635615,Green/Blue
B3_B2,2.018470,-0.629554,Green/Blue
B3_B2,18.672800,-0.637983,Green/Blue
B3_B2,1.436538,-0.275540,Green/Blue
B3_B2,1.258532,0.075250,Green/Blue
B3_B2,3.509248,-0.729552,Green/Blue
B3_B2,1.363010,-0.098095,Green/Blue
B3_B2,1.066380,0.263839,Green/Blue
B3_B2,1.117680,0.120773,Green/Blue
B3_B2,1.313217,-0.016209,Green/Blue
B3_B2,1.232504,-0.016730,Green/Blue
B3_B2,1.264006,0.071162,Green/Blue
B3_B2,1.177312,0.072636,Green/Blue
B3_B2,1.349851,-0.033930,Green/Blue
B3_B2,2.300265,-0.428434,Green/Blue
B3_B2,1.530191,-0.962611,Green/Blue
B3_B2,0.992683,0.639052,Green/Blue
B3_B2,1.036595,0.873310,Green/Blue
B3_B2,1.237199,0.115134,Green/Blue
B3_B2,1.111912,0.190227,Green/Blue
B3_B2,1.095487,0.301450,Green/Blue
B3_B2,1.013364,0.651185,Green/Blue
B3_B2,1.018914,0.577903,Green/Blue
B3_B2,1.017138,0.461786,Green/Blue
B3_B2,0.975923,0.458332,Green/Blue
B3_B2,1.192661,0.140332,Green/Blue
B3_B2,1.136421,0.194660,Green/Blue
B3_B2,1.849290,-0.407021,Green/Blue
B3_B2,1.319601,0.001779,Green/Blue
B3_B2,1.157173,0.161351,Green/Blue
B3_B2,0.952690,0.392940,Green/Blue
B3_B2,5.690240,-0.529045,Green/Blue
B3_B2,-4.977600,0.627184,Green/Blue
B3_B2,4.355447,-0.592949,Green/Blue
B3_B2,4.604166,-0.621670,Green/Blue
B3_B2,1.356825,-0.275656,Green/Blue
B3_B2,1.405849,-0.665714,Green/Blue
B3_B2,1.407483,-0.822293,Green/Blue
B3_B2,1.589480,-1.393929,Green/Blue
B3_B2,1.328894,-0.128369,Green/Blue
B3_B2,1.356949,-0.204443,Green/Blue
B3_B2,1.393298,-0.250923,Green/Blue
B3_B2,1.356913,-0.112792,Green/Blue
B3_B2,1.581947,-1.579992,Green/Blue
B3_B2,1.239204,0.360339,Green/Blue
B3_B2,1.060194,1.080265,Green/Blue
B3_B2,0.993782,1.271652,Green/Blue
B3_B2,0.946917,1.418830,Green/Blue
B3_B2,0.905524,1.609001,Green/Blue
B3_B2,0.966236,1.442842,Green/Blue
B3_B2,1.411539,-1.040453,Green/Blue
B3_B2,0.839489,1.684659,Green/Blue
B3_B2,0.851734,1.929668,Green/Blue
B3_B2,0.874143,1.976860,Green/Blue
B3_B2,0.890601,1.818937,Green/Blue
B3_B2,0.891857,1.114986,Green/Blue
B3_B2,0.843294,1.338532,Green/Blue
B3_B2,0.869408,1.293655,Green/Blue
B3_B2,0.843556,1.301916,Green/Blue
B3_B2,0.901745,0.916341,Green/Blue
B3_B2,0.883758,1.731445,Green/Blue
B3_B2,1.015025,0.751837,Green/Blue
B3_B2,0.879099,1.140751,Green/Blue
B3_B2,0.845996,1.240356,Green/Blue
B3_B2,0.883617,1.147921,Green/Blue
B3_B2,1.225191,-0.077379,Green/Blue
B3_B2,1.017541,0.534878,Green/Blue
B3_B2,0.912621,0.742561,Green/Blue
B3_B2,0.926885,0.700543,Green/Blue
B3_B2,0.850483,1.159239,Green/Blue
B3_B2,0.871648,1.202705,Green/Blue
B3_B2,1.005963,0.977545,Green/Blue
B3_B2,0.943109,1.105426,Green/Blue
B3_B2,0.996593,0.979827,Green/Blue
B3_B2,1.048577,0.240471,Green/Blue
B3_B2,0.960278,1.750780,Green/Blue
B3_B2,1.060122,1.218489,Green/Blue
B3_B2,1.039715,0.532294,Green/Blue
B3_B2,1.140123,0.604047,Green/Blue
B3_B2,1.078147,0.353162,Green/Blue
B3_B2,1.064993,0.183814,Green/Blue
B3_B2,0.955562,0.825263,Green/Blue
B3_B2,1.006443,1.011551,Green/Blue
B3_B2,1.230379,0.012780,Green/Blue
B3_B2,1.283350,0.079282,Green/Blue
B3_B2,1.957758,-0.575774,Green/Blue
B3_B2,2.698892,-0.617865,Green/Blue
B3_B2,2.365744,-0.599284,Green/Blue
B3_B2,1.440314,-0.291724,Green/Blue
B3_B2,1.439832,-1.461509,Green/Blue
B3_B2,1.266257,0.283818,Green/Blue
B3_B2,1.681668,-1.392478,Green/Blue
B3_B2,1.213822,0.461245,Green/Blue
B3_B2,1.253701,0.321695,Green/Blue
B3_B2,1.335015,0.094129,Green/Blue
B3_B2,1.529301,-1.394594,Green/Blue
B3_B2,1.563077,-0.370248,Green/Blue
B3_B2,1.030409,0.664728,Green/Blue
B3_B2,1.103689,0.617262,Green/Blue
B3_B2,1.039243,0.590260,Green/Blue
B3_B2,0.931329,0.850996,Green/Blue
B3_B2,1.087642,0.310486,Green/Blue
B3_B2,1.431172,-0.297419,Green/Blue
B3_B2,0.915252,0.731241,Green/Blue
B3_B2,1.355338,-0.021906,Green/Blue
B3_B2,1.115289,0.237682,Green/Blue
B3_B2,1.061713,0.495535,Green/Blue
B3_B2,1.161872,0.190742,Green/Blue
B3_B2,1.156684,0.179097,Green/Blue
B3_B2,1.429723,-0.475929,Green/Blue
B3_B2,1.086310,0.233828,Green/Blue
B3_B2,1.064195,0.386503,Green/Blue
B3_B2,0.997611,0.861952,Green/Blue
B3_B2,1.001532,0.813466,Green/Blue
B3_B2,1.014214,1.264186,Green/Blue
B3_B2,0.986100,1.278350,Green/Blue
B3_B2,1.009418,1.084758,Green/Blue
B3_B2,1.024887,0.766243,Green/Blue
B3_B2,0.959509,1.540980,Green/Blue
B3_B2,1.127247,0.719895,Green/Blue
B3_B2,1.045130,0.427365,Green/Blue
B3_B2,1.025919,0.728806,Green/Blue
B3_B2,1.129129,0.380096,Green/Blue
B3_B2,1.427752,-0.369033,Green/Blue
B3_B2,1.046843,0.850879,Green/Blue
B3_B2,0.911590,1.167322,Green/Blue
B3_B2,0.991068,1.201350,Green/Blue
B3_B2,1.141888,0.394769,Green/Blue
B3_B2,0.967680,0.568022,Green/Blue
B3_B2,1.000499,1.417228,Green/Blue
B3_B2,1.048615,1.130950,Green/Blue
B3_B2,1.025278,0.533443,Green/Blue
B3_B2,1.036332,0.456373,Green/Blue
B3_B2,0.937535,0.493195,Green/Blue
B3_B2,0.752041,0.655549,Green/Blue
B3_B2,1.087176,0.879601,Green/Blue
B3_B2,0.778580,1.627967,Green/Blue
B3_B2,1.469029,-1.239760,Green/Blue
B3_B2,1.608996,-1.357956,Green/Blue
B3_B2,0.931818,0.513718,Green/Blue
B3_B2,1.004133,0.588360,Green/Blue
B3_B2,0.831146,1.448453,Green/Blue
B3_B2,0.991079,0.880546,Green/Blue
B3_B2,0.785066,0.760466,Green/Blue
B3_B2,1.800237,-0.550875,Green/Blue
B3_B2,1.434841,-0.354653,Green/Blue
B3_B2,2.455783,-0.683762,Green/Blue
B3_B2,5.076256,-0.739001,Green/Blue
B3_B2,1.908474,-0.558576,Green/Blue
B3_B2,2.517216,-0.579495,Green/Blue
B3_B2,1.363153,-0.237164,Green/Blue
B3_B2,2.226687,-0.612329,Green/Blue
B3_B2,2.596314,-0.622720,Green/Blue
B3_B2,1.496535,-0.373013,Green/Blue
B3_B2,1.490421,-0.381317,Green/Blue
B3_B2,2.099916,-0.460733,Green/Blue
B3_B2,1.805257,-0.446062,Green/Blue
B3_B2,151.336267,-0.647408,Green/Blue
B3_B2,10.912362,-0.499078,Green/Blue
B3_B2,2.776257,-0.563645,Green/Blue
B3_B2,2.213198,-0.503541,Green/Blue
B3_B2,1.329956,-0.177347,Green/Blue
B3_B2,1.909423,-1.429272,Green/Blue
B3_B2,53.880004,-1.952660,Green/Blue
B3_B2,2.738259,-1.470080,Green/Blue
B3_B2,2.023731,-1.435903,Green/Blue
B3_B2,2.268211,-0.496836,Green/Blue
B3_B2,4.917691,-0.577132,Green/Blue
B3_B2,5.312808,-0.541179,Green/Blue
B3_B2,2.183935,-0.447356,Green/Blue
B3_B2,1.969372,-0.450073,Green/Blue
B3_B2,3.721320,-0.590753,Green/Blue
B3_B2,1.223257,-0.123169,Green/Blue
B3_B2,1.943986,-0.440834,Green/Blue
B3_B2,2.085174,-1.598260,Green/Blue
B3_B2,3.312109,-1.451131,Green/Blue
B3_B2,1.214154,0.527877,Green/Blue
B3_B2,3.532836,-1.472074,Green/Blue
B3_B2,6.204149,-1.392436,Green/Blue
B3_B2,5.305783,-1.422053,Green/Blue
B3_B2,3.522051,-1.654764,Green/Blue
B3_B2,-347.536761,1.579458,Green/Blue
B3_B2,2.337303,-1.423601,Green/Blue
B3_B2,1.741583,-1.463395,Green/Blue
B3_B2,2.207534,-1.401996,Green/Blue
B3_B2,1.549505,-1.429920,Green/Blue
B3_B2,2.086055,-1.607463,Green/Blue
B3_B2,2.065448,-1.542527,Green/Blue
B3_B2,7.167250,-1.585936,Green/Blue
B3_B2,1.215299,0.579450,Green/Blue
B3_B2,1.224642,0.389237,Green/Blue
B3_B2,1.361347,-0.317783,Green/Blue
B3_B2,5.077735,-1.621810,Green/Blue
B3_B2,1.878769,-1.504289,Green/Blue
B3_B2,1.152248,0.957527,Green/Blue
B3_B2,1.975048,-0.743615,Green/Blue
B3_B2,17.914201,-0.525894,Green/Blue
B3_B2,3.084866,-1.768058,Green/Blue
B3_B2,1.784263,-0.484419,Green/Blue
B3_B2,1.853926,-0.454967,Green/Blue
B3_B2,1.238397,0.027809,Green/Blue
B3_B2,1.409588,-0.342683,Green/Blue
B3_B2,1.710657,-0.494562,Green/Blue
B3_B2,1.611570,-0.608291,Green/Blue
B3_B2,1.568872,-0.541405,Green/Blue
B3_B2,0.949877,0.424032,Green/Blue
B3_B2,0.956603,0.620515,Green/Blue
B3_B2,0.904839,0.472826,Green/Blue
B3_B2,1.009244,0.470300,Green/Blue
B3_B2,1.277064,0.128731,Green/Blue
B3_B2,2.836618,-0.835737,Green/Blue
B3_B2,0.847861,0.843896,Green/Blue
B3_B2,0.871752,1.154105,Green/Blue
B3_B2,1.317905,0.118448,Green/Blue
B3_B2,1.344727,-0.075381,Green/Blue
B3_B2,0.913390,0.791568,Green/Blue
B3_B2,1.035365,0.635777,Green/Blue
B3_B2,0.915633,0.762399,Green/Blue
B3_B2,1.082223,0.289700,Green/Blue
B3_B2,1.317428,0.022116,Green/Blue
B3_B2,1.197836,0.062983,Green/Blue
B3_B2,0.836772,0.986539,Green/Blue
B3_B2,1.014882,0.251680,Green/Blue
B3_B2,2.002013,-0.419361,Green/Blue
B3_B2,237.844800,-0.636220,Green/Blue
B3_B2,1.174992,0.122054,Green/Blue
B3_B2,0.915691,0.558122,Green/Blue
B3_B2,1.139055,0.122931,Green/Blue
B3_B2,1.121921,0.163702,Green/Blue
B3_B2,1.204419,0.033079,Green/Blue
B3_B2,1.198231,0.039428,Green/Blue
B3_B2,1.366659,-0.223847,Green/Blue
B3_B2,1.398575,-0.406189,Green/Blue
B3_B2,0.970923,0.685015,Green/Blue
B3_B2,1.124796,0.488879,Green/Blue
B3_B2,0.980878,0.470939,Green/Blue
B3_B2,1.274834,-0.013427,Green/Blue
B3_B2,1.919026,-0.705228,Green/Blue
B3_B2,1.761764,-0.590276,Green/Blue
B3_B2,1.870889,-0.554689,Green/Blue
B3_B2,2.086210,-0.509568,Green/Blue
B3_B2,1.462462,-0.299721,Green/Blue
B3_B2,1.081742,0.190693,Green/Blue
B3_B2,1.205276,-0.096606,Green/Blue
B3_B2,1.128531,-0.007895,Green/Blue
B3_B2,1.325481,-0.090150,Green/Blue
B3_B2,1.128599,-0.020255,Green/Blue
B3_B2,1.175189,0.037958,Green/Blue
B3_B2,1.050955,0.450902,Green/Blue
B3_B2,1.217973,0.082269,Green/Blue
B3_B2,1.171012,0.147944,Green/Blue
B3_B2,1.709142,-0.299299,Green/Blue
B3_B2,1.861758,-0.481087,Green/Blue
B3_B2,2.363108,-0.686510,Green/Blue
B3_B2,1.300564,0.057773,Green/Blue
B3_B2,1.280426,0.051638,Green/Blue
B3_B2,1.120744,0.163985,Green/Blue
B3_B2,2.321427,-0.364124,Green/Blue
B3_B2,1.140487,0.187532,Green/Blue
B3_B2,1.615359,-0.187918,Green/Blue
B3_B2,3.201436,-0.564017,Green/Blue
B3_B2,4.127736,-0.539432,Green/Blue
B3_B2,69.442954,-1.003123,Green/Blue
B3_B2,2.073041,-0.549097,Green/Blue
B3_B2,2.041224,-0.607867,Green/Blue
B3_B2,1.068805,0.647479,Green/Blue
B3_B2,1.741440,-0.576994,Green/Blue
B3_B2,1.449156,-0.386912,Green/Blue
B3_B2,1.808180,-0.548617,Green/Blue
B3_B2,0.990847,0.447160,Green/Blue
B3_B2,1.046731,0.474946,Green/Blue
B3_B2,1.049930,0.422235,Green/Blue
B3_B2,1.167753,0.168119,Green/Blue
B3_B2,1.040620,0.396340,Green/Blue
B3_B2,1.123427,0.174605,Green/Blue
B3_B2,1.257267,0.025757,Green/Blue
B3_B2,1.537823,-1.596932,Green/Blue
B3_B2,1.107432,0.425258,Green/Blue
B3_B2,1.033600,0.659886,Green/Blue
B3_B2,1.144001,0.311794,Green/Blue
B3_B2,0.918172,1.125898,Green/Blue
B3_B2,1.006687,0.729289,Green/Blue
B3_B2,0.973896,0.450660,Green/Blue
B3_B2,1.037274,0.256860,Green/Blue
B3_B2,0.980192,0.293573,Green/Blue
B3_B2,1.128985,0.354587,Green/Blue
B3_B2,1.007742,0.451783,Green/Blue
B3_B2,1.227758,0.129653,Green/Blue
B3_B2,1.094040,0.310417,Green/Blue
B3_B2,1.266502,-0.071525,Green/Blue
B3_B2,1.118328,0.274477,Green/Blue
B3_B2,1.168137,0.150022,Green/Blue
B3_B2,1.181554,0.129593,Green/Blue
B3_B2,1.478146,-0.509381,Green/Blue
B3_B2,1.214909,0.029551,Green/Blue
B3_B2,1.031005,0.356664,Green/Blue
B3_B2,1.030526,0.346594,Green/Blue
B3_B2,1.018487,0.383560,Green/Blue
B3_B2,1.387160,-0.171340,Green/Blue
B3_B2,1.040452,0.272732,Green/Blue
B3_B2,1.127277,0.131919,Green/Blue
B3_B2,1.253309,-0.026184,Green/Blue
B3_B2,1.032028,0.168627,Green/Blue
B3_B2,1.005559,0.318352,Green/Blue
B3_B2,0.951514,0.435244,Green/Blue
B3_B2,0.970688,0.325600,Green/Blue
B3_B2,1.102447,0.033699,Green/Blue
B3_B2,1.150574,0.005281,Green/Blue
B3_B2,0.989063,0.772717,Green/Blue
B3_B2,1.123999,0.165350,Green/Blue
B3_B2,1.030028,0.572455,Green/Blue
B3_B2,1.055254,0.545086,Green/Blue
B3_B2,1.002068,0.679549,Green/Blue
B3_B2,1.228987,0.050139,Green/Blue
B3_B2,1.184957,0.231285,Green/Blue
B3_B2,1.118403,0.153261,Green/Blue
B3_B2,1.121405,0.209920,Green/Blue
B3_B2,1.240299,-0.074761,Green/Blue
B3_B2,1.047867,0.073333,Green/Blue
B3_B2,1.140236,0.116955,Green/Blue
B3_B2,1.057006,0.114027,Green/Blue
B3_B2,1.621849,-0.399168,Green/Blue
B3_B2,1.467658,-0.357456,Green/Blue
B3_B2,1.189421,0.106299,Green/Blue
B3_B2,1.216683,-0.071901,Green/Blue
B3_B2,1.189140,0.099611,Green/Blue
B3_B2,1.214651,-0.007192,Green/Blue
B3_B2,1.052434,0.203724,Green/Blue
B3_B2,1.176410,0.123550,Green/Blue
B3_B2,1.018871,0.378606,Green/Blue
B3_B2,1.103293,0.176082,Green/Blue
B3_B2,1.107923,0.166008,Green/Blue
B3_B2,1.261580,0.004360,Green/Blue
B3_B2,1.108189,0.230205,Green/Blue
B3_B2,1.105952,0.221994,Green/Blue
B3_B2,1.030415,0.184103,Green/Blue
B3_B2,1.213288,0.094426,Green/Blue
B3_B2,0.986693,0.688341,Green/Blue
B3_B2,0.987103,0.669889,Green/Blue
B3_B2,0.986789,0.689946,Green/Blue
B3_B2,1.298690,0.010406,Green/Blue
B3_B2,0.931183,0.369473,Green/Blue
B3_B2,1.160361,0.224419,Green/Blue
B3_B2,0.969177,0.937345,Green/Blue
B3_B2,1.157475,0.357479,Green/Blue
B3_B2,1.031295,0.377196,Green/Blue
B3_B2,1.261723,0.018901,Green/Blue
B3_B2,1.186360,0.064669,Green/Blue
B3_B2,1.216244,0.043041,Green/Blue
B3_B2,2.205591,-0.692139,Green/Blue
B3_B2,1.311898,0.032729,Green/Blue
B3_B2,0.933756,0.493130,Green/Blue
B3_B2,0.982121,0.452914,Green/Blue
B3_B2,1.012859,0.444838,Green/Blue
B3_B2,0.986131,0.415145,Green/Blue
B3_B2,1.000501,0.472562,Green/Blue
B3_B2,1.161888,0.156642,Green/Blue
B3_B2,1.229823,0.165822,Green/Blue
B3_B2,1.080404,0.255162,Green/Blue
B3_B2,0.980628,0.697799,Green/Blue
B3_B2,1.192095,0.270775,Green/Blue
B3_B2,1.351038,-0.018377,Green/Blue
B3_B2,1.519803,-0.806558,Green/Blue
B3_B2,1.972541,-1.433279,Green/Blue
B3_B2,1.825663,-0.574224,Green/Blue
B3_B2,1.998573,-0.639988,Green/Blue
B3_B2,2.061988,-0.681105,Green/Blue
B3_B2,2.161509,-0.560365,Green/Blue
B3_B2,1.645734,-0.598198,Green/Blue
B3_B2,1.878609,-0.606269,Green/Blue
B3_B2,1.902059,-0.488606,Green/Blue
B3_B2,1.503186,-0.356231,Green/Blue
B3_B2,1.572209,-0.528918,Green/Blue
B3_B2,1.763721,-0.548727,Green/Blue
B3_B2,1.886183,-0.673282,Green/Blue
B3_B2,1.788911,-0.653902,Green/Blue
B3_B2,1.631881,-0.832198,Green/Blue
B3_B2,1.130319,0.268032,Green/Blue
B3_B2,1.095478,0.402885,Green/Blue
B3_B2,0.961171,0.563334,Green/Blue
B3_B2,1.210103,-0.043898,Green/Blue
B3_B2,0.890812,0.934114,Green/Blue
B3_B2,1.383197,-0.134588,Green/Blue
B3_B2,0.901929,0.820591,Green/Blue
B3_B2,0.970280,0.478070,Green/Blue
B3_B2,1.308945,0.025708,Green/Blue
B3_B2,1.816186,-0.608745,Green/Blue
B3_B2,1.838832,-0.634051,Green/Blue
B3_B2,0.939407,0.402966,Green/Blue
B3_B2,1.017089,0.248780,Green/Blue
B3_B2,1.012864,0.312283,Green/Blue
B3_B2,1.597728,-0.481024,Green/Blue
B3_B2,1.004488,0.326926,Green/Blue
B3_B2,1.405113,-0.184658,Green/Blue
B3_B2,0.851799,1.087308,Green/Blue
B3_B2,0.909294,0.546466,Green/Blue
B3_B2,0.947135,0.551632,Green/Blue
B3_B2,0.916272,0.437626,Green/Blue
B3_B2,1.019162,0.271035,Green/Blue
B3_B2,0.864148,0.875569,Green/Blue
B3_B2,0.988620,0.407410,Green/Blue
B3_B2,0.879962,0.951557,Green/Blue
B3_B2,1.071233,0.204966,Green/Blue
B3_B2,1.209784,0.001448,Green/Blue
B3_B2,0.883835,0.735744,Green/Blue
B3_B2,0.919867,0.478363,Green/Blue
B3_B2,0.979794,0.428331,Green/Blue
B3_B2,1.073213,0.266546,Green/Blue
B3_B2,1.857039,-0.615009,Green/Blue
B3_B2,1.535299,-0.205411,Green/Blue
B3_B2,1.086878,-0.018201,Green/Blue
B3_B2,1.162247,-0.039019,Green/Blue
B3_B2,0.907363,0.433642,Green/Blue
B3_B2,1.104918,0.173747,Green/Blue
B3_B2,1.192946,0.089317,Green/Blue
B3_B2,1.454287,-0.374295,Green/Blue
B3_B2,1.056738,0.263181,Green/Blue
B3_B2,1.126598,0.170864,Green/Blue
B3_B2,1.496143,-0.589234,Green/Blue
B3_B2,0.934488,0.507178,Green/Blue
B3_B2,1.153877,0.121903,Green/Blue
B3_B2,1.039384,0.670102,Green/Blue
B3_B2,1.345855,-0.095225,Green/Blue
B3_B2,1.598573,-0.207745,Green/Blue
B3_B2,1.139055,0.147219,Green/Blue
B3_B2,1.187346,0.088916,Green/Blue
B3_B2,1.490866,-0.414178,Green/Blue
B3_B2,1.672791,-0.801379,Green/Blue
B3_B2,1.354079,-0.126841,Green/Blue
B3_B2,1.331727,0.014526,Green/Blue
B3_B2,1.689290,-0.182174,Green/Blue
B3_B2,1.395638,-0.215575,Green/Blue
B3_B2,1.456654,-0.571442,Green/Blue
B3_B2,1.596148,-1.014349,Green/Blue
B3_B2,2.015302,-1.234833,Green/Blue
B3_B2,2.142275,-0.447871,Green/Blue
B3_B2,1.089822,0.485666,Green/Blue
B3_B2,0.945274,1.180602,Green/Blue
B3_B2,1.040048,0.808916,Green/Blue
B3_B2,1.449018,-1.176554,Green/Blue
B3_B2,1.115159,0.152008,Green/Blue
B3_B2,1.304101,-0.024997,Green/Blue
B3_B2,1.183559,0.105830,Green/Blue
B3_B2,1.140515,0.192912,Green/Blue
B3_B2,1.057042,0.278940,Green/Blue
B3_B2,1.412774,-0.237997,Green/Blue
B3_B2,1.407700,-0.301583,Green/Blue
B3_B2,1.074630,0.180024,Green/Blue
B3_B2,1.192478,0.049726,Green/Blue
B3_B2,1.149851,0.086893,Green/Blue
B3_B2,1.279656,0.067424,Green/Blue
B3_B2,1.368416,-0.161431,Green/Blue
B3_B2,2.053510,-0.542726,Green/Blue
B3_B2,1.661607,-0.222134,Green/Blue
B3_B2,1.356967,-0.087527,Green/Blue
B3_B2,1.317282,-0.005113,Green/Blue
B3_B2,1.291734,-0.026276,Green/Blue
B3_B2,1.183028,0.118248,Green/Blue
B3_B2,1.377235,-0.241590,Green/Blue
B3_B2,1.349917,-0.057731,Green/Blue
B3_B2,1.385616,-0.284063,Green/Blue
B3_B2,1.311293,-0.050033,Green/Blue
B3_B2,1.197138,-0.093421,Green/Blue
B3_B2,1.500950,-0.258197,Green/Blue
B3_B2,1.455404,-0.177612,Green/Blue
B3_B2,1.406494,-0.187097,Green/Blue
B3_B2,1.623591,-0.267781,Green/Blue
B3_B2,1.634671,-0.195470,Green/Blue
B3_B2,1.818537,-0.428853,Green/Blue
B3_B2,2.538658,-0.619755,Green/Blue
B3_B2,4.530181,-0.896764,Green/Blue
B3_B2,62.895782,-1.132760,Green/Blue
B3_B2,2.138526,-0.648086,Green/Blue
B3_B2,2.455823,-0.701703,Green/Blue
B3_B2,3.540816,-0.870807,Green/Blue
B3_B2,1.785835,-0.641176,Green/Blue
B3_B2,3.281032,-0.660808,Green/Blue
B3_B2,1.763836,-0.525415,Green/Blue
B3_B2,2.729072,-0.576708,Green/Blue
B3_B2,1.732959,-0.622265,Green/Blue
B3_B2,2.501305,-0.625990,Green/Blue
B3_B2,1.584749,-1.609746,Green/Blue
B3_B2,1.536997,-0.958143,Green/Blue
B3_B2,1.187346,0.499087,Green/Blue
B3_B2,2.215156,-0.828134,Green/Blue
B3_B2,72.770205,-0.943631,Green/Blue
B3_B2,1.067319,0.679944,Green/Blue
B3_B2,1.015882,0.673867,Green/Blue
B3_B2,1.081723,0.695620,Green/Blue
B3_B2,1.318914,0.064306,Green/Blue
B3_B2,1.165120,0.169353,Green/Blue
B3_B2,0.835157,0.816463,Green/Blue
B3_B2,0.797808,0.896813,Green/Blue
B3_B2,1.375953,-0.286107,Green/Blue
B3_B2,1.069882,0.414126,Green/Blue
B3_B2,0.800238,0.939206,Green/Blue
B3_B2,0.815655,0.914690,Green/Blue
B3_B2,0.974549,0.654128,Green/Blue
B3_B2,0.943424,0.386333,Green/Blue
B3_B2,0.959049,0.303776,Green/Blue
B3_B2,1.149851,0.086893,Green/Blue
B3_B2,0.866266,0.992609,Green/Blue
B3_B2,0.823034,0.914792,Green/Blue
B3_B2,1.474197,-0.674255,Green/Blue
B3_B2,1.171977,0.112761,Green/Blue
B3_B2,0.967467,0.484281,Green/Blue
B3_B2,0.891121,0.714110,Green/Blue
B3_B2,0.872614,0.961824,Green/Blue
B3_B2,0.980755,0.251354,Green/Blue
B3_B2,1.245611,-0.093554,Green/Blue
B3_B2,1.352147,-0.066139,Green/Blue
B3_B2,1.239389,0.091065,Green/Blue
B3_B2,1.034348,0.099628,Green/Blue
B3_B2,1.050649,0.062996,Green/Blue
B3_B2,1.139852,0.355710,Green/Blue
B3_B2,0.938810,1.213752,Green/Blue
B3_B2,1.334245,-0.097853,Green/Blue
B3_B2,1.157556,0.017430,Green/Blue
B3_B2,1.121500,0.289485,Green/Blue
B3_B2,1.419708,-0.534549,Green/Blue
B3_B2,1.987886,-0.400227,Green/Blue
B3_B2,1.381252,-0.219554,Green/Blue
B3_B2,1.853662,-0.563958,Green/Blue
B3_B2,3.303174,-0.591789,Green/Blue
B3_B2,2.316696,-0.486484,Green/Blue
B3_B2,2.973220,-0.616310,Green/Blue
B3_B2,2.667112,-0.657454,Green/Blue
B3_B2,1.435609,-0.494335,Green/Blue
B3_B2,1.376414,-0.244713,Green/Blue
B3_B2,1.434820,-0.452495,Green/Blue
B3_B2,0.973347,1.485179,Green/Blue
B3_B2,1.210935,-0.026010,Green/Blue
B3_B2,2.633544,-0.670684,Green/Blue
B3_B2,1.208577,0.011218,Green/Blue
B3_B2,1.184870,0.176953,Green/Blue
B3_B2,1.379243,-0.424749,Green/Blue
B3_B2,1.413732,-0.508983,Green/Blue
B3_B2,2.086154,-0.520324,Green/Blue
B3_B2,1.632078,-0.250977,Green/Blue
B3_B2,1.015855,0.311065,Green/Blue
B3_B2,0.994253,0.401826,Green/Blue
B3_B2,5.205538,-0.581239,Green/Blue
B3_B2,1.448462,-0.518121,Green/Blue
B3_B2,1.027756,0.521069,Green/Blue
B3_B2,0.980169,0.707313,Green/Blue
B3_B2,0.965958,0.677563,Green/Blue
B3_B2,1.534262,-0.619693,Green/Blue
B3_B2,0.913853,0.733033,Green/Blue
B3_B2,1.093860,0.093575,Green/Blue
B3_B2,1.010315,0.703081,Green/Blue
B3_B2,1.609437,-0.453335,Green/Blue
B3_B2,1.065673,0.179720,Green/Blue
B3_B2,1.063979,0.215302,Green/Blue
B3_B2,1.697652,-0.196288,Green/Blue
B3_B2,1.575713,-0.375853,Green/Blue
B3_B2,1.782884,-1.153656,Green/Blue
B3_B2,0.934380,1.685048,Green/Blue
B3_B2,1.202004,0.111181,Green/Blue
B3_B2,1.771198,-0.565498,Green/Blue
B3_B2,1.336920,-0.072596,Green/Blue
B3_B2,1.941052,-0.595198,Green/Blue
B3_B2,1.229854,0.055412,Green/Blue
B3_B2,1.090947,0.460407,Green/Blue
B3_B2,1.222382,-0.050533,Green/Blue
B3_B2,1.195827,0.067588,Green/Blue
B3_B2,1.300490,0.130278,Green/Blue
B3_B2,1.622780,-0.701405,Green/Blue
B3_B2,1.428307,-0.494962,Green/Blue
B3_B2,1.159137,0.112675,Green/Blue
B3_B2,1.437651,-0.269178,Green/Blue
B3_B2,1.455607,-0.351310,Green/Blue
B3_B2,1.699779,-0.270880,Green/Blue
B3_B2,2.043872,-0.348635,Green/Blue
B3_B2,2.037917,-0.471238,Green/Blue
B3_B2,2.109175,-1.780803,Green/Blue
B3_B2,1.490447,-1.459422,Green/Blue
B3_B2,1.879231,-1.314104,Green/Blue
B3_B2,1.740492,-0.558805,Green/Blue
B3_B2,1.912607,-0.510704,Green/Blue
B3_B2,1.673252,-0.392118,Green/Blue
B3_B2,2.041366,-0.513943,Green/Blue
B3_B2,1.592812,-1.389106,Green/Blue
B3_B2,1.760464,-1.286803,Green/Blue
B3_B2,1.299359,0.132238,Green/Blue
B3_B2,1.035165,0.734883,Green/Blue
B3_B2,0.916033,0.810319,Green/Blue
B3_B2,1.009094,1.104695,Green/Blue
B3_B2,1.009531,1.079231,Green/Blue
B3_B2,1.665714,-1.546996,Green/Blue
B3_B2,0.811632,1.520461,Green/Blue
B3_B2,0.799224,1.545050,Green/Blue
B3_B2,0.906779,1.569618,Green/Blue
B3_B2,0.986410,1.095639,Green/Blue
B3_B2,1.229494,-0.018485,Green/Blue
B3_B2,1.040514,0.347052,Green/Blue
B3_B2,0.939400,0.727095,Green/Blue
B3_B2,0.821636,1.009640,Green/Blue
B3_B2,0.844613,0.931839,Green/Blue
B3_B2,1.044392,0.610425,Green/Blue
B3_B2,1.648807,-0.576807,Green/Blue
B3_B2,0.884255,0.745524,Green/Blue
B3_B2,1.011929,0.441776,Green/Blue
B3_B2,0.952996,0.615433,Green/Blue
B3_B2,1.468730,-0.361740,Green/Blue
B3_B2,1.245707,-0.027728,Green/Blue
B3_B2,0.829208,0.837621,Green/Blue
B3_B2,0.955519,0.735517,Green/Blue
B3_B2,0.966254,0.615708,Green/Blue
B3_B2,1.089564,0.317826,Green/Blue
B3_B2,1.044950,0.508122,Green/Blue
B3_B2,1.060274,0.226940,Green/Blue
B3_B2,1.201947,0.088132,Green/Blue
B3_B2,1.288231,-0.155374,Green/Blue
B3_B2,0.909996,1.289856,Green/Blue
B3_B2,1.163956,0.532835,Green/Blue
B3_B2,1.333714,-0.151654,Green/Blue
B3_B2,1.595228,-1.036049,Green/Blue
B3_B2,1.081582,0.629215,Green/Blue
B3_B2,1.271341,0.034094,Green/Blue
B3_B2,1.141810,0.048021,Green/Blue
B3_B2,1.223601,0.157877,Green/Blue
B3_B2,1.418030,-0.302319,Green/Blue
B3_B2,1.340182,-0.033637,Green/Blue
B3_B2,2.616910,-0.698913,Green/Blue
B3_B2,3.424456,-0.626635,Green/Blue
B3_B2,3.869640,-0.673189,Green/Blue
B3_B2,2.422980,-0.613005,Green/Blue
B3_B2,2.304848,-1.635920,Green/Blue
B3_B2,2.190930,-1.698506,Green/Blue
B3_B2,3.098351,-1.491992,Green/Blue
B3_B2,2.115360,-1.626678,Green/Blue
B3_B2,1.800708,-1.407872,Green/Blue
B3_B2,2.053889,-1.460013,Green/Blue
B3_B2,2.650554,-1.743246,Green/Blue
B3_B2,1.590562,-0.397672,Green/Blue
B3_B2,1.217532,-0.196202,Green/Blue
B3_B2,1.233298,0.035329,Green/Blue
B3_B2,1.000884,0.254400,Green/Blue
B3_B2,0.944263,0.499119,Green/Blue
B3_B2,1.318605,-0.014679,Green/Blue
B3_B2,2.336843,-0.611320,Green/Blue
B3_B2,1.019559,0.423461,Green/Blue
B3_B2,1.571573,-0.465656,Green/Blue
B3_B2,0.945778,0.527994,Green/Blue
B3_B2,0.903652,0.552294,Green/Blue
B3_B2,0.957506,0.513287,Green/Blue
B3_B2,0.976614,0.454455,Green/Blue
B3_B2,1.661449,-0.598337,Green/Blue
B3_B2,0.858659,0.911569,Green/Blue
B3_B2,0.867018,1.055644,Green/Blue
B3_B2,0.820988,0.943457,Green/Blue
B3_B2,1.241706,-0.029073,Green/Blue
B3_B2,0.919055,1.049099,Green/Blue
B3_B2,0.896527,1.000066,Green/Blue
B3_B2,0.937023,0.972672,Green/Blue
B3_B2,0.987704,0.817552,Green/Blue
B3_B2,1.027679,0.797590,Green/Blue
B3_B2,1.448711,-0.272660,Green/Blue
B3_B2,0.983975,0.545899,Green/Blue
B3_B2,1.383992,-0.320485,Green/Blue
B3_B2,1.171179,0.190500,Green/Blue
B3_B2,1.380153,-0.332413,Green/Blue
B3_B2,1.124654,0.598523,Green/Blue
B3_B2,1.026745,0.427770,Green/Blue
B3_B2,1.490091,-0.548784,Green/Blue
B3_B2,1.464474,-0.524016,Green/Blue
B3_B2,1.006465,0.781787,Green/Blue
B3_B2,1.198790,0.179906,Green/Blue
B3_B2,1.340004,-0.098120,Green/Blue
B3_B2,1.125570,0.046507,Green/Blue
B3_B2,1.313350,-0.047230,Green/Blue
B3_B2,1.029461,0.281788,Green/Blue
B3_B2,1.077063,0.100418,Green/Blue
B3_B2,1.101478,0.574126,Green/Blue
B3_B2,1.156431,0.527549,Green/Blue
B3_B2,1.758348,-1.439731,Green/Blue
B3_B2,2.343491,-1.844711,Green/Blue
B3_B2,1.104438,-0.035443,Green/Blue
B3_B2,1.112224,-0.014388,Green/Blue
B3_B2,1.278483,0.083897,Green/Blue
B3_B2,1.324584,-0.040984,Green/Blue
B3_B2,1.387669,-0.311428,Green/Blue
B3_B2,2.587544,-0.684554,Green/Blue
B3_B2,1.927691,-0.744841,Green/Blue
B3_B2,2.505192,-0.668853,Green/Blue
B3_B2,3.786635,-0.688734,Green/Blue
B3_B2,2.401034,-0.693681,Green/Blue
B3_B2,2.936226,-0.698710,Green/Blue
B3_B2,2.072173,-0.628228,Green/Blue
B3_B2,3.193947,-0.630548,Green/Blue
B3_B2,2.400403,-0.565235,Green/Blue
B3_B2,2.205892,-0.594589,Green/Blue
B3_B2,1.757272,-0.357094,Green/Blue
B3_B2,2.543960,-0.497201,Green/Blue
B2_B4,1.806957,-0.023859,Blue/Red
B2_B4,1.009594,-0.063214,Blue/Red
B2_B4,2.069470,-0.035415,Blue/Red
B2_B4,2.067901,-0.034779,Blue/Red
B2_B4,2.128035,-0.041740,Blue/Red
B2_B4,1.948932,0.015224,Blue/Red
B2_B4,2.010877,-0.005395,Blue/Red
B2_B4,1.886467,0.017430,Blue/Red
B2_B4,1.592291,0.056664,Blue/Red
B2_B4,1.956797,-0.012122,Blue/Red
B2_B4,1.912347,0.006006,Blue/Red
B2_B4,1.609885,0.000656,Blue/Red
B2_B4,1.001104,-0.174683,Blue/Red
B2_B4,1.945378,0.044842,Blue/Red
B2_B4,2.361019,-0.021165,Blue/Red
B2_B4,4.353242,0.003653,Blue/Red
B2_B4,0.918446,-0.115033,Blue/Red
B2_B4,2.928532,0.002770,Blue/Red
B2_B4,5.608644,-0.014283,Blue/Red
B2_B4,1.722711,0.013766,Blue/Red
B2_B4,1.621448,0.027125,Blue/Red
B2_B4,1.652797,0.031643,Blue/Red
B2_B4,1.963632,0.028507,Blue/Red
B2_B4,1.503153,-0.094559,Blue/Red
B2_B4,1.333601,0.022494,Blue/Red
B2_B4,1.288293,0.036657,Blue/Red
B2_B4,1.557212,0.014251,Blue/Red
B2_B4,1.454176,0.045934,Blue/Red
B2_B4,1.580092,-0.037224,Blue/Red
B2_B4,1.555208,0.020242,Blue/Red
B2_B4,1.532052,0.029646,Blue/Red
B2_B4,1.359357,0.043358,Blue/Red
B2_B4,1.611430,0.032160,Blue/Red
B2_B4,1.719400,-0.169596,Blue/Red
B2_B4,1.060934,-0.203333,Blue/Red
B2_B4,1.139528,0.055181,Blue/Red
B2_B4,1.258779,0.099346,Blue/Red
B2_B4,1.790997,0.029190,Blue/Red
B2_B4,1.508928,0.005584,Blue/Red
B2_B4,1.581394,-0.050807,Blue/Red
B2_B4,1.321053,0.047765,Blue/Red
B2_B4,1.533574,-0.010350,Blue/Red
B2_B4,1.641873,-0.021157,Blue/Red
B2_B4,1.305182,0.144402,Blue/Red
B2_B4,1.308016,0.136141,Blue/Red
B2_B4,1.233243,0.137468,Blue/Red
B2_B4,1.307714,0.042285,Blue/Red
B2_B4,1.354135,0.153326,Blue/Red
B2_B4,1.399821,0.069572,Blue/Red
B2_B4,1.283507,0.138439,Blue/Red
B2_B4,1.190850,0.161446,Blue/Red
B2_B4,1.187659,0.098754,Blue/Red
B2_B4,1.342656,0.033784,Blue/Red
B2_B4,1.257682,-0.013467,Blue/Red
B2_B4,1.398814,-0.058609,Blue/Red
B2_B4,1.896686,0.001348,Blue/Red
B2_B4,2.083789,-0.022769,Blue/Red
B2_B4,1.672217,-0.004096,Blue/Red
B2_B4,1.660376,-0.038717,Blue/Red
B2_B4,1.360568,-0.100314,Blue/Red
B2_B4,1.364617,-0.011991,Blue/Red
B2_B4,1.964779,-0.024543,Blue/Red
B2_B4,2.899115,-0.012071,Blue/Red
B2_B4,2.605295,0.006188,Blue/Red
B2_B4,3.145247,0.011955,Blue/Red
B2_B4,1.303094,-0.058291,Blue/Red
B2_B4,1.967581,-0.021811,Blue/Red
B2_B4,1.714752,0.017712,Blue/Red
B2_B4,2.041909,-0.039997,Blue/Red
B2_B4,1.442206,0.011424,Blue/Red
B2_B4,1.471984,0.047188,Blue/Red
B2_B4,1.432048,0.058574,Blue/Red
B2_B4,1.665128,0.007552,Blue/Red
B2_B4,1.874809,-0.091621,Blue/Red
B2_B4,1.749668,-0.055203,Blue/Red
B2_B4,1.973390,-0.030166,Blue/Red
B2_B4,1.639018,-0.032933,Blue/Red
B2_B4,2.007503,-0.062564,Blue/Red
B2_B4,1.070022,-0.122506,Blue/Red
B2_B4,1.800322,-0.014029,Blue/Red
B2_B4,1.905126,-0.026946,Blue/Red
B2_B4,1.624756,-0.013779,Blue/Red
B2_B4,1.531906,-0.013877,Blue/Red
B2_B4,1.750159,-0.046327,Blue/Red
B2_B4,1.481236,0.022211,Blue/Red
B2_B4,1.252430,0.039630,Blue/Red
B2_B4,1.678624,-0.041480,Blue/Red
B2_B4,1.759168,0.002547,Blue/Red
B2_B4,1.541992,0.003574,Blue/Red
B2_B4,1.563271,-0.001722,Blue/Red
B2_B4,1.159309,-0.000190,Blue/Red
B2_B4,1.546655,-0.013753,Blue/Red
B2_B4,1.863751,-0.019043,Blue/Red
B2_B4,1.590370,-0.035272,Blue/Red
B2_B4,1.047183,0.039443,Blue/Red
B2_B4,1.059196,-0.005311,Blue/Red
B2_B4,1.004553,-0.201920,Blue/Red
B2_B4,1.687711,-0.132444,Blue/Red
B2_B4,2.520281,-0.035125,Blue/Red
B2_B4,1.308266,0.093876,Blue/Red
B2_B4,1.827049,0.010796,Blue/Red
B2_B4,1.333172,-0.090176,Blue/Red
B2_B4,1.951652,-0.101771,Blue/Red
B2_B4,1.732341,-0.119517,Blue/Red
B2_B4,1.864347,0.007296,Blue/Red
B2_B4,1.579323,-0.020549,Blue/Red
B2_B4,1.749668,-0.055203,Blue/Red
B2_B4,1.441529,-0.018159,Blue/Red
B2_B4,1.564473,0.020898,Blue/Red
B2_B4,1.726348,0.009651,Blue/Red
B2_B4,1.872435,0.033464,Blue/Red
B2_B4,1.927880,0.036623,Blue/Red
B2_B4,1.479117,0.057955,Blue/Red
B2_B4,1.721761,-0.028068,Blue/Red
B2_B4,0.837515,-0.142554,Blue/Red
B2_B4,1.465535,-0.006117,Blue/Red
B2_B4,2.498638,0.029637,Blue/Red
B2_B4,-0.691437,-0.340271,Blue/Red
B2_B4,0.091656,-0.373247,Blue/Red
B2_B4,0.339750,0.199379,Blue/Red
B2_B4,-2.127627,-0.065304,Blue/Red
B2_B4,1.446411,0.026686,Blue/Red
B2_B4,2.029365,-0.046310,Blue/Red
B2_B4,0.882747,-0.106961,Blue/Red
B2_B4,1.425021,0.036180,Blue/Red
B2_B4,1.142496,-0.005779,Blue/Red
B2_B4,1.465057,0.090282,Blue/Red
B2_B4,1.522918,0.032002,Blue/Red
B2_B4,1.871492,-0.019735,Blue/Red
B2_B4,1.497383,0.068984,Blue/Red
B2_B4,1.428634,0.051450,Blue/Red
B2_B4,1.491041,0.042524,Blue/Red
B2_B4,0.947272,-0.092686,Blue/Red
B2_B4,1.638767,-0.021367,Blue/Red
B2_B4,1.795313,-0.055170,Blue/Red
B2_B4,1.638170,-0.038514,Blue/Red
B2_B4,1.565391,-0.019388,Blue/Red
B2_B4,1.706816,0.010233,Blue/Red
B2_B4,1.571435,-0.068161,Blue/Red
B2_B4,1.844654,0.038121,Blue/Red
B2_B4,1.972045,-0.008844,Blue/Red
B2_B4,1.812451,0.089911,Blue/Red
B2_B4,2.306909,-0.020831,Blue/Red
B2_B4,1.233784,0.010768,Blue/Red
B2_B4,1.627150,-0.005484,Blue/Red
B2_B4,1.082891,-0.001350,Blue/Red
B2_B4,1.726064,-0.000960,Blue/Red
B2_B4,1.860875,-0.007034,Blue/Red
B2_B4,1.826452,0.000290,Blue/Red
B2_B4,-3.398137,-0.300087,Blue/Red
B2_B4,-3.650140,-0.249451,Blue/Red
B2_B4,0.351523,-0.232951,Blue/Red
B2_B4,0.310165,-0.244680,Blue/Red
B2_B4,2.696823,-0.020312,Blue/Red
B2_B4,1.624231,-0.017667,Blue/Red
B2_B4,1.327224,-0.087493,Blue/Red
B2_B4,1.525300,-0.004214,Blue/Red
B2_B4,1.797030,-0.086122,Blue/Red
B2_B4,1.862197,-0.086314,Blue/Red
B2_B4,2.166936,-0.071049,Blue/Red
B2_B4,2.003510,-0.034387,Blue/Red
B2_B4,1.037756,-0.168434,Blue/Red
B2_B4,1.368579,0.008300,Blue/Red
B2_B4,1.723155,-0.037981,Blue/Red
B2_B4,1.795457,-0.037104,Blue/Red
B2_B4,2.290883,-0.029498,Blue/Red
B2_B4,2.663915,-0.015131,Blue/Red
B2_B4,2.148224,-0.036539,Blue/Red
B2_B4,2.022813,-0.004733,Blue/Red
B2_B4,2.696635,0.001300,Blue/Red
B2_B4,2.330799,0.012494,Blue/Red
B2_B4,2.166486,0.009636,Blue/Red
B2_B4,1.990167,0.009717,Blue/Red
B2_B4,1.919706,0.031410,Blue/Red
B2_B4,1.894249,-0.021998,Blue/Red
B2_B4,1.863079,-0.038965,Blue/Red
B2_B4,2.071089,0.013229,Blue/Red
B2_B4,2.038906,-0.023418,Blue/Red
B2_B4,1.759769,-0.075435,Blue/Red
B2_B4,1.882785,-0.082080,Blue/Red
B2_B4,1.972816,-0.000077,Blue/Red
B2_B4,1.974389,-0.004223,Blue/Red
B2_B4,2.104773,-0.016117,Blue/Red
B2_B4,1.691127,-0.028928,Blue/Red
B2_B4,1.543156,-0.005337,Blue/Red
B2_B4,1.727961,-0.053899,Blue/Red
B2_B4,1.810177,-0.062301,Blue/Red
B2_B4,1.928973,-0.024872,Blue/Red
B2_B4,1.909838,-0.041452,Blue/Red
B2_B4,1.540591,0.007321,Blue/Red
B2_B4,1.755129,-0.015627,Blue/Red
B2_B4,1.479753,0.056817,Blue/Red
B2_B4,1.533804,0.055232,Blue/Red
B2_B4,1.510948,-0.022983,Blue/Red
B2_B4,1.484373,0.088558,Blue/Red
B2_B4,1.673982,-0.031022,Blue/Red
B2_B4,1.763218,-0.041702,Blue/Red
B2_B4,1.726811,-0.024870,Blue/Red
B2_B4,1.527010,0.042081,Blue/Red
B2_B4,1.627269,-0.060818,Blue/Red
B2_B4,1.579666,-0.033939,Blue/Red
B2_B4,1.625274,-0.082305,Blue/Red
B2_B4,2.245419,-0.002888,Blue/Red
B2_B4,1.648981,-0.090751,Blue/Red
B2_B4,1.496362,-0.062855,Blue/Red
B2_B4,1.389857,-0.048870,Blue/Red
B2_B4,1.637484,-0.080949,Blue/Red
B2_B4,1.162423,-0.170314,Blue/Red
B2_B4,1.471118,-0.010941,Blue/Red
B2_B4,1.388543,-0.074665,Blue/Red
B2_B4,1.501212,-0.008088,Blue/Red
B2_B4,1.499485,-0.028569,Blue/Red
B2_B4,1.762435,0.021911,Blue/Red
B2_B4,1.484084,-0.038987,Blue/Red
B2_B4,1.868297,-0.098735,Blue/Red
B2_B4,2.180731,-0.008717,Blue/Red
B2_B4,2.171917,-0.021831,Blue/Red
B2_B4,2.201762,0.022161,Blue/Red
B2_B4,2.354888,0.053678,Blue/Red
B2_B4,2.655858,0.026881,Blue/Red
B2_B4,5.570748,0.058140,Blue/Red
B2_B4,3.401768,-0.039474,Blue/Red
B2_B4,1.904112,-0.137413,Blue/Red
B2_B4,2.166337,-0.025925,Blue/Red
B2_B4,2.314522,0.002794,Blue/Red
B2_B4,1.940005,-0.052847,Blue/Red
B2_B4,1.762292,-0.060945,Blue/Red
B2_B4,2.834156,0.020796,Blue/Red
B2_B4,2.111631,-0.037057,Blue/Red
B2_B4,2.005978,-0.016623,Blue/Red
B2_B4,1.946099,0.004657,Blue/Red
B2_B4,1.808015,-0.068565,Blue/Red
B2_B4,1.524657,0.020170,Blue/Red
B2_B4,1.607025,-0.044456,Blue/Red
B2_B4,1.556482,-0.066834,Blue/Red
B2_B4,1.913076,0.025728,Blue/Red
B2_B4,2.110056,0.001390,Blue/Red
B2_B4,1.550724,-0.020082,Blue/Red
B2_B4,1.650638,-0.109869,Blue/Red
B2_B4,1.575017,-0.046878,Blue/Red
B2_B4,1.390894,-0.016514,Blue/Red
B2_B4,1.789227,-0.119265,Blue/Red
B2_B4,1.424928,0.037754,Blue/Red
B2_B4,1.892942,0.038960,Blue/Red
B2_B4,1.470081,0.008711,Blue/Red
B2_B4,1.264610,-0.035403,Blue/Red
B2_B4,2.383155,0.009842,Blue/Red
B2_B4,1.599603,-0.032968,Blue/Red
B2_B4,1.707196,-0.076847,Blue/Red
B2_B4,1.757584,-0.065192,Blue/Red
B2_B4,1.595871,-0.089632,Blue/Red
B2_B4,1.991100,-0.019220,Blue/Red
B2_B4,2.807520,0.041554,Blue/Red
B2_B4,1.581698,-0.100574,Blue/Red
B2_B4,5.490954,-0.019126,Blue/Red
B2_B4,2.737000,-0.021121,Blue/Red
B2_B4,1.284106,-0.082579,Blue/Red
B2_B4,1.777087,-0.049414,Blue/Red
B2_B4,1.603601,-0.068157,Blue/Red
B2_B4,2.550904,-0.018334,Blue/Red
B2_B4,2.241414,-0.044830,Blue/Red
B2_B4,6.133568,-0.002274,Blue/Red
B2_B4,1.905450,-0.117244,Blue/Red
B2_B4,1.951060,-0.136616,Blue/Red
B2_B4,2.447614,-0.084001,Blue/Red
B2_B4,0.956752,-0.134806,Blue/Red
B2_B4,2.192629,-0.094809,Blue/Red
B2_B4,1.021066,-0.134908,Blue/Red
B2_B4,1.367549,-0.066317,Blue/Red
B2_B4,1.164784,-0.089367,Blue/Red
B2_B4,4.725851,0.184144,Blue/Red
B2_B4,1.651766,-0.085329,Blue/Red
B2_B4,1.792574,-0.038719,Blue/Red
B2_B4,1.177000,0.035924,Blue/Red
B2_B4,0.668649,0.217517,Blue/Red
B2_B4,-0.148734,0.057024,Blue/Red
B2_B4,0.199541,0.103048,Blue/Red
B2_B4,0.913969,-0.115877,Blue/Red
B2_B4,0.591167,0.245997,Blue/Red
B2_B4,0.785467,-0.182967,Blue/Red
B2_B4,0.687331,-0.056512,Blue/Red
B2_B4,-185.197740,-0.103167,Blue/Red
B2_B4,0.529492,0.134143,Blue/Red
B2_B4,0.936722,-0.143032,Blue/Red
B2_B4,0.746424,-0.151992,Blue/Red
B2_B4,0.308582,0.127518,Blue/Red
B2_B4,0.445620,0.064595,Blue/Red
B2_B4,0.623452,-0.027080,Blue/Red
B2_B4,0.635108,-0.086856,Blue/Red
B2_B4,0.405825,0.094848,Blue/Red
B2_B4,0.895439,-0.033282,Blue/Red
B2_B4,0.671384,-0.095015,Blue/Red
B2_B4,1.171299,-0.124221,Blue/Red
B2_B4,0.428176,0.148533,Blue/Red
B2_B4,0.881603,-0.033017,Blue/Red
B2_B4,0.572675,0.033199,Blue/Red
B2_B4,0.324716,0.021729,Blue/Red
B2_B4,0.401997,0.024721,Blue/Red
B2_B4,0.471559,0.114638,Blue/Red
B2_B4,-1094.802260,-0.083144,Blue/Red
B2_B4,0.588171,0.162386,Blue/Red
B2_B4,0.728791,-0.101073,Blue/Red
B2_B4,0.615448,0.152313,Blue/Red
B2_B4,0.761918,-0.102928,Blue/Red
B2_B4,0.854742,-0.192436,Blue/Red
B2_B4,0.875930,-0.131061,Blue/Red
B2_B4,0.533533,-0.011214,Blue/Red
B2_B4,1.146653,-0.016654,Blue/Red
B2_B4,0.893793,-0.031131,Blue/Red
B2_B4,0.864943,-0.052927,Blue/Red
B2_B4,0.277897,0.097340,Blue/Red
B2_B4,3.367913,0.040209,Blue/Red
B2_B4,1.337714,0.016844,Blue/Red
B2_B4,14.081612,-0.040280,Blue/Red
B2_B4,0.094987,0.122479,Blue/Red
B2_B4,8.889884,0.064267,Blue/Red
B2_B4,2.892446,0.081289,Blue/Red
B2_B4,1.650927,-0.073924,Blue/Red
B2_B4,8.390404,0.001497,Blue/Red
B2_B4,8.670424,0.004817,Blue/Red
B2_B4,5.478811,0.219209,Blue/Red
B2_B4,2.177003,-0.038350,Blue/Red
B2_B4,47.683616,0.088333,Blue/Red
B2_B4,6.736935,-0.013998,Blue/Red
B2_B4,6.630382,-0.015921,Blue/Red
B2_B4,13.649115,-0.033762,Blue/Red
B2_B4,8.305749,-0.041780,Blue/Red
B2_B4,1.033721,-0.007884,Blue/Red
B2_B4,19.326441,0.058507,Blue/Red
B2_B4,8.216924,-0.025856,Blue/Red
B2_B4,5.027648,-0.034863,Blue/Red
B2_B4,1.072888,-0.005566,Blue/Red
B2_B4,7.298397,0.048177,Blue/Red
B2_B4,6.362044,-0.042130,Blue/Red
B2_B4,20.496446,-0.010826,Blue/Red
B2_B4,72.090395,0.323941,Blue/Red
B2_B4,15.011085,-0.047828,Blue/Red
B2_B4,48.474576,0.040306,Blue/Red
B2_B4,56.271186,0.237358,Blue/Red
B2_B4,4.762914,-0.000005,Blue/Red
B2_B4,17.633299,0.004204,Blue/Red
B2_B4,5.207705,0.036805,Blue/Red
B2_B4,-1.750255,0.123263,Blue/Red
B2_B4,10.937556,-0.018667,Blue/Red
B2_B4,7.291051,-0.012782,Blue/Red
B2_B4,53.898305,0.026860,Blue/Red
B2_B4,44.293785,0.003829,Blue/Red
B2_B4,7.148136,0.056160,Blue/Red
B2_B4,7.008326,0.019871,Blue/Red
B2_B4,31.932412,0.036632,Blue/Red
B2_B4,40.903955,0.027208,Blue/Red
B2_B4,5.350235,-0.070199,Blue/Red
B2_B4,6.139240,-0.005142,Blue/Red
B2_B4,6.008748,-0.057269,Blue/Red
B2_B4,42.937853,-0.002939,Blue/Red
B2_B4,10.148588,0.047990,Blue/Red
B2_B4,33.446328,0.073918,Blue/Red
B2_B4,40.903955,0.117501,Blue/Red
B2_B4,30.508475,0.047301,Blue/Red
B2_B4,37.062147,0.075636,Blue/Red
B2_B4,14.064619,0.040572,Blue/Red
B2_B4,9.746234,-0.042195,Blue/Red
B2_B4,6.389594,0.001343,Blue/Red
B2_B4,5.735377,0.010384,Blue/Red
B2_B4,8.683661,-0.030566,Blue/Red
B2_B4,5.349690,0.017044,Blue/Red
B2_B4,4.912877,0.000454,Blue/Red
B2_B4,5.104107,-0.002727,Blue/Red
B2_B4,7.234258,-0.012193,Blue/Red
B2_B4,33.785311,0.050426,Blue/Red
B2_B4,33.898305,0.049592,Blue/Red
B2_B4,4.618969,0.036409,Blue/Red
B2_B4,8.172152,0.008583,Blue/Red
B2_B4,4.693628,-0.007571,Blue/Red
B2_B4,6.221525,0.033028,Blue/Red
B2_B4,24.180791,0.047775,Blue/Red
B2_B4,4.834136,0.050078,Blue/Red
B2_B4,4.065521,0.070496,Blue/Red
B2_B4,18.305085,0.058674,Blue/Red
B2_B4,1.048009,-0.049466,Blue/Red
B2_B4,-7.457627,-0.122264,Blue/Red
B2_B4,4.088595,0.015057,Blue/Red
B2_B4,5.655932,-0.038339,Blue/Red
B2_B4,5.054989,0.045076,Blue/Red
B2_B4,3.160316,-0.069707,Blue/Red
B2_B4,4.251133,0.050199,Blue/Red
B2_B4,6.000904,-0.071306,Blue/Red
B2_B4,8.970808,-0.017866,Blue/Red
B2_B4,10.385689,-0.003242,Blue/Red
B2_B4,11.346247,0.000567,Blue/Red
B2_B4,9.437408,0.008300,Blue/Red
B2_B4,9.545556,0.004464,Blue/Red
B2_B4,11.592082,-0.021121,Blue/Red
B2_B4,5.049456,0.010719,Blue/Red
B2_B4,2.744531,-0.010008,Blue/Red
B2_B4,4.742731,-0.001159,Blue/Red
B2_B4,12.014644,-0.001474,Blue/Red
B2_B4,6.590370,0.005063,Blue/Red
B2_B4,12.202743,0.004066,Blue/Red
B2_B4,5.269701,-0.042781,Blue/Red
B2_B4,5.234746,0.014742,Blue/Red
B2_B4,7.540690,-0.009566,Blue/Red
B2_B4,15.184740,-0.040481,Blue/Red
B2_B4,9.256296,-0.042374,Blue/Red
B2_B4,10.560139,-0.046424,Blue/Red
B2_B4,5.584552,0.004935,Blue/Red
B2_B4,7.800956,-0.019459,Blue/Red
B2_B4,9.735812,-0.005216,Blue/Red
B2_B4,6.802961,-0.031030,Blue/Red
B2_B4,8.287271,-0.032610,Blue/Red
B2_B4,11.326514,-0.052613,Blue/Red
B2_B4,3.942767,0.010352,Blue/Red
B2_B4,50.621469,0.004271,Blue/Red
B2_B4,22.042536,-0.064940,Blue/Red
B2_B4,59.887006,0.283336,Blue/Red
B2_B4,16.916575,-0.014455,Blue/Red
B2_B4,44.180791,0.046566,Blue/Red
B2_B4,46.214689,0.027967,Blue/Red
B2_B4,47.796610,0.051970,Blue/Red
B2_B4,40.677966,0.043044,Blue/Red
B2_B4,21.767985,0.007852,Blue/Red
B2_B4,19.813231,0.016296,Blue/Red
B2_B4,65.536723,0.121805,Blue/Red
B2_B4,13.268435,-0.014387,Blue/Red
B2_B4,6.812791,0.014383,Blue/Red
B2_B4,6.838853,0.015163,Blue/Red
B2_B4,68.474576,0.091666,Blue/Red
B2_B4,6.293631,0.016750,Blue/Red
B2_B4,23.594142,0.017145,Blue/Red
B2_B4,13.033638,0.000880,Blue/Red
B2_B4,51.412429,0.010235,Blue/Red
B2_B4,47.683616,-0.025575,Blue/Red
B2_B4,10.526292,0.041935,Blue/Red
B2_B4,49.039548,0.050190,Blue/Red
B2_B4,5.267992,0.034700,Blue/Red
B2_B4,28.791102,0.047337,Blue/Red
B2_B4,7.857393,-0.017515,Blue/Red
B2_B4,55.819209,-0.110943,Blue/Red
B2_B4,6.402034,0.013664,Blue/Red
B2_B4,4.790208,0.174351,Blue/Red
B2_B4,4.200309,0.162674,Blue/Red
B2_B4,10.219824,-0.026167,Blue/Red
B2_B4,7.447602,-0.027132,Blue/Red
B2_B4,9.342584,-0.005832,Blue/Red
B2_B4,16.428548,0.007304,Blue/Red
B2_B4,6.753187,-0.014740,Blue/Red
B2_B4,45.990121,0.008696,Blue/Red
B2_B4,14.579488,-0.024804,Blue/Red
B2_B4,7.425640,0.017458,Blue/Red
B2_B4,10.162821,0.005509,Blue/Red
B2_B4,18.033858,-0.022131,Blue/Red
B2_B4,8.895458,-0.006406,Blue/Red
B2_B4,7.886637,-0.000763,Blue/Red
B2_B4,5.147299,-0.014447,Blue/Red
B2_B4,67.231638,0.041975,Blue/Red
B2_B4,6.946211,-0.028134,Blue/Red
B2_B4,7.756070,-0.007642,Blue/Red
B2_B4,6.193446,-0.033873,Blue/Red
B2_B4,54.463277,0.094483,Blue/Red
B2_B4,5.414800,-0.009786,Blue/Red
B2_B4,19.969395,0.038900,Blue/Red
B2_B4,45.602458,0.029443,Blue/Red
B2_B4,7.320796,0.004862,Blue/Red
B2_B4,10.108475,-0.012133,Blue/Red
B2_B4,11.225220,-0.018486,Blue/Red
B2_B4,25.521492,-0.038808,Blue/Red
B2_B4,5.361102,-0.026960,Blue/Red
B2_B4,2.158413,-0.059910,Blue/Red
B2_B4,4.290439,-0.011051,Blue/Red
B2_B4,5.480953,-0.024461,Blue/Red
B2_B4,6.239175,-0.007393,Blue/Red
B2_B4,7.453224,0.003439,Blue/Red
B2_B4,6.031599,0.008015,Blue/Red
B2_B4,18.876373,-0.001935,Blue/Red
B2_B4,28.693398,-0.031826,Blue/Red
B2_B4,10.717639,-0.002107,Blue/Red
B2_B4,8.553325,-0.005460,Blue/Red
B2_B4,5.320433,-0.047081,Blue/Red
B2_B4,10.769319,0.005305,Blue/Red
B2_B4,3.192446,-0.030032,Blue/Red
B2_B4,3.619309,0.045243,Blue/Red
B2_B4,2.595254,0.025037,Blue/Red
B2_B4,2.440053,-0.023953,Blue/Red
B2_B4,2.168613,-0.060444,Blue/Red
B2_B4,2.820278,-0.104148,Blue/Red
B2_B4,8.283601,0.038151,Blue/Red
B2_B4,3.082040,-0.063198,Blue/Red
B2_B4,2.785793,-0.053308,Blue/Red
B2_B4,2.968034,0.032089,Blue/Red
B2_B4,2.943389,0.059697,Blue/Red
B2_B4,2.791864,-0.015347,Blue/Red
B2_B4,3.619309,-0.069737,Blue/Red
B2_B4,2.470960,-0.033171,Blue/Red
B2_B4,3.365876,-0.044763,Blue/Red
B2_B4,4.192412,-0.003690,Blue/Red
B2_B4,7.325362,-0.031736,Blue/Red
B2_B4,6.268918,-0.038778,Blue/Red
B2_B4,26.194257,-0.025114,Blue/Red
B2_B4,8.840206,-0.006606,Blue/Red
B2_B4,7.214322,-0.015173,Blue/Red
B2_B4,8.742243,0.028895,Blue/Red
B2_B4,9.825754,-0.011244,Blue/Red
B2_B4,5.652406,-0.055659,Blue/Red
B2_B4,4.759044,-0.052866,Blue/Red
B2_B4,1.978703,-0.023474,Blue/Red
B2_B4,1.589515,-0.042773,Blue/Red
B2_B4,6.689020,-0.033847,Blue/Red
B2_B4,8.480689,-0.032887,Blue/Red
B2_B4,7.312557,-0.023399,Blue/Red
B2_B4,0.888653,-0.116300,Blue/Red
B2_B4,7.111272,-0.034866,Blue/Red
B2_B4,5.239423,0.184633,Blue/Red
B2_B4,79.887006,0.147057,Blue/Red
B2_B4,15.253429,-0.027612,Blue/Red
B2_B4,36.693763,-0.020558,Blue/Red
B2_B4,5.647910,-0.011535,Blue/Red
B2_B4,48.022599,-0.007475,Blue/Red
B2_B4,7.586335,-0.027196,Blue/Red
B2_B4,12.343229,-0.065833,Blue/Red
B2_B4,9.817396,-0.021044,Blue/Red
B2_B4,10.329158,-0.013978,Blue/Red
B2_B4,5.406667,0.015346,Blue/Red
B2_B4,11.185508,-0.024348,Blue/Red
B2_B4,9.636746,-0.013428,Blue/Red
B2_B4,57.401130,0.325323,Blue/Red
B2_B4,58.305085,0.198089,Blue/Red
B2_B4,3.190613,-0.094302,Blue/Red
B2_B4,37.401130,0.111744,Blue/Red
B2_B4,21.179661,0.015557,Blue/Red
B2_B4,8.683661,-0.006863,Blue/Red
B2_B4,5.831864,-0.007755,Blue/Red
B2_B4,54.689266,0.060909,Blue/Red
B2_B4,5.045043,0.001917,Blue/Red
B2_B4,3.390815,-0.018274,Blue/Red
B2_B4,7.790220,0.000678,Blue/Red
B2_B4,12.595139,-0.022437,Blue/Red
B2_B4,61.694915,0.191114,Blue/Red
B2_B4,5.574027,-0.017610,Blue/Red
B2_B4,50.508475,0.030958,Blue/Red
B2_B4,58.757062,-0.021451,Blue/Red
B2_B4,45.536723,-0.045316,Blue/Red
B2_B4,3.151329,-0.002300,Blue/Red
B2_B4,53.898305,0.044545,Blue/Red
B2_B4,23.474124,-0.029870,Blue/Red
B2_B4,34.124294,0.069604,Blue/Red
B2_B4,8.547506,0.037769,Blue/Red
B2_B4,2.881549,-0.018548,Blue/Red
B2_B4,1.918448,-0.027905,Blue/Red
B2_B4,8.853793,0.027897,Blue/Red
B2_B4,11.491927,0.006537,Blue/Red
B2_B4,40.451977,0.024086,Blue/Red
B2_B4,6.909219,0.016832,Blue/Red
B2_B4,2.358452,-0.003232,Blue/Red
B2_B4,1.444999,-0.012107,Blue/Red
B2_B4,5.227525,-0.017261,Blue/Red
B2_B4,5.633353,-0.020550,Blue/Red
B2_B4,6.174071,-0.024447,Blue/Red
B2_B4,4.838178,0.064098,Blue/Red
B2_B4,53.898305,-0.043469,Blue/Red
B2_B4,54.237288,-0.078527,Blue/Red
B2_B4,49.604520,-0.040983,Blue/Red
B2_B4,26.382491,0.004260,Blue/Red
B2_B4,4.425036,0.067227,Blue/Red
B2_B4,8.544068,0.065129,Blue/Red
B2_B4,1.875752,-0.033569,Blue/Red
B2_B4,49.039548,0.042485,Blue/Red
B2_B4,6.823068,0.030754,Blue/Red
B2_B4,51.525424,0.026845,Blue/Red
B2_B4,38.079096,0.031728,Blue/Red
B2_B4,36.158192,0.053330,Blue/Red
B2_B4,2.993871,0.012512,Blue/Red
B2_B4,23.231441,0.113204,Blue/Red
B2_B4,37.175141,0.056740,Blue/Red
B2_B4,35.932203,0.038205,Blue/Red
B2_B4,43.954802,0.034037,Blue/Red
B2_B4,5.294915,0.025288,Blue/Red
B2_B4,5.055493,0.050118,Blue/Red
B2_B4,4.390707,0.051233,Blue/Red
B2_B4,2.327975,0.144819,Blue/Red
B2_B4,14.005905,0.008601,Blue/Red
B2_B4,43.841808,0.035638,Blue/Red
B2_B4,6.606037,0.031556,Blue/Red
B2_B4,33.333333,0.114995,Blue/Red
B2_B4,12.306113,0.034136,Blue/Red
B2_B4,35.367232,0.049816,Blue/Red
B2_B4,34.011299,0.128342,Blue/Red
B2_B4,3.274327,-0.034939,Blue/Red
B2_B4,18.983051,0.068905,Blue/Red
B2_B4,3.706441,-0.018788,Blue/Red
B2_B4,0.225989,0.021377,Blue/Red
B2_B4,4.194494,-0.066640,Blue/Red
B2_B4,7.259607,0.108404,Blue/Red
B2_B4,1.740287,-0.083702,Blue/Red
B2_B4,2.928992,-0.057865,Blue/Red
B2_B4,1.666596,-0.057227,Blue/Red
B2_B4,3.618192,-0.049859,Blue/Red
B2_B4,1.668752,-0.050525,Blue/Red
B2_B4,2.758281,-0.034969,Blue/Red
B2_B4,1.666056,0.009042,Blue/Red
B2_B4,2.650852,0.044639,Blue/Red
B2_B4,3.606912,0.062343,Blue/Red
B2_B4,1.511958,-0.059540,Blue/Red
B2_B4,1.987512,0.005765,Blue/Red
B2_B4,-0.929108,-0.118341,Blue/Red
B2_B4,5.258117,0.043106,Blue/Red
B2_B4,6.696196,0.003900,Blue/Red
B2_B4,4.527587,0.058066,Blue/Red
B2_B4,4.548814,0.124562,Blue/Red
B2_B4,45.875706,0.041057,Blue/Red
B2_B4,8.350838,0.009032,Blue/Red
B2_B4,7.187743,-0.002460,Blue/Red
B2_B4,1.727066,-0.021522,Blue/Red
B2_B4,17.053279,0.029883,Blue/Red
B2_B4,17.978084,-0.026494,Blue/Red
B2_B4,15.588231,-0.027929,Blue/Red
B2_B4,52.203390,0.085077,Blue/Red
B2_B4,8.471864,-0.017041,Blue/Red
B2_B4,8.293884,-0.014537,Blue/Red
B2_B4,51.525424,0.026845,Blue/Red
B2_B4,10.053086,-0.031004,Blue/Red
B2_B4,74.463277,0.263699,Blue/Red
B2_B4,73.898305,0.124728,Blue/Red
B2_B4,18.787144,-0.036444,Blue/Red
B2_B4,28.592542,-0.033775,Blue/Red
B2_B4,29.348959,0.029745,Blue/Red
B2_B4,27.665932,0.024387,Blue/Red
B2_B4,8.884455,-0.026757,Blue/Red
B2_B4,30.212164,0.015210,Blue/Red
B2_B4,41.355932,0.052481,Blue/Red
B2_B4,1.741383,-0.054629,Blue/Red
B2_B4,13.261356,-0.015389,Blue/Red
B2_B4,10.365815,-0.015737,Blue/Red
B2_B4,4.618122,-0.003952,Blue/Red
B2_B4,58.192090,0.021054,Blue/Red
B2_B4,1.951554,-0.026566,Blue/Red
B2_B4,10.743864,-0.022404,Blue/Red
B2_B4,8.969266,0.020445,Blue/Red
B2_B4,6.654421,0.035477,Blue/Red
B2_B4,9.940776,0.069100,Blue/Red
B2_B4,9.660519,0.047997,Blue/Red
B2_B4,3.637377,0.014514,Blue/Red
B2_B4,1.688895,-0.074821,Blue/Red
B2_B4,1.628791,-0.056739,Blue/Red
B2_B4,2.520942,-0.020438,Blue/Red
B2_B4,1.254707,-0.076007,Blue/Red
B2_B4,3.106350,-0.058995,Blue/Red
B2_B4,6.786136,0.016030,Blue/Red
B2_B4,3.560831,-0.022892,Blue/Red
B2_B4,1.852788,-0.006652,Blue/Red
B2_B4,4.226602,0.001005,Blue/Red
B2_B4,3.302149,0.016704,Blue/Red
B2_B4,12.029386,-0.043666,Blue/Red
B2_B4,1.161359,-0.012756,Blue/Red
B2_B4,2.008817,0.008527,Blue/Red
B2_B4,1.129025,-0.070291,Blue/Red
B2_B4,0.728847,-0.120432,Blue/Red
B2_B4,11.043680,0.042801,Blue/Red
B2_B4,24.012441,-0.009850,Blue/Red
B2_B4,12.363971,-0.008343,Blue/Red
B2_B4,0.444171,-0.039330,Blue/Red
B2_B4,0.540483,0.206108,Blue/Red
B2_B4,22.510954,-0.015289,Blue/Red
B2_B4,8.301671,-0.015880,Blue/Red
B2_B4,11.876696,-0.056024,Blue/Red
B2_B4,15.653093,0.033307,Blue/Red
B2_B4,4.496191,-0.006621,Blue/Red
B2_B4,4.904482,-0.015036,Blue/Red
B2_B4,1.061167,-0.004423,Blue/Red
B2_B4,0.605508,0.019003,Blue/Red
B2_B4,3.703047,0.029386,Blue/Red
B2_B4,4.465149,-0.007298,Blue/Red
B2_B4,37.175141,0.120463,Blue/Red
B2_B4,1.413170,-0.048541,Blue/Red
B2_B4,43.163842,0.003009,Blue/Red
B2_B4,4.396256,-0.010742,Blue/Red
B2_B4,73.220339,0.243445,Blue/Red
B2_B4,45.084746,0.049137,Blue/Red
B2_B4,17.630637,0.038342,Blue/Red
B2_B4,38.983051,0.123792,Blue/Red
B2_B4,6.449380,0.040573,Blue/Red
B2_B4,11.343955,0.030037,Blue/Red
B2_B4,2.153266,-0.017019,Blue/Red
B2_B4,50.621469,0.093183,Blue/Red
B2_B4,6.694286,0.040421,Blue/Red
B2_B4,4.461070,0.020359,Blue/Red
B2_B4,16.459622,-0.029302,Blue/Red
B2_B4,11.402538,0.026329,Blue/Red
B2_B4,2.509216,0.056317,Blue/Red
B2_B4,4.244271,0.021384,Blue/Red
B2_B4,3.034070,-0.006544,Blue/Red
B2_B4,1.323729,0.027545,Blue/Red
B2_B4,4.423600,0.014680,Blue/Red
B2_B4,1.887591,-0.051273,Blue/Red
B2_B4,2.161412,-0.023614,Blue/Red
B2_B4,2.295054,-0.010171,Blue/Red
B2_B4,3.723161,-0.042039,Blue/Red
B2_B4,2.516362,-0.018158,Blue/Red
B2_B4,3.264613,0.044807,Blue/Red
B2_B4,2.267882,-0.050772,Blue/Red
B2_B4,1.573825,-0.068330,Blue/Red
B2_B4,3.740724,0.048283,Blue/Red
B2_B4,24.402653,0.034511,Blue/Red
B2_B4,64.180791,0.125978,Blue/Red
B2_B4,95.141243,0.345455,Blue/Red
B2_B4,6.569004,-0.015846,Blue/Red
B2_B4,7.137053,-0.012485,Blue/Red
B2_B4,2.692058,0.023972,Blue/Red
B2_B4,72.203390,0.053367,Blue/Red
B2_B4,84.067797,0.069826,Blue/Red
B2_B4,62.259887,0.191463,Blue/Red
B2_B4,47.200387,0.032495,Blue/Red
B2_B4,15.289068,0.059937,Blue/Red
B2_B4,59.209040,0.103388,Blue/Red
B2_B4,61.468927,0.108126,Blue/Red
B2_B4,71.977401,0.184815,Blue/Red
B2_B4,22.297476,0.003082,Blue/Red
B2_B4,68.135593,0.332597,Blue/Red
B2_B4,6.012670,0.019775,Blue/Red
B2_B4,65.423729,0.149469,Blue/Red
B2_B4,63.221288,0.245793,Blue/Red
B2_B4,11.119322,0.014402,Blue/Red
B2_B4,2.110738,-0.017399,Blue/Red
B2_B4,4.423363,0.053474,Blue/Red
B2_B4,18.577588,0.023861,Blue/Red
B2_B4,57.062147,0.085005,Blue/Red
B2_B4,32.517009,0.030348,Blue/Red
B2_B4,13.172716,0.020214,Blue/Red
B2_B4,1.903423,-0.044815,Blue/Red
B2_B4,2.351398,0.134819,Blue/Red
B2_B4,2.379824,0.221576,Blue/Red
B2_B4,34.576271,0.052235,Blue/Red
B2_B4,2.584971,0.011656,Blue/Red
B2_B4,2.411904,0.067427,Blue/Red
B2_B4,6.678425,0.038782,Blue/Red
B2_B4,2.019356,-0.034424,Blue/Red
B2_B4,4.624550,0.023287,Blue/Red
B2_B4,3.702399,0.066444,Blue/Red
B2_B4,5.644031,0.058480,Blue/Red
B2_B4,2.412640,0.015468,Blue/Red
B2_B4,2.512841,0.161018,Blue/Red
B2_B4,2.644685,0.217650,Blue/Red
B2_B4,2.562056,-0.022205,Blue/Red
B2_B4,1.254354,-0.056206,Blue/Red
B2_B4,1.042774,-0.126872,Blue/Red
B2_B4,2.194213,-0.123611,Blue/Red
B2_B4,0.969843,-0.141980,Blue/Red
B2_B4,1.358647,-0.044335,Blue/Red
B2_B4,1.192843,-0.171793,Blue/Red
B2_B4,1.962233,-0.064895,Blue/Red
B2_B4,1.978757,-0.045269,Blue/Red
B2_B4,2.347103,0.003577,Blue/Red
B2_B4,1.354136,-0.053178,Blue/Red
B2_B4,2.265450,-0.026187,Blue/Red
B2_B4,8.846726,0.009564,Blue/Red
B2_B4,9.863319,-0.032816,Blue/Red
B2_B4,17.065919,-0.035966,Blue/Red
B2_B4,22.397492,-0.022856,Blue/Red
B2_B4,6.490836,-0.012906,Blue/Red
B2_B4,4.382387,0.033250,Blue/Red
B2_B4,8.661367,-0.001080,Blue/Red
B2_B4,4.566528,0.032051,Blue/Red
B2_B4,104.745763,0.085396,Blue/Red
B2_B4,8.950115,-0.031678,Blue/Red
B2_B4,84.406780,0.129611,Blue/Red
B2_B4,76.271186,0.182161,Blue/Red
B2_B4,9.926511,0.090649,Blue/Red
B2_B4,9.964648,-0.040737,Blue/Red
B2_B4,14.695712,-0.031482,Blue/Red
B2_B4,9.016778,-0.029246,Blue/Red
B2_B4,31.021974,0.045295,Blue/Red
B2_B4,32.635932,0.018083,Blue/Red
B2_B4,22.087361,-0.017614,Blue/Red
B2_B4,9.316529,0.004534,Blue/Red
B2_B4,76.610169,0.315501,Blue/Red
B2_B4,8.003607,0.007002,Blue/Red
B2_B4,5.550933,0.136048,Blue/Red
B2_B4,11.472316,0.017878,Blue/Red
B2_B4,53.898305,0.140513,Blue/Red
B2_B4,7.608563,0.032653,Blue/Red
B2_B4,1.372115,-0.124238,Blue/Red
B2_B4,1.443114,0.028074,Blue/Red
B2_B4,8.980592,-0.066284,Blue/Red
B2_B4,37.240904,0.084418,Blue/Red
B2_B4,7.878192,0.041979,Blue/Red
B2_B4,17.362397,0.004357,Blue/Red
B2_B4,8.789559,0.062259,Blue/Red
B2_B4,28.553321,-0.007480,Blue/Red
B2_B4,7.099422,0.004626,Blue/Red
B2_B4,5.001462,0.036197,Blue/Red
B2_B4,11.357210,-0.001487,Blue/Red
B2_B4,66.666667,0.129094,Blue/Red
B2_B4,8.088613,0.017127,Blue/Red
B2_B4,5.969590,0.041156,Blue/Red
B2_B4,1.404402,-0.056173,Blue/Red
B2_B4,1.148396,-0.196094,Blue/Red
B2_B4,71.525424,0.097473,Blue/Red
B2_B4,8.720268,0.005158,Blue/Red
B2_B4,7.535072,0.016349,Blue/Red
B2_B4,2.499362,0.017460,Blue/Red
B2_B4,2.430230,0.075063,Blue/Red
B2_B4,1.508720,-0.096554,Blue/Red
B2_B4,1.395559,-0.159509,Blue/Red
B2_B4,1.104593,-0.124188,Blue/Red
B2_B4,0.637463,0.439788,Blue/Red
B2_B4,1.552116,-0.105625,Blue/Red
B2_B4,0.795171,-0.146381,Blue/Red
B2_B4,1.546370,-0.038755,Blue/Red
B2_B4,0.947196,-0.147338,Blue/Red
B2_B4,1.382326,-0.052105,Blue/Red
B2_B4,2.290087,-0.087111,Blue/Red
B2_B4,2.174195,-0.045199,Blue/Red
B2_B4,1.212864,0.044066,Blue/Red
